# Created by Open3D 
# object name: Liver_decimated
# number of vertices: 9992
# number of triangles: 20000
v -83.9855 -36.8995 -9.36315
v -83.9061 -38.5643 -8.63089
v -85.3679 -38.7472 -8.38481
v -86.3145 -35.8024 -9.07192
v -86.6011 -37.1729 -8.13645
v -84.4714 -35.7031 -9.69257
v -82.2595 -35.5569 -9.0454
v -81.5837 -34.813 -8.62204
v -87.7683 -32.9312 -8.646
v -86.8281 -32.4923 -9.41705
v -85.1895 -32.4834 -9.78712
v -82.0089 -29.129 -9.67614
v -81.6894 -30.8432 -9.45033
v -80.9439 -32.5054 -8.47962
v -87.731 -28.0748 -9.06864
v -82.9263 -27.7915 -9.80971
v -80.6815 -31.0028 -8.86035
v -87.0265 -23.8853 -9.53156
v -86.0408 -21.2189 -9.79161
v -80.8455 -25.3281 -9.34962
v -79.9546 -27.8665 -8.39024
v -80.1444 -24.6769 -8.9646
v -88.0808 -20.0125 -9.44028
v -89.1646 -19.9766 -8.82242
v -85.8016 -5.41336 -9.76421
v -81.25 -6.21846 -9.45635
v -83.0618 -4.21894 -9.73981
v -88.8198 -7.60759 -9.10071
v -87.2695 -7.23439 -9.62218
v -80.085 -5.91896 -8.84597
v -87.9728 -4.88603 -9.1091
v -82.1781 -2.52189 -9.56524
v -85.2963 0.617388 -9.66422
v -80.7275 -2.03672 -8.831
v -86.9027 1.45451 -9.34369
v -88.4685 -1.21479 -8.51918
v -83.9253 1.21687 -9.55512
v -87.643 2.38079 -8.68822
v -82.3973 0.818493 -9.08467
v -81.3905 0.856702 -8.36177
v -82.8077 3.92045 -8.32041
v -85.645 3.81383 -9.33937
v -86.6121 4.9154 -8.66598
v -84.7606 4.43688 -9.14916
v -85.7272 5.49215 -8.53722
v -84.151 5.3998 -8.38581
v -84.9416 -40.3155 -6.45907
v -83.5539 -39.8357 -7.00542
v -82.4588 -38.888 -6.99088
v -88.025 -34.9029 -7.25773
v -80.9315 -35.916 -6.93321
v -88.6061 -29.4787 -7.90655
v -88.7918 -27.5902 -8.24585
v -79.4281 -25.6379 -8.19049
v -88.9817 -23.5452 -8.34816
v -79.4359 -19.6278 -8.3589
v -89.93 -20.5725 -8.01543
v -90.1708 -13.7857 -7.65548
v -89.9188 -8.29778 -8.14742
v -79.4256 -5.81204 -8.27826
v -89.0065 -4.79966 -8.24715
v -79.9657 -0.232038 -6.91568
v -88.674 3.76781 -6.28376
v -87.6598 5.32463 -6.67873
v -86.6199 6.33032 -6.67456
v -87.6262 -37.8948 -5.70909
v -89.6562 -32.5784 -5.77632
v -78.99 -31.0027 -5.97856
v -90.2085 -26.8421 -6.25294
v -78.5725 -28.1223 -6.12453
v -78.0596 -25.9147 -5.73892
v -90.8772 -22.0913 -5.98517
v -77.7788 -22.7942 -6.01803
v -78.3044 -16.8762 -7.03407
v -78.2555 -6.8024 -6.92806
v -91.3895 -6.82856 -5.63316
v -78.7324 -3.86455 -6.84253
v -90.781 -2.65298 -5.67225
v -85.3802 6.76342 -6.69135
v -84.0673 7.34029 -5.70028
v -83.0448 -41.3999 -5.83958
v -81.6395 -40.4684 -5.68804
v -86.0939 -40.7604 -4.82476
v -80.5313 -37.7823 -5.72343
v -79.8916 -33.9795 -6.02333
v -90.403 -29.2464 -5.50095
v -90.9481 -15.2739 -5.98635
v -76.6773 -17.0704 -5.49371
v -91.4891 -12.0585 -5.60086
v -76.7122 -5.86715 -5.45098
v -77.8463 -1.60707 -5.5269
v -90.5995 0.577011 -4.78274
v -79.7378 2.93158 -5.41222
v -80.4927 4.6114 -5.23907
v -87.6323 6.85654 -5.56416
v -82.1904 6.53081 -5.24199
v -86.1592 8.0335 -5.29787
v -81.9471 -41.9321 -4.83995
v -84.0988 -42.3877 -4.87707
v -78.631 -35.5484 -2.85945
v -88.386 -38.2771 -3.8102
v -78.2427 -32.4963 -4.47347
v -77.5685 -29.8483 -5.12791
v -91.6859 -27.707 -4.22721
v -91.8604 -25.4699 -4.78908
v -76.543 -23.7815 -5.11889
v -91.6275 -22.1217 -5.23636
v -92.0265 -13.3289 -5.01707
v -85.5585 9.35521 -4.51965
v -82.7223 -43.7175 -4.21529
v -84.0763 -44.358 -3.64846
v -82.8484 -45.2287 -3.09618
v -81.7795 -44.2468 -3.67383
v -80.6447 -41.2772 -4.03987
v -87.4542 -41.1503 -2.58049
v -79.3427 -39.5472 -2.69477
v -90.6496 -34.0689 -2.79715
v -91.0552 -31.236 -3.098
v -76.7888 -31.5409 -4.04754
v -67.7662 -31.475 -3.9933
v -70.7015 -31.2477 -3.6776
v -65.2062 -31.1266 -4.3123
v -62.8533 -31.1379 -3.83847
v -64.1704 -32.5004 -3.15588
v -76.0693 -29.4311 -4.80466
v -74.3957 -30.4785 -4.05962
v -69.1331 -30.0991 -4.54785
v -73.4966 -29.0064 -4.6739
v -69.2094 -28.9568 -4.77024
v -65.4512 -28.5663 -4.84566
v -63.1703 -28.7867 -4.46496
v -61.7579 -28.0069 -3.67532
v -75.3443 -26.7765 -4.89317
v -65.0885 -23.8758 -4.74435
v -63.4396 -24.1771 -4.3764
v -93.7422 -24.1366 -3.59446
v -62.0802 -25.3477 -3.67697
v -68.4929 -22.2077 -4.824
v -93.8781 -21.9592 -3.93261
v -62.8087 -22.5624 -3.51398
v -75.6882 -19.6349 -4.98888
v -67.4599 -21.158 -4.66785
v -93.8545 -19.1765 -4.13054
v -69.9326 -19.0119 -4.77041
v -67.0072 -19.6162 -4.16993
v -65.2768 -19.9586 -3.53104
v -67.5565 -17.6592 -3.73842
v -93.6372 -14.0961 -3.86659
v -70.8475 -15.1161 -4.62546
v -68.7797 -16.9113 -4.20816
v -75.759 -7.87833 -4.98994
v -73.4448 -12.1025 -4.75118
v -69.8452 -13.715 -3.94216
v -72.0138 -11.0739 -4.41402
v -70.8717 -11.876 -4.01513
v -92.8104 -10.8236 -4.0751
v -73.1045 -8.02557 -4.46841
v -71.9988 -6.62116 -3.62396
v -92.769 -5.82819 -3.84327
v -76.367 -2.31311 -4.97859
v -74.2333 -3.61551 -4.41505
v -72.9991 -2.73488 -3.59117
v -92.5938 -2.45609 -2.441
v -75.5406 1.06578 -4.34117
v -78.4151 2.89307 -4.83266
v -91.2321 3.04702 -2.35387
v -74.574 1.99137 -3.5001
v -89.9494 5.94527 -2.85242
v -76.6707 3.4243 -3.98141
v -76.0226 4.17706 -2.89995
v -78.9215 7.26174 -4.19035
v -77.4437 7.05852 -3.09667
v -84.1264 8.78728 -4.94893
v -80.1479 8.36719 -4.39915
v -86.6094 9.72428 -3.71681
v -81.8829 11.6259 -4.32746
v -80.3568 10.5372 -4.09111
v -78.8431 9.72615 -3.20599
v -84.0816 12.0188 -3.91523
v -83.2442 12.53 -3.79094
v -79.6274 12.0915 -3.06726
v -80.9516 13.2631 -3.26591
v -80.8785 -44.1972 -2.5057
v -85.8304 -44.1347 -2.31162
v -75.8413 -32.1272 -2.33399
v -63.8088 -33.2483 -2.21338
v -72.9755 -31.8832 -2.3941
v -66.074 -33.2606 -2.25408
v -92.4622 -28.8749 -2.40546
v -60.652 -29.0833 -2.2866
v -60.416 -26.4118 -2.27738
v -94.1433 -26.3945 -1.35488
v -94.9948 -22.2069 -2.40487
v -61.9691 -22.1236 -2.47362
v -95.5659 -20.4297 -2.01144
v -94.8965 -18.6892 -3.11581
v -63.9755 -19.635 -2.34106
v -66.1577 -17.6415 -2.53983
v -68.0514 -14.3545 -2.54737
v -94.0629 -11.7898 -2.22983
v -69.0349 -11.9994 -2.25815
v -93.8987 -6.00706 -2.16519
v -70.326 -7.59406 -2.31872
v -71.1413 -5.08657 -2.33104
v -71.6823 -2.58497 -2.23515
v -91.9196 1.14337 -2.40399
v -89.5872 7.66274 -2.06872
v -86.9887 11.0019 -2.16228
v -83.0753 14.555 -1.81868
v -80.7596 14.527 -1.70877
v -84.1894 -45.6434 -2.01879
v -82.7336 -46.2424 -1.64542
v -81.2876 -45.5716 -1.86084
v -89.3805 -39.1952 -1.879
v -61.787 -31.7856 -2.14937
v -95.2765 -15.1537 -1.74173
v -72.5297 0.700095 -1.82752
v -73.5967 2.65686 -1.53138
v -74.9191 5.13019 -0.377616
v -75.9303 7.52493 -0.470537
v -77.5386 10.2769 -0.750655
v -85.0907 13.0211 -2.11977
v -85.5144 -46.5423 -0.59337
v -83.7466 -47.474 0.0825636
v -77.067 -46.6215 -0.670589
v -77.4686 -45.775 -1.30903
v -86.8242 -45.7152 -0.657408
v -75.7411 -44.6812 -1.10234
v -89.3813 -43.3302 -0.413571
v -80.0139 -44.0111 -2.05016
v -76.97 -44.0396 -1.64481
v -89.2651 -42.489 -1.03998
v -78.7985 -40.2041 -2.12196
v -90.6363 -38.8664 -0.729254
v -76.8857 -38.7416 -1.80966
v -75.5994 -39.1506 -1.28169
v -77.586 -35.418 -2.14239
v -74.9077 -36.2506 -1.73692
v -73.9743 -37.0336 -1.17036
v -73.8148 -38.4882 -0.143042
v -91.994 -34.3153 -1.21993
v -71.8677 -36.9785 -0.270372
v -72.2297 -34.3071 -1.75687
v -71.5255 -35.4485 -1.28506
v -64.2676 -35.3115 -1.24668
v -63.5751 -36.3018 -0.215468
v -75.1257 -32.8375 -2.04064
v -60.1129 -32.7723 -1.00477
v -70.5756 -33.1201 -2.05838
v -93.9053 -29.9929 -0.673787
v -58.1958 -29.6801 -1.22333
v -59.4239 -33.3108 -0.271371
v -56.6565 -29.5015 -0.186743
v -57.9527 -27.3891 -1.35519
v -58.459 -24.8129 -1.41441
v -95.363 -25.71 0.362913
v -56.6356 -25.6529 -0.43565
v -61.6076 -21.1014 -1.9326
v -96.4604 -21.5587 0.797224
v -61.1492 -17.4395 -1.16149
v -57.916 -21.5173 -0.235575
v -96.4676 -18.751 -0.258509
v -65.5459 -16.6184 -2.00409
v -62.8485 -17.9317 -1.72996
v -58.8733 -18.4138 -0.224069
v -96.1461 -17.4692 -0.945604
v -67.6152 -12.6067 -1.95491
v -64.0687 -11.8262 -1.68622
v -62.4877 -12.2061 -1.35864
v -60.1919 -12.7718 -0.0555965
v -95.758 -8.61381 -1.09765
v -65.5985 -9.09167 -1.6356
v -61.9216 -10.2309 -0.379631
v -67.3925 -7.06897 -1.62861
v -64.2285 -8.1125 -0.970793
v -96.0448 -5.18594 -0.447122
v -68.8163 -4.61939 -1.57195
v -66.687 -5.24233 -0.898897
v -95.1377 -3.78371 -1.00127
v -68.9133 -2.09217 -0.788294
v -94.3281 0.546001 -0.695041
v -71.4464 1.4574 -0.53091
v -92.4222 5.20638 -0.495791
v -91.0999 5.91003 -1.54917
v -89.5832 12.1649 -0.354601
v -89.5977 9.14774 -1.43183
v -88.7 13.0593 -0.785668
v -87.3549 13.4783 -1.23978
v -78.5133 13.4899 -0.47598
v -86.1922 15.1999 -0.829462
v -79.1233 15.2528 -0.152647
v -84.4055 16.8924 0.0459256
v -80.879 16.482 -0.0968111
v -78.6078 -47.5528 0.236853
v -74.5953 -46.1611 1.01528
v -73.9219 -44.5791 0.314942
v -74.2373 -42.8101 -0.246584
v -91.1755 -40.0643 0.646843
v -93.6557 -35.6208 1.21443
v -66.1557 -36.9048 -0.175165
v -97.6277 -14.5221 0.672079
v -97.1899 -12.6617 -0.0538566
v -97.1154 -9.78688 0.288556
v -59.9539 -10.6176 0.983921
v -63.3197 -7.02483 0.567819
v -66.5295 -3.93108 0.125249
v -95.5902 -1.5263 0.400643
v -95.4976 1.71208 1.98189
v -72.4001 4.07895 0.747076
v -87.3005 15.8461 0.504685
v -81.989 -48.599 2.35256
v -77.0067 -48.2732 2.48941
v -86.2274 -47.9343 2.76501
v -88.2601 -46.321 2.41826
v -72.1194 -44.4904 1.13712
v -90.2744 -43.746 2.09561
v -72.9707 -42.5615 0.0878836
v -69.4964 -42.5584 1.05024
v -70.2298 -41.7645 0.439551
v -68.1791 -39.9817 0.807167
v -68.8009 -38.2754 0.143403
v -67.0278 -38.6681 0.549615
v -66.7903 -39.5063 1.17589
v -63.7719 -38.5705 0.806518
v -63.0654 -39.3955 1.62276
v -61.5383 -37.3471 0.513889
v -59.3642 -37.9373 1.23994
v -56.7963 -37.2457 0.990904
v -56.3671 -37.7806 2.04304
v -60.4131 -36.1078 0.22566
v -56.7961 -36.0917 0.416745
v -54.7775 -36.492 1.35001
v -54.1959 -34.0853 0.483591
v -52.867 -34.62 1.3591
v -58.4155 -33.7284 0.0472394
v -54.8179 -33.1711 0.190501
v -52.1562 -31.959 0.873452
v -55.2795 -29.0318 0.050004
v -51.0042 -30.0768 1.05693
v -52.0285 -29.46 0.413343
v -95.8635 -27.9758 1.90214
v -51.1902 -24.9954 0.294014
v -49.7657 -27.5694 1.44796
v -55.6795 -24.7359 0.00847351
v -49.6674 -25.4055 0.923632
v -51.6074 -21.6105 0.25779
v -57.4772 -17.89 0.101151
v -49.481 -23.3938 0.86433
v -49.526 -21.0441 1.14755
v -53.477 -19.2388 0.316943
v -51.1261 -19.1618 1.0883
v -52.0389 -17.8214 1.40061
v -55.4271 -16.7926 0.415638
v -53.7822 -16.8805 0.879763
v -54.0254 -15.2097 1.51505
v -56.608 -14.7219 0.523545
v -58.6679 -12.8973 0.370093
v -57.244 -12.0548 1.18782
v -98.4862 -11.8452 2.03864
v -97.3192 -5.28655 1.74779
v -64.151 -4.18387 2.61817
v -66.0494 -2.60802 2.36884
v -70.2864 1.96541 1.30734
v -68.8697 1.1061 2.52195
v -93.2551 5.46743 0.986169
v -69.9471 3.21278 2.76196
v -93.9702 6.47886 3.37658
v -73.3989 7.28248 1.11984
v -76.7285 11.122 0.0160897
v -91.8151 9.77259 1.79621
v -75.1761 11.9021 1.00178
v -89.2696 14.1321 1.57372
v -76.5889 15.4779 0.743257
v -75.8491 16.4524 1.65882
v -86.1659 18.1852 1.46204
v -78.799 18.2785 0.894351
v -77.4738 17.7601 1.02975
v -84.2847 18.6124 1.05331
v -81.1447 19.1863 1.22038
v -83.8843 -48.7356 2.86856
v -78.3138 -48.6531 2.63312
v -75.0911 -48.1557 3.43755
v -72.2492 -46.6901 3.4885
v -69.481 -43.6742 2.64989
v -67.2937 -40.8311 2.4902
v -93.2755 -38.3372 3.06075
v -64.5331 -40.9414 3.18715
v -61.1782 -39.3121 2.39915
v -94.7448 -35.8916 3.66139
v -95.4412 -32.9188 3.02828
v -50.5696 -31.4748 2.77881
v -48.9058 -28.0787 2.62831
v -97.1005 -24.6937 3.55399
v -48.5022 -23.8121 1.59892
v -47.5015 -25.244 3.02963
v -97.5583 -21.3278 2.84323
v -46.4046 -21.8266 4.21646
v -48.1245 -19.9263 3.27377
v -50.8148 -17.7564 2.69514
v -52.7933 -15.1186 2.68625
v -99.2714 -15.4489 3.8815
v -99.0214 -13.1422 2.986
v -56.283 -11.243 2.79356
v -98.8864 -7.34816 5.03296
v -58.7536 -9.89638 2.35945
v -62.4851 -6.07577 2.73454
v -61.0353 -7.87128 2.4916
v -96.863 -0.268409 3.70583
v -67.2433 -0.568981 2.7034
v -96.1448 4.06249 5.04248
v -71.6048 6.70981 2.72434
v -73.0278 10.7516 2.82964
v -91.1284 12.806 4.03091
v -74.0923 12.6639 2.64035
v -74.4048 16.0133 3.31597
v -87.3224 18.0928 3.21227
v -85.4803 19.5918 3.00277
v -76.5976 18.9432 2.79117
v -83.3201 20.5326 2.95622
v -78.2359 19.8088 2.43561
v -90.7655 -45.5805 5.23175
v -92.1003 -42.7017 4.43542
v -62.062 -40.7414 4.27618
v -56.8896 -38.8251 4.16454
v -53.7492 -37.9053 5.13493
v -52.5003 -37.012 5.15583
v -51.3433 -34.1408 3.32715
v -96.6651 -28.4961 3.7896
v -47.0529 -23.4592 3.27254
v -92.5436 10.7402 4.62884
v -89.991 15.9318 4.93865
v -80.0453 20.7182 3.07156
v -84.5679 -50.2751 4.60071
v -81.642 -50.4702 4.50098
v -78.9573 -50.6621 4.8567
v -76.4399 -49.5942 4.25958
v -87.3497 -49.185 4.88995
v -68.6354 -44.3646 3.45495
v -69.4677 -46.5864 4.84167
v -66.6283 -44.4191 4.3193
v -64.4466 -41.5799 3.83188
v -64.5522 -43.7702 5.45288
v -60.0428 -40.6325 5.87382
v -59.038 -39.5155 4.47452
v -94.265 -41.12 6.3273
v -50.2379 -33.4605 3.82985
v -48.4253 -32.4594 4.36308
v -46.5814 -28.9782 4.13897
v -45.7723 -26.759 4.5898
v -99.1809 -22.8547 5.9255
v -99.9155 -20.1326 6.0024
v -48.1766 -17.1082 4.57184
v -50.4787 -14.8897 3.88836
v -53.3523 -12.0192 3.75105
v -55.468 -8.83046 3.95207
v -58.4915 -8.06459 3.17092
v -60.8044 -4.22357 3.68683
v -58.9376 -4.85553 4.25682
v -98.0633 -3.39983 5.26025
v -63.6985 -0.142472 4.2438
v -64.8243 -0.124298 3.68795
v -68.0732 3.79265 3.87302
v -94.2306 7.92494 4.84634
v -70.1754 7.95137 3.89453
v -71.7046 12.5292 4.17151
v -72.1249 14.976 4.91054
v -87.5295 19.4561 4.97256
v -73.8022 17.681 5.04262
v -85.8129 20.922 4.56966
v -83.5128 21.8179 4.33731
v -81.1921 23.4242 5.91351
v -79.4096 23.4328 6.22019
v -76.7682 -50.5952 5.93881
v -88.7217 -49.2759 6.08044
v -72.1406 -48.2918 5.9975
v -51.8612 -37.4174 6.42689
v -96.9863 -31.3154 5.11241
v -49.1611 -34.7061 5.78242
v -45.6979 -31.8743 6.28572
v -44.292 -25.102 6.35932
v -45.8398 -20.6141 5.47295
v -48.9576 -13.4942 6.23061
v -50.7151 -12.5213 5.24587
v -100.226 -8.82273 7.11973
v -53.1465 -8.46269 5.60579
v -59.1263 -1.95018 5.99423
v -98.8222 -0.810751 7.3498
v -68.7376 9.56967 5.78666
v -89.722 18.2334 7.27681
v -77.3882 22.751 6.96962
v -84.0621 23.1867 6.3332
v -86.6411 -52.0216 6.04665
v -84.1728 -53.156 6.52256
v -83.1635 -52.3214 5.6696
v -80.4235 -52.5508 6.15853
v -87.4738 -52.0829 6.68791
v -77.7526 -51.6053 6.42674
v -72.0291 -49.1102 8.01577
v -93.4626 -42.8658 6.20428
v -65.7327 -45.6546 6.74216
v -62.8402 -42.9715 6.06642
v -95.6755 -38.4539 7.07308
v -57.1067 -39.8943 9.10528
v -55.251 -39.0653 7.79794
v -50.0321 -36.2236 6.29969
v -46.6196 -33.2563 6.381
v -98.7701 -27.5598 6.81911
v -44.428 -27.3946 6.28274
v -44.6636 -20.4222 7.66658
v -100.449 -18.8377 6.98967
v -46.0454 -17.3715 7.38086
v -100.211 -11.8427 6.28834
v -50.8752 -9.89718 6.23138
v -55.6603 -4.61265 6.37064
v -99.6197 -4.87029 7.54101
v -62.0718 1.68001 6.31732
v -97.2696 3.10673 6.26577
v -64.8894 3.76565 5.87791
v -64.2866 5.31144 7.57583
v -96.9668 6.87567 6.83967
v -95.4503 9.86258 6.50242
v -92.585 12.6905 5.95934
v -70.6578 15.1812 7.48103
v -93.4645 13.1145 7.85235
v -91.7738 16.1009 7.78197
v -72.7091 18.4922 7.56126
v -82.9319 24.6336 7.9533
v -86.6366 -53.5813 8.34829
v -81.3101 -53.9278 8.01594
v -73.7943 -51.192 10.4751
v -90.8231 -47.8428 8.01729
v -68.0739 -47.7979 8.40189
v -92.9211 -45.751 9.32632
v -96.8587 -36.1096 7.17479
v -48.8982 -36.1273 8.16333
v -98.773 -31.9834 9.43329
v -43.6785 -27.6044 7.87775
v -47.6469 -13.5979 7.62809
v -49.6888 -9.3728 7.77634
v -52.7171 -6.75956 7.411
v -55.4703 -3.39272 7.66393
v -58.3563 -1.10068 7.5046
v -62.6988 3.4715 7.60822
v -66.0293 8.64102 7.91445
v -68.6698 11.5914 7.61633
v -95.5269 11.0185 7.82703
v -88.3471 21.0574 7.97501
v -85.7687 23.3374 7.96295
v -77.9486 23.8963 7.7983
v -80.2364 24.7632 7.92324
v -85.2296 -54.0855 8.66241
v -82.4245 -54.2584 9.06838
v -77.8845 -52.9725 8.90926
v -64.9029 -46.5247 9.04127
v -60.2734 -41.9957 7.8575
v -50.5962 -37.8408 9.4755
v -46.6897 -35.1507 10.016
v -44.9302 -33.4217 9.71639
v -44.5662 -32.6451 9.27181
v -99.833 -26.1471 8.4859
v -43.3125 -23.899 8.62187
v -98.9449 4.33798 9.25779
v -97.0289 10.3861 9.21805
v -75.8564 22.2214 7.89522
v -88.4288 -52.8846 9.43352
v -90.7153 -50.6844 10.6789
v -67.8896 -48.6101 10.6527
v -95.6062 -41.5396 9.53839
v -59.6304 -43.5262 10.7854
v -57.7105 -40.7787 10.1959
v -52.6624 -38.8129 9.43318
v -97.3973 -36.8395 9.64349
v -99.9282 -31.0463 11.3099
v -43.097 -30.6449 10.5779
v -42.0325 -28.7874 10.9227
v -42.5629 -26.8937 9.6818
v -100.984 -27.0019 11.2067
v -101.277 -22.9783 9.94848
v -101.518 -21.2644 10.1526
v -43.0984 -18.5753 9.52747
v -43.9935 -17.0311 9.05078
v -46.8096 -10.8897 9.10072
v -101.719 -8.35492 10.786
v -100.948 -7.36999 9.091
v -49.6477 -6.47659 8.60995
v -47.9141 -7.53202 9.1844
v -53.711 -4.43042 7.96497
v -49.6726 -4.52959 9.38519
v -100.796 -1.22494 9.27411
v -51.8787 -2.83452 9.16436
v -57.8606 -0.145985 8.44024
v -53.9421 -0.310316 9.89692
v -59.2212 2.34658 9.68766
v -61.0236 4.82396 9.72393
v -63.0734 7.35046 9.71284
v -65.7733 12.1585 9.90413
v -95.6608 12.0971 8.69966
v -69.6139 15.8339 8.76776
v -67.2499 14.1838 9.74795
v -94.6333 16.4869 9.27047
v -71.9686 19.062 8.67593
v -91.5511 18.6135 8.819
v -70.9101 19.6171 10.2573
v -89.2742 22.0444 9.10217
v -73.3552 21.8312 9.49
v -75.8256 25.0797 9.49806
v -74.597 24.2345 10.0529
v -87.0084 25.1805 9.25469
v -79.0016 25.085 8.29626
v -83.7964 26.2734 8.88452
v -77.5043 25.8102 9.30711
v -84.4085 27.5451 10.0105
v -79.2836 27.8334 10.2871
v -74.2968 -52.1228 12.3507
v -63.2473 -45.9172 10.3032
v -94.8494 -44.2141 12.2675
v -53.4708 -39.5873 11.6406
v -48.2131 -36.3545 10.6494
v -42.8152 -31.9566 12.679
v -42.2977 -23.5042 10.1062
v -44.0767 -13.7161 10.6213
v -44.5528 -9.38773 11.0673
v -46.6146 -6.08995 10.8322
v -101.299 -1.68426 10.057
v -51.2182 -1.58277 10.1306
v -100.835 2.43463 10.8295
v -97.2606 13.8439 11.2878
v -67.2802 15.6599 10.889
v -95.7285 17.6727 11.834
v -94.1142 18.5846 10.7903
v -91.307 21.4022 10.4411
v -90.2743 23.7284 11.3184
v -86.8244 26.8328 10.5201
v -81.5149 28.3663 10.099
v -87.4217 -54.3267 12.7163
v -85.6327 -54.5867 12.547
v -79.3715 -54.2705 13.0966
v -89.8698 -52.3435 11.5435
v -64.844 -47.9633 12.9362
v -55.8643 -42.1895 15.4256
v -96.7776 -40.5502 11.8336
v -98.3764 -37.0296 12.1784
v -52.4912 -39.2466 12.0959
v -99.9561 -35.1212 15.1815
v -41.1505 -26.2339 11.2604
v -41.3074 -21.7796 11.9704
v -41.4454 -17.9678 12.4407
v -47.1489 -3.88155 11.9105
v -49.5946 -1.3762 11.2343
v -50.622 0.277382 11.4143
v -54.2653 2.25262 10.6574
v -58.9613 2.9991 9.96294
v -51.6126 1.65941 11.8012
v -53.0918 3.16372 11.7724
v -100.778 4.18667 11.4614
v -56.173 4.73346 10.6488
v -58.3761 6.36736 10.6982
v -55.2687 6.01229 11.6339
v -99.7767 8.02625 11.5694
v -60.5187 8.50114 10.7536
v -57.3234 7.52413 11.8843
v -62.6402 10.3143 10.7666
v -59.4249 9.22408 11.704
v -98.8336 10.5774 11.4718
v -62.1421 11.1722 11.5289
v -64.7489 13.2272 11.1665
v -96.626 16.1616 11.8152
v -93.6458 20.4663 11.6337
v -69.7636 20.0601 12.7216
v -72.3927 23.0088 12.3274
v -89.064 26.139 11.8255
v -74.1611 25.6019 12.3228
v -75.433 26.7235 12.2746
v -87.6578 27.6618 11.8593
v -78.3144 28.1114 11.0591
v -86.3612 29.3353 11.6617
v -85.5303 29.8099 11.3568
v -81.6312 30.5414 11.1757
v -83.5458 30.3355 11.0591
v -80.1372 30.5724 11.5762
v -81.9286 -54.7234 12.8575
v -70.234 -50.9031 13.1664
v -92.8226 -48.6835 13.6616
v -59.2164 -45.356 15.3434
v -98.3143 -37.5841 12.9905
v -49.9351 -37.9614 14.6601
v -39.875 -26.5002 13.0893
v -40.1841 -24.3302 12.5471
v -103.23 -22.3129 15.4825
v -42.3885 -15.0725 12.289
v -42.8287 -10.3688 12.6017
v -43.5427 -7.38959 13.2648
v -45.3609 -5.05302 13.2919
v -102.776 -1.41286 14.1361
v -62.3801 12.769 13.0144
v -65.1558 15.7001 12.9069
v -67.665 17.9576 12.8059
v -91.531 24.166 13.8844
v -76.5765 28.2308 12.7583
v -78.1671 29.9902 12.5467
v -84.3016 31.6898 13.1201
v -81.3294 32.2475 12.9229
v -79.8878 32.1235 13.0304
v -75.6598 -52.9998 13.724
v -90.8717 -52.177 14.7123
v -97.0744 -42.4306 16.8673
v -53.9797 -40.6211 14.5078
v -45.6712 -35.3611 15.0993
v -43.4423 -33.8532 15.3714
v -42.8854 -32.9608 14.3
v -40.1623 -29.741 15.0044
v -39.6167 -28.3879 14.5731
v -102.826 -13.0188 14.0074
v -41.596 -15.7869 12.7414
v -49.3471 0.708419 13.7919
v -46.1273 -2.75097 14.6552
v -101.733 3.72072 13.2532
v -50.6476 2.80222 14.3672
v -52.8284 5.13337 14.3896
v -101.299 8.04081 14.7093
v -54.928 7.27678 14.3727
v -57.0921 9.17987 14.2582
v -59.042 11.1279 14.2634
v -99.9201 12.4559 14.8553
v -95.694 20.0787 14.8714
v -72.2217 23.847 12.9094
v -87.0058 31.0311 14.7841
v -85.4896 31.354 13.4578
v -86.5043 -55.6351 15.0193
v -84.4284 -55.6098 14.6079
v -81.5529 -55.5295 14.635
v -88.0882 -55.1995 15.5989
v -89.8522 -53.7486 15.7026
v -70.2641 -51.796 15.4469
v -68.7972 -50.4884 14.1194
v -64.6228 -49.2086 16.78
v -101.058 -31.8494 15.0494
v -102.082 -27.2701 14.5503
v -37.8956 -26.2028 14.9459
v -38.9746 -22.7916 13.5206
v -37.6559 -23.6598 14.5252
v -39.9084 -19.0302 13.1813
v -37.3058 -13.7191 14.8047
v -39.2258 -12.9833 13.6302
v -41.9117 -10.4283 13.1543
v -103.035 -8.6971 14.546
v -39.1829 -10.8885 14.1676
v -43.2869 -5.61703 14.762
v -102.934 2.99861 15.2789
v -103.358 5.37232 16.8665
v -60.8882 14.4378 14.8489
v -97.359 17.7788 14.7927
v -63.8592 18.9663 15.7299
v -66.016 20.5287 14.9229
v -67.6863 20.7706 13.8723
v -69.5232 22.9704 13.8289
v -68.1556 22.9817 14.9152
v -70.8708 26.5396 14.1684
v -69.6649 26.164 15.2036
v -73.6604 27.0096 13.2161
v -72.1903 27.7672 13.7623
v -90.3519 28.7074 17.6346
v -77.3958 30.523 13.0847
v -88.769 31.2482 17.8517
v -72.6916 32.0889 14.5669
v -73.9249 31.4507 13.7308
v -76.0118 32.7199 13.5872
v -85.2745 33.5109 14.7936
v -84.051 34.0664 14.2968
v -82.3066 34.5599 14.1594
v -77.8178 34.4546 14.0327
v -75.4864 34.1474 14.3764
v -78.6075 -54.8208 14.9492
v -75.0421 -53.4527 15.3894
v -94.0761 -48.332 16.5147
v -51.8961 -39.9288 16.083
v -98.9374 -38.9903 17.1483
v -47.618 -37.2195 18.8922
v -40.009 -31.0315 16.9791
v -103.739 -15.2815 16.6247
v -37.3988 -11.0694 15.2271
v -97.4194 19.4785 16.5113
v -92.5456 24.5786 15.7852
v -71.0604 30.5889 15.5038
v -75.3503 34.6244 14.8202
v -84.25 35.6263 16.3421
v -85.6841 -57.3243 16.6506
v -83.6611 -57.5547 16.3366
v -81.0642 -57.7752 16.832
v -77.591 -55.8275 16.9965
v -91.8392 -51.8493 16.7653
v -70.901 -52.9113 18.9436
v -59.4985 -46.1483 17.2991
v -102.219 -30.544 18.0758
v -36.7987 -28.221 17.3208
v -37.3 -27.5552 16.0833
v -36.0877 -25.6583 15.5344
v -33.7697 -24.9863 16.1693
v -36.8232 -23.2021 14.9397
v -35.5552 -23.2274 15.1368
v -32.4283 -22.3918 15.3488
v -32.1762 -23.7282 16.0095
v -28.2074 -22.2103 16.1356
v -28.1766 -20.9967 15.5869
v -26.8178 -21.3542 16.3076
v -103.664 -20.5632 16.9976
v -29.6195 -19.6832 15.224
v -26.1823 -19.9142 16.6618
v -36.1296 -14.0439 15.1072
v -27.286 -19.1823 15.7552
v -28.9852 -17.4021 15.5973
v -31.5887 -16.4494 15.2838
v -26.7331 -17.7915 16.4864
v -27.9937 -16.0426 16.7248
v -33.338 -13.3769 15.4103
v -30.8305 -14.9482 15.8144
v -29.871 -14.1591 16.7391
v -104.626 -11.2447 17.0954
v -32.501 -12.2919 15.9777
v -36.0277 -11.7575 15.4813
v -32.6528 -11.4101 16.4858
v -36.725 -10.1138 16.1093
v -40.2708 -7.02712 15.8268
v -38.9892 -6.51529 17.407
v -103.865 -6.62116 16.9303
v -41.9556 -4.59041 16.082
v -44.9929 -2.40836 15.7854
v -43.1988 -1.80852 17.7356
v -47.719 1.69432 16.0233
v -103.894 2.95554 17.4009
v -50.881 5.74949 16.207
v -52.9746 7.56031 15.9763
v -101.49 10.3255 16.4762
v -55.4346 9.30992 15.2846
v -54.4583 10.6958 16.6038
v -56.4806 12.0494 15.9374
v -60.201 15.5985 15.7158
v -100.842 14.0312 16.7882
v -56.0273 12.9544 16.7722
v -98.9978 17.3619 16.5418
v -58.7197 15.6569 16.7726
v -61.3524 18.1672 16.6832
v -96.1604 22.9911 18.5133
v -66.963 23.9633 17.5853
v -67.9877 26.0412 17.7241
v -92.2228 26.7855 17.9228
v -69.7761 30.7358 17.7268
v -86.2309 34.9008 18.2789
v -71.5569 33.5265 17.4222
v -83.0387 36.5064 16.5716
v -79.6731 36.7219 16.2298
v -77.5728 37.319 17.5532
v -73.8885 35.6011 17.5443
v -80.1693 -58.1902 17.7439
v -86.2009 -58.0647 18.2675
v -78.2965 -56.9614 17.5896
v -73.6264 -54.447 18.9939
v -66.4396 -50.972 20.5668
v -61.7992 -47.8188 18.8552
v -56.8363 -44.4393 18.7489
v -54.8484 -42.5587 18.029
v -48.1102 -37.8299 20.3657
v -100.468 -35.6494 18.6693
v -41.7168 -32.8208 18.0132
v -103.332 -25.5106 18.0443
v -34.4107 -26.9499 17.7772
v -32.7062 -25.1158 17.632
v -28.9822 -23.9585 17.787
v -26.9023 -23.1183 18.64
v -36.305 -8.97595 17.5997
v -33.0364 -9.77097 18.266
v -41.098 -3.58739 17.4533
v -44.8418 -0.492526 17.5324
v -46.1699 1.51998 17.4725
v -48.4952 4.30887 17.6274
v -51.289 7.6545 17.8469
v -103.136 7.60466 17.6681
v -53.3484 11.3797 18.3626
v -99.378 17.7573 17.7859
v -63.5458 20.6416 17.9813
v -93.6285 24.7347 17.7921
v -84.1029 37.293 18.82
v -81.3901 37.6297 17.7165
v -84.183 -59.2077 18.6641
v -82.1534 -58.8549 17.9696
v -88.2635 -56.4238 18.7596
v -90.2542 -54.6025 19.7647
v -90.837 -54.5745 23.7956
v -94.5831 -48.1741 18.6541
v -95.5065 -46.8403 19.4758
v -97.4738 -43.2005 21.2653
v -51.2367 -40.6921 20.1768
v -44.5211 -34.8106 19.5449
v -39.9655 -31.7845 18.8245
v -38.2144 -30.5651 18.2649
v -25.4531 -21.4997 18.8796
v -25.3416 -19.6041 18.125
v -104.553 -19.2839 19.7358
v -25.3278 -17.1987 18.8748
v -27.7209 -14.1639 19.1947
v -29.6583 -12.6696 18.6333
v -105.186 -11.7954 18.8022
v -105.142 -7.62739 18.9554
v -104.059 -0.869135 17.4989
v -102.704 11.2529 19.6268
v -55.0863 14.1684 19.2696
v -101.305 14.8879 18.8598
v -57.2959 16.2336 19.3283
v -60.4648 19.2945 19.0611
v -97.7742 21.118 19.2012
v -81.4664 -60.3735 19.5138
v -79.352 -59.5094 18.8935
v -78.1827 -59.2815 19.0939
v -86.6437 -58.5854 19.6377
v -77.0983 -58.5898 19.3946
v -76.104 -57.1169 19.3241
v -74.6879 -55.3555 19.2083
v -92.2465 -51.8635 21.2308
v -64.4515 -49.8294 20.6161
v -57.8925 -46.1302 21.7993
v -54.7345 -43.4102 19.9604
v -53.3769 -42.739 21.6519
v -99.4917 -39.7959 22.3593
v -35.7959 -30.2848 19.3926
v -34.604 -29.6472 19.7206
v -103.089 -28.1552 20.8601
v -31.4812 -26.4792 18.9271
v -31.9956 -27.8577 19.8911
v -29.4261 -25.938 19.5356
v -103.631 -26.5335 22.3256
v -103.803 -22.8139 20.9524
v -24.0824 -19.8423 19.6919
v -23.7424 -17.0552 20.5068
v -104.909 -14.2691 19.8696
v -25.9534 -15.7905 19.3094
v -29.6498 -11.3518 19.5359
v -106.002 -9.3603 20.6925
v -31.464 -9.52912 19.4154
v -33.8461 -7.83584 19.4568
v -37.0446 -6.65271 18.2242
v -105.415 -2.72256 19.578
v -37.3799 -2.80487 18.7238
v -40.5937 -2.7381 17.973
v -39.2329 -0.971231 18.6369
v -41.8175 1.43047 18.6512
v -36.5362 -0.908461 19.9069
v -104.973 0.72035 19.5299
v -45.622 3.23664 18.3991
v -105.776 3.237 20.6217
v -104.501 5.81271 19.5177
v -44.9098 5.58185 19.9505
v -41.7369 4.06694 19.9432
v -47.4901 7.94669 19.8236
v -50.3674 9.94432 19.602
v -102.701 13.5573 21.171
v -53.237 12.6629 19.4685
v -100.947 18.6751 23.3486
v -61.9471 21.0286 19.4667
v -96.223 24.1458 19.743
v -64.9904 23.1649 18.4505
v -62.9678 22.9419 19.8826
v -93.9507 26.9794 19.5634
v -65.9732 27.7008 19.0391
v -64.061 27.7796 20.2164
v -69.0228 31.0029 18.4397
v -92.0262 29.6807 19.9387
v -66.7886 30.2249 19.3573
v -90.3512 31.5709 19.5028
v -70.9736 34.3356 18.5827
v -69.5625 34.6483 19.9662
v -88.3793 34.285 19.9816
v -73.3792 36.3674 18.2948
v -71.6875 38.0474 19.8847
v -81.7517 38.2366 18.359
v -78.9748 38.2356 18.1131
v -75.8728 37.9146 18.2486
v -72.9967 39.9758 19.9855
v -82.9691 39.4088 19.9949
v -78.8403 41.0049 18.9616
v -76.9129 40.5002 18.8357
v -80.4088 41.0976 19.6
v -78.7174 42.5258 20.4115
v -85.2305 -60.0074 20.6431
v -62.3975 -48.9044 23.2653
v -101.132 -36.6586 22.3135
v -42.7608 -33.8759 22.8549
v -40.7585 -32.6255 21.1618
v -38.5506 -31.9137 21.0948
v -26.6302 -25.1074 21.437
v -34.1033 -6.91029 19.7472
v -35.1849 -2.71311 19.92
v -106.327 -0.285527 21.736
v -39.3983 2.07281 19.9395
v -104.198 9.72575 22.2069
v -58.4492 17.6312 19.5057
v -98.4291 21.8967 22.2645
v -76.1419 42.3339 20.0864
v -82.142 -61.8168 21.5997
v -80.1048 -61.6487 21.2419
v -77.5161 -60.6763 22.0063
v -75.6349 -58.0531 21.6533
v -64.4658 -50.5646 23.8698
v -94.0983 -49.5974 21.6579
v -55.2858 -44.723 22.6697
v -44.9776 -35.8951 23.4983
v -102.588 -32.0368 22.1597
v -35.5494 -30.8581 22.0966
v -33.0833 -29.3334 21.8128
v -29.9025 -27.1874 21.2531
v -24.0319 -23.3785 22.8819
v -22.8286 -17.0718 21.5715
v -22.2772 -19.1357 22.3725
v -24.6841 -15.6187 20.1155
v -105.88 -14.9305 22.7404
v -26.9549 -13.3051 19.8695
v -24.9974 -12.3337 20.551
v -23.4911 -13.509 21.1624
v -106.088 -12.0813 21.3567
v -27.7919 -9.45211 20.5756
v -25.8829 -10.6159 20.6756
v -23.7181 -10.8348 21.8904
v -25.1742 -9.67525 21.5462
v -31.1793 -5.36226 20.8534
v -29.5551 -7.53822 20.6943
v -27.7668 -7.98296 21.4545
v -32.8561 -4.57557 20.4168
v -32.0893 -3.05278 21.0597
v -34.2717 0.729255 20.6101
v -32.8669 -0.440827 21.0578
v -36.0265 2.02702 20.4954
v -33.5566 2.20164 21.5872
v -39.081 4.8659 20.4552
v -106.112 4.98917 21.8999
v -39.1686 6.51746 20.9369
v -36.2705 4.98132 21.5705
v -42.0967 7.65275 20.4583
v -47.0269 8.99276 20.1113
v -39.3073 7.98477 21.5605
v -44.728 10.3594 20.4734
v -50.3647 11.5527 20.0638
v -42.3909 10.6054 21.2853
v -46.7022 12.4221 20.606
v -43.8928 12.0101 21.254
v -50.6271 16.1458 20.4701
v -54.3342 15.46 20.033
v -48.0482 14.6258 20.7251
v -45.5894 13.3459 21.4718
v -47.1052 15.7627 21.6144
v -57.4324 17.7504 20.0293
v -50.6472 17.7611 20.9314
v -55.3381 19.0684 20.4854
v -50.1354 18.6902 21.5729
v -59.3506 20.3798 20.0383
v -54.4618 20.3938 21.0789
v -57.8534 22.5678 20.5612
v -56.9946 23.685 21.2699
v -61.6195 25.3144 20.5242
v -95.8783 26.1508 22.2087
v -59.5339 25.1604 21.1606
v -94.9037 28.2904 23.0228
v -62.0303 27.7294 21.1969
v -93.2936 29.8665 22.6349
v -63.7812 29.5616 21.1739
v -91.1197 32.477 21.9318
v -64.886 31.775 21.7472
v -67.7359 34.7851 21.1266
v -86.5548 36.9758 21.4524
v -69.9889 39.428 20.837
v -68.8743 39.713 21.9558
v -79.2507 43.231 21.5313
v -73.2451 43.0792 20.6524
v -71.6717 42.5523 20.9779
v -70.1357 42.1557 21.9907
v -74.5044 44.3082 21.0128
v -71.3884 44.1951 22.1095
v -76.3344 44.4785 21.4586
v -72.9308 44.8847 21.6077
v -79.3511 -62.2983 22.7294
v -83.2427 -62.3642 23.5887
v -72.1021 -55.19 23.9097
v -97.4563 -43.5414 24.31
v -51.066 -41.383 24.8387
v -48.7377 -39.1166 24.1891
v -40.7699 -32.442 23.2492
v -37.1251 -31.5198 22.9055
v -28.3321 -26.9641 24.6928
v -25.468 -24.9527 23.4425
v -105.226 -21.4333 23.8605
v -23.0579 -22.0321 22.5677
v -22.2372 -20.8876 22.8717
v -105.936 -17.4673 23.6759
v -22.0078 -12.6106 23.2544
v -107.12 -11.0128 24.0669
v -28.2589 -6.28983 22.4836
v -30.771 -3.10836 22.4728
v -31.8564 0.815788 22.6441
v -33.3211 3.74406 23.0416
v -106.715 5.58493 24.101
v -37.1103 7.37132 22.7741
v -39.0339 9.37271 22.796
v -42.1354 12.4696 22.8339
v -44.7717 14.1721 22.7555
v -100.056 20.9278 24.3039
v -53.5138 21.5653 22.3442
v -50.277 20.2617 22.986
v -97.8492 23.9796 24.4361
v -55.7946 24.3055 22.8985
v -58.2457 26.0593 22.7739
v -60.8314 28.2834 22.5608
v -62.863 30.4335 22.8745
v -89.4128 34.7586 22.3311
v -64.9567 33.6329 22.7882
v -66.9906 37.3917 23.3926
v -83.0029 41.1163 23.248
v -74.9648 45.6702 22.3896
v -72.7427 45.5703 22.5599
v -80.9683 -62.8327 23.0895
v -85.5522 -60.9041 24.1953
v -76.7581 -61.0607 23.1516
v -75.0836 -58.7809 24.2988
v -89.7373 -56.6361 24.216
v -70.3678 -54.2694 24.5041
v -93.0302 -51.4724 25.5424
v -94.3035 -49.7133 25.5075
v -60.1865 -47.952 24.9124
v -39.2021 -31.5114 24.9819
v -103.403 -31.4298 25.1288
v -33.0755 -29.3888 24.3153
v -104.152 -25.0593 23.6317
v -24.651 -25.0924 25.5786
v -21.9633 -15.0347 22.6688
v -25.401 -7.32427 23.558
v -107.411 2.62868 24.8816
v -104.669 12.2899 25.3589
v -46.2742 16.6901 22.9409
v -92.2171 33.3011 24.3079
v -85.8564 39.3532 25.1326
v -79.528 44.0561 23.3012
v -70.4417 44.0371 24.9694
v -76.1024 46.2414 25.0467
v -80.3261 -63.9045 23.9977
v -78.4487 -64.1952 24.2811
v -76.8614 -63.0243 24.0329
v -68.1341 -52.8967 25.3225
v -55.7905 -45.4511 26.4536
v -53.4137 -43.7013 26.9273
v -101.339 -37.9538 26.4499
v -35.5979 -30.535 25.4431
v -103.948 -26.6738 24.7376
v -23.7948 -24.1945 24.3995
v -21.6489 -22.4119 24.524
v -105.599 -22.6593 26.2207
v -20.5243 -19.6871 24.2911
v -107.129 -16.7783 26.5627
v -20.2842 -15.9028 24.1252
v -107.211 -13.8075 25.8386
v -22.3216 -9.95328 25.0359
v -24.7436 -6.66492 24.7715
v -27.1917 -5.15555 23.4927
v -30.1134 -1.98764 23.0307
v -28.1299 -2.8224 23.5729
v -27.1762 -2.5509 24.2706
v -26.2487 -2.72837 25.2578
v -31.3328 1.92594 23.1355
v -28.8548 1.92804 23.5959
v -27.6804 1.66025 24.044
v -31.4069 3.80737 23.9866
v -27.8975 3.28047 24.444
v -32.8354 4.81999 23.9345
v -34.0337 7.70831 24.9251
v -35.4589 8.09865 23.867
v -35.5716 10.4193 24.9209
v -37.9193 11.618 23.7402
v -37.3514 12.2853 24.4312
v -41.611 14.5262 23.757
v -101.821 18.3414 24.8436
v -39.8934 14.623 24.7268
v -44.2973 16.9602 23.7117
v -41.0148 15.7483 25.0129
v -47.6496 18.8279 23.4798
v -44.2012 18.1664 24.4314
v -45.15 19.9745 25.5085
v -46.9613 20.34 24.9436
v -52.2701 23.3849 23.7479
v -51.9662 25.1363 24.8477
v -56.235 27.3257 24.1259
v -95.8283 29.3603 25.6648
v -60.1849 29.2414 23.2306
v -58.7437 30.2642 24.0273
v -61.9025 33.5167 23.8077
v -61.5454 34.6577 24.5708
v -89.5543 36.3937 24.8838
v -64.2096 36.2504 24.2058
v -65.3602 39.0336 25.8521
v -68.0173 40.4664 24.7189
v -82.6238 42.5861 24.7181
v -79.1788 45.0875 24.8871
v -71.6302 45.532 25.1643
v -74.2208 46.532 25.3456
v -72.7702 46.2077 25.3126
v -80.8968 -64.598 25.0096
v -77.6118 -64.4954 25.12
v -81.9212 -64.6705 26.1098
v -74.7256 -61.8658 25.9351
v -87.8698 -59.5992 27.046
v -97.9475 -43.5056 26.3512
v -46.3878 -38.4084 28.0025
v -43.3899 -34.7102 25.3779
v -103.78 -29.9684 27.3203
v -33.0687 -28.9385 26.672
v -20.5072 -21.2783 25.8764
v -19.2984 -18.9505 26.3857
v -19.3853 -16.593 25.5431
v -19.7403 -12.0499 26.5446
v -107.808 -11.0251 27.0055
v -22.4248 -7.72174 27.4402
v -25.5097 -4.35308 25.558
v -26.4928 1.90578 25.2913
v -108.188 4.47698 27.5865
v -31.9452 5.8823 25.7088
v -30.5623 5.22339 26.0085
v -27.0361 3.53831 25.6518
v -106.965 8.14991 26.881
v -35.7742 11.6045 25.9828
v -38.2245 13.9399 25.6432
v -44.044 20.0225 26.4525
v -95.0185 32.8948 28.1821
v -57.7785 31.7651 25.5348
v -58.8459 33.7664 26.4293
v -61.1785 35.2856 25.5508
v -81.8518 44.8562 27.4654
v -78.4181 -65.9472 27.278
v -75.7742 -63.7927 25.9332
v -76.3005 -65.2846 27.1423
v -73.1188 -59.2961 26.2862
v -70.3968 -55.5267 25.9989
v -69.6529 -54.4876 26.0964
v -91.1721 -55.7078 28.7455
v -66.6471 -52.7486 28.5158
v -65.4207 -51.9274 28.2015
v -62.8754 -50.5623 27.729
v -60.0304 -48.9512 27.9483
v -96.5178 -46.0767 26.0622
v -55.2229 -45.7446 28.8255
v -99.2643 -41.8108 26.9276
v -102.835 -34.8631 27.218
v -40.9444 -31.8753 27.7901
v -38.6992 -30.4756 27.7426
v -30.4439 -27.7483 27.1619
v -27.6256 -26.5043 26.8329
v -105.158 -27.4783 29.5342
v -21.9331 -23.2052 26.4703
v -19.3135 -13.5701 26.4368
v -20.3485 -10.856 26.6083
v -24.1573 -4.57882 27.7144
v -26.1283 -0.509126 25.8882
v -25.5686 2.02535 26.6739
v -27.9919 4.57633 26.4029
v -31.2886 5.90508 26.7031
v -34.0747 9.05891 26.4712
v -101.765 21.3871 27.5005
v -45.7016 22.2254 26.3039
v -99.3514 24.2113 26.3867
v -47.7794 24.1246 25.8146
v -47.4043 25.3 26.6578
v -49.6125 26.2316 25.7771
v -97.7078 26.8446 26.6133
v -53.3364 28.524 25.7791
v -49.3948 27.7937 26.9728
v -52.5937 29.2952 26.744
v -54.9223 31.2769 26.6613
v -56.3314 32.2838 26.7833
v -91.2471 36.1944 27.4379
v -63.7047 37.7722 26.3577
v -67.1326 42.9219 26.8182
v -84.1637 42.9709 27.8342
v -69.7254 46.4369 27.4895
v -76.8813 47.4026 27.4662
v -73.4203 47.6115 27.2644
v -70.8787 47.2495 27.5922
v -80.023 -66.0029 27.5801
v -74.7788 -64.1797 27.63
v -73.2252 -61.6707 28.0857
v -56.2292 -48.0454 32.9928
v -50.0635 -42.0993 29.5553
v -101.025 -39.7798 28.813
v -41.7806 -32.8472 28.7665
v -40.0959 -31.0823 28.0924
v -35.7485 -29.6921 27.6277
v -24.9172 -25.1366 29.2252
v -21.3846 -22.9985 31.2978
v -20.4999 -22.0285 27.7318
v -107.101 -20.9665 29.9771
v -19.2856 -19.7352 27.6661
v -18.8962 -17.8851 27.2702
v -107.352 -18.087 28.7946
v -18.6812 -14.1236 28.2415
v -108.224 -9.28285 27.5612
v -20.3268 -9.49278 28.3116
v -108.479 -2.31192 28.0662
v -25.242 -1.72832 27.6299
v -24.6879 1.24536 28.7774
v -25.4135 3.48484 28.7142
v -107.132 9.75021 28.9942
v -105.028 14.4523 27.7223
v -35.5648 12.673 29.0273
v -37.315 14.6845 29.4142
v -103.873 20.4535 30.5589
v -41.5662 18.9695 28.7502
v -45.4949 23.6153 27.7609
v -99.3229 26.0349 28.3491
v -46.6592 25.6946 28.0916
v -47.902 27.0057 27.6995
v -60.9666 36.862 28.822
v -88.9531 38.2325 27.778
v -87.1035 40.1213 27.941
v -66.3801 43.5755 28.1023
v -80.1322 46.1542 27.5746
v -81.1902 -66.4068 29.2401
v -76.6079 -66.2485 27.8481
v -83.2635 -64.7045 28.5867
v -89.5925 -58.3232 28.8325
v -71.2668 -59.8281 29.5403
v -69.2327 -57.33 31.0639
v -66.8293 -53.7609 30.4981
v -92.9525 -53.2953 30.7882
v -94.4582 -50.7192 28.4333
v -98.6145 -44.725 29.3134
v -43.9098 -36.2782 30.7385
v -31.0164 -27.0074 29.3834
v -27.8065 -26.1597 28.3333
v -18.4154 -12.8007 29.2801
v -108.679 -6.98897 28.915
v -24.8029 2.51947 29.1511
v -26.1851 4.9092 30.1041
v -29.8866 5.85248 29.145
v -27.7999 5.44623 29.5388
v -30.8612 6.72603 29.4592
v -32.8009 8.87364 29.2286
v -34.0709 10.5999 29.4418
v -39.8287 16.9297 29.2308
v -44.14 22.9712 29.6781
v -99.7961 28.8439 32.3204
v -49.868 29.4073 29.3432
v -54.1755 32.7692 29.5396
v -93.5321 35.1068 28.4934
v -56.447 34.1885 29.3892
v -57.7278 34.9242 29.4233
v -62.9176 38.4782 28.4071
v -64.5278 41.3982 28.9087
v -81.5208 46.2126 28.1707
v -77.4898 48.0422 28.1007
v -72.6003 48.6536 28.1125
v -22.0631 -90.5107 28.7707
v -24.4003 -90.5383 29.3013
v -19.1755 -90.0211 28.4421
v -20.0735 -91.3765 29.4694
v -16.8343 -90.3208 29.1094
v -26.8894 -88.4354 28.6192
v -27.1136 -89.3004 29.2974
v -22.7023 -88.9236 28.146
v -17.579 -89.5741 28.6161
v -28.1663 -88.4334 29.2562
v -25.9187 -87.252 28.0979
v -19.6211 -88.0586 28.15
v -16.838 -88.534 29.0842
v -29.5135 -86.2152 29.0931
v -22.024 -86.4139 28.0585
v -18.3894 -87.0291 28.7487
v -28.3546 -85.4341 28.3066
v -24.4145 -84.6458 28.0732
v -20.0159 -85.2004 28.848
v -29.5823 -83.9835 28.7371
v -27.8459 -83.2753 28.2102
v -23.5527 -83.2251 28.6425
v -29.1337 -82.067 28.7358
v -26.8807 -81.8597 28.7441
v -74.073 -69.6014 28.9311
v -73.5476 -68.8314 28.7465
v -75.7731 -68.8905 28.9628
v -78.0155 -68.3121 29.4563
v -77.7891 -67.3899 28.5353
v -75.7283 -66.1053 27.9477
v -74.255 -65.5316 28.2431
v -72.9212 -63.9102 28.9933
v -86.6322 -61.5187 29.3427
v -96.3464 -48.5377 29.509
v -51.7439 -43.9841 30.7282
v -100.023 -43.1661 30.3806
v -48.5359 -41.2913 31.377
v -102.06 -39.9464 32.6194
v -103.369 -36.1594 33.0281
v -43.5573 -36.2707 32.8272
v -103.85 -32.7353 31.4974
v -40.1556 -29.5666 30.4932
v -38.451 -29.3655 29.2935
v -35.0183 -28.4005 29.0394
v -30.2564 -25.9626 30.5947
v -106.203 -23.9536 30.7745
v -19.4655 -20.9612 32.3997
v -18.5211 -17.4027 30.7276
v -107.829 -17.9485 31.4189
v -108.397 -13.6989 30.4146
v -18.1006 -13.9171 30.3965
v -18.8393 -8.34336 32.1491
v -19.7105 -7.44225 31.0003
v -22.9167 -4.66851 28.9676
v -109.22 1.20485 31.3354
v -108.469 6.32292 30.1896
v -107.501 12.546 31.324
v -106.674 15.0081 30.7723
v -101.722 24.1704 29.9304
v -97.3076 32.2737 31.0202
v -51.3 31.8323 30.946
v -94.677 35.0219 29.5626
v -93.4076 38.3889 29.809
v -91.291 37.1099 28.1577
v -92.9077 38.2834 29.3015
v -60.453 37.273 29.7779
v -90.6726 39.3474 28.6875
v -62.9401 40.3054 29.6265
v -89.8045 41.6079 29.4677
v -88.4072 43.4155 29.8258
v -64.2103 42.8142 29.843
v -84.5951 46.3411 29.1783
v -80.7114 48.9351 28.6557
v -84.9224 46.6128 29.7126
v -67.1517 45.2926 28.2588
v -65.8135 45.8278 28.9277
v -69.7355 47.5922 28.1124
v -66.8546 48.5406 28.7987
v -68.1352 50.2965 28.78
v -64.0848 47.1116 30.2748
v -82.3221 49.4727 29.8854
v -80.3858 50.4425 29.2862
v -75.6436 51.3562 28.5999
v -70.4284 50.9886 28.6387
v -65.1367 49.1683 30.1056
v -75.7224 52.4582 28.9664
v -66.9205 51.2536 29.9499
v -76.3548 53.341 29.7301
v -69.3365 52.1613 29.3158
v -74.1184 53.2363 29.6753
v -70.8931 52.9051 29.7634
v -24.9478 -91.0866 30.5986
v -22.433 -91.7703 30.5579
v -16.8094 -91.5394 31.1185
v -14.7615 -87.7044 31.0472
v -29.5833 -87.2536 29.7802
v -16.2039 -86.8962 30.1611
v -30.8241 -82.4351 29.8412
v -29.7596 -80.7778 29.8845
v -27.5493 -80.3222 29.6093
v -23.1023 -81.6944 29.6627
v -74.6111 -70.7162 30.2864
v -71.8258 -70.8022 30.7251
v -72.8937 -71.6525 31.1674
v -77.0583 -69.3862 30.4923
v -71.8608 -68.6212 30.0654
v -71.9901 -64.902 30.3031
v -71.8234 -62.0155 30.3792
v -67.2572 -55.853 33.5037
v -62.342 -51.8749 32.9759
v -59.2542 -49.9507 31.612
v -54.1879 -46.1842 31.5906
v -98.3945 -46.1377 31.1312
v -46.4741 -39.6135 31.6164
v -42.621 -34.2824 32.6675
v -41.3852 -31.4991 30.5461
v -104.505 -31.07 32.2303
v -36.5006 -27.4783 30.3297
v -32.9619 -26.9433 30.123
v -105.883 -26.2994 31.9752
v -29.4319 -25.3768 31.6443
v -24.2878 -24.5181 31.0834
v -20.0245 -21.7873 33.7973
v -18.7849 -19.1314 31.2292
v -17.9132 -11.3111 32.6709
v -109.371 -5.37024 30.8281
v -21.4307 -3.78781 31.2122
v -22.7678 -1.62481 30.255
v -23.4978 0.754312 30.1485
v -35.2225 13.0397 30.0687
v -39.9309 19.0045 30.8937
v -46.0391 26.3153 32.3428
v -47.686 28.4875 32.2838
v -58.3935 36.2792 29.8717
v -90.7054 42.2068 32.054
v -85.2279 47.7791 32.5408
v -80.7902 51.5105 31.0698
v -65.0762 50.6757 31.4086
v -79.4786 53.0896 31.7049
v -67.907 52.5166 30.5209
v -73.1192 53.8992 30.8746
v -69.5464 53.6446 31.3852
v -75.2369 54.5681 31.3945
v -19.531 -92.289 31.5108
v -18.0049 -91.8269 30.6942
v -14.6608 -89.389 31.4362
v -15.7237 -90.652 31.0021
v -27.6166 -89.9168 31.1003
v -32.2181 -85.4491 31.4705
v -15.448 -85.9252 31.1504
v -48.1887 -85.394 31.0872
v -46.5982 -84.7788 30.9054
v -17.9944 -84.6176 30.8217
v -49.3921 -84.7139 31.0627
v -47.6021 -83.676 30.2281
v -32.5781 -84.1045 31.0786
v -49.9658 -83.3318 30.8584
v -32.1394 -83.1308 30.619
v -32.8504 -83.3681 31.5237
v -19.8748 -83.0979 30.3484
v -50.5477 -81.8014 30.9886
v -49.0641 -81.1523 30.1821
v -44.9329 -82.0416 30.6952
v -44.0247 -82.0813 31.3513
v -47.2205 -80.5445 29.9935
v -32.6864 -82.1317 31.4959
v -31.3011 -80.1972 30.8981
v -22.3881 -79.8624 30.4638
v -21.1297 -79.8559 31.1411
v -50.161 -80.1519 30.9602
v -42.2561 -78.0853 30.3076
v -24.7263 -78.783 30.322
v -43.4777 -76.7139 30.0832
v -40.6669 -78.4607 31.0583
v -27.939 -78.2926 30.3994
v -47.8574 -77.4828 30.6664
v -45.0766 -76.4973 30.2023
v -29.4647 -77.7873 31.1544
v -25.6157 -77.6094 30.8661
v -23.6944 -77.5896 31.3104
v -40.9183 -76.2697 30.9284
v -27.9697 -76.9902 31.4882
v -45.1975 -74.7019 30.9985
v -42.0278 -74.8805 30.997
v -72.3073 -71.9523 32.1631
v -70.6891 -70.2788 32.1102
v -78.5398 -68.889 31.4974
v -71.4119 -67.3256 30.9492
v -82.1557 -66.7052 31.9884
v -85.0537 -63.9729 31.8604
v -87.211 -61.2287 32.4129
v -91.7337 -55.7008 33.6277
v -96.628 -49.2287 32.798
v -99.6274 -44.8038 32.4935
v -39.9338 -28.1391 31.935
v -35.9648 -25.6587 31.7281
v -34.4883 -25.3579 31.4117
v -33.0412 -24.7855 32.042
v -108.31 -18.2819 33.4385
v -109.345 -11.8549 33.3384
v -22.4024 1.11198 32.5134
v -109.551 4.18117 32.9442
v -23.4955 2.66379 31.6293
v -24.7797 4.94236 32.4467
v -27.6514 6.52914 31.0699
v -31.046 9.02918 30.993
v -33.1362 12.0194 31.2416
v -34.9504 15.1823 32.3889
v -36.0186 15.479 31.8216
v -104.816 19.8026 31.5574
v -41.1911 21.9613 32.4344
v -42.8056 23.3818 32.2615
v -102.452 25.0354 32.2965
v -49.2949 31.0402 32.7427
v -96.1777 35.9744 33.1056
v -53.8712 34.0485 30.5312
v -54.8068 35.0492 30.506
v -53.6729 36.0128 31.548
v -56.0125 38.3455 30.8598
v -60.5502 38.8489 30.1356
v -57.0407 38.2119 30.5196
v -55.1501 39.2918 31.707
v -93.7233 39.8332 32.6935
v -62.9942 42.2144 30.1498
v -58.4515 40.9369 30.5996
v -57.1419 41.7725 31.3609
v -62.364 45.0258 30.5848
v -59.4516 43.1467 30.8686
v -58.6408 44.3302 31.8522
v -88.3623 45.0589 32.0652
v -61.7405 46.1118 31.0749
v -60.4019 46.3724 31.996
v -63.2237 49.0724 31.4383
v -78.6163 54.0834 32.695
v -23.0232 -92.3057 32.9499
v -27.4268 -90.6013 33.0002
v -30.65 -88.1766 32.6955
v -49.2276 -85.8889 32.2992
v -45.2226 -85.1209 32.6203
v -32.9931 -84.9973 32.9564
v -17.7568 -83.7925 32.2004
v -51.7327 -82.6071 32.6516
v -43.903 -83.3873 32.6291
v -51.3985 -80.1894 32.6209
v -40.2294 -80.186 33.3992
v -32.0156 -79.1779 32.9474
v -19.7974 -80.0183 32.7235
v -39.7504 -77.8435 31.8011
v -22.217 -77.9124 32.0108
v -25.9128 -76.6266 31.9324
v -48.7757 -75.8748 32.6185
v -45.883 -73.7791 32.6335
v -40.6023 -74.137 32.6045
v -43.4081 -73.2089 32.5894
v -73.9648 -71.6861 32.4783
v -76.632 -70.1303 32.6899
v -89.338 -58.9751 32.6826
v -94.0167 -52.3304 34.0739
v -51.0477 -44.6162 34.2021
v -42.3565 -31.9066 33.9984
v -34.5737 -24.9015 34.0863
v -28.2364 -24.7622 33.6662
v -22.6922 -23.653 33.7279
v -107.535 -23.2559 35.9865
v -17.5233 -15.7227 33.6668
v -108.831 -14.3764 33.4739
v -17.51 -12.5027 33.7506
v -109.217 7.11776 32.7346
v -26.6402 7.0178 32.7963
v -27.8863 8.56116 32.7851
v -108.525 10.006 32.8308
v -30.1562 9.86609 32.5763
v -31.8788 11.7921 32.5873
v -37.8144 18.4605 32.9248
v -39.4065 20.2093 32.5432
v -104.201 23.571 34.3077
v -44.8957 25.2741 32.7656
v -50.9763 34.1574 33.1354
v -57.2846 44.1036 33.3111
v -91.3779 43.642 34.8983
v -87.689 46.9555 34.4708
v -85.099 49.5947 34.517
v -82.9868 51.9497 34.8454
v -66.2337 52.6051 33.5973
v -76.0187 55.1196 33.3471
v -70.8077 54.6867 34.0905
v -20.7185 -93.2897 35.0604
v -17.5953 -92.5488 33.5133
v -14.9237 -91.4457 34.5458
v -13.3503 -87.3783 33.8118
v -14.5004 -85.4081 33.2482
v -47.0684 -86.8754 33.324
v -46.2079 -86.2756 32.9113
v -50.9976 -84.3815 32.6394
v -15.828 -84.27 33.03
v -38.5463 -79.1354 34.8938
v -38.1196 -77.2725 34.3604
v -30.7558 -76.8947 33.1407
v -39.0154 -75.7668 33.0437
v -22.6451 -76.3738 33.9482
v -28.2126 -75.6909 33.2849
v -23.8149 -75.7153 34.1434
v -70.8076 -71.7577 33.1908
v -70.0103 -70.9009 33.2112
v -69.51 -69.4068 33.8981
v -70.3368 -65.858 34.298
v -83.2672 -65.9103 33.4216
v -70.3951 -63.7314 34.451
v -69.3948 -59.3683 34.1073
v -65.8063 -56.2984 37.0394
v -63.8221 -53.195 33.5228
v -98.2048 -46.9569 33.7285
v -53.8643 -46.8731 34.7326
v -100.381 -43.9885 34.4605
v -46.0007 -39.7448 34.4742
v -42.8376 -35.1196 34.9726
v -104.175 -34.0885 34.2852
v -41.4303 -29.7953 33.7423
v -40.365 -28.0869 34.9412
v -39.4009 -27.4026 33.4357
v -38.1682 -26.7158 34.6689
v -25.2267 -24.3002 35.166
v -23.8594 -23.9813 34.9777
v -18.468 -19.7151 33.9346
v -17.459 -18.2054 34.7625
v -109.741 -7.5961 33.6743
v -20.8488 -0.087552 34.2891
v -22.6202 3.86599 33.7799
v -107.591 15.6112 33.5268
v -105.825 21.7769 35.1257
v -102.497 26.8837 34.8917
v -100.289 32.8156 36.2328
v -97.2286 35.448 34.4556
v -53.7585 39.3626 33.2131
v -94.0567 40.866 34.8497
v -90.4821 45.2683 36.023
v -62.1185 50.202 34.4864
v -68.6549 54.3832 35.3172
v -74.7299 55.1145 33.3309
v -18.1477 -93.0323 34.3178
v -24.4169 -92.149 34.7868
v -13.7117 -90.4985 35.2743
v -13.3542 -89.1643 34.4184
v -43.8428 -88.2497 34.1103
v -45.3916 -88.7117 34.7593
v -45.5284 -87.8841 33.9044
v -31.7988 -87.6985 34.4888
v -49.9584 -86.7002 34.252
v -47.6014 -87.7028 34.6439
v -52.2238 -85.4831 34.6014
v -42.0014 -83.8311 34.331
v -53.5329 -83.5725 34.2613
v -42.5394 -83.2057 33.4988
v -33.8504 -83.0273 33.8635
v -18.3409 -80.7945 33.3508
v -53.8756 -80.9952 34.116
v -40.7699 -81.6884 34.248
v -54.1596 -79.3717 34.6134
v -53.2663 -78.7209 34.0169
v -16.5606 -80.1831 34.9452
v -20.3872 -77.6995 34.3666
v -32.6146 -77.3416 35.1838
v -51.1956 -76.0627 33.8027
v -29.9783 -74.9444 34.6867
v -27.9587 -74.8319 34.433
v -47.9631 -72.6783 33.8404
v -38.3826 -73.3615 33.5045
v -37.4643 -75.2187 34.2818
v -41.7439 -72.9659 32.7831
v -37.1489 -73.488 34.7075
v -71.8774 -72.4237 33.9092
v -69.0491 -72.544 34.1964
v -44.4801 -70.5214 33.4057
v -40.6696 -70.8081 33.3658
v -68.5882 -71.4616 34.3101
v -42.4939 -70.1434 33.2794
v -38.7865 -70.5322 34.1068
v -37.5228 -71.7902 34.5494
v -73.3474 -72.4151 36.2022
v -44.8426 -69.4178 34.223
v -79.2926 -69.2407 36.3659
v -43.3038 -67.9749 35.0615
v -41.2913 -68.6916 33.9993
v -87.5916 -61.605 37.7865
v -70.2026 -62.1195 34.5625
v -88.523 -60.5377 35.3869
v -59.0997 -51.4249 36.1308
v -102.067 -40.8224 35.9705
v -103.156 -37.721 36.0438
v -104.843 -31.9172 36.0768
v -106.232 -28.6269 37.0455
v -106.769 -27.761 39.0239
v -30.3277 -24.4307 35.4955
v -20.6415 -22.1964 36.3123
v -108.773 -18.608 36.3679
v -16.926 -9.35975 36.3208
v -18.093 -7.12161 34.773
v -19.3274 -4.20462 34.5836
v -23.5602 5.90773 33.8669
v -109.4 9.03688 35.6271
v -25.618 9.73454 33.9904
v -30.9562 11.9824 33.0498
v -27.3044 11.0037 33.5452
v -109.116 12.0238 35.7157
v -34.1474 16.1307 33.0325
v -28.9773 14.3102 33.6642
v -27.1538 14.0722 34.4902
v -30.6546 16.131 33.5955
v -32.7267 18.4204 33.5217
v -31.4829 19.0949 34.0966
v -38.6519 20.572 33.0538
v -34.7416 20.6865 33.7176
v -41.3911 23.4946 33.1084
v -36.9538 23.1319 33.855
v -41.2068 25.25 33.7291
v -36.7419 25.2674 35.1163
v -46.7243 28.3659 33.1013
v -44.3606 27.7083 33.8853
v -40.7008 27.0248 34.8774
v -100.907 29.4974 34.4578
v -43.8973 29.4163 34.9977
v -46.7538 32.236 35.0255
v -48.8028 33.7429 34.7267
v -49.9477 36.0353 34.8981
v -95.7855 38.4609 34.6385
v -51.9148 39.9113 35.0427
v -54.5145 43.5696 35.4063
v -59.7389 48.2313 35.0011
v -65.1386 53.4413 36.7932
v -80.0827 54.793 34.9507
v -78.01 55.7739 34.9343
v -25.1865 -91.9407 37.592
v -30.1581 -89.1335 35.2915
v -44.3878 -89.2249 36.029
v -50.8743 -86.7173 35.5115
v -33.6219 -84.7119 35.7019
v -14.0771 -83.7472 35.1212
v -12.9664 -84.8277 36.6302
v -54.7333 -81.1403 35.3296
v -51.9456 -75.3958 34.9148
v -37.2393 -76.2755 35.5165
v -31.3589 -75.4533 35.2767
v -70.741 -73.9004 37.1148
v -69.7023 -73.5607 35.6635
v -67.7355 -73.1489 36.4763
v -67.5715 -71.8053 35.9363
v -75.5981 -70.9903 36.599
v -68.2082 -69.4325 35.3876
v -81.3722 -67.7638 37.4005
v -90.0211 -58.8859 37.2724
v -68.1585 -58.7523 35.484
v -66.644 -57.3536 37.2083
v -63.9044 -55.2974 37.4697
v -62.1693 -53.3987 35.8654
v -95.8338 -50.2268 37.5811
v -97.7726 -47.2648 38.9847
v -52.2529 -46.2803 37.2186
v -44.0714 -37.6705 37.1994
v -32.5411 -24.6135 35.9654
v -19.02 -21.0116 36.2007
v -16.3795 -18.2785 37.9948
v -16.3694 -16.58 37.1899
v -109.493 -15.5386 36.6574
v -109.835 -10.8475 36.4251
v -110.452 -6.89988 36.3485
v -17.9431 -5.51199 37.1577
v -19.8131 -0.552694 36.0726
v -110.366 3.6135 36.0674
v -21.8717 7.21753 36.4807
v -110.197 5.50979 36.3848
v -23.1323 8.82554 35.6036
v -109.186 14.9667 37.9757
v -26.1026 15.9532 36.1134
v -107.108 19.8287 36.1079
v -27.8877 18.7385 36.3642
v -31.9353 21.3146 35.1638
v -104.941 24.7316 36.961
v -99.3873 34.2925 36.2827
v -60.9467 50.6951 37.1403
v -74.6037 56.9656 37.3859
v -17.5436 -93.6044 37.8613
v -14.404 -92.4121 37.6402
v -46.9358 -88.7686 36.5329
v -43.3775 -88.9926 36.2756
v -42.0737 -88.1927 36.8994
v -12.2872 -87.6532 37.9677
v -41.2365 -85.3239 36.696
v -53.9192 -83.7668 35.7377
v -34.2683 -82.5771 37.0367
v -13.1017 -82.282 37.5157
v -39.2232 -81.4304 36.6565
v -34.1039 -80.8633 36.6412
v -55.4081 -79.9361 36.8996
v -15.582 -79.7108 35.957
v -17.7478 -77.1314 35.8409
v -55.6797 -78.5143 37.3979
v -54.1914 -77.2196 35.9523
v -20.9156 -76.3609 34.7411
v -52.9562 -73.9562 36.3477
v -32.3168 -75.5637 36.4924
v -22.4451 -74.9643 34.8171
v -20.3284 -72.3362 36.2461
v -28.529 -73.5195 35.1901
v -27.6281 -73.9816 34.8455
v -20.9579 -73.4259 35.4446
v -69.1129 -74.4745 38.3031
v -68.3976 -73.7654 36.6298
v -49.1441 -72.0628 35.3882
v -36.076 -73.1715 37.1525
v -27.8583 -71.476 36.0572
v -25.0746 -71.0365 35.3713
v -23.2976 -72.1143 35.2387
v -36.3371 -70.1511 37.3508
v -21.8561 -70.9177 36.0364
v -38.0125 -69.0674 35.8352
v -46.1433 -68.0104 37.49
v -25.3773 -69.4991 36.6216
v -23.7782 -69.7476 36.2704
v -39.4666 -67.5484 36.0419
v -67.5025 -67.4864 36.5685
v -40.6792 -66.7029 36.355
v -68.3144 -63.6965 36.0961
v -84.3001 -64.874 40.8752
v -68.5105 -60.6622 35.7162
v -56.7844 -50.1135 37.4848
v -54.7779 -48.9883 37.9368
v -99.8346 -44.0494 39.8276
v -101.403 -42.1159 37.1837
v -47.2582 -41.3958 37.7714
v -42.5532 -35.2154 37.1468
v -42.157 -31.0473 37.1136
v -41.5712 -29.6352 36.788
v -40.6229 -28.6459 37.0824
v -37.2035 -27.2342 37.7059
v -34.8345 -25.6315 36.6137
v -22.0187 -22.6568 38.0246
v -17.1348 -19.5617 38.0805
v -16.2591 -13.297 37.3586
v -110.396 -10.5473 38.3814
v -19.3301 2.69402 39.019
v -23.8499 13.3005 36.3686
v -26.4474 17.0698 36.7591
v -29.8459 20.7197 36.2662
v -33.0449 24.1184 35.833
v -31.984 24.0688 36.5713
v -36.1358 26.6324 35.9592
v -38.2621 27.1508 35.4079
v -35.0848 27.2618 36.9816
v -39.8663 29.6568 35.5936
v -38.8154 30.0686 36.0978
v -103.012 29.0739 38.1353
v -41.9147 31.6115 35.7503
v -38.6073 30.6626 36.6322
v -43.7387 33.424 35.7
v -40.8589 32.7729 36.8213
v -48.2616 36.9893 35.5236
v -45.678 35.4309 35.6143
v -44.3589 35.7807 36.2415
v -97.7813 38.0357 36.9027
v -47.3697 37.7518 36.0321
v -44.706 36.7512 36.7086
v -46.5736 38.596 36.9672
v -96.5023 40.1781 37.1979
v -48.0893 40.0089 36.7871
v -50.0845 40.9364 36.2682
v -94.6696 42.1538 36.7405
v -52.0899 42.9763 36.448
v -54.0629 44.3607 36.4024
v -57.7397 47.7588 36.2521
v -88.9449 47.5315 37.6645
v -87.4 48.9957 37.8674
v -81.8526 54.7276 36.8135
v -80.4848 55.8503 37.2394
v -71.3112 56.3468 37.5575
v -68.1717 55.396 37.7721
v -76.8872 57.2496 38.1793
v -15.9399 -93.2359 37.6457
v -13.063 -90.8885 37.6583
v -12.4991 -89.1843 37.6849
v -45.4197 -89.9784 38.5046
v -29.5239 -89.0849 39.7428
v -31.0348 -87.8564 39.4735
v -31.9656 -86.8003 39.4156
v -32.9464 -85.7463 37.9186
v -52.3849 -86.7847 41.5936
v -34.0236 -83.2427 38.4549
v -39.224 -82.781 37.8478
v -55.3642 -81.6072 38.501
v -14.8049 -78.7985 37.5274
v -33.2889 -76.4228 37.8874
v -55.445 -77.0019 37.4951
v -36.2884 -74.6125 37.1199
v -54.3579 -74.4657 37.5663
v -32.7544 -74.3717 38.601
v -53.1968 -72.9405 37.7156
v -31.4162 -73.3255 37.789
v -19.7509 -71.1037 37.8644
v -50.4268 -71.3735 37.4706
v -29.1547 -71.2267 37.5258
v -26.5052 -69.2456 37.4048
v -36.8726 -68.3276 38.062
v -23.2171 -68.8571 37.5621
v -43.2588 -66.4841 37.5256
v -40.9335 -66.0802 37.3408
v -39.3119 -66.7621 37.262
v -67.1163 -63.1226 38.2582
v -88.6797 -60.5224 39.4874
v -67.1755 -58.9505 37.3867
v -93.861 -53.153 39.5748
v -50.4212 -44.7875 38.0511
v -45.7855 -39.5686 37.9961
v -104.333 -34.2705 38.1815
v -108.128 -24.2402 39.4953
v -34.2185 -25.4515 38.6218
v -31.6178 -24.423 37.7948
v -25.8672 -23.4695 38.304
v -108.705 -22.6921 40.4605
v -110.577 0.558323 37.4592
v -18.0929 -2.52674 39.1778
v -18.6824 -0.289566 39.6158
v -20.4468 6.22532 38.8408
v -110.684 4.89369 39.7322
v -109.85 8.2496 38.7034
v -109.703 12.6719 39.0745
v -22.3458 12.6945 38.3813
v -23.6898 14.4861 37.5356
v -108.145 21.0917 40.5658
v -39.9899 32.8236 37.7601
v -101.224 34.0409 39.5579
v -40.8706 34.9361 38.7137
v -52.8906 44.6028 37.8901
v -91.481 46.3056 38.8557
v -56.0727 47.7646 37.9639
v -59.6487 50.2089 37.7428
v -87.0563 50.2498 38.9353
v -62.9415 52.6256 37.723
v -20.8182 -93.419 42.9011
v -18.7472 -93.7089 40.0399
v -43.8258 -90.1406 38.3335
v -40.9005 -88.6582 38.1085
v -50.2183 -88.1167 40.6787
v -39.2819 -84.4617 38.5358
v -53.4514 -85.2664 40.3673
v -38.2134 -81.2968 39.2409
v -34.1379 -78.9702 39.2163
v -56.4507 -79.3853 38.3225
v -36.8767 -78.6236 39.8765
v -16.0287 -76.281 37.7805
v -66.4122 -72.3911 38.9548
v -74.8235 -72.164 41.455
v -35.5797 -71.6255 39.0053
v -76.5303 -70.8481 39.7697
v -48.6562 -69.582 37.5803
v -21.5543 -69.2388 38.127
v -79.023 -69.2956 40.0754
v -66.4031 -66.994 38.9677
v -24.1614 -67.9113 38.0592
v -91.9057 -55.6017 41.4383
v -62.5631 -55.3167 39.3585
v -60.6964 -53.8058 39.4209
v -58.4104 -52.084 38.6408
v -51.3221 -46.0532 38.641
v -43.5535 -36.295 39.3079
v -42.6901 -34.3641 38.4251
v -105.077 -32.758 39.9377
v -41.6247 -28.954 39.4327
v -39.7322 -28.2963 38.2458
v -30.0728 -23.5979 40.5283
v -20.0217 -21.8989 39.9013
v -109.366 -20.2837 40.6259
v -109.719 -16.0802 38.7416
v -110.44 -13.8924 39.8496
v -15.6302 -13.6558 38.5407
v -15.8636 -10.7424 39.5945
v -110.64 -10.3972 40.8112
v -110.751 -1.28941 39.6498
v -109.389 16.745 40.6964
v -24.7509 17.0399 39.6567
v -27.0994 19.9727 39.6231
v -27.9374 21.7974 40.1186
v -31.8439 25.462 39.0189
v -33.1132 27.1692 39.215
v -34.8104 28.8485 39.324
v -103.019 31.6068 40.8938
v -38.3148 32.1014 38.7387
v -45.4269 38.9987 38.7633
v -100.48 37.447 41.492
v -98.568 39.3644 40.0081
v -46.9591 41.2322 39.4547
v -64.1799 54.086 37.9566
v -87.0247 50.8086 40.0019
v -81.3495 56.065 39.1542
v -15.9405 -93.7865 38.8754
v -12.6237 -92.5362 39.6111
v -22.622 -92.6908 41.9238
v -11.4508 -90.9628 39.8765
v -41.6029 -90.1327 39.2935
v -39.8773 -89.415 39.1315
v -39.3843 -88.4582 39.1278
v -10.8279 -86.8545 39.9046
v -47.5377 -89.4705 41.2245
v -12.1308 -84.0929 38.3108
v -34.1668 -81.7297 39.2602
v -11.9481 -79.9431 39.4992
v -10.5503 -81.9088 40.2558
v -56.4122 -81.1255 40.2467
v -56.9077 -79.937 39.1685
v -58.4908 -77.7991 38.8733
v -58.7186 -78.8918 39.8538
v -56.7157 -77.4765 38.0703
v -13.5616 -77.1782 39.7628
v -58.6365 -74.9297 38.7406
v -59.5756 -75.6124 39.5108
v -33.4939 -76.0212 39.988
v -57.502 -73.3801 38.3563
v -55.4386 -74.1688 37.8927
v -35.8054 -76.4041 41.4641
v -15.5407 -73.2473 39.5245
v -67.6372 -74.641 39.6061
v -66.6874 -73.7187 39.4982
v -58.7002 -73.0095 39.2716
v -71.6122 -74.1231 42.1759
v -55.04 -70.6015 38.2057
v -32.6094 -71.3699 39.3559
v -16.9052 -71.0401 39.6471
v -57.7913 -71.1095 39.6161
v -31.1645 -69.8551 38.6962
v -56.3569 -69.6513 39.1325
v -31.2609 -68.0529 39.4158
v -29.4433 -69.8373 38.0344
v -45.9762 -66.4992 37.9059
v -35.723 -68.8535 39.0149
v -27.0187 -68.5131 37.8891
v -19.9301 -68.9663 39.4806
v -54.9835 -67.832 39.6764
v -54.3974 -68.0237 38.8572
v -49.3018 -64.5317 38.1536
v -38.4928 -66.4313 37.8178
v -29.3281 -66.5685 38.4531
v -24.9523 -66.5995 38.3968
v -52.9119 -65.1857 39.6912
v -27.4062 -64.3772 38.3719
v -22.7843 -66.3197 39.521
v -50.6732 -64.1131 38.6635
v -40.5904 -65.2066 37.8105
v -36.9419 -63.1922 38.7888
v -35.6839 -64.5108 39.4839
v -29.0213 -63.8518 39.101
v -51.2016 -63.457 39.4769
v -44.8905 -63.852 38.1574
v -38.6314 -62.4076 38.5348
v -26.2063 -63.4869 38.7995
v -66.6686 -61.8254 38.6736
v -49.838 -61.6236 40.6067
v -49.1106 -62.4075 39.1223
v -45.6828 -62.1656 38.918
v -42.5648 -62.2125 38.4768
v -27.8105 -61.7435 40.1008
v -27.2855 -62.9639 38.9712
v -42.4677 -61.0376 39.3685
v -65.1327 -62.382 40.433
v -39.0697 -60.7424 39.6665
v -65.0402 -58.4365 38.886
v -63.9233 -56.6236 38.9642
v -56.3316 -51.4884 39.8671
v -98.0046 -46.7303 41.8185
v -48.4135 -43.6471 40.6321
v -46.5874 -40.5825 39.9007
v -45.1554 -38.0795 39.8245
v -43.1259 -31.3416 40.0331
v -42.4473 -29.6412 39.638
v -36.5216 -26.7693 39.6199
v -31.9607 -24.0842 40.4484
v -27.2876 -23.3513 41.3303
v -24.3111 -22.8275 40.4341
v -17.7837 -20.5965 40.8699
v -16.5052 -19.5718 40.1588
v -14.8913 -16.7785 39.449
v -15.0365 -13.4027 39.6357
v -21.2075 12.3227 41.4448
v -22.3436 14.5028 40.6585
v -109.437 19.3447 42.9506
v -106.17 25.7863 40.9738
v -36.2526 31.3071 39.8736
v -39.1621 34.713 39.7548
v -41.084 36.8084 39.8253
v -44.1177 39.2428 39.8931
v -96.7305 42.2106 40.8723
v -94.5984 44.1659 39.8469
v -49.3404 43.9016 39.8332
v -52.5411 46.7685 39.6886
v -89.7154 49.1678 40.0487
v -55.1164 51.4096 40.3421
v -59.686 53.1343 38.9182
v -67.1492 55.7857 38.2284
v -62.3896 55.9616 38.821
v -61.452 56.9143 39.6158
v -70.5063 57.2356 38.685
v -64.1773 57.0343 38.9427
v -72.6737 58.0267 39.2215
v -75.8537 58.5654 40.3335
v -73.5735 58.6661 40.0495
v -65.0362 58.186 39.6363
v -63.074 58.5131 40.451
v -16.2092 -94.4302 42.5075
v -13.7913 -93.983 41.808
v -26.3546 -90.6696 41.7401
v -43.4778 -90.6966 41.171
v -32.9505 -83.8667 42.4264
v -59.6687 -77.6607 40.035
v -61.027 -75.4859 42.1925
v -13.7432 -75.6456 40.225
v -33.1784 -71.7103 40.5393
v -66.0366 -71.1516 39.321
v -34.8862 -70.6426 40.9841
v -35.0239 -65.7069 40.5413
v -31.5599 -66.2057 41.1343
v -65.2372 -64.6738 40.6063
v -24.3908 -63.429 39.689
v -35.6283 -62.304 40.8471
v -85.7101 -62.6799 43.9076
v -26.0524 -61.8538 39.8148
v -40.6196 -60.0715 40.3238
v -64.0911 -58.9842 40.4655
v -60.2782 -54.3201 42.5064
v -95.8518 -51.0354 40.9314
v -57.9171 -52.4006 40.1125
v -52.7687 -49.0031 40.4914
v -99.6712 -44.0375 42.3808
v -101.53 -40.4723 41.7904
v -103.261 -36.7217 41.9322
v -45.551 -37.8099 41.5731
v -43.4139 -34.6982 39.8917
v -106.41 -29.2669 40.902
v -40.78 -28.108 40.737
v -34.8678 -25.4231 40.4595
v -15.0285 -18.7794 40.6801
v -17.0477 -4.51334 41.7131
v -19.1319 3.69834 40.6071
v -33.1989 28.1651 39.8773
v -104.824 29.1367 42.6786
v -92.83 46.5964 41.0647
v -54.9572 52.6599 41.0712
v -56.9835 54.7075 41.2024
v -58.7927 55.7019 40.7847
v -80.7966 57.2929 42.1561
v -79.5336 58.2346 42.745
v -61.2854 57.4966 40.482
v -65.1182 59.0133 40.8675
v -11.1973 -92.084 41.5559
v -39.9506 -90.8375 42.0122
v -41.5186 -90.721 40.8381
v -45.7291 -90.4831 42.8369
v -38.5408 -88.9281 40.8227
v -27.7798 -89.5924 43.3159
v -9.99801 -89.7303 42.3487
v -27.425 -89.3715 45.9763
v -9.55332 -87.0708 41.8447
v -37.9716 -84.9625 40.7659
v -37.0611 -82.6604 41.4936
v -9.35928 -83.2981 41.8909
v -33.4142 -81.4827 43.0093
v -33.618 -78.2264 41.8755
v -9.62635 -80.9039 41.9387
v -12.2353 -76.995 42.114
v -68.5766 -75.2852 42.3794
v -67.1985 -75.2522 41.7843
v -60.4876 -72.5866 42.6337
v -33.4895 -72.5513 41.9735
v -64.8637 -73.3366 41.1695
v -13.7962 -72.6639 40.7324
v -64.4695 -72.0923 41.2611
v -14.5496 -71.0905 40.8006
v -77.6226 -70.409 42.699
v -58.8111 -70.4285 42.1732
v -12.6754 -71.567 42.3656
v -64.7849 -68.7514 41.2569
v -32.4591 -68.2996 41.9451
v -18.057 -68.2403 40.6225
v -80.9007 -67.4305 42.8771
v -55.3476 -66.4803 42.6023
v -20.0992 -65.311 40.6997
v -82.9855 -65.8302 44.141
v -51.0282 -61.9291 41.4605
v -22.7398 -62.83 40.3289
v -34.385 -63.6285 42.5177
v -30.3326 -62.8683 41.7946
v -21.5647 -62.8133 40.9345
v -28.6909 -61.447 40.7317
v -63.8558 -59.8895 41.5174
v -46.4127 -60.609 41.0461
v -36.9789 -60.8033 40.4882
v -24.332 -59.961 40.7451
v -27.1359 -59.8165 40.8807
v -37.7252 -58.5835 41.2735
v -31.9826 -58.998 41.1508
v -33.266 -58.9139 41.3518
v -90.4736 -58.2042 43.5586
v -38.8834 -57.8117 42.3054
v -25.0129 -58.8259 41.4283
v -32.4567 -57.0362 41.2741
v -31.0974 -57.4125 42.3048
v -62.6821 -57.3918 41.8811
v -61.6111 -55.4776 41.5054
v -96.8998 -49.4431 43.1384
v -49.5419 -46.7717 42.6039
v -46.9318 -41.6147 41.678
v -44.965 -36.167 41.1433
v -44.0811 -31.6289 41.3807
v -105.29 -32.5851 45.4411
v -43.7761 -29.6052 43.2252
v -37.2404 -25.5127 42.7343
v -22.0324 -22.443 44.9231
v -20.4565 -21.9914 45.1469
v -16.9869 -20.4145 43.7442
v -109.727 -18.1938 43.0112
v -12.7054 -18.4116 41.3575
v -14.073 -16.8403 40.1249
v -11.7137 -17.4979 41.2255
v -14.0863 -14.7688 40.1392
v -11.9744 -15.0911 41.1306
v -11.3244 -15.9225 41.6916
v -13.5593 -13.0409 41.3358
v -14.8621 -11.8677 41.0346
v -110.809 -4.79089 41.5903
v -111.343 -1.30228 41.9178
v -17.5875 -1.56597 43.0898
v -17.9307 2.00976 43.9528
v -111.435 3.46161 42.4664
v -19.748 8.94112 44.4581
v -110.758 9.86982 42.5604
v -110.384 13.1395 42.9196
v -24.0735 18.4168 42.1575
v -25.6922 20.2921 41.5753
v -28.7691 23.7032 40.8373
v -31.0449 26.804 40.5603
v -29.9064 27.3628 41.8684
v -32.0961 30.1694 41.0761
v -34.1579 32.2409 40.8251
v -32.9167 32.8928 41.9594
v -31.9618 31.7815 42.2909
v -36.2004 34.9431 40.7589
v -34.717 34.4584 41.4292
v -38.5679 37.5372 40.614
v -37.364 37.9267 41.285
v -40.6006 40.0854 40.7867
v -39.6238 40.8513 41.7065
v -46.7366 42.617 40.1303
v -42.977 41.7721 40.7811
v -44.8056 44.4053 40.8769
v -42.1851 42.9175 41.7233
v -94.9137 45.5384 43.0687
v -47.3418 46.2087 40.6495
v -44.5613 45.7541 41.6833
v -47.4004 47.4628 41.0757
v -51.1551 49.2094 40.8057
v -47.6104 48.5341 41.5893
v -90.8095 49.5931 43.1147
v -51.0992 50.7268 41.6641
v -86.8944 51.8395 42.5884
v -54.3458 53.644 42.5536
v -77.228 59.2449 42.7506
v -74.9241 59.724 42.6295
v -71.3327 59.7388 42.5462
v -17.5895 -94.3557 44.527
v -14.8201 -94.433 43.0604
v -10.9829 -93.3948 44.4355
v -49.6283 -89.28 43.9075
v -51.0098 -88.5521 43.8526
v -36.9323 -85.2791 43.8652
v -53.7721 -85.6742 42.9899
v -55.2074 -83.2901 42.5576
v -57.3956 -81.5968 43.9033
v -36.0687 -81.9634 43.5174
v -59.6348 -79.0994 42.0128
v -10.7545 -78.9482 42.0624
v -61.1158 -77.8343 43.2653
v -61.4334 -76.4335 42.8731
v -35.4407 -76.5629 43.3087
v -64.7225 -74.8363 42.5781
v -34.7574 -73.4033 43.4307
v -63.4833 -72.3522 43.2266
v -33.3248 -71.0473 43.8621
v -13.8162 -69.834 42.2259
v -16.7085 -67.4293 42.2351
v -34.6014 -66.1507 42.3298
v -18.884 -64.0595 42.5158
v -64.0516 -63.5839 42.7842
v -31.5659 -64.5111 43.2833
v -20.6517 -61.9445 42.252
v -30.0647 -61.2479 42.3858
v -49.7379 -60.3627 43.4733
v -35.0198 -61.3026 42.3282
v -22.9882 -58.7997 42.311
v -45.7364 -59.293 43.4373
v -33.8313 -59.6183 42.4131
v -32.7901 -60.2624 42.7837
v -29.6642 -59.8529 42.7435
v -89.5513 -59.5729 45.8105
v -35.9184 -58.1044 42.6201
v -31.0751 -59.2341 42.5436
v -28.0995 -58.4054 42.7287
v -37.2591 -57.1328 42.7269
v -34.6591 -57.9679 42.7018
v -25.4984 -57.5544 42.6913
v -32.3167 -55.9617 43.6438
v -58.716 -53.559 43.9167
v -57.5277 -53.1683 44.2371
v -53.1029 -51.6266 45.3426
v -53.1802 -50.4437 42.487
v -50.7137 -48.0639 42.501
v -45.8697 -39.0156 42.2336
v -45.4733 -35.5322 42.5114
v -45.1898 -31.7527 44.6481
v -107.489 -28.1374 45.098
v -108.177 -26.2785 44.2619
v -42.533 -28.1536 43.3761
v -40.2196 -26.8137 42.8555
v -34.0431 -23.6665 42.9689
v -32.1728 -23.2602 42.5961
v -30.5713 -22.5442 43.7242
v -26.7129 -22.8388 43.9284
v -108.945 -22.9529 44.5565
v -15.2363 -19.5567 42.2642
v -13.0862 -19.1068 42.733
v -12.0849 -18.5806 43.1304
v -110.406 -15.5699 43.1136
v -10.4834 -14.9464 43.2483
v -11.8382 -13.6596 42.2146
v -110.767 -10.7915 42.2724
v -16.3071 -5.66046 44.1395
v -111.676 -4.67002 44.4201
v -18.6026 5.00317 44.9189
v -21.6099 15.5646 43.7836
v -26.487 22.2181 42.6381
v -24.7042 21.1549 44.202
v -107.984 24.0258 43.1988
v -28.6242 27.4097 43.6491
v -35.4752 36.9 42.3008
v -101.597 37.3499 44.2179
v -36.9388 39.0197 42.5479
v -42.8974 45.8694 43.1876
v -45.2586 48.0888 42.9828
v -47.1523 49.7444 43.0918
v -49.6386 50.9515 42.8959
v -52.0521 52.4289 42.6237
v -57.0029 56.5511 43.7712
v -57.9031 57.923 44.9727
v -79.0987 59.2561 44.7408
v -59.6921 58.9301 45.4553
v -68.5215 60.2071 43.958
v -64.0319 59.8214 43.7089
v -9.65601 -92.0854 44.4456
v -43.7407 -91.2613 43.6672
v -41.5578 -91.707 45.101
v -39.9403 -91.4241 44.7832
v -25.2333 -91.4041 46.1906
v -37.7489 -88.7778 43.127
v -8.89143 -87.4986 42.7094
v -31.754 -84.4624 44.7977
v -8.44113 -83.3957 42.5839
v -9.24359 -79.6581 42.594
v -33.3516 -77.0733 44.1028
v -64.7221 -75.4603 43.2156
v -63.6358 -73.9656 42.958
v -76.1285 -72.1525 44.5931
v -63.9364 -68.8486 43.2437
v -54.3926 -64.5307 44.192
v -52.6655 -61.8583 44.5666
v -87.7466 -61.2484 45.7994
v -51.0886 -61.0936 43.334
v -42.2294 -58.9079 43.0082
v -62.2625 -58.3432 44.6303
v -23.7775 -57.6274 42.729
v -91.632 -56.4897 43.7289
v -61.1055 -56.8341 46.4221
v -34.3733 -56.7909 43.0777
v -33.43 -56.1538 43.3477
v -30.7694 -56.2088 43.7121
v -93.5058 -54.4684 44.1854
v -96.7715 -50.0912 46.4005
v -55.5213 -52.5016 43.9524
v -101.429 -40.3131 49.0589
v -10.6996 -17.2363 44.662
v -10.3561 -16.2932 43.7123
v -13.5701 -11.1284 45.0667
v -11.3763 -12.7507 44.6253
v -111.327 -10.0242 44.8736
v -15.3144 -8.53 44.9556
v -111.732 4.32933 44.6434
v -20.1104 12.3705 45.1372
v -110.328 16.8766 44.6536
v -107.89 27.3407 47.2654
v -105.945 30.3764 46.7288
v -30.4072 30.1265 43.6188
v -104.576 30.9881 44.6735
v -35.3729 38.6648 44.4554
v -99.9643 40.3435 45.6777
v -36.6184 40.1194 44.3041
v -39.44 42.3447 43.5313
v -82.5015 57.197 46.1682
v -72.4187 60.9531 45.0143
v -11.2521 -94.0407 45.7645
v -22.9624 -92.9585 47.014
v -38.7415 -90.6087 44.1655
v -8.5966 -88.7065 43.4097
v -36.8455 -88.4031 45.0813
v -9.22698 -92.5857 45.2372
v -52.8473 -87.0249 43.5477
v -27.9592 -88.4308 47.3299
v -30.2774 -86.3099 46.2227
v -5.17198 -85.1863 44.1106
v -5.74101 -86.4313 44.1288
v -5.81781 -83.6496 43.6116
v -56.4224 -82.9443 44.4887
v -8.05781 -77.8224 43.0944
v -6.84259 -78.8563 43.5675
v -60.5231 -79.0764 44.3395
v -11.7168 -76.3762 42.575
v -62.0323 -77.4512 44.2067
v -10.9314 -75.5927 42.8576
v -65.084 -76.1077 43.9695
v -65.1082 -76.8723 45.4634
v -62.9287 -75.9086 43.6635
v -71.2316 -76.0422 47.618
v -62.1756 -74.7 43.2601
v -4.9641 -73.6891 44.432
v -62.6487 -73.1513 43.614
v -61.6418 -73.3099 43.4464
v -34.8252 -75.6078 45.2791
v -12.4481 -69.7695 42.7088
v -11.609 -69.091 42.9055
v -8.45217 -68.6433 43.1317
v -6.79255 -69.4833 43.5331
v -62.1249 -71.0403 45.9712
v -63.1891 -70.0981 45.353
v -59.931 -69.499 44.2196
v -34.535 -73.2964 47.3144
v -58.309 -67.6704 44.223
v -32.5927 -68.0726 44.4319
v -15.5785 -66.8961 42.8348
v -10.6032 -66.2027 43.1581
v -62.9877 -62.5663 46.032
v -17.002 -65.2695 42.778
v -12.9632 -63.8676 43.1566
v -8.26478 -66.488 43.6884
v -5.38315 -67.9028 44.6284
v -33.6998 -65.0238 44.9343
v -11.7754 -62.6495 43.7175
v -33.3733 -62.9807 43.9596
v -31.4762 -63.0522 43.9383
v -19.1063 -61.8031 42.8543
v -7.7783 -64.8031 44.6472
v -34.1257 -61.5911 42.9288
v -10.4496 -61.5799 44.6186
v -32.6383 -61.1766 43.7456
v -31.4544 -61.3389 44.1662
v -15.8206 -60.8453 43.1953
v -51.0289 -59.3851 46.6659
v -34.0395 -60.437 42.8134
v -32.1554 -60.9183 44.0534
v -30.7736 -60.6297 43.1791
v -21.7088 -58.3724 42.8824
v -30.1368 -58.8049 42.8782
v -16.551 -58.2571 43.7261
v -12.9006 -59.6553 44.6487
v -44.7388 -57.9395 45.2603
v -17.9053 -58.5928 43.3315
v -41.1573 -57.0183 44.5185
v -39.1799 -56.6223 43.3447
v -29.9172 -56.914 43.3453
v -27.7652 -56.8284 43.4794
v -20.5888 -56.6734 43.4443
v -36.1487 -56.0844 43.4633
v -24.0989 -55.8234 43.5611
v -18.1199 -55.627 44.7089
v -34.9061 -54.7741 44.8988
v -33.9545 -54.8642 45.232
v -59.1001 -54.1905 46.8276
v -38.1761 -54.1889 44.1001
v -24.0425 -54.1337 44.8019
v -20.7162 -54.4219 44.7461
v -36.9637 -53.9412 44.1968
v -98.3358 -47.1169 45.3241
v -47.1868 -44.6296 47.7143
v -45.5457 -34.507 45.8869
v -103.395 -36.4263 54.3681
v -40.7089 -25.5947 44.4091
v -38.7784 -25.0281 43.6869
v -40.2683 -24.5528 44.97
v -37.9365 -22.4524 44.608
v -35.2862 -23.2587 43.7477
v -37.8121 -22.2512 44.9173
v -32.441 -22.3903 44.0212
v -31.1517 -21.8679 45.1498
v -24.7627 -22.6447 45.4488
v -109.391 -22.7292 48.0425
v -36.0874 -21.8811 45.0171
v -18.2713 -20.8952 46.8313
v -110.611 -14.7359 48.4371
v -10.3788 -13.9761 44.7896
v -111.723 -8.13677 45.7578
v -111.774 6.63388 45.6469
v -111.374 11.3048 48.0456
v -22.5188 18.2526 45.8811
v -109.087 23.3379 45.9375
v -25.855 24.5794 44.6963
v -27.1118 26.5602 44.8576
v -32.8864 35.0879 44.5644
v -97.9768 43.0058 46.707
v -96.2327 45.6902 47.5598
v -40.3109 45.1458 44.7623
v -37.6236 41.9548 44.8306
v -42.3342 48.4397 44.9756
v -44.4776 51.4816 45.0226
v -47.6975 53.5424 44.6594
v -52.2272 53.7232 43.4434
v -53.7672 56.5085 45.2041
v -62.4696 60.1017 46.7371
v -77.0945 60.7638 45.2789
v -75.6263 60.9178 44.7278
v -74.4286 62.0976 46.7191
v -70.3037 61.3356 45.5635
v -37.8866 -90.2624 44.8366
v -53.9182 -87.6088 46.0931
v -55.3334 -86.1634 45.7986
v -33.0552 -81.4358 44.2457
v -4.49929 -81.3963 44.8399
v -34.8044 -79.4614 46.6824
v -5.1181 -77.7233 44.6651
v -63.327 -77.0737 45.0268
v -68.183 -76.9456 47.0228
v -74.3027 -74.0484 46.2579
v -4.37734 -71.5552 44.6993
v -80.307 -68.1259 44.6059
v -34.3825 -69.7955 46.3355
v -32.2912 -65.2651 46.4486
v -33.0957 -63.1204 45.2765
v -62.2582 -61.9577 47.3973
v -32.2893 -60.8689 45.5158
v -15.319 -57.267 44.7262
v -91.6311 -56.3983 45.7243
v -39.3057 -54.0434 44.972
v -32.674 -55.4798 45.1014
v -30.9952 -55.7244 44.8379
v -29.3689 -55.2544 44.8266
v -94.4771 -52.9422 46.7904
v -54.1596 -53.3417 46.9376
v -38.2769 -52.8078 45.5654
v -49.2751 -48.1742 47.2945
v -45.8657 -40.326 46.5356
v -45.6025 -38.5461 46.9524
v -44.2589 -29.6089 45.4355
v -42.6676 -26.9941 45.6389
v -38.8368 -22.9254 45.9125
v -28.4036 -22.5442 45.7298
v -9.97786 -15.2984 45.6017
v -17.3854 -0.334905 48.176
v -110.747 15.1482 47.0736
v -23.6109 21.4109 47.392
v -25.4583 25.042 46.1554
v -28.8198 30.6447 47.2875
v -30.3912 32.6445 47.1032
v -104.133 34.9475 47.934
v -32.8204 36.1063 45.4281
v -101.948 40.7589 50.217
v -93.4355 48.8026 48.5468
v -90.7992 50.4162 47.1651
v -46.6149 54.7192 45.6639
v -86.532 53.7181 47.2897
v -55.7533 57.5635 45.6763
v -79.2781 59.5165 46.0854
v -64.8104 60.6913 47.6803
v -14.3891 -94.725 48.7321
v -11.6233 -94.604 47.7077
v -7.43789 -92.5504 46.3656
v -40.7718 -92.2311 46.9058
v -37.8382 -91.6783 46.0889
v -5.92084 -90.6343 45.989
v -44.3382 -91.4649 47.1298
v -36.5547 -90.6867 46.834
v -47.5226 -91.0313 48.8733
v -4.76988 -88.0486 45.7276
v -30.7199 -85.2513 46.6922
v -3.6285 -88.4589 47.2139
v -35.9605 -85.2974 46.8049
v -3.19126 -84.4359 46.7676
v -58.473 -81.7977 46.5807
v -31.7043 -82.5049 46.2252
v -3.39128 -82.4387 45.7151
v -32.6562 -78.0638 45.8913
v -3.72481 -79.093 45.0444
v -2.08608 -79.4087 45.8619
v -63.0196 -78.2305 46.9913
v -2.04892 -77.112 45.3831
v -0.896056 -76.9964 46.0684
v -32.7142 -75.3234 46.625
v -34.6247 -74.9768 47.1614
v -1.257 -72.653 45.1913
v 0.106541 -73.5498 45.8638
v -75.5779 -73.4997 47.1701
v -62.5163 -69.561 47.1842
v -32.7569 -70.4098 46.1155
v -1.13249 -68.8423 45.2002
v -0.0738092 -69.7366 45.6462
v 0.89356 -70.0268 46.4996
v -79.3738 -69.7132 47.1414
v -3.54608 -67.8927 44.9433
v -60.813 -68.1208 47.1099
v -33.7765 -69.8284 48.8299
v -6.67285 -63.9293 44.9441
v 0.873744 -65.5321 46.219
v -83.0082 -66.1611 47.6035
v -55.9164 -64.2886 45.8589
v -86.1906 -62.8845 47.3227
v -33.4557 -64.6799 47.7231
v -1.15772 -60.7446 45.2269
v -0.109298 -60.5808 45.5923
v -32.0887 -61.8398 45.9614
v -3.45886 -58.8651 45.0663
v -9.03338 -60.4374 44.9562
v 0.992221 -61.3443 46.3658
v -53.6067 -60.5292 47.5137
v -32.6757 -61.7843 46.4234
v -61.1705 -58.0092 47.2687
v -32.477 -59.5281 46.6316
v -32.2169 -60.425 47.3002
v -12.65 -57.8089 45.0379
v -9.13881 -57.2456 45.1482
v -2.68443 -57.5593 45.3356
v 0.247783 -58.1924 46.5164
v -43.7141 -56.9156 45.6777
v -13.2294 -56.0163 45.4975
v -2.48 -56.6474 45.7089
v -16.5737 -54.5368 45.2617
v -5.72981 -56.0536 45.3138
v -1.876 -56.1371 46.3799
v -40.7929 -53.6525 45.8985
v -32.2673 -55.8542 47.0056
v -31.6668 -55.8449 46.38
v -30.8242 -55.3079 46.1147
v -14.1207 -54.7321 45.9755
v -9.19202 -55.4962 45.9355
v -33.3877 -54.6643 46.1473
v -29.853 -54.2423 45.866
v -28.2644 -54.1303 45.0873
v -12.2609 -55.1955 46.2973
v -5.51676 -54.4366 46.5058
v -4.86295 -54.6936 46.1216
v -34.8737 -52.8112 46.1705
v -20.0606 -51.6237 45.5144
v -15.9155 -52.9995 46.0411
v -36.762 -51.6832 46.813
v -27.3016 -50.5398 45.343
v -29.5904 -50.8537 46.4445
v -28.6447 -51.0429 45.6736
v -23.4553 -51.0698 45.4277
v -19.369 -50.6608 46.3276
v -52.3931 -51.8626 47.0991
v -28.3345 -48.8804 46.3157
v -27.1215 -49.4349 45.7637
v -22.0742 -49.8756 46.5701
v -26.8941 -48.5375 46.4741
v -25.5553 -48.7491 46.7451
v -98.6478 -45.9037 50.173
v -44.8107 -32.0151 47.0701
v -44.2651 -29.8785 47.3945
v -43.2778 -27.7396 47.831
v -40.7643 -24.9866 46.6544
v -37.651 -22.0936 47.5118
v -28.9125 -22.3754 47.927
v -36.1268 -21.739 46.581
v -31.7701 -21.708 47.5091
v -13.4227 -19.231 46.8227
v -11.8625 -18.4633 47.9924
v -10.6788 -17.4967 48.1826
v -10.1023 -16.5544 48.6257
v -10.555 -12.7983 48.4971
v -12.3964 -11.036 47.8654
v -14.3925 -8.99314 47.482
v -112.362 -5.74525 47.0312
v -15.6588 -6.22733 48.1527
v -112.399 4.28172 47.2062
v -17.6438 3.09332 48.8772
v -17.7643 4.21905 49.1059
v -19.2462 9.45544 47.8909
v -19.7344 13.2965 47.9105
v -110.442 19.6188 49.2918
v -24.1597 23.5589 48.0572
v -27.1936 28.512 47.9351
v -33.6801 39.0283 45.5227
v -32.6058 38.3243 46.1339
v -35.2795 40.6146 45.2232
v -37.9809 44.1639 45.2241
v -32.2345 44.6671 46.7393
v -34.1028 45.4991 45.6455
v -33.0132 45.056 46.0966
v -36.2619 48.2171 45.5409
v -40.6184 46.957 45.16
v -34.5168 47.8158 45.915
v -32.854 47.6358 46.9734
v -40.5746 50.8266 45.5874
v -34.8882 49.5822 46.422
v -38.2639 50.687 45.9145
v -88.7657 51.8078 47.5152
v -41.5696 52.4853 45.9419
v -36.0635 51.2039 46.9069
v -38.8695 52.5011 46.9891
v -44.468 54.5658 46.3121
v -42.588 54.2399 46.7928
v -49.1736 57.0179 46.2436
v -46.566 56.0398 46.7134
v -51.7946 57.6003 46.298
v -77.2262 61.6475 46.9242
v -67.056 61.3578 47.9527
v -75.3231 62.5787 47.5573
v -18.1676 -94.5045 50.777
v -20.2661 -94.0184 51.2047
v -6.68222 -92.9879 47.8676
v -38.9192 -93.1816 49.4489
v -36.47 -91.6843 48.2782
v -4.23963 -90.5712 47.9458
v -35.7377 -89.8977 48.1743
v -52.8766 -88.9791 48.4525
v -55.3801 -87.2342 48.5366
v -56.5196 -85.7732 47.8621
v -35.0381 -83.0741 47.6632
v -30.6856 -83.4389 48.4096
v -2.05534 -82.6002 47.5172
v -1.13972 -79.9654 47.547
v -30.7416 -81.1549 49.4195
v -65.6317 -77.9979 48.0029
v 0.792756 -74.3478 46.8137
v -32.366 -74.3054 49.0315
v 1.4628 -72.1764 47.3464
v -32.3722 -71.3729 49.1011
v -62.3206 -69.6753 47.3832
v -32.3128 -67.2934 47.3389
v -81.7195 -67.5151 50.8905
v -57.7743 -64.6691 47.5037
v -32.7616 -62.2444 47.975
v -87.1421 -61.5933 48.6904
v -89.6469 -59.1496 47.7641
v -51.9762 -59.1067 47.689
v 1.52857 -59.0143 47.5301
v -47.1294 -57.3183 49.0075
v -32.519 -57.9534 48.7863
v -32.1079 -57.7838 47.6838
v -45.5617 -56.9829 48.1004
v -43.4434 -55.0257 47.2858
v -59.2004 -54.9959 47.5975
v -30.7472 -55.1626 47.9247
v -2.08112 -55.2345 47.6839
v -33.0786 -54.3591 47.5846
v -30.5302 -54.1235 47.5516
v -12.6913 -54.0342 47.4933
v -10.5337 -54.3138 47.6052
v -6.97041 -53.7638 48.2329
v -43.9882 -54.5302 48.1688
v -33.6676 -52.437 48.0655
v -3.76705 -54.3866 47.4301
v -55.9946 -53.8555 46.9118
v -40.4396 -52.0962 47.3073
v -29.9398 -50.5846 47.3763
v -95.5078 -51.384 49.3027
v -35.0021 -51.8432 47.2722
v -16.3979 -50.686 48.0867
v -14.6731 -52.1239 47.7196
v -97.9826 -47.9566 47.4628
v -28.7718 -48.6899 47.8315
v -99.1435 -44.8015 51.9439
v -45.1986 -35.0412 48.1389
v -108.163 -26.687 48.3559
v -23.4798 -22.7022 48.6291
v -19.398 -21.7478 47.6361
v -109.825 -18.1485 48.8394
v -9.83328 -15.1704 48.6486
v -9.96407 -13.8125 49.4961
v -112.403 6.38471 49.285
v -21.097 16.5567 48.7455
v -107.287 29.5532 49.104
v -31.0281 34.9117 47.7452
v -31.2131 37.3479 47.9324
v -34.552 50.6376 47.7132
v -86.1953 54.5973 49.0031
v -84.07 56.0552 48.7813
v -44.5764 56.0644 48.257
v -47.05 57.6767 48.0447
v -81.5022 58.3967 49.464
v -57.1243 58.8116 47.2619
v -56.3415 59.0753 47.7162
v -52.1423 59.3791 48.1534
v -48.8887 58.5136 47.9049
v -62.1715 60.4641 47.6821
v -76.8645 62.4148 48.713
v -70.4843 62.4284 48.2984
v -7.17974 -94.2745 49.6101
v -40.6391 -93.2857 50.8791
v -37.5571 -92.7588 48.7725
v -25.4382 -91.4631 49.1256
v -26.9951 -89.2047 49.0128
v -2.76867 -87.6923 47.7018
v -27.902 -87.105 50.3176
v -34.9257 -85.035 50.005
v -60.4566 -80.6599 47.4437
v -31.796 -76.8313 49.7751
v 0.645608 -77.4654 47.9964
v -66.8509 -78.0285 49.1306
v 2.11318 -65.6071 47.8654
v 2.79478 -67.4835 49.5009
v 2.44566 -60.3968 48.1429
v -91.0923 -56.041 50.4678
v 1.48222 -57.887 48.6933
v -32.5905 -55.8012 48.417
v -55.1807 -54.5817 47.7147
v -4.88402 -53.6373 48.9993
v -94.0915 -52.8328 49.8375
v -39.8978 -51.2046 47.7312
v -30.3809 -50.7348 50.2608
v -37.865 -50.4486 47.7927
v -35.7444 -50.6 47.8103
v -18.4084 -49.4177 48.7434
v -21.9512 -48.736 49.036
v -27.2272 -47.3947 49.5508
v -47.0127 -45.227 49.1907
v -45.5222 -41.4379 49.031
v -44.3103 -31.2614 48.9428
v -42.6177 -27.1761 49.0071
v -39.366 -24.4728 49.412
v -26.3385 -22.7158 50.7078
v -20.6633 -22.4333 48.425
v -32.5765 -21.98 48.9357
v -16.8418 -20.9282 49.1198
v -14.1392 -19.6874 48.547
v -111.33 -14.9257 52.7041
v -11.0847 -11.2633 51.4015
v -111.784 -11.0535 51.2634
v -14.2505 -7.96476 51.4201
v -112.763 3.70643 49.743
v -111.386 14.1265 49.5544
v -21.8455 18.3871 50.7569
v -109.39 26.4 51.7325
v -29.5939 32.6316 47.9317
v -106.238 32.7779 50.3872
v -31.1002 43.206 48.4113
v -100.793 41.3538 48.7103
v -99.4364 44.0009 49.849
v -31.2443 46.9585 49.5805
v -36.1547 53.3626 50.2398
v -39.9041 54.6568 49.5564
v -78.9684 60.9325 49.6325
v -58.5938 60.221 48.1133
v -74.4618 63.0828 48.8801
v -5.57772 -93.5632 49.2992
v -3.24882 -91.4258 49.6291
v -0.842078 -88.5875 49.0904
v -0.589037 -85.5364 48.385
v 0.774 -85.0595 49.3304
v -58.206 -84.4742 48.7783
v -60.1823 -82.9753 49.1533
v 1.34294 -81.3564 48.9882
v -63.4754 -80.3528 48.97
v -34.6215 -83.3824 50.7485
v -62.8998 -81.825 50.4477
v 1.65306 -76.1472 48.5855
v -71.6221 -76.2286 49.6745
v 2.44626 -73.7289 49.2193
v -34.4011 -73.9003 50.7009
v -76.8822 -72.5609 51.1843
v -60.812 -65.9196 47.9333
v -31.7925 -67.4444 49.5644
v -33.5284 -67.2151 51.5489
v -61.5402 -62.5569 47.8685
v 4.16667 -65.3758 49.8429
v -53.1836 -58.5273 47.9991
v -31.6432 -62.4663 49.7224
v 3.56265 -62.6994 48.8714
v -83.5363 -65.4517 52.3523
v -60.7934 -58.6191 47.6941
v -31.059 -59.628 49.4894
v 3.71853 -60.9556 49.6791
v -59.4961 -57.6803 47.9642
v -50.4328 -57.9667 48.303
v -48.0821 -57.2475 49.4492
v -30.8462 -56.5694 49.0136
v -53.4359 -55.9029 48.0681
v -51.1999 -56.8583 48.4525
v -46.098 -56.1881 49.4971
v 0.995035 -57.1554 49.5194
v -53.0583 -53.7685 47.9572
v -51.71 -54.2224 48.595
v -50.114 -54.2647 49.6047
v -8.21327 -53.1704 48.8965
v -42.3164 -52.8189 47.8918
v -32.8637 -53.2368 48.9248
v -11.3254 -52.3426 48.6846
v -6.91162 -52.9665 49.7195
v -51.8407 -52.4691 48.1638
v -43.3417 -50.5284 48.8662
v -42.0505 -49.6236 48.5862
v -34.3309 -51.0919 47.9999
v -32.9288 -51.6455 48.7376
v -9.99642 -51.745 49.6356
v -50.0651 -51.4952 49.603
v -44.4501 -50.4912 49.6947
v -31.7665 -50.1253 48.9241
v -13.6932 -50.5759 49.1567
v -96.9257 -48.9742 50.909
v -48.7761 -48.1912 48.2628
v -36.0112 -47.9312 48.2222
v -33.2477 -48.2153 48.3671
v -47.9481 -48.7219 49.611
v -31.1398 -49.012 49.7584
v -41.7318 -47.8519 49.6918
v -36.7196 -46.7346 48.6944
v -31.6715 -46.9686 49.5026
v -25.3542 -47.5682 49.6355
v -37.0141 -44.9029 50.0008
v -33.4321 -46.5258 48.9083
v -32.3748 -45.8254 49.758
v -44.9122 -39.6695 49.1889
v -107.043 -29.0929 52.2533
v -43.1627 -28.1347 49.4901
v -36.6368 -22.7844 49.4558
v -29.2521 -22.5209 49.5139
v -18.2553 -22.128 49.6594
v -109.64 -20.4441 52.1862
v -12.8315 -19.7016 49.7323
v -10.7457 -18.3914 50.0184
v -110.615 -16.2775 51.2076
v -112.382 -8.56199 50.6409
v -112.763 -3.54114 49.7269
v -16.6339 -1.81647 50.5378
v -18.8943 12.5343 50.3537
v -19.2055 14.3274 51.3432
v -22.8343 20.5994 50.7873
v -109.885 23.6909 51.606
v -25.2778 27.1456 50.7279
v -24.1692 25.49 52.399
v -28.1567 31.7013 48.4685
v -27.0037 30.2118 49.3313
v -28.5566 35.4262 49.0186
v -27.2848 33.9168 49.7317
v -104.29 36.1663 51.2739
v -29.4518 40.9999 49.6298
v -30.6745 41.027 48.5686
v -30.4118 44.4786 50.0807
v -95.7662 46.9324 49.5529
v -32.4444 49.5982 49.8563
v -93.1161 50.5954 51.2203
v -89.0925 53.1531 50.4515
v -34.4818 52.75 51.2467
v -43.0618 56.5266 49.6702
v -44.2702 58.6564 50.1472
v -48.5954 60.1483 49.225
v -60.4849 61.0276 48.3546
v -66.0591 62.0723 49.7773
v -62.612 62.0397 49.7165
v -54.1838 61.6199 48.9647
v -51.4067 61.4175 49.6347
v -58.8602 62.833 49.8675
v -57.5645 62.158 49.1195
v -53.2902 62.444 49.8845
v -75.2427 63.7904 51.1161
v -71.128 63.7508 50.5705
v -55.4498 62.8682 49.9695
v -11.7475 -95.4834 51.2534
v -8.22974 -95.4229 52.4801
v -22.7808 -93.1719 51.9025
v -35.4661 -92.1316 50.4389
v -24.1276 -92.4031 52.7523
v -48.6783 -90.8333 50.6151
v -51.4771 -90.1216 52.0595
v -34.0393 -90.5535 52.9909
v -57.284 -86.6014 51.6076
v -28.102 -85.3171 52.2467
v -28.4273 -83.5613 53.0733
v 2.59749 -81.8965 50.5497
v 2.76612 -80.0987 49.9453
v 2.84993 -78.634 49.7261
v -67.0739 -78.6908 50.9009
v -74.1894 -74.8009 51.508
v -33.8444 -71.5477 51.121
v -31.6284 -70.7224 51.7611
v -80.2841 -68.8922 51.8754
v -32.6584 -64.4824 52.4954
v -31.3018 -63.2188 51.4157
v -89.3035 -58.0054 52.3522
v -32.3571 -57.2601 49.9632
v -49.1454 -56.388 49.6578
v -30.6982 -56.2801 50.8756
v -0.896681 -55.2863 51.99
v -32.1889 -53.1782 50.3819
v -30.7701 -52.7266 50.8484
v -4.82698 -52.7886 51.8868
v -31.2248 -52.171 50.7767
v -11.336 -50.4344 50.7777
v -14.0294 -49.5345 50.5404
v -28.9458 -48.0681 51.5992
v -22.0994 -47.9086 51.3894
v -18.1122 -48.305 50.9749
v -27.8667 -47.2148 51.9861
v -46.3812 -44.7711 49.6504
v -35.8464 -44.2222 50.5084
v -34.4709 -44.5271 50.6872
v -44.0855 -32.1123 49.658
v -43.4274 -30.04 49.774
v -41.1708 -27.3156 50.822
v -108.85 -24.4557 51.9847
v -29.5649 -22.8392 50.291
v -23.1205 -23.0282 50.3668
v -20.3744 -22.938 49.8063
v -109.916 -18.4966 51.6824
v -9.5989 -16.1773 50.2069
v -12.7329 -9.21977 54.0768
v -112.71 -6.7391 51.2036
v -15.7264 -3.374 52.8257
v -16.8423 1.96249 51.9184
v -111.837 11.202 52.286
v -111.333 17.8797 52.117
v -20.1904 16.3874 52.0893
v -109.05 28.2149 52.7217
v -26.2305 33.2096 51.0766
v -26.4575 35.6052 51.2636
v -104.06 38.6763 54.4505
v -28.958 41.5786 50.4511
v -97.2374 46.6566 52.6097
v -33.2392 51.391 51.6704
v -88.334 54.1292 51.8231
v -85.3054 55.8285 52.5801
v -83.1492 56.9475 52.4271
v -43.5147 59.9117 51.6134
v -76.6444 63.1491 52.0918
v -60.0332 63.0976 50.9755
v -51.3367 62.7605 51.6198
v -73.3918 64.0858 51.4084
v -15.8933 -94.9888 53.0022
v -36.6389 -93.5751 52.2568
v -35.5145 -92.9847 51.9807
v -3.33823 -92.9899 52.2737
v -45.4773 -92.2001 52.0931
v -25.4215 -91.1895 52.161
v -1.00475 -91.1628 51.7849
v 0.761129 -90.276 53.1324
v -53.9579 -88.7499 52.4539
v -26.7572 -88.4958 52.4493
v 1.39743 -88.3132 52.3133
v -60.252 -83.7649 51.0656
v 1.97566 -86.0235 52.0792
v 3.12556 -83.0065 52.0526
v 5.17684 -79.4592 51.1937
v -63.5649 -82.2281 52.6252
v -69.2345 -77.9362 53.2769
v 5.53791 -76.3177 50.7501
v 3.16382 -72.6091 49.7294
v 6.51283 -76.8288 51.7746
v -34.5873 -75.1027 53.9407
v -31.1305 -72.7935 53.2077
v -71.6829 -76.4588 52.6891
v 5.27373 -71.6431 50.3602
v 6.38512 -72.2929 51.0426
v -78.5057 -71.2302 51.6148
v 4.49164 -66.247 50.3198
v 5.80395 -69.2052 50.731
v 6.60216 -67.8895 51.5604
v 5.12729 -65.0092 51.1363
v 5.49688 -63.5717 52.5206
v -86.1213 -61.7369 53.3335
v -30.6372 -59.9232 51.743
v 3.96943 -60.1868 52.2033
v 1.88712 -57.3547 52.0569
v -47.5945 -55.8209 49.9086
v -31.4821 -57.8719 52.7255
v -48.8829 -52.1026 49.9979
v -45.4015 -50.0532 49.9575
v -2.99335 -53.8682 52.0438
v -8.70553 -50.5321 52.9747
v -46.6114 -48.8148 49.9871
v -30.6399 -50.7516 50.8729
v -97.7094 -46.873 52.5389
v -30.3089 -46.7087 52.1808
v -26.5523 -47.0825 52.3786
v -41.8985 -42.5946 50.1412
v -39.5954 -45.1677 50.0575
v -43.6661 -40.9262 50.0324
v -30.7195 -45.3402 52.5043
v -40.265 -43.3358 50.2691
v -35.9958 -42.7155 51.5746
v -44.1709 -39.7135 49.7626
v -39.5908 -42.185 50.6903
v -38.7093 -41.0943 51.6693
v -40.6012 -40.2775 50.8727
v -41.9774 -38.1473 50.4423
v -40.611 -38.0518 51.4205
v -40.6704 -35.4954 51.1847
v -42.8748 -31.4701 50.3584
v -42.274 -31.1332 50.7408
v -41.7712 -28.7346 51.0465
v -39.3743 -26.4793 52.3192
v -17.4088 -24.9566 50.7005
v -18.7568 -25.7073 51.594
v -15.8476 -25.6681 51.1868
v -37.438 -24.2851 50.9176
v -19.5959 -24.2917 50.6896
v -21.1452 -24.871 51.6999
v -15.0839 -24.1274 50.487
v -13.5912 -24.5394 51.2329
v -35.5933 -24.0848 51.2061
v -30.6021 -24.0078 51.4339
v -22.0689 -23.3567 50.441
v -18.3335 -22.9202 50.0664
v -25.3308 -23.0504 51.7759
v -13.5281 -20.8222 50.0848
v -12.0031 -22.11 51.094
v -27.6882 -22.9429 51.7077
v -11.3508 -20.0061 50.8533
v -9.96159 -18.7631 51.6457
v -9.01474 -17.5221 52.388
v -8.83202 -15.3005 52.6445
v -111.429 -14.3273 53.1938
v -113.321 -5.26097 52.9113
v -113.431 -2.80089 52.295
v -113.389 3.69472 52.2723
v -17.8871 7.23225 51.8858
v -22.2729 19.7174 54.4263
v -25.98 30.2099 51.2328
v -27.5392 40.1317 51.8162
v -102.893 40.4406 52.5783
v -29.8605 44.7807 52.1992
v -96.6782 47.3342 52.9975
v -31.6029 49.2119 53.3218
v -92.3272 51.9538 52.0183
v -37.5374 54.3683 50.3029
v -37.0841 56.2611 51.5373
v -35.9155 55.7046 52.008
v -42.377 58.2343 50.8087
v -39.0239 56.723 50.9154
v -39.1074 58.3393 52.0899
v -41.0419 59.0403 52.0695
v -46.8799 61.4647 51.4172
v -66.0367 63.1687 52.936
v -63.0581 63.0682 52.8976
v -61.7612 62.9978 51.9635
v -47.89 62.6513 52.7446
v -67.7682 63.4542 52.5702
v -54.6421 63.8575 52.4786
v -5.92521 -94.9114 52.7878
v -38.7704 -93.9638 54.0097
v -37.641 -93.8321 52.859
v -34.5984 -92.042 52.2201
v -48.649 -90.9532 53.708
v -57.2349 -86.82 53.3115
v -60.3526 -84.0236 52.7892
v -34.4441 -84.1297 52.312
v -34.614 -79.7516 54.9738
v -67.1748 -79.1834 53.1558
v -28.7236 -80.5503 54.0179
v -30.2867 -77.1062 52.8667
v -73.0271 -75.4021 54.043
v -29.8179 -71.974 57.304
v 7.45544 -70.8021 52.2893
v -78.2461 -71.3591 53.0839
v -33.5137 -67.8059 53.5841
v -31.3981 -67.806 54.9647
v -32.3871 -60.8334 52.4175
v -31.8187 -60.36 53.5773
v -30.7896 -57.0065 52.2468
v -31.4662 -53.9641 52.4096
v -91.8224 -54.2119 53.7667
v -30.2638 -49.0795 52.3116
v -13.6518 -48.8083 52.8176
v -95.9622 -48.9676 54.3439
v -15.6619 -47.8512 54.5067
v -23.0652 -47.386 53.862
v -18.5794 -47.848 52.6038
v -33.7052 -43.944 52.1394
v -31.6964 -44.7405 52.2327
v -100.374 -41.4306 55.1855
v -39.7052 -39.44 51.9961
v -39.0636 -36.129 52.9621
v -39.4646 -34.4959 52.6067
v -40.9233 -30.2113 52.2566
v -40.1624 -27.984 52.5581
v -17.3241 -26.4722 52.6116
v -14.5962 -26.3752 53.3197
v -37.4449 -25.1089 52.6729
v -109.348 -23.0587 53.0738
v -31.1872 -25.3405 54.125
v -11.3628 -23.7063 52.8475
v -24.8998 -24.3192 54.0032
v -10.2202 -21.4051 52.6419
v -8.47635 -14.7975 54.0805
v -9.20094 -13.0829 54.6488
v -14.1865 -6.33896 55.0442
v -15.0631 -4.59282 54.6688
v -16.452 0.982134 53.8573
v -16.903 4.4253 54.9843
v -113.415 4.9644 54.0145
v -18.0056 10.5691 52.9933
v -111.733 15.1038 53.4813
v -111.423 20.0533 54.8848
v -106.931 34.5954 56.6653
v -25.5337 36.4588 53.7945
v -102.3 41.7414 53.2288
v -26.667 40.9183 54.646
v -99.5422 44.7388 53.3688
v -94.6409 50.887 55.1127
v -90.5361 53.8085 53.4072
v -34.6524 54.5056 52.8845
v -37.1962 57.4262 52.994
v -57.7523 64.0761 53.6996
v -70.5804 64.183 53.0663
v -13.6759 -95.6125 55.0363
v -19.2858 -94.6208 53.4328
v -22.4489 -93.6136 53.422
v -42.0366 -93.301 53.5927
v -26.1902 -89.7421 55.9096
v -33.8817 -86.0818 53.9656
v -64.2779 -81.8221 54.4958
v 6.32984 -79.7201 53.0626
v -34.4672 -73.1936 53.9931
v 7.84823 -76.5397 54.1569
v 7.84452 -66.0443 54.2047
v 4.77164 -60.6877 52.9141
v -30.2834 -60.2562 53.7691
v -31.0621 -57.2325 52.8935
v -1.2057 -54.524 52.719
v -92.7755 -51.8209 56.5594
v -28.2812 -46.2076 53.1932
v -20.8502 -47.7189 53.49
v -29.4583 -46.7237 52.8136
v -34.88 -41.5738 54.0502
v -38.0884 -39.0789 54.4292
v -107.94 -26.5687 55.1251
v -12.8088 -25.2997 53.0804
v -35.0762 -25.4901 54.1847
v -29.4842 -25.0592 54.2301
v -27.2767 -24.132 54.5532
v -22.7956 -26.0411 55.499
v -8.36451 -17.2964 53.23
v -10.4314 -10.9177 56.4521
v -112.543 -8.3724 54.7407
v -112.658 9.93941 55.162
v -17.8892 11.4264 54.8843
v -19.0788 14.5694 55.7526
v -23.7652 26.6358 55.533
v -29.6108 46.5476 56.2951
v -95.504 49.2846 53.9342
v -87.135 55.6207 54.2928
v -83.83 56.7439 54.7068
v -35.8747 57.0526 55.0068
v -78.7922 61.1847 56.8497
v -41.4523 60.1956 54.0753
v -75.7662 63.6313 54.1358
v -51.9532 63.968 55.0638
v -73.9616 64.1783 54.2841
v -71.8859 64.3011 54.8833
v -55.5576 64.268 54.5383
v -9.03694 -95.7852 56.4307
v -6.02987 -95.3073 54.9838
v -34.8458 -93.5751 53.5793
v -34.8485 -94.1784 54.9349
v -21.2799 -94.5952 54.654
v -3.86931 -94.5679 56.0879
v -33.7781 -93.2333 55.1184
v -46.1189 -92.1901 54.7437
v -33.4106 -92.1642 55.2473
v -25.0245 -91.7891 54.3402
v -50.8479 -90.0604 54.9454
v 2.46802 -89.1448 54.2958
v 3.04274 -87.4099 53.6943
v -27.7558 -84.0672 55.0415
v 4.13875 -86.3277 54.037
v 5.25702 -83.3968 53.9847
v 7.77211 -79.7682 54.7703
v -27.9476 -79.9167 56.3348
v 8.44685 -72.508 54.2187
v -75.7916 -72.5722 56.0416
v -34.6073 -70.6904 57.5036
v 8.62467 -68.9413 54.5518
v -81.2253 -66.6203 56.3764
v -32.3723 -64.5658 54.1556
v -30.9823 -66.395 55.79
v -84.3674 -63.536 55.7633
v -31.6872 -61.6491 55.2931
v -29.8614 -63.5975 57.818
v 6.9726 -60.8429 54.5763
v -30.6289 -59.033 55.0268
v -30.4632 -58.5248 54.1202
v 2.51277 -57.087 52.8557
v 5.29813 -56.9187 54.8579
v 3.57369 -56.0467 54.0604
v 0.340304 -53.5372 53.932
v -3.47584 -52.4297 53.0242
v -5.98046 -51.1048 53.7114
v -2.02368 -51.4572 54.2897
v -94.3406 -49.7334 57.9841
v -11.5327 -48.1723 55.4509
v -21.9868 -47.6934 54.6462
v -25.8787 -45.8307 54.7983
v -28.6594 -45.2335 53.9402
v -98.9504 -43.5689 56.6208
v -31.1524 -42.4357 55.4399
v -30.8415 -43.5879 54.4709
v -38.0178 -39.8679 54.0678
v -37.9028 -38.0688 54.7714
v -36.5129 -34.8367 54.8186
v -37.9623 -31.5249 54.1332
v -39.0197 -28.5425 53.4505
v -36.9617 -26.932 54.8836
v -37.6471 -26.2736 53.7713
v -18.9913 -27.1076 54.5677
v -13.6892 -27.7886 55.6414
v -36.7083 -26.2065 54.7023
v -10.2041 -25.3684 54.0359
v -9.64525 -26.0868 54.9802
v -109.062 -24.9444 58.2879
v -7.05107 -21.9118 53.8815
v -6.72031 -19.9941 53.9462
v -8.47628 -18.6834 53.1064
v -109.765 -19.1243 56.6455
v -7.92152 -16.4992 53.8633
v -111.799 -10.815 55.755
v -113.772 -1.91253 55.6988
v -15.8937 -0.458822 56.0721
v -113.652 7.79512 58.2309
v -17.418 8.62162 55.666
v -20.678 17.3972 57.9758
v -21.6172 18.7142 55.5786
v -23.032 23.5129 56.2052
v -110.365 26.043 56.159
v -24.3524 29.8309 56.0656
v -24.5576 35.3355 55.637
v -24.1121 37.7843 56.8157
v -25.8757 39.241 54.672
v -103.253 42.0065 57.1787
v -28.1938 43.3961 54.9669
v -100.554 44.8691 55.894
v -30.7681 50.2894 57.2232
v -32.865 52.3989 54.7282
v -92.3736 53.7737 57.1206
v -33.6458 55.0655 57.6642
v -81.6056 58.6632 56.7768
v -38.6339 59.0257 55.2834
v -43.3316 61.5791 54.9495
v -77.2622 62.299 58.1479
v -45.6303 62.7153 55.0432
v -66.7032 63.5425 56.0032
v -61.649 63.5487 55.9439
v -49.0458 63.7727 55.7477
v -68.992 64.1331 56.3279
v -20.0033 -95.9563 57.2757
v -16.7634 -95.4285 55.1798
v -23.6545 -93.9259 56.8965
v -40.5805 -93.8092 56.666
v -1.11775 -93.6 57.2769
v 1.52105 -92.1502 58.3775
v 2.25507 -90.449 55.8518
v -26.7672 -86.9258 57.835
v -54.4361 -88.1519 57.7378
v 6.55994 -85.2498 57.0848
v -60.0982 -84.2366 57.2273
v -34.4246 -81.9218 55.5727
v 7.83037 -81.3451 55.6041
v -66.2982 -80.1264 56.6468
v -71.1806 -76.8555 56.2745
v -28.0993 -77.2543 57.5823
v -77.9437 -70.7068 55.6526
v -33.68 -67.3968 55.8643
v -31.0067 -70.3298 55.8131
v 8.454 -65.8446 54.7016
v -32.247 -64.2666 55.7634
v -29.6814 -61.0763 56.2139
v -87.5315 -58.7185 58.0558
v -29.593 -58.5415 55.5595
v -88.727 -56.9437 58.5501
v 2.15422 -53.688 55.3443
v 0.0345641 -50.5853 56.3759
v -21.1401 -47.9888 55.4818
v -23.2266 -47.0845 55.3832
v -29.3692 -43.9357 55.6179
v -35.9153 -40.1269 54.712
v -102.549 -37.4013 57.2875
v -105.85 -31.4931 59.3129
v -107.17 -28.7985 58.7201
v -11.5963 -27.5606 55.556
v -109.444 -23.4181 56.9416
v -7.65339 -24.1948 54.9436
v -5.91413 -22.1238 55.0783
v -4.43748 -19.3381 55.7215
v -6.07 -17.6991 55.1112
v -6.44326 -16.3059 55.8403
v -113.574 -5.11849 57.2782
v -15.3308 -3.0865 57.0528
v -16.8269 6.44057 57.359
v -112.289 13.5929 55.6614
v -109.215 29.5383 56.567
v -108.558 32.7108 60.3342
v -24.1392 31.915 56.8514
v -96.5454 50.8391 58.082
v -32.1218 53.3165 57.8986
v -84.8734 56.7659 56.2443
v -38.5617 59.8123 59.4526
v -60.2978 64.0655 57.9846
v -73.4148 63.9799 59.4732
v -52.3686 64.3027 56.7589
v -21.9649 -95.243 57.0116
v -6.44957 -95.6598 57.1354
v -35.2045 -95.2424 57.2884
v -43.782 -92.7438 59.24
v -24.8467 -92.6887 57.0787
v -47.6404 -91.1948 58.8445
v -33.4717 -89.3336 55.7262
v -48.5303 -90.754 57.2046
v 4.714 -88.6217 57.7414
v -57.9688 -85.6727 58.4294
v -63.3395 -82.5069 57.3538
v 10.208 -78.8307 55.9609
v 8.92839 -75.4739 54.7855
v 10.7777 -74.1373 55.8108
v -28.8636 -72.8729 58.6568
v 10.9471 -68.6349 55.8861
v -79.5367 -68.3399 57.4839
v 10.8669 -65.1474 56.201
v -32.8037 -64.9642 57.2211
v 9.65921 -61.4135 55.5131
v -85.216 -61.3379 58.6196
v 8.35603 -58.7002 55.5095
v 10.3486 -59.9922 56.3644
v -28.9398 -58.0171 56.2976
v -29.4446 -57.8398 56.7511
v -28.6756 -56.8886 56.5001
v 8.36686 -57.2743 56.2289
v -28.1046 -57.0638 56.8314
v -27.0821 -55.5412 56.6018
v 5.64705 -55.3786 56.1238
v -90.6861 -54.6376 58.8018
v -27.6965 -54.3563 57.0882
v -26.1003 -52.4223 56.6728
v -26.0707 -53.132 56.7123
v 0.89375 -51.4841 56.1427
v -8.09775 -48.673 56.2242
v -3.72907 -49.9048 55.9394
v -22.0994 -48.9108 56.5754
v -22.5339 -48.0525 56.208
v -96.4649 -47.5495 56.988
v -17.0535 -47.6218 57.5461
v -14.6268 -47.3377 57.8875
v -24.2215 -46.3208 56.956
v -27.3151 -44.7024 57.1808
v -33.7688 -40.6826 55.0466
v -32.239 -40.4774 55.7132
v -31.5361 -39.5606 56.8646
v -33.9538 -35.6544 55.7628
v -35.2864 -35.9321 55.2726
v -32.1277 -37.8691 56.5826
v -104.042 -34.9411 58.6168
v -33.7531 -34.5288 56.2382
v -34.212 -33.0683 55.8818
v -36.7814 -30.8823 54.9042
v -33.6016 -30.6609 55.7609
v -34.5685 -30.2469 55.2684
v -32.5757 -30.5542 56.6151
v -31.2628 -28.0358 55.685
v -28.7985 -27.7981 57.0398
v -32.4157 -27.2015 55.1296
v -28.9403 -26.7402 55.8729
v -7.71932 -27.6434 56.1904
v -30.93 -26.3071 54.9311
v -21.0649 -27.282 57.8611
v -17.2002 -28.2487 57.832
v -14.7998 -28.4401 57.3485
v -26.856 -26.0943 55.8586
v -23.9347 -26.1725 55.9748
v -5.85415 -24.7791 56.0624
v -3.58139 -20.1643 56.3541
v -4.03126 -18.0818 56.5139
v -6.25833 -15.4876 57.3921
v -12.1751 -9.165 56.8237
v -113.465 -5.86015 58.5435
v -113.827 3.79332 56.1959
v -16.5535 2.13299 57.0816
v -18.007 11.8429 56.9198
v -111.781 16.9116 59.1318
v -21.9933 21.2769 58.6055
v -111.337 22.3791 57.6864
v -104.956 39.4331 58.0353
v -25.1054 40.2695 57.3559
v -27.4858 44.4776 57.6246
v -99.5978 47.1164 56.9334
v -98.4207 50.201 59.7057
v -94.4254 51.9329 57.3306
v -90.4219 55.4057 57.4669
v -87.9954 57.1235 58.7932
v -83.8172 57.6385 57.5101
v -79.6228 60.5789 57.3525
v -44.7406 62.8465 57.8372
v -59.1874 64.2602 59.8082
v -37.2024 -95.2296 57.754
v -33.8676 -94.5695 56.5465
v -16.1348 -95.9212 56.8109
v -4.50628 -95.4965 58.4503
v -32.3451 -93.3235 58.3905
v -32.9968 -90.3105 57.2499
v -49.7885 -90.0263 57.4434
v -51.1783 -89.1463 61.204
v -26.3369 -90.0846 58.8368
v -33.4245 -84.0549 60.7729
v -27.0073 -83.8874 59.4196
v 8.20137 -82.3597 57.0383
v -34.4782 -80.3467 58.3362
v -69.9389 -77.5512 57.7539
v 11.5303 -77.7166 57.5325
v -73.4631 -74.5062 59.989
v -74.8234 -73.1858 57.7228
v 12.6461 -72.9907 57.5858
v -77.4437 -69.7367 60.3673
v -29.9664 -68.205 58.8602
v -34.76 -69.2439 58.6277
v 12.5148 -68.041 57.6086
v -35.3895 -68.1915 60.8481
v -82.5232 -63.8541 60.5196
v -31.8597 -62.9085 58.2423
v -30.395 -59.1587 58.1063
v -29.1335 -60.1059 57.8191
v 11.0388 -58.8872 57.9655
v 9.73612 -57.0263 57.6872
v 7.86086 -55.5388 57.5959
v -26.4695 -55.4609 58.3867
v 4.33232 -53.4462 57.5737
v 1.89195 -50.7044 58.1911
v -25.2395 -51.8298 57.6372
v -23.0266 -49.4254 57.6114
v -22.6409 -49.9028 58.2299
v -2.25879 -49.1582 58.3383
v -0.0515735 -49.6601 58.0897
v -23.0064 -48.2682 57.4565
v -5.81554 -48.3973 58.0327
v -19.7321 -48.5023 59.2956
v -9.51379 -47.5389 58.0011
v -28.6091 -43.7888 57.8574
v -29.4747 -42.8355 57.8358
v -100.502 -40.89 58.0851
v -30.9421 -40.4787 57.3831
v -32.4154 -34.6343 57.8534
v -32.0843 -32.7981 58.25
v -32.0668 -30.7699 57.6344
v -10.53 -29.3864 57.9586
v -8.21783 -28.9897 57.478
v -6.19005 -27.8715 57.6223
v -27.2524 -27.1637 56.9621
v -3.90248 -23.1685 57.3911
v -2.35082 -20.0717 57.9751
v -4.77512 -16.7217 57.1779
v -9.34151 -11.1582 59.9753
v -111.821 -9.8869 60.7277
v -14.1869 -5.62837 58.4692
v -114.519 -2.33721 58.9635
v -114.528 1.18989 58.375
v -112.911 10.9242 58.1668
v -112.639 13.8122 59.8406
v -22.8575 27.5081 58.129
v -22.9789 36.6522 57.918
v -28.662 46.5895 57.8094
v -34.2512 56.1496 58.9696
v -41.5888 61.3157 58.5572
v -66.7134 64.0737 57.9281
v -48.9417 63.9338 58.1964
v -23.2768 -95.4509 58.8536
v -33.0142 -94.787 58.3755
v -25.58 -92.3344 58.9276
v -33.3653 -87.0924 58.9813
v 6.76515 -86.7641 58.5375
v 9.00706 -82.9433 57.95
v -27.6721 -80.5832 57.9777
v -66.9383 -79.5967 59.0175
v 11.441 -78.6519 57.6445
v -28.0253 -74.497 60.1726
v -34.9917 -67.0232 60.82
v 11.9175 -65.0589 57.6911
v 11.8478 -61.5089 58.0871
v -27.761 -58.2069 60.4395
v -24.3945 -52.4882 59.3134
v -25.6761 -51.5942 59.7323
v -23.8082 -50.9461 58.347
v -24.0983 -50.4888 58.2506
v -24.6882 -50.5924 59.0418
v -21.9014 -49.838 59.795
v -96.5307 -45.9035 61.3498
v -23.5396 -47.6417 58.905
v -97.7076 -44.1524 61.3013
v -30.7116 -39.9073 59.3731
v -31.1066 -36.2884 59.6635
v -11.744 -29.8958 59.3194
v -26.8646 -28.2802 59.2203
v -15.4539 -29.0153 59.7875
v -22.3825 -27.3619 58.3774
v -2.4546 -18.2261 58.8399
v -110.598 -16.7091 58.999
v -6.93958 -13.5475 60.4459
v -111.409 -12.947 61.8908
v -12.1748 -8.42161 60.7276
v -15.5269 -1.86274 61.4371
v -114.498 4.91506 60.0102
v -17.722 9.59498 61.9334
v -18.837 12.8643 61.0788
v -20.1006 15.9779 60.0549
v -20.9631 18.6521 60.4087
v -22.2643 24.3639 59.2334
v -23.243 30.6067 57.9932
v -23.5343 39.0423 58.0318
v -106.475 37.6167 60.0057
v -25.4035 42.1212 58.1021
v -104.45 41.5545 60.455
v -101.356 45.3218 58.3738
v -30.1291 50.9513 58.3402
v -92.0519 54.7802 58.2662
v -30.5101 53.054 59.7031
v -81.0528 60.0074 58.8634
v -78.2468 61.7697 59.685
v -75.3995 63.2033 60.7834
v -67.3265 64.3063 59.8186
v -52.4046 64.2429 59.625
v -17.1405 -97.8827 60.8588
v -21.5979 -97.0547 60.8938
v -13.7672 -97.2213 60.5971
v -9.58756 -96.8567 59.7933
v -38.1886 -95.2716 60.3649
v -34.219 -95.5861 59.0216
v 0.549166 -93.6253 59.433
v -31.9011 -91.2022 59.9632
v -54.9487 -86.6536 62.3164
v 9.46151 -83.9351 58.7971
v -59.6516 -84.1832 60.762
v 12.3597 -81.9927 59.0419
v -61.749 -83.0176 61.3438
v -27.589 -80.9971 60.3015
v 13.567 -79.1063 58.631
v -68.4031 -77.8874 62.7715
v -27.6163 -75.6592 61.71
v 15.3437 -78.2013 59.7281
v 15.1443 -73.6785 58.5591
v -72.4936 -75.0068 61.9611
v 15.3893 -71.6526 58.7561
v 13.3555 -68.6569 58.1104
v -27.9092 -69.2998 61.387
v 16.8447 -69.2679 60.1742
v -79.7137 -66.8414 60.3687
v 14.8268 -66.9087 59.6096
v -29.3383 -64.3304 59.5601
v 12.954 -62.3095 58.9104
v -28.8491 -62.0424 61.8498
v 12.88 -60.2125 59.4316
v -86.5634 -59.2254 62.2633
v 12.0076 -57.1466 59.3676
v -28.5712 -55.7334 60.1483
v 11.3591 -55.1463 59.6982
v 8.59917 -52.9305 59.5094
v 4.66828 -50.9009 59.6187
v -23.8246 -51.8239 60.0035
v 1.31711 -49.1192 59.3473
v -24.2882 -49.0242 60.1698
v -18.0759 -48.0359 59.1829
v -14.7436 -46.8158 60.0732
v -12.7281 -46.9875 58.699
v -5.32076 -47.6699 59.2703
v -24.3734 -46.9913 59.7644
v -8.82811 -46.6614 59.3559
v -25.6577 -45.8424 60.4548
v -27.4426 -44.718 61.757
v -100.446 -39.6573 62.6397
v -3.75202 -32.6257 58.9848
v -5.50534 -33.0613 60.0539
v -6.47432 -31.7967 59.0043
v 0.654251 -32.9276 58.9468
v 4.37749 -32.6756 59.1976
v -31.0113 -31.7965 59.0448
v -8.23815 -31.5286 59.4718
v -3.89108 -31.3288 58.3631
v 3.93227 -31.1177 58.3132
v 8.07087 -30.9598 59.0556
v 7.98685 -31.7292 59.7733
v -29.9578 -30.4888 59.2635
v -8.8053 -30.4267 58.6483
v -7.37607 -29.9477 58.2732
v 6.55782 -29.7748 58.3561
v -5.16202 -28.9762 58.1141
v 3.47895 -29.1509 58.1448
v 8.14065 -29.3784 59.0289
v -28.3836 -29.181 59.4747
v -19.4941 -28.4498 59.6544
v -4.51427 -26.3359 57.9151
v 4.02951 -26.0766 58.2653
v 6.95204 -27.3005 58.852
v 4.37742 -23.9742 58.7586
v -1.2222 -22.2817 58.1698
v 1.92272 -23.5958 58.3305
v -2.50004 -21.7536 57.9006
v 0.91774 -21.1814 58.6185
v -1.85837 -19.0766 58.499
v 3.76855 -20.8018 59.7732
v -2.85252 -16.8899 60.3933
v -6.09726 -13.8869 62.0354
v -112.56 -7.93876 62.5874
v -114.874 -2.28968 62.175
v -115.117 -0.979069 60.7928
v -16.4626 1.03055 60.9748
v -115.299 5.78899 63.4292
v -111.768 19.0316 60.7439
v -111.486 22.4654 62.8001
v -110.837 24.7656 61.3523
v -110.425 27.5861 62.4419
v -22.2567 29.5438 59.0203
v -21.3247 32.0682 59.3591
v -21.2662 36.4212 59.3346
v -21.6361 38.6222 59.2545
v -22.4946 41.6472 59.7491
v -24.0883 42.7637 58.8988
v -24.1195 44.9445 59.7058
v -26.2338 46.8527 58.9404
v -99.7499 49.9447 62.3529
v -26.854 48.5693 59.3753
v -28.4446 51.1888 59.7883
v -95.0035 53.8226 59.9367
v -30.5867 53.9245 61.4085
v -83.7325 60.044 60.8659
v -45.5442 62.9613 60.6561
v -32.8669 -95.6117 59.7415
v -4.52659 -97.0544 63.1403
v -34.0623 -96.0071 60.4867
v -31.7242 -95.4552 60.8281
v -24.7906 -95.3207 61.0915
v -0.809829 -95.2792 61.622
v -31.3679 -93.7016 60.1365
v 1.89843 -93.7491 62.3046
v -45.503 -91.8522 62.0647
v -26.4309 -91.6699 61.5716
v 6.84038 -87.9458 60.2021
v -26.7578 -86.9816 61.4752
v 10.0392 -85.4114 60.8868
v -27.3933 -82.8309 60.3515
v -64.9274 -80.9629 61.1141
v -34.5379 -77.8184 61.2288
v 17.0066 -74.3839 60.3157
v -34.7358 -71.7391 60.5996
v -35.3306 -69.2846 60.4639
v -28.722 -66.1755 60.7456
v -33.152 -64.7596 61.1652
v -32.208 -63.2699 61.9619
v 14.3934 -62.0005 59.7287
v -31.2426 -60.3814 62.3742
v -27.9892 -59.1048 61.5336
v -91.0584 -53.3076 63.0215
v -25.5626 -50.884 61.2891
v -20.6423 -49.1507 61.8757
v -2.10747 -48.1678 59.597
v -15.9721 -47.1189 61.1181
v -12.0339 -45.9426 60.2142
v -28.4712 -43.634 63.5067
v -98.8808 -42.0275 61.8665
v -30.0486 -41.16 61.9625
v -30.5749 -37.8959 60.9036
v -30.3013 -34.6802 61.346
v 0.145116 -33.9043 59.9178
v -2.27778 -33.987 60.8073
v 1.73362 -33.9657 60.5022
v -29.1808 -32.721 62.4612
v -8.15246 -32.5159 61.2332
v 10.1408 -28.8844 60.9321
v -27.4405 -29.9095 60.7696
v -22.1255 -28.74 60.1377
v 9.97271 -26.7545 60.8451
v 7.27246 -25.1067 59.862
v -109.76 -20.2382 61.9684
v 1.13118 -18.4913 60.1412
v -16.8117 6.4691 63.3719
v -114.22 9.92274 63.6478
v -21.2838 21.7845 60.7588
v -21.1883 26.8109 61.0542
v -21.1253 28.8934 60.8542
v -109.152 32.0087 62.5487
v -20.2569 38.4901 61.5494
v -103.169 44.1155 62.0551
v -23.271 45.3401 61.6606
v -23.389 44.8856 60.6783
v -25.4214 48.2941 60.7919
v -27.2097 50.7481 61.3409
v -94.0861 55.7079 61.8627
v -35.8131 57.8633 62.3532
v -91.7309 57.5305 62.542
v -86.9247 58.7415 60.7543
v -79.3884 61.6133 60.7189
v -38.9034 60.0393 61.8492
v -42.8608 61.6583 61.6469
v -40.544 60.7908 62.4159
v -73.6369 64.0281 62.3176
v -49.1189 63.3759 61.4553
v -71.0783 64.288 64.7635
v -52.0676 63.9557 61.7851
v -23.0458 -97.1524 62.4501
v -8.19212 -97.6753 62.423
v -29.698 -95.0235 62.2877
v -29.7985 -93.6406 62.1193
v -26.0816 -93.7366 62.2402
v 1.12231 -94.8279 63.4166
v -41.0705 -94.0174 62.4837
v 6.5243 -89.6582 63.3313
v -32.3056 -85.6969 63.4975
v 13.935 -83.6115 62.5552
v 15.3 -79.9478 60.7497
v 17.2369 -78.1105 61.2019
v 17.4696 -77.1744 61.0101
v 18.0102 -72.7826 61.3552
v 18.0477 -70.3184 60.9586
v -75.2556 -71.7272 63.5633
v -34.5367 -66.1714 63.1708
v 16.8392 -61.272 60.4092
v 17.5536 -60.7131 60.8007
v 16.1548 -58.0111 60.3803
v -30.1977 -57.6337 63.1556
v 12.6396 -55.4093 59.9888
v 18.1841 -59.3373 61.6748
v 15.1774 -55.8836 60.5218
v 17.0327 -56.4823 61.5321
v -25.9405 -55.7499 63.2579
v 13.832 -53.9933 60.9257
v 15.9567 -54.9232 61.5624
v 8.12824 -51.4002 59.9247
v 9.90249 -51.8544 60.1948
v 11.9679 -52.2604 60.95
v 13.6778 -52.8456 61.8426
v -23.0164 -50.9766 61.8228
v 2.10118 -48.2716 59.8824
v 9.06576 -48.7664 60.5207
v 11.6452 -51.0505 61.3511
v 5.55475 -46.2659 60.2927
v 7.19247 -46.9102 60.446
v -24.8022 -47.9476 61.4722
v -2.9449 -47.1571 59.8759
v 9.61729 -46.8919 61.7322
v -7.95172 -45.8348 59.8731
v 0.985376 -45.3273 60.3772
v 8.49663 -45.8274 61.5618
v -10.2058 -45.0716 60.6475
v -2.94544 -44.5003 60.2853
v -9.51828 -44.0401 61.1229
v -5.62194 -43.2703 60.3563
v 5.66519 -44.7759 61.0125
v 7.13229 -44.8405 61.3318
v -6.50524 -42.2153 60.9399
v -1.32141 -43.5506 60.957
v 2.26111 -44.1437 61.2694
v -4.42526 -42.0834 61.0717
v -5.53103 -40.7725 62.132
v -103.804 -34.4944 62.8069
v 0.32711 -34.4434 61.5132
v 3.95905 -33.804 61.7779
v 7.17112 -32.8391 62.0489
v -107.215 -28.7764 63.0641
v -11.7234 -30.993 62.2778
v 9.68463 -30.5734 61.389
v -27.7901 -30.4335 61.4509
v -23.6447 -29.9234 61.2791
v -13.3123 -30.45 61.8063
v -16.2597 -30.226 62.5886
v -21.0881 -29.882 61.9876
v -18.7264 -30.1814 62.7851
v 9.12376 -24.3594 60.9638
v 7.377 -22.8319 60.6277
v 6.51263 -19.052 61.5512
v 4.92904 -19.1302 60.5952
v -0.196356 -17.5225 60.7462
v 4.9377 -17.7398 61.3767
v -110.811 -15.2304 62.5368
v -113.156 -5.89375 64.1396
v -14.0392 -4.80063 62.5345
v -115.31 -0.103531 62.2379
v -114.405 12.3958 65.9622
v -112.824 15.9717 63.5242
v -19.2034 14.2902 62.8426
v -20.375 30.5694 61.4644
v -20.111 32.9992 61.2962
v -108.04 36.122 64.1693
v -20.0573 36.4748 61.4771
v -102.23 46.3509 63.2065
v -27.9298 52.1258 62.5784
v -95.7069 54.6978 62.3366
v -86.205 59.4744 61.6305
v -81.8471 61.4198 61.7931
v -46.0287 62.5382 62.885
v -58.3591 64.0914 61.9047
v -17.1573 -98.6995 64.0963
v -14.3434 -98.274 63.4519
v -33.8129 -96.4175 63.7111
v -32.178 -96.3147 62.558
v -38.7039 -95.1084 62.995
v -30.2428 -95.852 62.6598
v -29.3373 -93.7202 63.1357
v -25.7782 -94.8912 63.4187
v -47.1632 -91.0351 64.7949
v -26.7249 -90.7588 62.886
v 9.60452 -87.0638 63.1822
v -27.5641 -86.1032 64.6791
v -27.5259 -80.9325 64.1699
v 17.3202 -79.0935 62.8574
v -33.6661 -79.3216 64.9759
v 18.8775 -73.3814 63.1042
v 19.791 -69.5331 62.9451
v -35.4186 -69.1708 64.8895
v -77.1222 -68.909 64.5263
v -78.3697 -67.0077 65.9863
v 18.5987 -62.4675 61.6126
v -27.4073 -65.1739 64.669
v -28.0146 -63.0342 64.1092
v -28.3824 -54.5946 64.0206
v -24.8141 -54.183 63.8153
v -23.8272 -52.461 66.0966
v -92.2915 -51.6632 63.8162
v -25.7415 -49.6558 63.3858
v -25.7326 -46.8066 62.7518
v -15.4898 -45.9887 63.6352
v -94.6475 -47.9049 65.2361
v -13.3433 -45.3229 62.2332
v -9.67 -43.0498 63.0874
v 2.73077 -43.1725 62.579
v 5.4739 -43.115 63.0251
v -1.03812 -42.1372 62.6358
v 1.36088 -42.4918 62.7428
v -6.46031 -40.879 62.5718
v -3.92544 -40.8298 62.549
v -30.2485 -40.0729 62.6879
v -29.472 -38.8832 64.1959
v -4.45401 -34.2312 63.2664
v -106.875 -28.8964 67.2867
v -28.2034 -31.3021 62.6234
v 8.87958 -31.8292 62.658
v 11.1594 -29.563 63.3143
v 11.4639 -28.3748 62.9464
v 11.488 -27.0086 62.8102
v 10.373 -23.6413 62.7862
v 8.76556 -21.0276 62.6742
v 7.77427 -18.9589 62.9705
v -1.42562 -16.3203 62.6153
v 2.0039 -16.1054 63.3398
v -5.08782 -14.1529 63.0275
v -8.13827 -11.982 63.6769
v -12.5373 -7.04201 63.9605
v -20.3253 18.7552 63.2263
v -20.3073 28.2927 63.3326
v -109.935 29.4452 63.6684
v -19.319 32.2483 63.7563
v -24.192 48.0589 63.9685
v -24.8191 49.2422 65.2358
v -97.5146 53.1949 63.2596
v -31.282 55.4507 64.5109
v -81.5132 62.1828 63.213
v -76.9315 63.5437 63.4777
v -63.2 64.2821 66.4956
v -19.7295 -98.9056 65.6915
v -24.3675 -96.5269 63.6226
v 4.74996 -92.2861 64.5738
v -31.5178 -87.6401 63.4939
v -50.9179 -89.1341 64.439
v 8.51301 -89.0343 65.2664
v -53.0015 -87.4535 65.0194
v 11.659 -86.0757 63.9796
v -57.5558 -84.2717 65.6367
v -60.9024 -82.8897 64.5737
v 15.1202 -82.9129 63.176
v -33.3202 -82.079 64.2179
v -34.2683 -76.7176 65.6249
v 18.4833 -76.9869 63.0659
v -68.4788 -77.0974 67.7651
v -34.5425 -75.1527 65.1472
v -26.8123 -75.1075 64.3845
v -34.7946 -71.7219 65.8992
v -27.2581 -69.2028 64.5159
v 19.9345 -66.1299 63.1547
v -80.1317 -64.4188 66.7467
v -32.9527 -64.6674 64.2688
v -84.022 -59.9655 67.9046
v -27.8522 -61.6117 64.343
v 19.2835 -56.4899 65.5869
v -26.7845 -58.1594 64.5406
v -88.8943 -55.2344 66.7987
v 18.3536 -55.4703 64.9238
v 13.9873 -51.4962 64.1274
v -21.3474 -49.7676 67.2869
v -20.5265 -49.0552 63.8164
v 11.0205 -47.5754 63.6066
v -18.174 -47.5515 65.8913
v -27.1808 -45.6479 63.8037
v 7.5257 -43.5281 63.456
v 8.97582 -43.9466 64.6076
v -97.984 -42.556 66.9092
v -4.61436 -39.9352 63.5774
v -101.974 -37.1685 64.3771
v -28.1621 -34.4104 65.4167
v -2.95567 -34.5248 64.0177
v -0.284155 -34.6293 64.1103
v 2.42548 -34.3867 63.5806
v 5.80953 -33.3609 63.6196
v -7.79747 -33.0939 63.6122
v 10.2027 -30.9505 64.5788
v -25.692 -31.2416 63.6325
v 6.9054 -17.7352 63.3038
v 4.82933 -16.2492 63.7239
v -115.078 -1.63531 64.8249
v -115.445 0.0595147 64.332
v -15.5219 -0.803113 64.4515
v -115.543 3.11006 64.3195
v -16.384 4.60045 66.5244
v -16.8741 7.33592 64.4488
v -17.6968 10.2391 63.7994
v -111.902 20.9912 64.701
v -111.386 26.1543 66.6102
v -106.797 38.9635 68.957
v -104.852 41.7271 66.463
v -19.6655 38.7077 64.601
v -20.8357 42.3148 65.0776
v -21.3485 43.7205 66.0528
v -37.0095 58.6594 65.0672
v -86.1147 60.6721 64.5951
v -49.1028 61.7055 66.575
v -56.4406 63.1439 66.4628
v -53.2139 63.1597 64.7712
v -75.3475 64.1638 65.1555
v -61.2116 64.0736 67.7501
v -7.61284 -98.9106 65.5377
v -23.4736 -97.6323 66.6864
v -30.7454 -96.668 67.1591
v -29.0074 -95.435 65.0372
v -1.7476 -96.6347 64.8836
v -34.7434 -95.935 66.1333
v -41.8102 -93.0583 66.0822
v -55.5018 -85.3739 65.5727
v 17.5548 -81.8783 64.6174
v 18.7879 -79.4538 64.515
v -64.9136 -79.4022 69.4935
v -26.8254 -79.8479 66.5803
v 19.2323 -77.1736 64.227
v -26.8029 -71.6609 65.1544
v 19.9653 -73.9651 64.4484
v 21.1869 -71.2852 64.6068
v 22.0174 -69.2652 65.1328
v -35.2193 -67.7234 65.3038
v 22.9872 -68.8947 66.204
v -31.8735 -63.2415 65.5535
v 20.1994 -61.2728 64.7648
v -30.509 -58.5321 64.7215
v 17.2708 -54.3444 64.5921
v -26.5944 -51.1016 65.0111
v -25.9309 -48.5272 63.8854
v 12.9977 -48.3544 65.5251
v -26.7143 -47.0201 64.6399
v -14.0894 -44.2956 65.0067
v -96.6837 -45.3053 66.3624
v -12.4019 -42.9556 65.6631
v -28.8585 -42.3148 65.0122
v 6.48018 -42.3908 63.7063
v 8.09105 -42.1882 65.0752
v -8.23443 -40.2687 65.6243
v -3.00693 -40.3667 63.1109
v 2.2608 -39.9976 63.3968
v 5.50348 -40.6279 63.9872
v -99.8184 -40.3284 65.5115
v -5.97178 -39.752 64.3214
v 2.92548 -39.0163 63.9503
v -1.13087 -38.1357 64.5621
v 0.491741 -38.5235 63.9782
v -104.017 -34.1276 66.0191
v -27.5366 -31.7756 63.5796
v -10.7586 -31.6713 64.5843
v 8.28456 -32.228 65.2359
v -21.8755 -31.0062 64.5077
v -18.3866 -31.0835 65.2297
v -12.7524 -31.381 66.3591
v 13.1281 -28.3985 64.4686
v 13.4248 -27.0466 64.1714
v -109.043 -24.7768 65.4171
v 13.4315 -24.4351 64.2557
v 10.2883 -20.1916 63.8552
v -109.797 -20.2177 73.4012
v -110.507 -17.5927 67.4626
v 10.1089 -18.3284 64.7947
v 6.68468 -15.7303 65.3449
v -3.96455 -14.1797 63.8607
v -6.08346 -12.9222 65.3338
v -111.688 -12.8334 66.362
v -10.2759 -8.98977 66.0428
v -112.681 -7.59855 64.738
v -13.5837 -5.0191 66.4205
v -19.3502 16.2117 64.2922
v -17.7194 11.8705 64.5796
v -19.6567 19.6348 64.4989
v -19.4248 28.2286 64.7961
v -110.421 29.4247 66.7802
v -18.5891 32.1754 65.2005
v -109.142 34.7758 69.3285
v -18.4584 33.9672 65.6976
v -102.619 47.2189 67.3416
v -26.8972 51.596 66.5179
v -97.2617 54.3166 65.8005
v -93.7658 57.496 65.2718
v -32.685 56.4908 66.7058
v -91.7479 58.8094 65.5084
v -89.2187 59.6525 65.2563
v -43.75 61.0746 67.1124
v -83.2882 62.6655 65.4409
v -80.6988 63.4493 65.094
v -52.0806 62.4545 66.7497
v -29.8985 -96.4753 66.729
v 1.39769 -95.6953 66.9364
v -25.3366 -96.2192 66.9924
v 3.07888 -95.2531 68.2904
v -26.4159 -94.2019 66.4207
v -27.5244 -90.721 66.9877
v -29.0887 -89.6596 66.2645
v 7.65811 -90.5953 67.322
v -32.3025 -82.5116 66.8048
v 14.8527 -84.6513 64.7868
v 17.3369 -83.4857 65.9758
v -27.5093 -82.6864 66.8977
v -61.7624 -81.9731 67.2471
v -74.4669 -71.0859 68.195
v 20.6004 -58.6347 67.2011
v -29.8042 -57.5727 66.3566
v -25.0441 -55.8831 66.0782
v -28.2402 -53.6948 66.3357
v -22.7233 -51.1598 66.6713
v -26.7345 -49.1943 66.2211
v -16.6487 -45.8714 66.8948
v 12.1207 -45.9537 67.1167
v -27.6694 -45.6287 66.3987
v 6.16743 -38.0448 66.1314
v -0.043202 -34.4594 68.0381
v -26.887 -33.7187 66.6921
v -6.43249 -33.5114 67.2347
v -25.1815 -32.3091 65.8829
v -11.7205 -31.5758 66.652
v 13.1748 -29.129 66.8701
v -107.831 -26.9174 66.7577
v 14.1198 -22.5283 65.8268
v -111.389 -14.8726 68.2448
v -1.00696 -13.4867 65.7457
v 3.8492 -13.5505 66.1839
v -6.84582 -12.1455 67.8115
v -15.8983 2.74129 67.1932
v -115.254 7.67783 66.8229
v -16.651 8.35477 65.5026
v -18.6803 16.2546 64.9282
v -111.83 22.351 67.597
v -99.7138 51.939 68.4792
v -30.4479 55.0188 66.4486
v -94.1037 57.8405 67.1032
v -78.7549 64.1376 66.5166
v -17.9671 -99.412 66.7338
v -13.8267 -99.6536 67.0862
v -9.02915 -99.4053 66.3724
v -21.9395 -98.5319 67.3962
v -3.22909 -98.3182 67.0924
v -38.562 -94.3774 67.0084
v -27.884 -94.7808 67.6005
v -28.2005 -93.62 66.5677
v 4.41734 -94.1401 68.2636
v -41.9794 -92.8667 68.2743
v -28.7287 -88.4654 67.5364
v -27.7974 -86.3271 67.2236
v 11.6084 -88.6856 67.2022
v 14.1344 -86.5682 66.2915
v -30.2701 -85.4759 67.742
v 19.8105 -81.6605 66.0861
v 21.0933 -79.2391 65.918
v -33.4047 -77.8443 67.0174
v 20.167 -77.529 64.9481
v 22.1597 -76.7117 65.9123
v 22.7685 -74.3856 65.5409
v 23.3826 -75.4024 66.2218
v -71.8003 -73.8199 68.1603
v -26.5348 -72.8181 67.1718
v 23.8385 -72.7292 66.4073
v 22.7888 -72.3575 65.4978
v -26.2324 -70.6866 67.4725
v -34.2861 -66.5885 67.1134
v 22.293 -65.7825 66.0846
v -26.6008 -63.4981 66.6946
v -30.3454 -61.65 68.9719
v -26.5201 -61.3386 66.4651
v 22.3738 -62.3628 67.9688
v -87.9319 -55.8998 68.2257
v -25.2396 -57.8692 67.2964
v 17.7257 -52.7533 66.0918
v -27.8666 -51.9735 68.4303
v -93.3472 -49.0478 69.3627
v 16.2737 -50.0538 67.2128
v -19.0433 -48.2484 67.8684
v 13.991 -47.7103 67.2388
v -14.189 -43.1682 67.9633
v 10.5291 -44.0296 67.2404
v -27.959 -44.3537 67.5094
v -28.7813 -41.1816 65.7689
v 8.24843 -39.6293 67.2176
v -27.4519 -39.1673 67.4423
v -4.12291 -37.6416 66.7762
v 4.85562 -36.7481 66.2266
v 2.2977 -36.4373 66.446
v -102.067 -37.4524 69.2501
v -2.22684 -37.0501 66.9309
v -4.49249 -34.2917 69.4301
v -2.65859 -34.6543 69.6509
v 3.86731 -33.5244 68.4137
v -25.7201 -33.7869 67.9622
v -19.736 -32.1606 66.707
v -9.7894 -31.9742 66.7185
v -17.016 -31.5703 66.9637
v 9.94918 -30.9507 67.4303
v 14.5151 -27.3031 66.1788
v 15.2149 -24.2202 66.8007
v 12.1469 -17.4571 66.5559
v 10.2764 -16.0049 66.4966
v -5.12041 -12.8193 66.0684
v -112.368 -11.2048 68.3366
v -7.96512 -11.1864 68.7902
v -12.0462 -6.38225 68.6919
v -112.802 -6.18257 67.4003
v -114.232 -2.34871 68.2857
v -115.411 2.35364 68.4248
v -115.545 6.41551 68.3392
v -15.6893 9.488 66.3461
v -16.9147 11.6625 65.1385
v -14.7094 11.9569 66.4254
v -15.1701 12.76 65.8489
v -15.8215 15.9374 65.5729
v -14.612 15.2682 66.1676
v -18.8983 17.8526 65.0181
v -16.2543 18.4485 65.6996
v -15.2403 19.3922 66.5867
v -16.5779 22.0306 65.9114
v -17.1892 26.7038 65.7888
v -16.2418 27.0702 66.5374
v -17.8782 30.5449 65.8991
v -16.3957 30.0191 67.3061
v -17.7941 36.9835 69.2525
v -19.186 40.2378 67.8502
v -25.2399 50.1122 69.576
v -90.6176 59.8607 66.9923
v -86.7831 62.3289 67.2227
v -39.0689 58.9765 69.0966
v -56.2397 62.5973 69.0824
v -81.2669 64.0457 68.0489
v -11.3088 -100.451 69.6063
v -5.52923 -99.5693 69.0285
v -32.2675 -96.4841 67.3266
v -28.6487 -95.9811 67.3537
v 6.22969 -92.8819 69.3673
v 8.6233 -90.904 68.9522
v -51.1274 -88.9564 70.5552
v -55.0832 -85.033 69.7675
v -56.5916 -83.9977 70.2698
v -60.3419 -82.2328 69.9354
v 22.3815 -80.0616 68.7101
v 22.5583 -78.9267 67.945
v -34.4866 -73.2236 68.8184
v -34.8356 -70.1737 67.3066
v -34.7336 -68.3747 67.7078
v 23.7711 -67.4536 67.9349
v -25.9523 -62.1336 67.8124
v -81.4287 -62.7323 68.0109
v -83.2048 -60.1199 70.0012
v -29.3033 -57.5842 69.31
v -28.7339 -55.0662 67.6091
v 20.0925 -54.1075 67.5971
v -23.8066 -54.2549 68.9625
v 18.9185 -52.2212 67.5748
v -90.9686 -51.4406 71.8033
v -27.4113 -48.6871 68.498
v -96.8214 -44.5384 69.5537
v -27.9502 -42.1821 67.919
v -10.9963 -40.4647 68.0899
v -100.685 -39.4561 68.5245
v -7.29898 -38.4059 68.3411
v 7.33872 -37.3987 67.6702
v -26.7511 -35.7233 68.2534
v 1.80771 -35.8158 67.9224
v -104.233 -34.7104 70.7948
v 4.68728 -35.325 68.6327
v -23.7752 -32.6636 67.381
v 6.97616 -32.3035 68.237
v 15.4026 -26.9105 68.4844
v 15.377 -25.7081 67.3927
v 15.3196 -21.6319 67.7672
v 13.3238 -17.7021 67.8972
v 6.89735 -14.1954 67.4911
v 4.92587 -12.9269 67.9555
v -3.61559 -11.9148 68.5209
v 3.08816 -12.5106 67.8472
v -13.2692 -4.94333 68.5595
v -14.1728 -2.94535 69.4567
v -15.3014 0.488318 69.6928
v -15.805 7.11431 67.8198
v -14.6096 9.44016 68.4461
v -115.058 11.0956 67.7323
v -13.2746 15.7833 67.8603
v -112.905 17.9377 69.0865
v -14.1657 19.1736 67.8474
v -17.6397 34.563 67.495
v -105.379 41.6997 70.793
v -19.7628 42.8011 70.1078
v -21.8455 46.0969 71.0292
v -30.7494 55.2248 69.1582
v -34.6742 57.5235 68.0313
v -51.0639 61.5766 69.7929
v -46.6242 60.9471 69.4435
v -83.4139 63.6652 67.7358
v -19.9745 -99.5873 69.6479
v -24.1159 -98.3003 70.1682
v -29.7854 -97.2677 70.2866
v -28.4514 -96.8712 69.5617
v -26.122 -95.7795 68.1028
v -27.0632 -93.999 67.7731
v -27.754 -91.7105 67.4396
v -28.1342 -88.7679 67.7311
v -47.1882 -91.1247 71.9176
v 11.8746 -89.616 68.9905
v -53.0082 -87.2048 70.6304
v 14.967 -87.3096 69.2097
v 16.7221 -86.0293 69.04
v 20.2839 -82.7125 69.0575
v -61.4594 -81.1902 71.3869
v -31.6817 -82.1085 67.6722
v -27.7858 -82.4884 69.0279
v -32.4165 -79.0963 67.8461
v -26.989 -80.0531 67.7985
v -26.7649 -75.6253 68.3244
v -32.47 -77.2112 68.8823
v 24.3151 -75.6823 68.115
v 25.1929 -74.7029 69.2368
v 25.1493 -70.8642 69.1565
v -77.2565 -67.8536 71.0483
v -31.8096 -64.668 71.3815
v -24.8788 -59.756 68.7877
v 22.1049 -60.4219 68.1352
v -22.0628 -51.9382 69.5966
v -27.5084 -50.5477 68.8511
v -19.7558 -49.2136 68.8113
v -95.1667 -46.5655 69.5097
v -27.5319 -46.8344 69.0598
v -17.3351 -46.1875 69.5084
v 9.32434 -40.5281 67.683
v -99.1351 -41.3815 72.3365
v 6.22957 -36.2249 67.9324
v 5.98325 -32.6003 69.8603
v -23.2155 -33.4291 70.041
v -17.0217 -32.0173 69.4762
v -9.58265 -32.1989 70.0161
v -12.3941 -31.6247 68.5961
v 13.1803 -28.9079 70.4964
v 15.1925 -27.5719 69.7692
v 16.5026 -25.5674 69.1409
v 16.5465 -24.1003 68.7278
v -109.475 -23.2958 76.2274
v 9.94092 -14.5245 68.3363
v -8.99806 -9.92494 71.2815
v -14.7022 -0.936645 71.1061
v -15.9831 5.16939 68.1
v -115.577 5.07546 71.0091
v -115.447 10.0134 69.5107
v -13.3785 12.4577 68.1262
v -114.739 13.6776 71.3276
v -112.7 20.8034 71.3389
v -14.7558 25.0213 68.018
v -110.635 29.2476 69.549
v -15.8259 32.6985 69.8269
v -97.693 54.3212 69.3876
v -95.3416 57.308 69.784
v -92.2888 59.3511 70.1831
v -88.3013 62.3306 69.6588
v -53.1484 62.2252 68.9374
v -77.7842 64.3104 70.5739
v -69.2042 64.2529 75.9337
v -7.77985 -100.307 69.5555
v -2.87131 -98.9503 68.7631
v 0.950368 -97.0606 69.2514
v -32.1447 -96.5569 70.0277
v -27.5756 -95.8139 68.8486
v -37.8096 -94.5569 69.6744
v -26.6983 -96.2595 69.2708
v -43.2655 -92.6163 71.8227
v -28.6288 -86.6403 69.0896
v -28.0943 -85.0234 68.684
v -29.2035 -84.7015 69.3573
v -29.5114 -79.9094 69.6109
v -27.5553 -77.4719 69.6223
v -30.0029 -78.0212 69.8603
v -27.1643 -76.0696 70.1742
v 25.0383 -76.9462 69.6022
v -34.0489 -73.6855 69.98
v -26.3616 -73.9748 69.9952
v -25.5144 -72.2151 69.9855
v -25.1794 -70.1201 68.8953
v -24.4324 -70.1212 69.9307
v -25.1934 -68.4115 68.4937
v -22.3386 -67.3125 70.4092
v 25.2772 -67.3522 69.6875
v -22.9776 -66.5852 69.4809
v -25.2649 -64.6547 68.4282
v -33.8058 -66.3383 71.2885
v -23.0056 -64.1912 69.8468
v 23.7313 -63.388 69.4645
v -30.839 -63.3502 70.6987
v -24.1014 -61.7974 69.4615
v 21.8874 -54.9025 68.9561
v 23.7241 -58.0105 69.9229
v -28.7127 -56.1205 69.5057
v 21.0337 -51.9045 68.6605
v -89.356 -53.5607 70.2883
v -28.1766 -53.0632 69.9025
v -20.4866 -51.2089 70.8782
v 16.9409 -49.4017 67.7327
v 17.9267 -47.9083 68.2078
v 19.2917 -47.7607 68.7123
v 22.7449 -50.4127 70.2328
v 13.0542 -45.4471 67.7181
v 15.7175 -45.9077 68.0435
v -16.2285 -44.5866 69.9025
v 13.1653 -43.6814 68.0156
v 10.8216 -42.4003 67.8954
v -13.0257 -41.3436 69.9834
v 16.8467 -35.1961 68.1544
v 18.5057 -34.0411 68.4758
v 19.219 -35.7554 68.7508
v -25.758 -40.874 72.6629
v 9.83571 -37.3275 68.066
v -25.6288 -38.8504 71.8947
v 8.87782 -35.9903 68.2395
v -1.19765 -35.4807 69.4851
v 7.93352 -35.1705 68.6998
v 2.01283 -34.8455 69.3312
v 6.19176 -34.515 69.7612
v 12.4512 -33.5929 68.5204
v 16.889 -33.4042 68.2723
v -0.693686 -34.6441 69.4013
v 11.4272 -32.7447 69.3472
v -7.7954 -33.1005 70.3444
v 16.4589 -31.8331 68.8474
v -106.936 -29.3208 70.1122
v -21.1704 -32.9702 70.4159
v -18.4619 -32.5881 70.0239
v 15.6269 -31.0359 69.8371
v 19.16 -31.7289 69.3623
v -13.4663 -31.8319 71.2095
v -13.1995 -31.6539 70.1743
v 8.21923 -30.6096 72.0429
v 16.3831 -20.8241 69.0122
v 15.4882 -17.4602 70.0362
v 11.8831 -15.8446 68.1603
v 8.45791 -12.2464 69.9806
v 12.0709 -14.2026 70.0216
v -7.19418 -10.9187 71.3426
v 3.33544 -11.5218 69.0893
v 0.614606 -11.1308 69.6069
v -10.4392 -7.68656 72.038
v -113.63 -3.38161 70.1588
v -13.7787 9.88687 69.3194
v -12.4248 10.9586 69.6543
v -10.7003 13.258 69.5348
v -11.1111 15.6581 68.8017
v -9.85545 14.5839 70.1674
v -9.6957 16.3377 70.1968
v -12.1209 20.1071 69.0874
v -9.94284 17.7644 70.1965
v -12.8601 24.2009 69.2305
v -111.487 26.1378 72.6107
v -14.3368 26.4106 68.8903
v -110.343 31.7585 71.1934
v -104.206 44.8565 72.802
v -102.678 47.7562 71.2132
v -26.2331 50.9192 72.0714
v -32.7558 56.2503 70.3513
v -42.9802 60.0671 70.1841
v -48.2174 61.3074 70.4017
v -56.1846 62.5426 70.7888
v -86.6969 63.486 71.2642
v -58.1325 63.1386 70.7923
v -84.001 64.2437 71.6152
v -62.4766 64.1553 74.0641
v -13.9558 -100.531 72.5648
v -20.8643 -100.124 72.6668
v -15.6091 -99.9286 70.2903
v 7.98258 -92.1619 70.3648
v 12.1872 -90.1963 69.8802
v -28.4909 -83.8689 69.537
v -70.9981 -74.1325 73.5334
v -72.797 -72.4437 70.8081
v -34.338 -69.6629 70.481
v -23.3173 -68.9507 70.6404
v -34.226 -67.2771 71.8429
v -22.0731 -65.6099 70.9961
v -80.7057 -63.3593 71.6426
v -82.5451 -60.4017 73.9071
v -23.0841 -60.6184 70.9631
v -29.434 -60.9084 72.2134
v -84.5037 -58.0312 71.5195
v -23.6586 -57.3315 70.0518
v -27.3492 -49.7417 70.1519
v -17.9333 -47.3852 71.3476
v 20.7577 -46.8389 69.7118
v 20.756 -34.365 69.7798
v -11.3064 -39.4529 71.7525
v -100.743 -39.5489 73.6735
v -7.68545 -37.7329 71.0657
v -5.73342 -36.4514 71.5457
v -2.66452 -35.2868 71.0549
v -0.359668 -34.875 69.6812
v 7.88114 -33.8295 70.134
v 3.91047 -33.6101 69.4869
v 5.33009 -33.0495 70.5062
v 11.2731 -31.9411 70.3951
v -11.3239 -31.5507 70.5663
v 19.5606 -31.0285 69.9997
v -109.049 -24.7949 76.1551
v 17.4242 -24.9715 71.0852
v 18.532 -21.6292 71.8593
v -110.566 -17.7798 73.6114
v -111.669 -13.5366 71.0746
v -1.98924 -10.3967 71.548
v -112.399 -8.70414 71.3302
v -13.1307 -4.96127 72.84
v -113.907 -1.22486 72.831
v -14.8662 5.73612 71.6443
v -115.234 13.5311 73.9846
v -10.9947 20.3034 70.4341
v -11.844 22.3474 70.0726
v -111.825 24.7457 74.2555
v -14.8525 31.2913 70.4308
v -109.968 33.6596 72.1568
v -16.3348 35.4682 71.8163
v -107.045 39.434 71.6356
v -18.0692 40.057 72.8344
v -21.6376 46.1451 74.3277
v -101.744 49.9623 73.7588
v -97.3209 55.3415 73.1178
v -36.8885 57.6799 71.6925
v -90.4472 61.2408 71.6123
v -88.7755 62.6134 72.4577
v -53.0515 62.2422 70.6563
v -71.2719 64.319 74.0938
v -61.1613 64.0201 72.0887
v -9.70968 -100.652 70.9444
v -2.63723 -100.121 72.246
v 0.251381 -98.2451 70.6337
v -27.2457 -97.4214 70.7082
v 3.59799 -96.8545 71.0425
v 4.84807 -97.2066 72.7571
v 12.6941 -90.9517 70.905
v 15.5735 -89.3035 70.8354
v 18.7629 -87.9843 70.6964
v 16.379 -87.1523 69.805
v 21.3982 -86.7845 70.971
v 18.5745 -85.2791 69.7154
v 22.8343 -84.3813 70.3191
v 24.599 -84.7203 71.6154
v 21.5044 -82.3464 69.6861
v 25.1359 -82.7978 70.8692
v 24.0811 -79.8262 69.935
v -28.4198 -79.1531 69.8347
v 25.6791 -79.3182 70.7783
v -64.1034 -79.1949 75.5464
v -28.4031 -77.568 70.4586
v 26.7535 -76.6035 71.0044
v -28.7127 -76.3812 71.6091
v -32.9437 -74.4886 70.5589
v -30.8979 -74.9601 71.0528
v -33.4704 -72.6344 71.5694
v 26.5903 -67.5883 70.7444
v -23.9632 -70.1193 72.093
v -78.6081 -65.6792 73.8953
v 26.4576 -63.2448 70.8727
v -22.5354 -62.4844 72.1835
v 25.1479 -60.1431 70.5584
v -28.643 -59.1473 72.9244
v -22.0667 -58.1872 71.8027
v 24.3053 -55.8137 70.8669
v -21.6332 -54.4122 71.4329
v -27.0757 -54.2378 73.6226
v -20.7768 -52.1741 71.3406
v 23.7498 -49.8288 71.2454
v 22.8497 -47.3974 70.5249
v -93.8902 -48.432 72.1247
v -95.6053 -46.8109 74.4907
v -26.9905 -43.5271 70.9707
v -16.4791 -45.0774 72.8985
v -97.6831 -43.7236 73.7798
v -14.9476 -42.9183 72.9956
v 22.4214 -32.5578 70.4328
v 23.4492 -32.9946 71.0215
v -24.1892 -35.7182 72.4371
v -2.18522 -34.9122 70.4988
v 2.90498 -34.1645 69.7912
v 4.50994 -33.8864 70.2177
v -5.79571 -33.7077 71.9693
v -2.81227 -34.6177 71.7891
v 5.71807 -33.361 71.1589
v -19.3495 -34.7327 74.8363
v -8.0075 -32.9071 74.2801
v 7.10808 -33.026 72.0738
v 6.70331 -31.6971 71.9394
v -11.6642 -31.1864 71.6591
v 13.7324 -30.0529 72.4587
v 18.4079 -30.0595 70.8335
v 21.0021 -30.4783 70.5776
v 23.1884 -31.0877 71.2949
v 11.4806 -29.3401 72.2866
v 20.9795 -28.8775 71.8087
v 22.3063 -29.5138 71.7336
v 14.3121 -28.328 72.8264
v 17.5762 -19.3671 71.093
v 16.6892 -16.989 71.6368
v 15.3545 -15.2451 71.5878
v -111 -16.4504 76.091
v 12.7435 -13.1537 71.4364
v 10.5025 -11.8321 71.2267
v -5.49972 -10.8595 71.6871
v -111.879 -10.501 72.3487
v 1.11783 -9.88179 72.5786
v 4.72316 -10.5485 71.2076
v 6.47889 -9.87576 72.3823
v -112.848 -6.27358 73.6903
v -14.8812 1.1804 71.7922
v -115.24 2.88617 73.098
v -14.1536 6.42532 73.3481
v -12.9646 8.79253 72.6129
v -11.557 10.0836 72.3489
v -9.8912 11.8501 72.2509
v -8.39526 14.9047 72.8674
v -12.5859 29.1352 71.7703
v -11.3392 26.8857 72.4095
v -13.5395 31.0721 71.8222
v -14.5295 32.9163 72.4237
v -108.994 36.2565 72.505
v -16.6147 36.7829 73.6265
v -26.6254 51.0117 73.8991
v -32.178 55.4203 72.5422
v -35.6119 56.6013 73.3445
v -38.9284 58.0459 75.5461
v -40.7165 59.0545 73.4098
v -46.9874 61.4532 73.3806
v -50.0965 62.1408 72.9897
v -84.1943 64.7534 74.3852
v -64.5915 64.23 74.6658
v -18.7493 -100.388 72.5516
v -8.87418 -100.714 73.2418
v -3.44647 -100.532 73.5063
v -24.3032 -98.9469 72.5675
v 0.334318 -99.4951 73.6776
v -27.8177 -97.8832 72.2651
v -30.3084 -97.2769 73.3541
v -33.6201 -95.853 72.969
v 6.41003 -95.0988 72.2014
v -43.1888 -92.6195 72.708
v 7.8881 -93.2106 72.2544
v 10.7116 -92.5462 72.6816
v 13.8981 -91.5033 72.4766
v -49.8238 -89.5458 72.7787
v 18.8402 -89.6385 72.4191
v 22.3214 -87.0764 72.4356
v 26.1725 -83.8112 72.4997
v -58.382 -82.9596 72.9277
v 27.1276 -81.5417 72.5601
v 26.9638 -79.2586 72.1371
v 28.0842 -76.2292 72.4345
v -66.5094 -77.6593 74.267
v -26.6462 -73.4359 73.186
v -30.2092 -74.3862 72.2981
v -32.6121 -73.2176 72.2893
v -25.9886 -72.9998 72.3358
v -74.0072 -70.4934 73.9184
v -34.0377 -69.2959 71.7914
v 27.9878 -65.9198 72.3206
v 27.7254 -61.9058 72.4134
v 26.4025 -57.7181 72.3503
v 25.4862 -55.0243 72.2884
v -20.5306 -54.5724 73.9902
v -86.2501 -54.7205 76.3228
v -89.7464 -52.3727 73.3559
v 24.6036 -49.6672 72.3804
v -18.5077 -49.331 73.0081
v -26.4749 -47.0647 73.1358
v -26.15 -43.1112 73.3749
v -12.6668 -39.9846 74.1124
v -3.36126 -34.935 73.0449
v 24.7724 -32.8376 72.6832
v -16.7714 -33.4014 73.0709
v 6.22647 -32.0418 72.7831
v 6.51433 -32.3753 72.9641
v -14.5329 -32.5846 72.9481
v -10.7772 -31.1834 74.75
v 24.1678 -30.4748 72.8248
v 8.83904 -29.9285 73.2504
v 17.5527 -29.23 72.6328
v -106.601 -30.2008 76.0315
v 19.8606 -28.6731 72.2929
v -107.901 -26.8907 76.4901
v 15.3889 -27.7417 73.2066
v 17.9298 -24.7635 73.317
v 18.5372 -23.1708 72.5492
v 19.0637 -20.677 73.2997
v 18.5509 -19.0013 73.0621
v 10.4945 -10.8749 72.5488
v 12.7245 -11.6288 73.3907
v -8.09456 -10.2047 73.083
v -9.86748 -7.83102 74.4732
v -113.575 -3.46068 72.7881
v -13.3092 -4.44563 74.9631
v -115.569 11.1138 74.7676
v -114.071 18.2204 74.8664
v -8.33821 16.8093 73.0963
v -8.93656 18.8392 72.8133
v -10.5223 23.1273 73.0915
v -110.788 28.5715 73.9975
v -110.423 33.0919 75.6581
v -18.9742 42.2325 74.2431
v -102.906 48.5886 76.247
v -99.4478 52.5528 76.2708
v -95.3745 57.4834 75.6389
v -93.1561 58.9484 73.8056
v -43.1254 60.0399 73.5574
v -56.3595 63.0692 72.9561
v -53.2651 62.797 73.1088
v -59.115 63.4537 73.2871
v -76.7638 64.4725 72.2396
v 4.50673 -98.9998 75.5812
v -38.0008 -94.3309 75.457
v -34.5972 -95.1613 76.6047
v -46.4998 -90.9091 74.3739
v 15.3451 -91.8372 73.2773
v -50.9145 -87.8686 75.8467
v -54.5359 -85.0687 75.0057
v -60.5533 -81.2107 76.3492
v -27.6789 -75.0612 72.6345
v -32.5205 -70.7636 73.225
v -24.4074 -70.5488 74.1608
v -22.9163 -69.3172 74.9741
v -32.8627 -69.0281 74.3027
v -21.3191 -67.9047 73.9355
v -33.218 -67.884 74.4718
v -33.2072 -67.1283 74.371
v -21.3902 -65.0961 73.5565
v -31.5867 -64.9054 73.7895
v -30.5203 -62.9288 74.0907
v -22.2491 -61.8927 73.1198
v -27.3567 -56.4672 74.9788
v -26.5893 -52.2261 74.1382
v 25.079 -49.1687 72.724
v -26.3222 -49.1782 74.4642
v -16.0581 -44.8626 75.0619
v -102.045 -37.556 75.2496
v -103.895 -35.3623 76.0036
v -21.6686 -35.7271 74.8172
v -2.60031 -34.1551 73.2274
v -3.6089 -33.7748 73.1327
v -6.73521 -33.135 75.0853
v 7.45626 -32.1573 73.2587
v -11.1299 -31.1332 77.4166
v 6.4927 -31.1377 73.335
v 22.9303 -28.9264 73.0026
v 10.4161 -29.2048 74.676
v 13.1606 -28.462 74.6279
v 19.4476 -21.5911 74.3814
v 17.4189 -16.2509 73.6184
v -111.542 -14.3715 74.865
v 14.6177 -12.9706 74.2636
v -3.86878 -10.0831 74.3229
v -112.411 -9.3706 73.4941
v -0.467196 -9.72723 74.1347
v 2.7314 -9.34994 72.9238
v -12.0644 -5.93018 75.9406
v -14.4321 -0.863816 74.5641
v -14.3745 4.3645 74.9789
v -115.5 6.55881 74.6309
v -13.4278 6.87846 73.6575
v -8.92868 12.1297 72.9786
v -10.1036 23.9329 74.7298
v -112.729 22.3547 75.7891
v -12.5504 30.5647 73.6133
v -108.128 39.3943 74.8563
v -106.536 42.5264 76.4945
v -24.0632 48.4577 75.4501
v -28.7669 52.44 74.2633
v -89.7031 62.2564 76.5384
v -81.3566 65.0789 74.5039
v -76.6855 65.0515 74.6954
v -21.2286 -100.12 74.4209
v -18.3088 -100.522 74.4738
v -25.7683 -98.6036 74.6939
v 6.48603 -97.8506 74.9018
v 7.31329 -97.0734 74.6293
v -32.3231 -95.888 75.8359
v -30.5503 -96.7621 75.2084
v 9.71685 -93.9298 73.7739
v 12.0852 -93.2346 74.1881
v 18.3357 -93.1171 74.542
v 19.2065 -92.3252 73.6313
v 20.4421 -93.1124 75.1926
v 14.6265 -92.8 74.464
v 23.1302 -91.8119 74.483
v 22.7308 -91.0541 73.5888
v -42.9574 -91.7476 76.1927
v 20.1208 -90.2152 72.8945
v 26.0348 -89.4282 74.02
v 25.1828 -90.8928 74.8378
v -48.633 -89.704 74.9698
v 24.6049 -89.0712 73.2373
v 25.6293 -85.5075 72.8904
v 27.3028 -85.6803 73.7126
v 29.3814 -82.9493 74.3281
v 29.9138 -79.5828 73.5404
v 30.4272 -79.8081 73.9659
v 30.4877 -74.3224 73.536
v -29.3382 -73.5346 73.6091
v 28.9679 -70.0629 72.763
v -68.5472 -75.8012 76.7898
v -27.6732 -73.3539 74.4241
v -29.5455 -71.2759 74.9603
v 32.2836 -69.7957 73.8501
v 31.4507 -69.0455 73.4002
v -20.2836 -67.3246 75.9304
v 29.3252 -66.1346 73.2372
v 32.0756 -67.6684 73.9679
v -77.2378 -67.1134 75.5349
v 30.8527 -65.266 74.3789
v -80.0521 -63.4895 76.0639
v 30.797 -62.9664 74.6569
v -21.6197 -62.6016 75.4993
v 28.9916 -60.1702 73.4051
v -29.1041 -60.3532 74.4483
v -81.8901 -61.226 76.7743
v -21.4234 -58.4656 73.5465
v 27.6365 -57.6412 72.96
v -84.1971 -57.7838 76.1962
v -27.8458 -58.4701 76.3042
v 26.1148 -53.4311 72.8364
v 28.981 -51.9772 73.5269
v -19.2587 -53.4993 76.5616
v 30.14 -51.8081 74.2984
v 25.8631 -49.4122 72.9482
v 28.8387 -48.4923 73.2046
v -92.9732 -49.4445 77.9594
v 31.3946 -48.1393 74.4783
v 30.6356 -45.3252 73.7433
v -25.2617 -47.6 75.8655
v 28.8995 -38.1025 73.3132
v 25.8269 -35.9457 73.0194
v 30.3053 -40.8357 73.7711
v -98.8673 -42.1305 74.6915
v -14.2965 -41.7255 75.2511
v -24.4643 -40.0266 74.3615
v -10.8075 -38.3138 77.01
v 30.5042 -36.9102 74.3738
v -23.5545 -37.8407 74.8416
v 29.6452 -36.8919 73.7685
v -22.6528 -36.6977 75.1097
v 27.4256 -34.7421 73.3581
v 28.9165 -34.0388 74.0761
v -1.77872 -33.8662 74.7645
v 26.0512 -32.3403 73.3503
v -13.7871 -32.6272 74.6412
v -1.90721 -33.2873 74.1288
v 0.787155 -32.4619 74.6055
v 1.14159 -32.8736 75.0199
v 5.55997 -32.0177 74.2517
v -0.443747 -32.3753 74.7943
v 5.25031 -31.6134 74.002
v 9.81118 -30.3075 74.7535
v 6.27488 -31.6016 75.2214
v 26.6605 -30.9654 74.0876
v 4.34266 -31.1276 74.5773
v 6.96395 -30.1356 74.2076
v 12.7723 -28.7832 74.8279
v 14.1523 -28.9744 73.4899
v 8.95805 -29.2393 74.7165
v 15.8437 -27.9408 73.869
v 17.7754 -27.8472 74.1689
v 24.8943 -28.7499 74.5287
v 19.8652 -27.2976 74.8737
v 22.4483 -27.3262 75.3292
v 16.3043 -26.7049 74.304
v 19.9071 -19.5547 75.004
v 19.4435 -17.7918 74.9003
v 16.7611 -13.8051 75.8355
v 10.7226 -10.2257 73.1224
v -5.68879 -9.91042 74.7116
v 12.1241 -9.28972 74.2296
v -7.9007 -9.13293 75.0899
v 1.05191 -9.13236 74.1582
v 7.83381 -8.94107 73.0349
v 1.47868 -8.31226 74.7292
v 2.65757 -8.31051 73.5847
v 4.80659 -8.34578 73.1103
v 10.3038 -7.5955 73.8292
v 8.1873 -6.53456 73.5097
v 2.35508 -6.21294 74.5003
v 3.80296 -6.13924 73.6349
v 5.50641 -5.3746 73.5065
v 11.0912 -6.29723 75.1755
v -113.463 -5.19582 75.4642
v 8.77063 -5.20396 74.2435
v 4.27553 -3.81796 74.4671
v 6.90875 -3.90165 74.2678
v 5.50121 -2.72863 75.1663
v -114.005 0.545977 76.5756
v -10.2929 7.24088 73.9094
v -9.69955 6.12139 75.3012
v -12.2463 7.18536 73.8522
v -8.70759 7.44225 74.3032
v -8.16816 7.50072 74.987
v -10.9489 9.56168 72.9898
v -8.94296 8.89851 73.6504
v -6.47557 10.4483 74.7783
v -7.12196 11.0804 73.9744
v -115.408 14.0278 76.5947
v -6.77857 14.7226 74.1534
v -5.99248 12.8992 75.0367
v -7.41003 17.6374 74.6949
v -114.093 19.1613 77.6345
v -8.66882 20.8469 74.5884
v -111.78 24.6539 77.1023
v -11.1115 27.8794 74.2684
v -11.6447 29.5587 75.6465
v -15.1304 34.7471 75.5736
v -108.86 39.2479 77.286
v -104.466 46.059 78.0225
v -29.5325 52.2067 75.9731
v -34.2453 54.4549 76.7738
v -91.274 60.8456 76.7263
v -44.7189 60.8133 75.6008
v -53.4029 62.8342 74.5726
v -51.5332 62.3971 75.3745
v -48.3418 61.9748 76.332
v -59.3118 63.316 75.2594
v -15.9364 -100.55 75.6008
v -3.49506 -100.621 75.4182
v 1.30072 -100.418 77.99
v 11.3452 -94.8575 76.4626
v 28.108 -87.75 75.7175
v -53.4107 -85.6156 77.5563
v -57.6566 -83.2437 76.2397
v 30.6786 -81.44 75.1664
v 32.7365 -76.5643 75.6449
v -70.786 -73.6149 77.4951
v -23.9209 -69.7714 75.6438
v -20.7657 -68.3088 76.2628
v 34.1689 -69.0977 75.686
v -32.0039 -66.4421 75.2282
v -30.9098 -64.0813 75.6514
v -30.0619 -61.5568 76.8909
v -20.266 -56.9579 76.2691
v -87.2549 -53.8712 76.4903
v 31.9548 -49.9726 75.4805
v -17.7254 -50.413 76.8546
v -93.8393 -48.6413 75.5517
v -16.2751 -46.2392 76.5783
v 32.0492 -44.7652 74.8645
v 32.4472 -43.4458 75.5119
v 31.3972 -40.6203 74.8709
v -100.244 -40.7291 76.0757
v -23.8339 -41.9265 77.0902
v -2.52952 -34.2335 75.4326
v -17.0451 -34.5176 76.0689
v 30.6151 -33.7615 75.8117
v -4.1744 -32.9924 75.3336
v 8.7082 -29.795 76.5668
v 2.6573 -30.3452 76.7105
v 4.41378 -29.4453 77.4787
v 28.2533 -29.7009 76.4251
v 9.53395 -28.486 75.8264
v 10.6303 -29.3098 75.1151
v 12.5909 -28.5314 75.1011
v 16.473 -27.0738 75.212
v 15.8916 -26.4835 75.5403
v 17.7935 -27.02 75.6826
v 18.1735 -24.1361 75.2386
v 19.573 -21.8701 75.3741
v -109.851 -21.4668 76.5371
v -112.313 -12.9606 76.962
v 13.4939 -9.61443 75.5112
v -1.14106 -9.99735 75.6718
v -8.83186 -8.24598 75.9185
v 2.2421 -1.99718 78.0291
v 8.33917 -3.04642 76.0309
v -113.688 -0.658264 77.7225
v -114.88 4.29383 75.9249
v -12.6924 6.15618 74.9096
v -6.11228 15.8024 75.8777
v -8.21019 21.0987 76.117
v -9.84466 24.5095 76.1843
v -110.753 26.9732 79.6295
v -110.478 32.5937 77.8516
v -13.3594 32.6937 78.2888
v -109.717 35.8013 76.7538
v -16.057 36.4388 77.3639
v -22.0977 46.4279 77.7759
v -101.793 50.1542 79.1633
v -26.8372 49.5963 79.0779
v -97.3801 55.5439 77.1886
v -37.8851 57.1158 76.7934
v -88.2773 63.5156 77.8083
v -84.6837 65.3766 79.0993
v -71.9576 64.9237 76.559
v -63.2471 63.9916 76.0717
v -20.3468 -99.3241 78.3996
v -5.50176 -100.488 76.0894
v -23.284 -98.994 77.1156
v -17.0176 -99.8719 77.8895
v -26.7192 -97.4744 77.2504
v 13.4131 -93.7979 76.1324
v 15.0505 -93.4912 76.0265
v 16.0733 -93.7792 77.442
v 19.1189 -93.5111 76.0812
v 27.4333 -90.3793 77.0701
v 33.46 -79.724 77.1639
v 32.3548 -79.4361 75.7939
v -65.5934 -77.5601 80.9008
v 33.9205 -71.6161 75.5752
v -25.7031 -70.8509 75.2663
v -27.1203 -70.779 75.6087
v 34.5325 -71.4149 76.097
v -30.8252 -68.5396 76.3297
v -29.885 -69.9222 76.0816
v -31.2464 -67.6097 76.268
v 33.8022 -66.6005 75.9103
v 32.8337 -65.9055 75.1218
v -78.8819 -65.2757 77.6191
v -20.7663 -64.9515 77.801
v 34.372 -64.4384 75.9408
v 33.7168 -60.5151 75.4959
v -30.2145 -62.1397 77.8112
v 32.1578 -58.0375 75.1381
v 34.7459 -60.8249 76.3055
v -21.1189 -60.6829 77.5246
v 31.3827 -52.116 75.0673
v 33.5889 -57.0072 75.9
v -85.2724 -56.0367 77.2649
v -25.468 -54.6809 77.3954
v -25.7813 -52.7658 75.6398
v 33.3657 -53.1218 76.2483
v -90.7229 -51.4364 77.7221
v -96.037 -47.1811 77.2908
v -24.8426 -45.8612 76.4351
v 33.876 -44.6859 77.4016
v -98.2856 -44.4536 77.8703
v -99.7268 -43.1243 79.3029
v -14.7069 -43.3351 78.2598
v -13.8932 -41.6056 78.1582
v -12.7321 -39.9449 77.5113
v -5.1487 -34.7823 79.8346
v -18.6414 -36.1769 79.163
v 0.997878 -33.1458 76.9956
v -14.2967 -33.8112 77.2249
v 29.9144 -31.1761 76.542
v -7.21995 -31.9713 77.7819
v -5.30916 -32.1338 77.6482
v -1.38618 -31.5001 76.9408
v -9.19207 -31.0898 78.2277
v 9.72274 -29.1238 76.1747
v 9.27279 -27.2475 77.4084
v 10.2424 -28.2409 76.5276
v 25.82 -28.4277 76.1366
v 11.8493 -27.2468 76.7712
v 14.153 -27.4003 75.9332
v 13.0664 -27.7189 76.8078
v 14.4146 -27.4135 76.8245
v 10.1934 -27.2245 76.7371
v 12.7122 -27.5141 76.4236
v 15.7461 -27.0487 76.4843
v 15.2281 -25.8105 76.4333
v 12.4644 -26.2288 77.7612
v 16.9926 -25.0289 75.8169
v 20.2485 -20.0995 77.3311
v 18.7579 -15.839 76.449
v 19.9786 -17.2345 77.8595
v 16.163 -12.634 76.3787
v -2.92547 -10.5208 77.1468
v -1.31919 -10.4981 77.4585
v 15.3706 -10.1218 77.7009
v -7.43778 -8.74812 76.8662
v -4.30417 -10.0497 76.5828
v 0.0650274 -9.44447 76.0758
v 0.40415 -8.95736 76.9402
v 0.659398 -7.6747 77.5408
v 12.1653 -6.32615 76.9023
v 1.43166 -4.43322 77.6895
v 1.60861 -2.78983 78.2545
v -13.193 -2.79292 78.8122
v 7.47933 -2.55577 76.1694
v -13.6795 -1.09633 77.6483
v 4.0431 -1.45697 77.5376
v 6.3264 -1.22028 78.0554
v -13.6662 3.36143 77.9168
v -13.7057 4.39449 76.8177
v -115.347 7.61864 76.8914
v -12.9166 5.41091 76.2953
v -8.15696 7.02029 76.688
v -115.471 10.5103 77.8421
v -6.44964 9.08171 76.8486
v -5.09119 13.5847 77.8143
v -7.22637 18.8834 77.0227
v -10.1107 25.5666 77.7919
v -109.338 38.1695 78.53
v -17.6523 39.4485 78.4244
v -20.0706 43.649 78.5607
v -32.6897 52.5576 78.295
v -30.8382 51.5323 78.6579
v -94.6929 58.8452 78.8276
v -40.0072 58.2001 77.2121
v -43.8647 60.2813 77.1353
v -54.2942 62.4736 76.4189
v -60.1868 63.1118 76.8498
v -83.4727 65.3023 77.1709
v -80.9968 65.2881 76.787
v -74.7236 65.1917 77.4668
v -2.32479 -100.531 77.57
v 5.05526 -99.636 78.1222
v 6.81075 -99.0684 78.7727
v -29.9054 -95.713 78.16
v -39.4074 -92.5026 80.3945
v 22.7087 -93.3397 78.8792
v 25.7031 -91.9291 77.5875
v -47.0795 -88.9015 78.4418
v 29.1172 -87.9795 77.4474
v -52.1553 -85.9613 79.4243
v 30.0253 -85.5051 77.4522
v 31.8046 -82.3088 77.4232
v -63.7214 -79.1723 79.5899
v 34.4828 -76.0701 77.4923
v 35.2589 -72.3703 77.6754
v -29.569 -68.8841 77.726
v -25.3702 -69.649 76.9846
v 35.7677 -70.4603 78.1059
v -20.1463 -67.6703 77.4036
v 34.7686 -66.9566 77.5282
v -74.4411 -70.0071 81.7731
v -30.6038 -65.0466 77.5513
v -81.1526 -62.3889 81.2337
v 35.5894 -59.6847 77.6108
v -26.1296 -56.4616 77.8727
v 35.119 -56.9406 77.6929
v -19.0856 -56.0123 79.4293
v 34.508 -52.2042 77.6275
v -88.421 -53.0001 79.0822
v -24.4802 -51.6144 77.5578
v 33.7152 -49.4081 77.4436
v 32.9715 -48.4107 76.8567
v 33.6114 -42.5087 77.4873
v 32.6617 -39.8412 77.374
v -101.865 -38.7402 78.3972
v -22.0322 -38.6783 78.6085
v -8.51485 -36.8366 79.3854
v -20.5285 -37.4138 79.1318
v 32.2291 -35.4417 77.6022
v 31.8975 -33.0823 78.3127
v 1.24666 -32.5962 79.5912
v -2.96694 -31.1333 78.8162
v -10.3022 -31.0119 78.7044
v -107.169 -29.1432 77.8823
v 30.1529 -29.5487 79.2663
v 10.0813 -28.3682 78.0481
v 11.4455 -27.8499 77.3597
v 13.6177 -27.4442 78.1322
v 22.9901 -25.6959 79.8216
v 10.9899 -25.7888 79.2725
v 16.4464 -24.3833 77.9411
v 19.0203 -22.4412 77.686
v -110.561 -19.8901 79.449
v 20.6718 -18.8178 78.8126
v 19.1031 -14.3949 80.8455
v -9.50754 -7.26489 78.6805
v 14.1122 -8.29685 78.3042
v 10.1321 -3.98613 77.2335
v -113.916 3.51898 78.6058
v -13.0894 4.78196 78.107
v -5.56361 10.4662 78.0526
v -5.17394 11.6834 77.7058
v -6.25756 16.8863 77.2288
v -114.544 17.4072 78.3055
v -107.701 41.5347 79.207
v -28.8968 49.4188 82.4651
v -92.9353 60.303 79.0165
v -45.7549 60.6717 77.9849
v -55.1409 61.7798 78.1032
v -49.456 61.6721 77.8718
v -62.7452 63.512 77.3193
v -60.3842 62.3067 78.2653
v -68.0985 63.9157 78.0156
v -66.7514 63.6489 77.7555
v -15.3033 -99.806 78.7663
v -4.58651 -99.9026 78.4508
v 11.5991 -96.1928 79.3763
v -33.3792 -95.1227 78.3369
v 21.52 -93.7473 79.4663
v -42.9907 -90.6313 79.2738
v -53.7847 -84.9967 81.9372
v -58.7544 -81.9551 80.5978
v -56.9406 -83.2528 79.9651
v 34.3541 -79.7772 77.7752
v -70.3811 -73.9435 83.0835
v -27.3461 -69.0688 78.3693
v -23.7633 -68.9977 78.491
v -21.1593 -68.4209 78.8877
v -20.7597 -63.5709 79.2301
v 36.1196 -62.5283 78.3816
v -28.9325 -60.3733 80.2973
v -26.7388 -57.7608 79.0124
v -20.5384 -60.2083 79.619
v -24.1371 -47.6371 78.2408
v -23.8588 -46.0388 78.9979
v -15.251 -46.7781 80.2014
v -12.6289 -40.3866 80.223
v -22.1456 -41.0194 80.4732
v -15.6638 -34.7472 79.1138
v 5.67772 -30.0696 80.4771
v -106.007 -31.8083 78.9624
v 25.1441 -25.9659 80.3431
v -109.116 -25.2224 79.8402
v 17.5623 -26.1062 79.5067
v 17.4011 -22.9719 79.0738
v -109.859 -22.4407 81.0647
v 20.4655 -20.1618 78.6096
v -111.441 -16.5348 78.7145
v -112.867 -11.8503 80.1799
v -0.336547 -10.0285 78.545
v -113.415 -9.76594 80.1642
v -7.30698 -8.5726 80.0723
v -10.4774 -6.21608 79.9913
v -113.618 -7.28232 81.4281
v 0.803475 -4.3225 79.3522
v 13.5612 -5.70382 81.9003
v 8.13323 -1.39903 79.4275
v 3.38796 -0.539847 78.4611
v -114.561 7.91996 80.6583
v -10.3274 5.4172 78.2339
v -8.53208 6.20797 79.6017
v -6.65236 8.10545 79.856
v -115.303 13.633 78.4937
v -8.15268 21.5792 80.7469
v -113.999 19.644 82.2486
v -112.859 21.8753 82.1575
v -10.1042 25.518 81.7552
v -11.1809 28.4123 81.572
v -110.526 29.6902 80.7979
v -13.1383 32.3843 81.975
v -106.694 43.5813 80.3059
v -21.4723 45.3631 80.2164
v -24.7527 47.7152 79.6456
v -103.067 48.507 81.4808
v -100.327 52.2602 80.1511
v -98.2429 54.6866 79.6502
v -36.3004 54.3969 78.6543
v -38.0505 56.3754 78.1292
v -96.1491 57.4862 80.3675
v -40.5332 57.6045 78.4774
v -91.2819 61.9692 79.7959
v -65.2254 62.4684 78.9315
v -73.0511 64.9607 78.9546
v -69.4969 64.1359 79.775
v -81.2762 65.7517 79.1216
v -78.8152 65.3325 80.0504
v -82.6469 65.9536 80.1861
v -3.08479 -100 80.6713
v 1.01362 -100.846 81.2567
v 4.81527 -100.271 79.677
v 33.9651 -98.0901 78.3981
v 31.6681 -98.6984 79.2541
v 33.4662 -99.3445 79.5687
v 40.7198 -98.6714 78.7758
v 43.0324 -98.9125 79.7713
v -21.5939 -97.625 80.8586
v 8.40949 -98.4279 79.7725
v 30.7624 -97.5099 78.7627
v 40.8102 -97.2741 78.1229
v 42.9315 -98.0526 78.7456
v 45.6359 -97.1213 78.4819
v 46.6762 -97.4091 78.84
v -24.048 -96.8371 79.8319
v 32.7631 -96.3454 78.0172
v 48.503 -97.0799 80.0768
v 29.7646 -94.2668 78.5766
v 41.0109 -95.5075 77.942
v 45.3358 -95.4641 78.2514
v 46.8363 -95.0932 78.81
v 48.5442 -95.3509 79.7608
v 33.7283 -92.2709 77.909
v 41.9034 -93.9522 78.0492
v -34.7268 -94.0717 80.9005
v 14.8095 -95.0331 80.3287
v 27.6897 -92.6087 78.5116
v 30.7199 -92.6992 78.0723
v 36.3677 -88.8617 78.0162
v 37.8373 -90.9514 78.0268
v 42.2998 -92.234 78.5397
v 26.7556 -92.0657 78.1598
v 28.9343 -90.7224 77.8969
v 39.9889 -91.6141 78.1508
v 28.0899 -90.3446 77.6193
v 43.1384 -90.775 79.5876
v 38.6016 -89.1014 78.5154
v 33.8484 -83.3584 77.9734
v 31.104 -85.9855 77.8437
v 35.7846 -84.9039 78.1575
v 37.4157 -86.2224 78.5637
v 36.882 -82.0859 78.913
v 35.8089 -81.4704 78.3606
v 37.1058 -78.3866 79.221
v -68.0982 -75.9537 81.1883
v 36.362 -73.1256 78.5884
v 37.8558 -71.3863 80.117
v 36.3171 -67.6592 79.3484
v -28.666 -68.3737 79.9399
v -29.6465 -67.1254 79.6589
v -20.7491 -67.4022 79.2405
v -20.6704 -66.0725 79.484
v 36.661 -64.6692 79.4772
v 36.297 -58.7923 78.2759
v -82.9557 -60.1297 80.5782
v -85.0693 -56.4798 81.1366
v -24.7125 -56.3507 79.4346
v 37.9307 -53.8944 78.8701
v -23.5346 -53.9232 79.1475
v -87.4866 -54.0189 81.8819
v 36.2127 -51.1691 78.2998
v -89.9839 -51.5076 83.6085
v -23.214 -50.7071 79.3444
v -92.435 -49.7885 83.557
v -16.1545 -50.3677 81.4377
v 37.0471 -48.3132 79.0928
v -95.1951 -47.9573 80.8958
v 35.4562 -45.5084 78.4386
v -99.7493 -43.4163 80.7483
v 36.3042 -42.0213 79.6539
v -13.6237 -42.3737 80.4269
v 33.2626 -36.4301 78.4612
v -10.5946 -38.481 80.8707
v -9.15581 -37.2941 80.6364
v -104.326 -34.9127 81.9782
v -1.40175 -33.3446 81.5041
v -12.8091 -33.1102 81.4869
v -6.05977 -30.931 79.5856
v 32.0054 -31.1881 80.6813
v -10.7354 -31.1533 81.1065
v -0.211645 -30.2231 80.0397
v 3.1107 -28.935 80.947
v 6.61741 -28.9989 82.5735
v 28.7425 -27.7846 80.4735
v -107.958 -28.5526 82.2098
v 11.2868 -24.755 81.3739
v 19.8074 -25.5868 80.0387
v 19.2875 -21.7505 79.2487
v 20.2341 -20.5612 79.8443
v 19.7833 -15.8155 80.7812
v -4.1843 -10.2236 81.0322
v -3.06371 -10.5441 82.3937
v -1.86684 -10.5724 82.0337
v -0.824519 -10.3248 81.0689
v 16.9805 -10.0496 82.2355
v 0.493019 -5.89426 80.3913
v -12.0569 -4.11056 80.2456
v 9.87805 -1.85537 82.1142
v 0.276614 -0.786302 79.378
v 0.323229 -2.74643 79.7056
v 1.73951 -0.511489 78.6159
v 0.615783 0.370774 79.2633
v 4.23685 0.608003 79.4298
v 6.0135 0.221716 79.7125
v -113.691 3.19831 80.4204
v 1.1503 2.21769 80.7777
v 2.49229 1.08719 79.3775
v -13.2179 3.27414 81.1689
v -113.73 5.16392 82.0871
v -9.87227 4.9563 80.5386
v -5.50295 15.4389 80.3769
v -7.33248 19.4036 82.7449
v -109.743 34.7832 79.7784
v -15.2541 35.3758 82.0394
v -108.553 39.9547 80.2103
v -35.9263 52.1312 80.1465
v -33.5047 51.022 80.6629
v -39.7324 54.0908 80.0898
v -40.5044 54.6447 79.869
v -43.8966 56.0427 79.913
v -48.0063 57.5084 79.7415
v -48.4631 56.7822 80.4949
v -44.6547 58.5555 79.1009
v -52.8184 58.1602 79.6935
v -53.8176 57.6712 80.1198
v -57.8768 58.8275 80.0153
v -64.1576 60.0431 79.8773
v -62.3055 58.864 80.4763
v -61.6729 59.502 79.7566
v -54.825 60.1105 79.2225
v -48.628 59.8939 79.1393
v -45.2654 59.6517 78.7003
v -59.0089 61.0873 78.9332
v -66.2214 62.064 79.8757
v -49.2015 60.8739 78.6889
v -90.593 62.4272 80.7088
v -67.4221 63.1634 79.6337
v -84.1575 65.598 80.7911
v -12.8043 -99.5829 81.357
v 31.3939 -99.415 80.915
v 39.2619 -99.6065 80.0519
v 45.8312 -98.9928 80.6133
v 28.9391 -96.6587 79.8862
v -33.0076 -94.1027 81.8444
v -28.4667 -95.0417 80.3421
v 14.2662 -96.2012 82.1026
v 18.7277 -94.049 80.5178
v 26.7545 -95.6039 80.6322
v 47.5482 -93.8665 79.6278
v 24.6784 -93.2082 79.5006
v 40.061 -88.2247 79.4739
v -44.961 -88.1331 82.8121
v 38.5305 -84.0875 79.5671
v -61.1879 -80.3933 82.1842
v -29.0622 -63.609 81.7936
v 37.9388 -61.6401 79.7944
v -29.2344 -61.3659 80.971
v -27.4587 -59.0357 81.244
v 39.0688 -57.9024 80.3235
v -23.4979 -55.2157 80.1921
v 38.9708 -52.7634 79.7859
v -22.7971 -52.9916 80.7898
v -17.316 -53.4701 82.4905
v -22.8989 -49.6919 80.4459
v -23.3015 -45.4387 80.8938
v -100.707 -41.7566 81.3938
v 35.4535 -37.976 79.9473
v -102.696 -37.7371 84.8397
v -17.1263 -36.7725 83.1465
v -14.5989 -34.5993 82.9838
v 34.1306 -33.3103 80.9668
v -8.18962 -30.3792 81.0736
v 5.69463 -27.1203 82.8394
v 27.1399 -26.1268 81.6179
v 11.8593 -27.2128 81.322
v 15.1149 -26.4354 81.3264
v 14.5971 -23.2247 81.0377
v 17.7931 -22.0189 81.2458
v 20.5737 -19.4033 80.924
v 20.2698 -17.6685 81.6552
v -112.177 -15.7656 82.5786
v -13.2488 -0.102183 84.368
v 6.30528 1.58666 82.6504
v 2.4455 2.74969 81.825
v -12.7659 4.08339 80.3624
v -114.734 10.3122 80.9837
v -4.81848 11.807 81.587
v -114.689 14.8191 80.8009
v -4.82171 13.6204 82.5028
v -111.027 26.1958 81.7406
v -109.987 30.98 81.9403
v -109.472 36.6051 82.4778
v -19.2576 41.0716 82.0587
v -104.237 46.7314 81.8453
v -52.9096 56.9569 80.9551
v -62.1768 58.5615 81.6612
v -58.8995 58.2537 80.9622
v -92.0646 61.2599 81.5163
v -64.8936 60.0346 80.7054
v -66.8358 62.4007 82.0039
v -85.0615 65.0047 81.2784
v -72.2871 64.2672 83.2347
v -69.676 63.8697 83.6305
v -78.8768 65.286 81.8444
v 3.96815 -101.088 81.9566
v -17.9704 -98.651 81.368
v -7.621 -99.603 81.8253
v -5.5569 -99.6501 83.0042
v 8.21629 -100.099 82.9627
v 29.1492 -98.1041 80.7931
v 40.1432 -100.235 81.8219
v 48.1486 -98.4611 81.2964
v 51.4176 -97.6919 81.004
v 12.4915 -97.3681 82.1935
v 51.58 -96.313 80.4122
v 52.9161 -96.7925 81.3277
v -23.7082 -96.1223 81.9907
v 53.0294 -95.5776 81.217
v 24.9952 -94.411 80.4734
v 25.1604 -95.4728 81.4652
v 51.006 -94.6186 80.3967
v 20.1489 -94.4154 81.3963
v 23.1795 -94.0422 80.2395
v 52.6403 -94.3417 81.4582
v 48.0214 -92.1209 80.3865
v 50.3923 -92.4757 81.2782
v -39.3389 -91.6826 82.4638
v 45.3099 -89.5212 80.4161
v 47.7168 -90.0136 81.4553
v -42.0024 -89.2685 83.5475
v 42.7655 -87.1848 80.3628
v 45.7899 -88.3785 81.2739
v 44.0268 -86.4985 81.296
v -47.6464 -87.1416 83.0214
v 40.4619 -83.8442 80.3618
v 41.5293 -83.8255 81.0977
v -54.3782 -84.5462 82.5666
v 38.662 -79.1131 80.2881
v 39.721 -79.1679 81.1789
v 38.725 -76.7372 80.7597
v 39.0534 -67.2131 81.3254
v -27.0953 -68.3518 81.9721
v -23.5831 -68.4234 81.9975
v -76.3903 -67.9823 85.3044
v -28.0857 -67.0944 82.8211
v -21.4661 -67.4658 81.9534
v 38.2117 -66.6341 80.4937
v -80.322 -63.9913 85.7828
v 38.948 -64.3439 80.6224
v 39.9643 -63.3665 81.5919
v -79.9299 -64.2923 83.4084
v -20.5663 -60.9105 82.0475
v 39.8995 -53.934 81.2063
v -84.3137 -58.0071 83.636
v -19.446 -57.872 82.1478
v 39.7395 -50.0194 81.1149
v 38.917 -45.8707 80.9647
v -97.1639 -46.2013 85.6562
v -13.963 -45.2803 81.8729
v -22.403 -45.2423 83.1643
v 38.689 -43.264 81.0778
v -22.2603 -42.4468 81.7539
v 37.5491 -39.5579 81.1106
v -11.9848 -41.2512 84.0699
v -101.77 -39.0535 83.4464
v -18.9477 -38.2775 82.6048
v 37.3386 -38.0313 81.5184
v 36.4579 -35.8685 81.832
v -16.0658 -35.6795 82.653
v -3.86493 -33.8739 84.1424
v -106.802 -32.8172 85.8343
v 1.4332 -31.5314 81.9531
v -107.547 -30.4828 83.7679
v -9.69332 -30.5647 82.0198
v -4.3503 -29.7411 82.855
v -1.85342 -29.5048 82.9183
v 9.37814 -27.8073 82.9469
v 18.937 -24.6466 83.6346
v 24.4585 -24.6234 82.7594
v -0.332022 -9.45866 83.8285
v 0.178373 -8.65902 83.1278
v -8.24696 -7.2466 84.3485
v 15.3145 -8.03464 82.2954
v 0.174806 -4.50008 81.4182
v -0.899119 -1.44119 81.4016
v -0.601031 0.280128 80.8508
v -13.419 0.855317 84.2805
v 0.144324 1.24542 80.4841
v -0.408925 2.8127 81.5006
v 0.956034 3.18668 81.6104
v -11.7412 3.5909 82.9475
v -7.10164 6.11911 84.8021
v -5.08749 9.78908 83.6759
v -114.474 17.8284 85.3469
v -16.2834 36.7538 83.3942
v -105.582 44.7906 83.4625
v -21.2797 44.1789 83.4334
v -22.8929 45.7226 83.3276
v -26.7676 47.664 83.3171
v -34.2041 50.1659 83.2525
v -30.4957 49.5894 83.2052
v -100.693 51.8618 83.3904
v -39.4749 52.5861 83.4961
v -44.9099 54.8135 81.858
v -98.726 53.7502 84.1759
v -48.8088 56.0997 82.1067
v -53.0812 56.5437 82.2843
v -58.9144 57.9527 81.9961
v -64.6081 59.8315 82.1048
v -75.2616 65.0101 82.9599
v 3.05394 -101.518 84.4433
v 33.1248 -100.435 83.0444
v 34.4757 -100.429 82.3404
v -13.3729 -98.8519 84.2742
v 28.0488 -98.4686 83.0925
v 52.1032 -98.0007 82.1882
v 26.2123 -96.6479 82.1553
v 54.1755 -95.1985 82.8888
v -26.4666 -94.8704 82.9074
v 17.7604 -95.0769 82.2135
v -29.9244 -93.9854 82.8364
v -51.3138 -85.1704 84.8181
v 42.2236 -83.0277 82.3454
v -57.1572 -82.9184 84.9791
v 40.8191 -79.1835 82.6726
v -63.5936 -78.1978 84.1951
v 41.4403 -75.6931 84.2194
v -20.8265 -65.6281 82.2085
v -28.333 -65.3661 82.9919
v 40.7322 -66.0163 83.461
v -28.1311 -60.4338 82.6961
v -25.8643 -59.0085 83.8596
v -18.011 -55.7121 82.812
v -22.9209 -55.7151 84.3134
v -15.9069 -51.5786 84.2284
v -22.56 -48.859 83.3106
v -15.0809 -48.7567 83.6653
v -95.4319 -47.5869 84.6882
v 39.6144 -42.1632 82.7558
v -13.3037 -44.2847 83.8828
v -20.5789 -40.8879 82.7628
v -10.3563 -39.2336 84.4989
v -8.6757 -37.3374 83.6743
v -6.74162 -35.6465 84.4848
v 1.87199 -30.7461 83.9807
v -6.61456 -29.0546 84.4492
v 32.1433 -29.7913 84.0647
v -109.218 -26.3627 83.6053
v 28.199 -24.8293 85.3155
v 12.6738 -26.5468 85.5303
v 21.0094 -24.5669 82.771
v 17.9227 -20.8241 86.5456
v 19.699 -20.088 82.8839
v -111.457 -19.9435 84.4376
v 20.2111 -18.7494 82.1968
v 19.3073 -12.8272 83.216
v -113.438 -12.4184 85.0148
v -5.68557 -9.34176 83.78
v -11.2366 -4.18235 83.8121
v -12.5886 -1.99834 83.9579
v -1.78268 0.280127 83.1396
v -1.84599 2.16327 83.0957
v -1.42251 3.16829 83.098
v -9.73012 4.25661 84.4466
v -6.29348 7.31373 83.9254
v -114.247 7.04165 84.6478
v -5.34708 15.9074 84.4261
v -110.702 28.8439 82.3208
v -109.782 34.7276 83.2051
v -108.227 39.8234 85.3581
v -107.45 41.4813 85.4299
v -37.289 51.3978 84.0232
v -42.0733 52.789 85.4214
v -54.9112 57.0529 83.0832
v -62.3564 58.8479 82.979
v -93.9727 58.3433 85.4813
v -84.651 64.4872 83.7963
v -66.4734 62.1781 83.8105
v -68.5378 63.4509 83.9588
v -81.5816 65.0635 83.8415
v 40.9799 -100.611 83.8323
v 29.627 -99.3754 84.0613
v -15.837 -98.5326 84.5669
v 46.8667 -99.7388 84.3429
v 50.0274 -99.2707 84.4642
v 55.0538 -96.2258 84.6608
v 23.9207 -96.6773 84.1033
v -23.3136 -95.0316 86.7307
v -29.5441 -93.4149 84.5283
v -35.0403 -93.0645 82.7204
v -32.4476 -92.5767 84.3592
v 52.1876 -92.5237 82.751
v 49.4715 -90.018 83.4443
v -40.8442 -89.9024 83.5399
v 48.0738 -88.2297 84.3493
v 45.713 -86.9581 82.6514
v -60.3104 -80.8177 87.1174
v -66.934 -76.2965 84.0567
v 41.308 -68.157 84.2871
v -24.8291 -67.6248 84.1568
v -20.601 -60.0754 83.5948
v -19.6474 -58.1529 84.5939
v -23.8448 -57.3321 84.0512
v -88.3627 -53.1581 84.1976
v -22.466 -50.5597 84.2302
v 40.7742 -48.8999 83.4248
v 41.69 -44.8702 85.7954
v -99.2386 -43.8416 84.4911
v -21.0795 -43.4576 84.507
v 39.68 -39.3023 84.3892
v 37.6862 -35.9246 83.9006
v -5.16178 -34.329 86.0296
v -13.4113 -33.6081 84.1902
v -3.86082 -33.4847 87.0562
v 35.3022 -31.8701 84.5186
v -9.96981 -30.1965 85.4934
v -8.03998 -29.0126 85.7328
v 4.05001 -29.4784 84.7894
v 3.35544 -27.6797 84.3379
v 8.22163 -25.1906 85.5581
v 13.5629 -23.1008 85.2178
v -110.678 -22.3776 84.9801
v 20.2763 -16.1702 85.5222
v -112.659 -15.1047 84.4036
v 20.1235 -14.6682 84.2892
v -4.15335 -9.61032 85.6259
v -113.673 -11.2833 87.171
v -113.781 -7.06412 83.825
v 0.124808 -6.87479 84.7366
v 15.318 -6.28424 84.1426
v -113.806 -3.65546 82.6717
v 14.368 -4.54298 85.3454
v -0.454128 -4.83674 84.7846
v -1.44306 -1.7799 83.9409
v 7.74939 2.09181 85.38
v -13.1467 1.74236 84.7113
v -11.9873 2.74395 85.7323
v -0.718341 4.13042 83.284
v -0.0644029 4.7711 83.6459
v 1.45054 4.94086 84.1184
v -114.514 11.4242 85.3281
v -114.251 19.2681 85.2141
v -113.601 21.2897 85.0194
v -9.56427 23.3908 86.0992
v -111.949 28.0968 86.517
v -13.4479 32.3368 84.4364
v -110.86 30.984 85.4169
v -19.4918 40.2663 84.6849
v -23.1173 45.153 84.7313
v -103.08 48.1114 85.0358
v -96.7253 55.6856 85.4051
v -56.5722 57.1256 86.794
v -60.011 58.2208 85.7526
v -64.017 60.6791 84.7054
v -90.2991 61.4548 84.3241
v -87.9163 62.4372 84.9315
v 6.88109 -101.171 84.9461
v -3.66976 -99.8589 84.8399
v -0.488533 -100.672 84.6359
v 10.6654 -99.8384 84.2772
v 36.1094 -100.709 84.5109
v 44.9095 -100.277 84.6012
v -7.53251 -98.9188 84.5947
v 12.8912 -98.4096 83.6735
v 16.9183 -97.4646 84.0634
v 26.2738 -98.3847 85.2223
v 53.555 -97.881 84.8537
v -20.715 -97.0379 84.1144
v 20.5345 -95.8818 83.4854
v 55.2218 -94.7724 84.2779
v 54.7903 -93.5615 84.3068
v -35.9587 -91.7062 84.232
v 52.281 -90.9952 84.2904
v -38.4764 -90.4336 84.5217
v -44.6965 -87.8449 84.993
v 45.37 -85.4474 83.3512
v -54.1679 -84.24 85.2572
v 43.4939 -80.2377 84.2704
v 45.4808 -83.4229 84.4537
v -74.0602 -70.2594 87.6139
v -26.6134 -67.2217 84.3745
v -22.7133 -67.234 84.4223
v -21.3815 -66.3166 83.6655
v -27.3022 -65.9416 84.3793
v -26.9158 -63.326 84.295
v -21.156 -62.4953 83.6585
v 41.3182 -62.7331 84.5216
v -26.2519 -60.2983 84.5215
v -21.3944 -60.5712 84.6899
v -80.7083 -63.3245 87.3181
v -87.6084 -54.6823 86.9826
v -17.2816 -54.5071 85.4335
v -22.6992 -56.8173 85.9353
v 40.4706 -41.463 84.655
v -101.454 -39.7285 84.8063
v -17.5943 -40.581 85.5229
v 38.8445 -36.9264 84.4458
v -16.2165 -37.5002 85.2022
v -15.327 -35.8304 84.9176
v 36.7997 -33.15 85.0151
v -104.042 -35.6947 86.4816
v -3.71268 -28.9695 85.8476
v 31.1572 -28.1152 85.0627
v -1.22003 -27.9646 87.5531
v 9.39797 -27.1466 86.5189
v 17.126 -24.6582 86.9955
v 25.4483 -23.5845 84.9331
v 11.1215 -24.1872 85.2599
v 21.3856 -23.2534 85.0768
v 24.002 -23.3115 84.7103
v 19.9273 -18.6445 85.205
v -112.181 -19.6452 87.0914
v 19.7394 -11.1294 85.1762
v 18.3721 -9.58712 84.3003
v -3.11583 -9.83583 84.9203
v -114.334 -4.78892 84.9583
v 11.779 -1.8133 85.605
v -114.164 -0.878299 84.8847
v -2.34835 -0.525685 84.4498
v -2.40695 0.555891 83.7284
v -4.69495 2.67992 84.5185
v -114.086 4.50805 84.7604
v 6.08066 3.30762 84.9362
v -4.21211 3.59123 84.2013
v 4.20763 4.36838 84.9505
v -4.71977 4.07888 85.5059
v -3.95317 4.51396 84.7352
v -2.05324 5.51819 85.2108
v -0.0273855 5.79811 85.2804
v -4.61033 13.1244 87.5422
v -7.4435 19.2864 86.2006
v -112.346 25.8055 86.0066
v -11.3638 26.8098 86.0571
v -17.188 37.4796 84.9361
v -15.9755 35.0845 86.8436
v -21.8237 43.8904 84.9324
v -104.212 46.138 86.8122
v -26.3704 45.8983 85.5641
v -30.5058 48.4896 85.0497
v -34.9858 49.2148 85.2731
v -46.9836 54.2145 86.4117
v -49.6805 55.5023 85.8171
v -51.7452 56.0424 85.832
v -61.1878 58.7777 85.6069
v -92.0638 59.9076 85.2217
v -63.4198 60.5647 86.3641
v -85.673 63.3737 85.1938
v -75.285 64.6322 84.2595
v -73.0396 63.5586 85.6939
v 4.14419 -101.448 86.2527
v -5.31158 -99.2078 87.5297
v 12.6069 -99.5566 85.638
v 15.0913 -98.9996 85.6895
v -18.1852 -97.3037 87.1057
v 19.758 -97.9842 85.6961
v 25.301 -98.2816 85.6968
v 55.9725 -92.1373 87.4521
v -36.1873 -90.9801 85.6688
v -39.7017 -89.5201 85.8545
v 48.0071 -86.7811 85.3465
v -48.1366 -86.2709 87.2035
v -56.3877 -83.1207 86.6619
v -66.4091 -76.3762 87.3657
v -22.1682 -65.9128 84.6312
v -22.1453 -62.2704 84.8255
v -83.9278 -58.6362 87.1773
v -21.1948 -59.0786 86.263
v -23.2127 -57.4627 85.2312
v -18.4189 -56.355 86.2265
v -15.0024 -48.6101 85.6494
v -21.6124 -47.9429 85.2409
v 42.4886 -46.1574 87.2458
v -12.7431 -43.3782 85.9167
v -98.5017 -44.7559 88.2562
v -11.2961 -40.5 85.8136
v -106.413 -33.7537 87.721
v -0.257769 -31.2698 89.1523
v -5.73595 -28.5935 86.4866
v 30.2421 -25.6731 87.274
v 19.9445 -23.0628 87.85
v 15.5742 -22.105 86.559
v 18.7961 -20.0166 86.697
v 20.7453 -14.0639 86.8757
v -5.27617 -9.10319 87.2489
v -2.28322 -9.40612 86.8902
v -0.243125 -8.3031 85.2358
v 18.0662 -8.63583 85.6018
v -8.61693 -6.6341 87.4376
v 16.271 -6.14585 86.3499
v -114.576 -4.21644 86.9391
v -1.01751 -3.93791 86.8417
v -2.17192 -2.54948 88.2121
v -4.68175 1.66381 85.373
v 2.44688 5.54836 86.2954
v -9.12044 3.98851 87.8618
v -5.38984 7.97173 87.3917
v -4.62228 10.5942 87.5194
v -113.265 22.9541 86.3203
v -110.579 32.7117 86.7951
v -109.56 35.9193 86.018
v -19.1547 39.0637 85.9347
v -22.8983 44.1144 85.5725
v -35.0281 48.1211 86.9544
v -101.074 50.4343 87.0572
v -42.8378 52.3547 87.1393
v -88.3233 60.9122 86.6915
v -64.4901 61.0033 87.6952
v -82.3395 64.2906 85.2679
v -77.2674 64.134 85.3074
v 2.54056 -101.155 86.5981
v 7.85312 -101.109 86.2844
v 0.073966 -100.525 86.4799
v 33.3683 -100.523 87.8264
v 36.1674 -100.654 87.4277
v 38.919 -100.521 86.4194
v 43.5603 -100.421 86.2245
v 17.2293 -98.555 86.3058
v 26.9572 -99.0556 87.9898
v 30.6431 -99.8097 87.8703
v -12.9456 -98.6266 88.1161
v -6.40482 -98.8198 88.7988
v 23.4295 -98.009 85.7303
v 52.5241 -98.6201 87.841
v 56.4764 -94.5231 87.3308
v -24.9703 -93.978 88.9841
v 56.3494 -93.2824 87.1531
v -33.9429 -91.0835 87.3301
v -30.9552 -92.4852 86.5165
v 53.1186 -89.745 87.1226
v 50.3408 -87.7099 87.1916
v -42.1714 -88.5647 87.6538
v -50.3986 -84.8348 88.5483
v 46.6283 -82.1611 85.6718
v 45.2778 -81.0411 84.9085
v 43.4398 -77.5077 84.7582
v 46.8454 -76.7553 85.4804
v 47.4829 -79.3982 85.9608
v -62.9762 -78.2036 88.628
v 45.4572 -74.6943 85.2129
v 42.1812 -73.6532 84.7514
v 47.2865 -74.8016 86.1554
v -70.1301 -73.808 87.6604
v 45.292 -72.3306 85.6928
v 42.2874 -70.7214 84.8983
v 44.9884 -69.8918 86.3746
v 42.4105 -67.6854 85.2698
v -24.0757 -66.7766 84.8143
v -26.0692 -65.7449 84.8603
v 42.4065 -65.2336 85.8493
v -24.3455 -60.394 85.083
v 42.501 -60.9087 87.1892
v -22.099 -60.6725 85.1675
v -22.8132 -59.2657 85.6548
v -23.8903 -58.7237 85.0494
v -84.5339 -57.8816 89.6353
v -22.2029 -53.2728 86.8991
v -16.277 -52.0847 87.1634
v -90.9453 -51.4253 87.5597
v -94.0726 -49.0396 88.208
v -21.2677 -51.0411 87.4548
v -20.8593 -49.3642 87.232
v -20.7909 -46.4237 85.6829
v -13.6901 -45.1992 86.9282
v -18.92 -43.9068 86.107
v -9.91214 -38.3762 86.4216
v 41.4411 -37.9598 85.993
v -14.99 -38.5765 87.5551
v -15.0962 -37.3546 86.8934
v -7.49651 -35.6198 87.2528
v 40.2353 -34.8226 86.3598
v -14.0467 -34.8948 87.2987
v -12.005 -32.5818 87.1204
v 35.1625 -29.489 86.5267
v -10.8082 -30.9483 86.8787
v 32.203 -28.4184 85.7847
v -107.914 -32.1249 88.1653
v -9.19906 -28.9572 88.5418
v 4.05301 -26.2594 86.9072
v -110.397 -26.3427 89.7311
v 13.4844 -22.1562 88.8651
v -112.862 -16.55 89.0699
v 19.739 -10.6346 87.1724
v -1.703 -8.94958 87.5429
v -114.357 -8.64896 88.3341
v -0.512301 -6.23092 86.0784
v -12.2677 -2.47962 87.7781
v -114.162 -2.02008 89.6401
v -12.7455 0.651736 86.6192
v -113.378 2.74317 88.4476
v -5.13322 3.45663 86.788
v -113.407 5.1153 87.7076
v 6.14323 3.86578 87.0876
v -3.80318 5.42697 87.4089
v 0.935766 5.9468 86.6069
v -113.253 7.82527 88.382
v -114.328 16.5678 86.601
v -13.2739 29.3153 87.8403
v -18.0829 37.4061 87.1208
v -20.5168 39.9953 86.2234
v -23.0205 41.8861 86.82
v -106.137 42.19 88.6993
v -25 43.4681 86.7577
v -29.7313 45.8015 86.9214
v -33.265 47.7113 86.5502
v -37.5415 48.9221 88.179
v -41.2257 51.1725 87.8698
v -49.7507 54.3114 89.7648
v -95.0052 55.9024 89.0827
v -60.3004 58.1339 87.4771
v -92.2261 58.5694 87.5647
v -84.7449 62.1033 86.9936
v -83.1795 62.4315 86.915
v -79.1678 62.5251 86.8938
v -67.6238 62.5439 86.8668
v -75.4327 62.9299 87.2185
v -69.4534 62.6276 87.4599
v -2.72927 -99.6754 87.2842
v 11.4933 -99.9392 87.2938
v 16.2964 -99.5077 88.9729
v 49.2912 -99.4562 87.1026
v 22.9543 -98.6485 87.0442
v 56.236 -96.5081 89.885
v 55.9905 -96.0107 87.5608
v -27.6992 -93.1291 89.4512
v -36.103 -90.5411 88.0009
v -39.4103 -89.5379 87.9392
v -45.8927 -87.2512 88.0587
v 49.0364 -85.0497 87.5097
v 47.8827 -82.1649 87.3044
v 48.686 -75.983 87.7745
v 47.7318 -72.6854 87.8944
v 46.4126 -70.1427 87.578
v -76.5663 -67.3584 88.1229
v 44.0953 -66.2332 87.2449
v -78.1453 -65.8892 87.8421
v 42.9993 -62.2593 87.6185
v -21.0427 -57.9629 87.5891
v -19.8788 -57.4362 87.3477
v -18.1461 -55.4422 87.3982
v -15.3923 -48.9034 87.2248
v -20.077 -47.2786 87.547
v -19.0506 -46.1424 87.5921
v -16.9441 -42.919 87.5821
v -11.7338 -40.6912 87.1204
v -99.9052 -42.3987 91.248
v 42.4385 -37.8259 87.381
v 41.4466 -34.668 87.7598
v 39.7952 -32.7954 87.7062
v 1.30669 -30.0932 89.2181
v -109.123 -30.356 90.0735
v -7.87369 -28.2496 88.9269
v -6.41564 -27.9221 88.9474
v -2.92865 -27.9048 88.6838
v 4.68558 -27.7735 90.9075
v 32.5925 -26.2619 89.0198
v 35.6094 -27.8358 89.125
v 0.818627 -26.8699 89
v 14.3686 -25.3799 87.6415
v 6.21383 -24.6426 89.8803
v 29.1828 -24.0707 88.6941
v 10.0216 -22.5476 91.0745
v 22.0645 -22.5914 88.0101
v 24.301 -22.5205 88.1481
v 25.7693 -22.7976 88.0195
v -111.498 -22.1034 88.1787
v 19.8178 -17.6703 87.4964
v -113.461 -14.8678 89.8515
v 16.9505 -7.06354 88.425
v -9.88369 -5.46041 91.9494
v -11.5385 -3.55161 88.9508
v 13.392 -2.69843 88.4276
v 12.2232 -0.83765 90.1317
v -4.06641 -0.786762 89.1385
v -113.566 0.548677 89.2397
v -4.98694 0.577994 89.2312
v -11.9021 1.68625 88.3521
v -5.3698 1.96406 89.3186
v 9.65963 1.80507 90.2867
v -11.257 2.0543 89.4944
v -8.47467 4.21567 90.2135
v -1.14897 6.23653 87.9995
v -4.84869 8.88087 89.4047
v -114.122 11.5718 87.2651
v -5.02727 14.4136 88.9241
v -113.764 19.4196 87.7269
v -112.971 23.8267 88.2848
v -10.7577 24.7213 89.04
v -112.54 25.5478 87.8331
v -111.97 28.0104 88.1229
v -15.2412 32.6173 88.0991
v -109.324 35.9514 87.54
v -107.896 38.8037 89.2134
v -20.712 38.3889 88.4827
v -25.6129 42.6233 88.2173
v -104.786 44.3566 88.78
v -30.2954 44.723 88.4446
v -102.053 48.2739 88.4083
v -46.849 52.9527 89.5543
v -52.2803 55.6375 88.6453
v -93.5416 56.0217 91.6313
v -62.8124 59.9504 87.6295
v -87.6879 60.2285 88.8679
v -67.3927 61.8681 88.0772
v 8.19523 -100.591 88.5523
v 0.497708 -99.6574 89.2796
v 6.47407 -100.423 89.3655
v 40.0994 -99.2607 90.4467
v 13.9975 -99.5958 89.0684
v 27.7517 -99.2851 89.3609
v 46.0344 -99.627 88.9085
v -14.2703 -98.1934 89.6018
v -9.76825 -98.6369 89.2312
v 53.8258 -98.0374 89.1278
v -17.2344 -97.018 90.8255
v 57.0378 -95.4467 88.8083
v -31.6138 -91.6525 90.4236
v -51.7326 -84.157 89.1475
v -54.2588 -83.357 89.1797
v -56.5895 -82.3735 88.9222
v -59.4143 -80.992 89.1952
v 48.9178 -79.0278 87.8802
v -74.102 -69.8507 89.7104
v 45.0398 -66.4557 87.6631
v -22.0062 -57.2883 87.1224
v -21.4836 -54.6049 87.6444
v -96.3779 -46.8348 89.115
v -13.0726 -42.8058 87.4609
v -10.0993 -37.9516 87.5794
v -103.571 -37.514 90.114
v -105.142 -35.8992 90.9074
v -7.00881 -34.6017 88.0909
v -4.30455 -32.8962 89.11
v -108.863 -31.1876 91.3998
v -11.0018 -31.6938 88.0772
v 37.2137 -30.0268 88.0581
v -9.84359 -29.5205 88.8228
v 8.5781 -26.2864 90.0322
v 10.6482 -25.3853 90.4527
v 30.5393 -24.2388 89.965
v 16.3796 -20.6143 89.5018
v -112.575 -19.2743 90.185
v 19.0162 -17.3108 90.3682
v 19.9844 -15.9898 89.6011
v 20.5644 -14.5591 88.1435
v -113.665 -12.5052 90.4069
v -3.96001 -9.76057 90.0849
v -1.55611 -8.18803 88.8724
v -6.78477 -7.76947 90.0792
v -1.51647 -5.87836 89.372
v -1.73085 -4.14781 89.2869
v -4.66277 4.81098 89.5571
v 4.99978 4.56373 90.0958
v -2.51205 6.51593 89.8943
v 0.997399 6.08384 89.3029
v -5.32472 7.6167 90.6491
v -113.286 10.9183 89.4016
v -4.08548 11.3556 90.1539
v -113.055 15.7687 90.6012
v -113.527 18.7717 89.0143
v -6.84949 17.9111 92.0501
v -8.99947 22.0227 90.9618
v -110.67 31.8338 88.3549
v -17.5355 35.9412 88.2869
v -108.882 35.6092 89.2541
v -23.1524 40.1942 88.7668
v -22.6324 38.4817 90.2428
v -36.1735 47.477 88.5968
v -99.1121 51.0588 90.6635
v -97.0394 53.0967 91.137
v -56.1854 56.1109 89.9526
v -60.8832 57.8371 89.0897
v -76.2634 61.3015 89.6232
v -73.854 61.4809 89.301
v 3.0841 -100.066 89.6661
v 10.5182 -99.4191 90.3752
v 33.9328 -100.358 89.3993
v 36.3265 -100.272 89.7257
v -2.71518 -98.6189 90.7409
v 21.3537 -99.1743 88.7489
v 48.7107 -98.8623 91.1008
v -21.6582 -95.1024 90.5281
v 58.3289 -93.8623 89.0343
v 58.0768 -92.2232 89.0793
v 56.1696 -89.7764 89.4286
v 58.335 -91.1573 89.8256
v 53.1488 -88.2083 88.3398
v 53.3145 -86.1816 89.5385
v 50.9766 -84.8845 88.545
v 51.6981 -83.4415 89.4826
v 49.6301 -81.6574 88.407
v -61.0932 -79.4539 89.7314
v 50.8976 -77.9277 89.6013
v -65.7194 -75.8785 91.4708
v 50.4306 -75.0652 89.662
v 49.5167 -72.5561 89.2886
v -72.454 -70.9325 90.6855
v 47.8934 -67.3597 88.3998
v 48.5932 -64.0423 89.1154
v 46.3338 -64.7694 88.101
v 43.7811 -61.4647 87.8882
v 47.2412 -62.4554 88.3268
v 48.0165 -62.029 88.7036
v -82.5086 -59.9057 91.7164
v 44.736 -42.6555 88.057
v -19.4795 -55.7287 87.8756
v 48.6819 -54.1872 89.3014
v -88.9136 -53.5111 93.479
v -20.3306 -51.5094 87.8968
v -17.4105 -52.4276 87.8472
v -18.866 -47.871 87.9774
v -16.917 -47.0064 88.0408
v 43.2074 -39.6364 87.8599
v -15.8352 -47.7867 87.9266
v 46.965 -43.2958 88.3054
v -14.6166 -46.0681 87.7571
v 48.0623 -44.1013 88.7759
v 48.9488 -44.1271 89.6267
v -15.2913 -42.3637 87.9757
v -13.9587 -42.5712 87.9187
v 47.8923 -40.9992 89.0058
v -11.2377 -38.5699 87.8473
v 45.4963 -39.7481 88.3095
v -13.6829 -36.4309 87.8851
v -10.6896 -35.8091 88.1682
v 42.9301 -36.219 88.0131
v 45.2494 -36.391 88.8283
v -8.79306 -35.0999 88.3691
v -11.9427 -33.8909 88.0649
v -9.59806 -33.657 88.8334
v -6.92056 -33.5436 89.1497
v 44.5985 -33.4246 89.7569
v -10.7355 -32.8636 88.5767
v -10.2397 -31.7334 89.3861
v 42.1553 -31.0766 89.7962
v 38.9914 -29.5529 89.4735
v -10.0068 -30.3152 90.0724
v -1.51263 -27.603 89.9635
v 13.2852 -24.1822 91.0433
v 17.101 -23.6349 89.8113
v 21.1119 -21.6892 90.2245
v 25.2319 -21.5829 90.5269
v -112.085 -21.0416 90.8171
v 19.765 -12.255 91.5084
v 19.264 -11.1215 91.4088
v -4.7157 -9.58573 91.3252
v -114.433 -5.89243 89.1351
v 16.8005 -7.4335 92.4256
v 15.3238 -4.90941 92.4133
v -11.6972 -2.2724 90.2001
v -11.8082 0.191932 89.8719
v -111.946 3.68066 91.3859
v 8.97008 2.44654 91.6217
v -5.22777 3.63397 91.3089
v -111.744 6.99311 91.4319
v -6.90245 5.62805 90.7224
v -0.388887 6.65458 89.7929
v -112.397 8.34056 90.2495
v -4.27638 9.98979 90.5603
v -4.14053 12.1772 91.994
v -111.955 26.194 89.804
v -13.0764 28.1646 88.9377
v -110.778 29.924 89.693
v -15.6291 29.807 90.8053
v -18.725 34.9575 90.0569
v -109.632 33.135 90.0177
v -25.0355 40.175 89.8088
v -30.0309 41.9502 89.9283
v -26.254 41.9928 88.9563
v -32.9226 44.8909 89.4299
v -37.6935 46.5953 89.9926
v -40.8014 49.9525 88.9059
v -41.7615 48.2817 91.4267
v -44.3055 51.4928 89.8862
v -62.962 58.0548 90.1924
v -68.5232 59.658 90.0172
v -65.2085 59.3184 89.7171
v -82.8509 60.6975 90.7319
v -71.7187 60.9229 89.6545
v -66.207 60.8801 88.7589
v 17.0751 -99.4761 92.0425
v 18.3163 -99.5894 90.4566
v 21.9716 -99.1984 90.0134
v 29.9467 -99.3459 90.0427
v -7.53012 -98.4295 91.9677
v 51.7219 -98.372 92.1733
v 58.9346 -94.8374 90.8439
v -21.8397 -94.1147 93.8275
v -36.8508 -90.4553 92.4136
v -33.8095 -90.8999 92.1789
v -41.878 -89.2365 92.2417
v -44.6409 -87.8357 91.6791
v -47.4793 -86.3193 91.1744
v -49.4609 -84.8821 91.9674
v 52.0423 -79.3757 90.2362
v 51.5894 -76.0997 91.3141
v -68.198 -73.7488 92.4773
v -70.7631 -71.6975 91.916
v 49.6324 -67.445 89.9058
v 49.0597 -63.8023 89.8413
v -77.5919 -65.3167 92.2028
v -81.1147 -61.3011 91.975
v 49.1905 -56.4815 90.4677
v 49.2444 -53.4368 90.1917
v -91.9922 -50.5362 91.2507
v 49.4474 -40.303 91.175
v 48.4449 -38.7201 90.3287
v -102.211 -39.2343 92.1141
v 46.8331 -35.8498 89.9202
v -8.97847 -31.5051 90.5276
v -7.22689 -28.0615 92.1357
v 1.24376 -26.6363 91.4371
v 4.75166 -24.8327 92.1544
v 32.2008 -24.1661 91.1099
v 25.9098 -21.2884 92.2324
v 12.4862 -21.3153 91.4713
v 23.3166 -21.3289 90.3325
v 19.9206 -13.8671 91.5191
v -2.72613 -10.1795 92.3782
v -2.1141 -9.42751 90.9518
v -2.78923 -3.46636 92.3258
v -3.63964 5.89811 91.3021
v 2.30282 5.51256 92.5628
v -1.24585 6.83647 91.2706
v -112.613 17.9153 91.6732
v -112.038 20.2905 91.6998
v -11.2036 24.6771 91.5405
v -110.79 28.2602 90.4901
v -17.8586 31.6299 92.3745
v -108.024 35.9357 90.4051
v -107.503 38.3731 90.2788
v -27.9178 39.8898 91.2185
v -105.168 42.2921 90.9051
v -35.0837 43.9889 91.7478
v -102.631 46.2705 91.1519
v -98.4141 50.4879 92.8231
v -54.0067 54.8583 91.2918
v -90.1872 57.7102 91.9958
v -62.0425 56.2674 93.6781
v -65.3039 58.5568 90.8843
v -87.3364 59.3802 91.7274
v -72.5637 59.9292 91.7277
v 1.19582 -99.09 90.7914
v 3.92354 -99.0716 91.2324
v 11.12 -98.8876 91.5837
v 13.9549 -99.0702 91.2323
v 35.4097 -99.3701 92.4444
v -3.85837 -98.2237 91.2593
v 27.1902 -98.693 92.0514
v 30.9205 -98.4767 93.0117
v 45.0709 -98.6797 92.1949
v -15.9446 -97.0407 92.6493
v -14.7552 -96.831 94.1167
v -10.341 -97.1952 93.8032
v 55.7634 -96.8465 91.2414
v 60.1576 -93.2589 91.5149
v 59.5841 -92.1804 90.5529
v -25.5878 -92.6731 93.3971
v -29.605 -91.6976 92.3362
v 59.2903 -88.927 90.862
v 60.4152 -90.1546 91.5424
v -38.984 -89.8874 91.4739
v 57.5929 -87.404 90.3721
v 54.2938 -84.2711 90.1902
v 55.4229 -83.6312 90.8304
v 57.7058 -85.2873 91.4944
v -52.5794 -83.4073 92.365
v -54.8365 -81.9268 92.7798
v 53.488 -80.7845 90.7673
v 54.4742 -81.1148 91.5409
v -62.0942 -77.5022 92.828
v 52.3568 -77.562 91.4816
v 50.4533 -72.142 91.2637
v 50.1322 -66.5724 91.6652
v -74.0879 -68.1463 92.7812
v 49.341 -62.5197 91.0478
v -93.8114 -48.7089 92.2451
v -98.4676 -43.6698 93.4998
v 49.9246 -43.5837 91.8617
v 48.0072 -33.4072 90.8578
v 49.5095 -35.5348 91.7502
v -105.355 -35.742 92.5702
v 45.8487 -31.7617 90.3821
v -106.384 -34.2996 93.9389
v -7.67064 -31.6646 90.8028
v -3.55374 -31.5973 90.7894
v -1.03774 -29.999 92.5538
v 47.169 -31.392 91.0042
v 1.99883 -28.6994 92.1093
v 41.3066 -27.7168 90.4792
v 44.7113 -28.7753 90.9673
v 46.8823 -30.0198 91.7756
v -8.89439 -29.2769 92.1944
v 36.9217 -27.0596 90.0517
v -2.73879 -27.8653 92.0887
v 33.4628 -25.1832 90.3464
v 40.8969 -26.169 91.0171
v 44.8161 -27.6916 91.9479
v 3.18095 -25.8118 93.1386
v 37.4932 -25.3177 91.2529
v -111.044 -24.9404 92.0094
v 35.7077 -24.6017 91.4409
v 41.126 -25.6866 91.6243
v 13.9804 -20.2816 91.9033
v -113.259 -18.0073 92.0103
v 17.6294 -18.0908 91.2645
v 19.4415 -15.2602 92.1485
v -113.69 -10.4221 92.0018
v -3.51822 -10.361 91.9084
v -7.48155 -7.19573 93.8901
v -113.642 -5.72109 92.3401
v -113.329 -2.58706 91.8648
v -11.4266 -1.02959 92.8363
v -112.464 0.860217 92.3322
v -4.6688 -1.05864 93.2356
v -11.0771 -0.0134463 93.4319
v 5.0149 4.44791 94.6939
v -2.40213 6.52467 92.4585
v 0.133825 6.51487 92.0778
v -110.86 8.99112 92.7189
v -111.414 10.3621 91.9629
v -112.534 13.6886 91.2675
v -111.379 23.3053 92.1351
v -110.655 25.1833 92.2328
v -13.3246 26.214 93.902
v -109.553 28.3819 91.689
v -108.243 30.6229 91.9047
v -15.5939 27.7157 95.5955
v -107.394 32.6521 91.9525
v -19.4129 34.1567 91.3449
v -106.126 36.177 91.8333
v -23.9151 37.4136 91.477
v -25.7519 37.9157 92.0941
v -22.6205 35.2201 92.6725
v -105.727 39.5884 91.5724
v -32.1003 41.9244 91.7247
v -102.895 44.1997 93.2878
v -37.1885 44.9637 92.0148
v -45.3969 50.0239 91.9602
v -49.1335 51.8721 92.1022
v -52.4531 53.5956 91.9302
v -94.1361 55.098 92.9535
v -57.6395 55.3986 93.224
v -67.3089 57.7713 93.3018
v -83.7338 59.8734 92.4024
v -77.7436 59.7507 93.3202
v 18.8683 -99.3938 92.4359
v 32.8704 -99.1489 92.4105
v 37.8475 -98.7511 93.4484
v -4.9324 -97.8918 93.6896
v 1.39743 -98.0645 93.8034
v 21.3858 -98.7136 93.8823
v 54.2675 -97.1187 94.4429
v -18.3539 -96.026 93.8995
v 58.3787 -95.7842 93.8198
v 59.693 -95.0236 93.1773
v 62.0082 -90.4271 93.8622
v 60.5358 -88.5501 92.5482
v 57.2115 -82.796 93.0377
v -56.3761 -80.7237 93.9486
v -60.1518 -78.9161 93.1059
v -65.4758 -75.3064 92.9536
v -72.0513 -68.9995 95.0605
v -75.1861 -66.641 93.806
v -83.4554 -58.7822 92.9675
v 49.5913 -58.7386 93.6341
v 50.1133 -54.8733 92.8981
v -97.1786 -45.2249 93.6013
v 48.5569 -31.8802 92.1279
v -8.55292 -30.3327 92.4506
v -2.60864 -30.6077 92.3628
v 46.6479 -28.676 93.3817
v -110.184 -28.2167 94.533
v 4.41571 -27.0852 92.985
v -1.10871 -27.6567 92.1849
v 44.3847 -26.7684 93.1798
v 4.9383 -26.2535 94.2745
v 9.75789 -24.7794 93.1589
v 13.4678 -22.8083 96.0648
v 16.0485 -22.6772 92.9655
v 10.0062 -21.8387 93.5217
v 29.3176 -22.4039 92.9448
v 20.2283 -20.3514 94.3971
v 22.3041 -20.04 93.9744
v -112.986 -19.6512 94.1387
v 14.9084 -18.354 94.3355
v 18.0367 -16.2805 93.6274
v -113.482 -17.8518 93.8383
v -1.91112 -9.28785 94.2258
v 18.5475 -10.7666 94.4064
v -6.35757 -8.49725 94.5294
v -1.6978 -7.32804 94.7009
v -11.0951 -3.472 93.3924
v -11.4779 -2.096 93.0514
v 13.4184 -2.15163 93.5774
v -5.31357 0.480767 94.2077
v -10.086 1.86292 92.8455
v -5.26064 2.15383 94.664
v 7.49745 3.13126 94.5978
v -6.9028 4.32453 94.2421
v -111.322 4.49911 93.6936
v -4.74919 4.18652 93.3792
v -3.62711 5.10004 95.0473
v -0.531827 6.52135 92.9153
v -4.06452 10.7081 94.7983
v -111.044 11.1858 93.3741
v -111.616 14.6403 94.6412
v -4.41415 12.9321 94.9679
v -5.68014 15.3241 95.1231
v -109.367 27.4919 92.8747
v -19.7835 33.2453 92.6658
v -104.874 35.0518 95.3373
v -28.8616 39.0522 93.2299
v -103.768 41.9113 93.6582
v -101.544 46.276 93.2367
v -39.1142 44.2289 95.4723
v -88.1403 58.1228 93.1129
v -69.6419 57.7516 94.5511
v -84.866 59.057 93.4538
v -71.8073 58.6731 94.0858
v -74.4859 59.2008 93.9496
v 15.4721 -98.6877 93.8456
v -2.51551 -97.756 94.3593
v 10.5619 -98.0181 94.1356
v 51.3834 -97.6838 94.8218
v 62.3865 -92.7073 94.8301
v 62.537 -91.8461 94.7141
v -32.9073 -90.7122 93.6663
v -37.7341 -89.955 93.7846
v -43.8512 -87.9509 93.4477
v -49.2162 -84.5924 93.1692
v -52.1548 -82.9643 93.9107
v 50.7324 -67.5367 94.6598
v 51.5154 -70.4576 95.8457
v 49.9914 -62.4434 94.5604
v -86.305 -56.0713 97.6921
v 50.1856 -57.5992 95.1705
v 50.3154 -49.6091 93.5418
v 50.9446 -42.1719 94.179
v 50.845 -37.7672 94.0335
v 50.3209 -35.3015 93.8889
v -107.756 -32.4636 95.6644
v 48.5733 -30.8649 93.4721
v 3.05509 -27.2959 93.0979
v -6.79558 -28.63 92.8282
v 1.71494 -26.8376 92.7395
v 5.79349 -24.0535 94.6332
v 38.8139 -23.8021 94.2498
v 33.9116 -22.972 94.126
v -111.62 -22.4528 94.9073
v 12.7595 -20.2483 93.6915
v 24.9315 -19.5848 95.7953
v 18.8005 -12.8533 94.5598
v -1.93618 -5.87485 94.937
v -113.382 -6.52768 95.3716
v -10.2846 -4.61539 94.6107
v -112.883 -5.32976 96.3083
v -2.60531 -4.78991 95.8666
v 12.2629 -0.818239 95.9999
v -9.9497 1.15549 95.5359
v -2.21903 6.04914 93.9337
v -5.18591 6.62564 95.6604
v -11.154 23.3002 95.0006
v -106.848 31.6719 94.3963
v -104.705 37.5235 94.2355
v -26.2258 36.5901 94.7824
v -31.7842 40.2022 94.504
v -37.7564 42.4209 97.6827
v -99.608 48.5419 93.3261
v -47.7842 49.7945 94.5504
v -51.6343 51.7461 94.8015
v -96.395 52.1024 93.2825
v -91.8185 55.7961 93.4228
v -89.0973 56.6112 93.8386
v -78.7796 59.2735 94.0992
v 34.7218 -97.9186 94.6211
v -7.34021 -97.7531 94.4588
v 17.8222 -98.1068 95.7416
v 25.154 -98.4393 94.2592
v 29.228 -97.4046 95.9673
v 39.3536 -98.1863 95.3968
v 42.5164 -98.3597 94.6351
v 46.5684 -97.5767 95.4327
v -11.8227 -96.638 95.4743
v 57.3237 -95.9677 96.3069
v 61.9624 -93.8895 95.5418
v -28.4824 -90.7045 95.3609
v -30.6708 -90.1873 95.2813
v 61.4594 -88.9733 93.5875
v -41.0576 -89.0174 93.8809
v -44.7966 -86.7475 94.6605
v 59.0225 -84.6826 94.2033
v -48.6577 -84.0586 94.4747
v -54.0318 -81.4286 94.6432
v 55.5103 -80.1473 94.095
v 53.4973 -77.2468 93.8815
v -58.9958 -78.5201 95.4211
v 51.7431 -73.6943 94.2868
v -66.5904 -73.4502 94.6615
v -68.6551 -71.6715 95.3077
v -76.5639 -63.9584 97.3987
v -79.2514 -61.8254 96.4029
v -94.0625 -48.5624 94.9079
v -100.746 -40.6217 95.5426
v -102.371 -38.3125 95.9386
v 49.5602 -31.7914 95.024
v -108.951 -30.6786 95.0497
v -7.6578 -29.8181 92.8441
v -2.90201 -29.9525 92.8764
v 0.192759 -28.4077 92.8818
v -1.47555 -28.3102 92.7714
v 2.79102 -26.7867 93.3032
v 3.87559 -25.85 94.423
v 6.81346 -25.1639 94.606
v 41.8264 -24.861 94.823
v 4.74049 -24.8623 94.6742
v 9.26849 -23.9569 95.5272
v 35.654 -22.4654 95.5237
v 8.44813 -22.6119 94.4264
v 30.8015 -20.7405 96.5292
v 27.295 -20.8894 94.4893
v 23.0916 -19.1269 96.7227
v 16.4194 -15.9674 96.1704
v -113.568 -14.8973 98.0634
v 18.1417 -14.4551 95.1426
v -2.91934 -10.383 95.119
v 16.3829 -7.71709 95.4154
v 14.9202 -4.92362 97.2995
v 11.3892 0.0173462 96.4539
v -111.909 -0.582692 96.7518
v -110.794 4.95588 95.2322
v 3.24725 4.52711 97.3684
v -111.175 16.8458 96.2411
v -7.69988 18.1628 95.3738
v -111.084 19.2666 95.9819
v -110.165 22.8361 95.8843
v -108.925 25.9384 96.803
v -17.624 29.7178 95.5231
v -20.3051 31.4567 96.0584
v -103.905 36.9409 95.8649
v -103.511 39.3715 95.083
v -34.5919 40.9199 96.9723
v -101.963 43.7416 94.9337
v -100.344 45.4741 95.1828
v -42.5382 46.5957 95.0357
v -96.3796 48.6533 95.5369
v -96.2302 50.4764 94.3126
v -94.2553 51.0054 94.7366
v -93.7378 54.5426 93.6607
v -91.6946 52.9493 94.6976
v -87.6822 54.695 94.7454
v -55.2327 53.0525 95.8036
v -60.5193 54.8708 95.5759
v -84.7794 57.2976 94.5047
v -65.3359 56.0883 95.0678
v -81.9874 58.8315 94.0793
v -79.8046 58.0612 95.2745
v 13.8145 -97.5711 97.1772
v -9.42094 -96.265 98.575
v -0.864209 -97.581 95.2736
v 35.1079 -97.1392 96.6816
v -17.2179 -95.1267 96.8486
v -25.1368 -90.8056 98.1226
v -22.7072 -90.7455 100.04
v -36.1422 -89.7031 94.7513
v -40.2969 -88.5743 94.8459
v -42.8746 -87.404 95.0279
v 62.4872 -87.4236 97.1706
v 53.5791 -74.5685 97.1213
v -72.7275 -66.7091 98.7113
v 50.6614 -64.4987 96.846
v -84.096 -57.9534 97.3877
v -89.6185 -53.0436 95.042
v 50.5631 -52.5228 96.2957
v 51.5061 -48.4131 96.7867
v -97.3299 -45.0736 97.2568
v 51.5168 -44.3468 96.4283
v 51.6223 -37.2611 97.44
v 49.1183 -29.426 98.8163
v 47.0933 -27.9235 96.8213
v -110.263 -26.2348 98.0079
v 38.0395 -22.4495 96.7623
v 10.9456 -21.16 96.8221
v 11.7113 -20.5687 95.2617
v 20.778 -19.4879 96.4794
v -113.57 -10.1008 98.0114
v -5.34899 -10.2339 97.1672
v -4.05298 -10.6125 96.6245
v 17.491 -10.1111 95.6618
v -11.1443 -3.53828 97.5981
v -4.62889 -2.38089 96.5886
v 13.931 -3.5755 98.1296
v -112.464 -2.6704 97.1085
v 11.0716 0.0529769 97.9279
v -111.416 2.50979 96.2455
v -6.91971 3.31778 97.6159
v -3.71457 4.28132 96.1679
v -6.14706 4.33257 97.5779
v 0.547124 5.16941 96.7827
v -110.527 8.67026 97.2612
v -4.58751 8.94689 97.439
v -110.451 11.6314 97.0336
v -12.0501 23.3175 97.1377
v -107.518 29.5705 96.0529
v -106.105 31.9973 97.2834
v -29.1513 37.6693 96.9709
v -102.4 38.9149 96.2014
v -92.0244 51.3218 95.6919
v -87.3738 53.4332 95.8569
v -84.7875 55.5985 95.7823
v -69.7359 56.6528 95.6949
v -75.0842 57.7952 95.539
v -72.4845 58.0276 95.0965
v 25.6213 -97.3614 97.9293
v 3.23448 -97.533 97.1494
v 55.5741 -95.9949 99.0416
v 61.3962 -95.062 98.2037
v -19.7835 -92.956 98.3017
v 63.2129 -88.9277 97.184
v 63.5969 -90.2533 97.3802
v -36.7599 -88.2918 95.7842
v -33.172 -88.7546 96.3285
v -42.6842 -85.2803 96.449
v -38.663 -86.4061 96.436
v -35.6957 -87.7067 96.6785
v -46.4416 -84.3185 95.6983
v -41.8398 -85.0548 96.9738
v -47.8364 -82.6598 96.5689
v 58.0588 -81.1288 97.2238
v -50.9283 -81.6432 96.1966
v -54.1015 -79.6736 96.7374
v 54.8648 -77.56 96.4392
v -56.624 -78.8867 96.6112
v -60.8802 -75.0199 99.3937
v 52.7201 -72.5132 97.3001
v 51.463 -67.3131 96.8683
v 50.3509 -60.1675 96.5831
v -81.7849 -59.4845 97.8464
v -92.5064 -51.5816 99.8486
v 50.9895 -51.4404 97.1991
v -99.0532 -42.5928 98.8176
v 50.3807 -32.0647 98.3318
v -108.507 -30.5996 98.1173
v 5.65169 -25.0578 95.0919
v 44.5282 -25.8928 97.0358
v 7.45022 -23.8064 96.2437
v 12.5307 -22.5571 97.6825
v 41.9174 -23.9669 97.2869
v 8.76656 -22.7331 95.9886
v 15.7877 -21.6165 97.0405
v 33.7674 -20.9138 96.9456
v -112.571 -20.0155 98.058
v 12.3474 -19.5575 97.7889
v 26.5246 -19.2518 97.6338
v -113.356 -17.7184 97.5855
v 13.7389 -18.0833 97.409
v 16.8678 -12.1206 97.6516
v -1.93265 -8.67683 97.239
v -7.62349 -6.83615 98.8199
v -11.4906 -2.28377 98.3681
v -5.27101 -0.422205 97.169
v -2.02937 5.22112 96.116
v -110.638 5.11729 99.3962
v -5.31695 13.9144 97.3128
v -6.66223 15.4331 98.3071
v -107.409 28.2041 97.7532
v -18.345 28.9797 98.1034
v -23.9688 33.7979 97.3308
v -103.517 35.4498 97.6786
v -100.214 40.4476 96.932
v -100.761 43.8175 95.7268
v -99.0919 42.4184 96.859
v -96.0298 45.3238 97.1522
v -38.7689 42.3824 98.4155
v -95.6209 46.4372 96.6584
v -42.454 44.3318 97.94
v -96.0668 47.643 96.0869
v -46.8785 46.6436 98.2665
v -93.6263 46.9005 97.2193
v -89.876 49.9369 96.7828
v -50.1287 48.4053 98.0382
v -54.3225 51.0701 98.0113
v -51.9389 49.5512 98.0392
v -84.6891 52.4867 96.957
v -84.8074 53.0755 96.6007
v -79.2512 54.3452 96.7012
v -80.3702 53.4229 97.2323
v -59.3345 52.4464 98.3035
v -70.8786 54.7945 96.5433
v -62.1397 53.9141 96.8649
v -65.9905 55.0744 96.1104
v -79.4123 56.8449 95.9774
v -6.98946 -96.3545 98.9015
v 0.0173026 -96.2135 99.615
v 37.7402 -96.3284 100.628
v 46.2537 -96.3376 99.2027
v -13.4799 -94.988 99.3624
v -11.9938 -95.6186 98.5249
v 34.4977 -96.0794 100.011
v 60.0537 -95.5962 100.165
v 63.4626 -92.6424 97.6359
v -27.8327 -89.1919 98.8206
v -30.814 -88.7985 97.3534
v -35.3727 -86.4215 99.0699
v 60.699 -84.2 97.4313
v -50.1403 -80.5929 98.8204
v -58.386 -76.8584 98.8948
v 54.5976 -75.8786 97.4252
v -63.1507 -74.4172 98.0105
v -65.6434 -72.1802 99.3739
v -68.2983 -70.0369 99.4997
v -70.5033 -68.462 99.6829
v -87.6285 -54.9982 98.5275
v -95.0317 -47.7592 97.8299
v -101.431 -39.8385 98.6977
v -104.427 -35.8188 98.9095
v 8.85045 -23.2704 96.3665
v 10.1422 -22.6414 97.62
v 18.2699 -19.4387 99.6048
v 16.3457 -14.4013 97.9762
v 16.3618 -9.483 97.8232
v -2.577 -9.57427 100.535
v -6.40868 -8.52829 98.6481
v -113.2 -7.21779 99.8886
v 15.6042 -6.84113 97.9978
v -4.87491 -1.74854 97.8897
v -11.3099 -1.49817 100.498
v -10.9235 -0.489597 99.168
v -4.93055 0.573582 98.5832
v -7.72805 2.13752 101.651
v -3.73401 3.12355 98.9465
v 4.0439 3.58597 100.42
v -2.28673 4.25109 98.762
v -1.16765 4.03845 100.08
v -4.76233 11.371 98.4656
v -110.549 15.3886 97.5663
v -109.722 18.9807 98.7152
v -10.8509 20.0361 98.7874
v -15.3226 26.0268 99.1352
v -106.428 30.417 98.277
v -27.0155 35.5069 98.0099
v -100.644 38.1486 98.6963
v -99.5697 39.5423 98.6243
v -36.2829 41.0469 98.1815
v -91.6118 47.1771 98.7789
v -84.3935 51.9884 97.6666
v -81.9862 52.6209 97.5506
v -78.2142 53.5424 97.4604
v -70.0653 53.5162 97.4695
v -66.3559 52.6072 98.5349
v 43.4919 -95.9941 101.464
v 53.3115 -96.0285 99.9397
v 64.4251 -91.3288 99.2886
v -33.1537 -86.5339 99.895
v -38.2196 -85.1301 98.9353
v -44.0297 -82.9946 98.9725
v -46.8639 -81.7217 98.9901
v 56.5348 -78.961 97.3447
v -54.3968 -77.9616 99.3103
v 52.132 -66.3318 97.6491
v 51.2214 -63.9572 97.5839
v -74.9779 -64.4342 99.3516
v -76.8877 -62.4505 101.213
v 50.8499 -58.3947 97.6124
v 51.0162 -55.3867 97.4573
v 52.3822 -48.2989 98.1592
v -96.4606 -46.2956 98.7652
v 51.9842 -41.7167 97.5619
v 52.6275 -38.1789 99.5318
v -103.236 -37.2717 100.336
v 51.8484 -36.2908 98.6913
v -106.007 -33.5964 99.8959
v -109.764 -26.1591 100.867
v 45.5527 -25.6038 98.8358
v -110.55 -24.2526 100.164
v 38.7862 -21.8538 97.9298
v 10.9854 -21.6542 98.2431
v 15.5141 -20.7265 99.9104
v 35.4956 -20.5003 98.0111
v 29.9857 -19.1659 98.9934
v -112.218 -20.2778 99.5419
v 20.1626 -18.8415 99.7035
v 24.642 -18.5948 99.8749
v 13.9763 -16.2 99.5411
v -3.17794 -10.1931 100.177
v -5.3914 -10.061 100.858
v -1.71259 -7.33281 102.098
v -9.96711 -4.31193 101.147
v -2.23084 -5.30706 101.508
v 12.5537 -2.29809 100.523
v -112.23 -0.904934 100.49
v 8.59728 0.744365 101.624
v -4.91393 6.55348 100.583
v -109.977 9.02445 98.9522
v -109.775 11.9035 98.299
v -13.1117 22.7528 99.6294
v -108.762 22.6125 99.4107
v -107.7 24.3799 100.185
v -104.47 33.3897 98.3473
v -28.4493 35.8582 98.8597
v -32.5162 38.5269 98.5694
v -97.8367 42.5337 98.2431
v -88.713 48.6919 99.8141
v -83.3322 51.2825 99.4276
v -79.2121 52.5444 99.3586
v -70.88 52.5158 99.5461
v 4.80968 -96.8877 99.0059
v 21.3347 -96.9465 98.924
v 25.3175 -96.2859 101.049
v 40.5922 -96.3422 101.021
v 29.4008 -96.1307 99.9233
v -17.4645 -92.6962 100.759
v 64.0384 -93.0475 99.9846
v 64.702 -88.9985 99.0841
v -27.8592 -87.99 101.891
v -31.8595 -86.0175 101.862
v 64.2185 -86.5452 99.9035
v 61.5572 -82.7526 99.2311
v -40.6424 -83.6709 99.6026
v 58.8735 -79.8552 98.6957
v 57.1781 -75.6721 99.0704
v 55.8619 -75.0402 98.2651
v -62.8875 -73.7063 99.3845
v 53.2573 -71.8586 97.7529
v 55.5677 -71.6701 98.4991
v 54.7715 -66.0801 98.4269
v 53.1947 -61.243 98.4372
v 56.662 -65.35 99.6782
v 52.0955 -57.8051 98.3594
v 55.3367 -60.8458 99.7631
v -81.7199 -58.7433 101.723
v 53.5015 -56.9129 99.4635
v -84.7194 -56.8942 100.393
v 53.3095 -50.2397 99.3293
v -93.8411 -50.2709 101.319
v 53.273 -42.4241 99.3345
v 50.8922 -31.9046 99.3199
v 47.9792 -27.4762 99.2486
v 42.6401 -23.6716 98.2507
v 45.8947 -24.7863 99.798
v 11.5891 -22.0918 98.5093
v 43.4473 -22.3688 99.6371
v 13.6269 -21.3531 100.018
v 11.712 -21.2468 99.5901
v 37.0781 -19.5278 99.1722
v 12.6938 -18.7536 99.3087
v 40.5613 -19.9374 99.9727
v -113.158 -16.9929 99.6225
v 14.9273 -14.3632 99.4807
v 15.2836 -12.5734 99.7282
v -4.7283 -10.5428 101.06
v 15.591 -9.95967 99.3658
v -112.727 -4.04795 99.9251
v 14.3772 -4.98139 99.6413
v -4.63631 -0.722638 100.056
v -3.87055 1.50091 102.042
v -2.69222 3.21425 101.237
v -5.68339 4.49768 101.709
v -110.426 5.12097 100.966
v -109.281 10.4359 99.158
v -106.982 12.8211 100.435
v -5.1716 11.444 100.861
v -109.336 15.608 99.0861
v -108.754 17.472 99.9469
v -8.55824 16.2304 99.9975
v -11.8554 20.0469 100.198
v -15.2707 25.4069 99.9505
v -106.214 28.2886 99.19
v -105.617 27.0122 100.955
v -18.9291 28.2353 99.957
v -104.183 29.8823 99.8823
v -21.0365 30.1098 99.8582
v -103.057 32.0228 99.9961
v -25.5551 33.3205 99.9351
v -100.799 33.6815 101.176
v -29.8731 34.9831 100.506
v -33.7324 37.7035 100.142
v -99.2812 36.6937 100.645
v -38.4696 40.2781 100.02
v -97.7593 39.2176 100.502
v -95.31 42.7057 100.415
v -41.277 41.4614 100.133
v -44.3921 42.7977 99.9774
v -94.246 44.1684 100.082
v -43.3704 43.653 98.9576
v -49.5549 45.7117 99.8054
v -52.6764 46.6012 99.9558
v -50.4596 47.5011 98.9206
v -55.2386 48.0019 99.7659
v -58.647 48.8929 99.7617
v -54.7092 50.0767 98.8261
v -61.6094 50.2041 99.6959
v -85.1091 49.9767 100.346
v -64.3799 51.5494 99.3066
v -58.3483 50.9563 98.9993
v -66.7024 50.6751 100.507
v -80.3618 51.5823 100.065
v -3.71266 -95.3187 101.998
v -9.48084 -95.261 100.303
v 61.9507 -94.9618 101.388
v 63.3208 -94.1402 100.73
v 65.7927 -90.5895 101.426
v -25.4531 -89.0076 100.853
v 65.5383 -88.2649 100.81
v -45.0833 -81.5417 100
v -48.9219 -79.6395 100.302
v 61.3328 -80.575 100.909
v -52.0354 -78.71 99.74
v -58.8125 -75.2094 100.233
v -53.6845 -76.9248 100.368
v 57.0623 -69.8471 99.4872
v -72.6401 -65.1641 101.452
v -79.035 -60.7037 102.931
v -88.9648 -54.009 101.154
v -95.5793 -48.3868 101.444
v -99.6782 -42.3148 100.533
v -101.663 -39.8726 102.715
v 52.4345 -35.9884 99.5984
v -107.044 -31.253 102.231
v 49.5469 -28.0262 100.128
v 12.4422 -19.4236 100.467
v 39.365 -18.8835 100.575
v 36.5123 -18.5174 100.63
v -113.155 -14.5848 100.156
v 14.4498 -11.5997 101.766
v -3.78389 -10.6854 104.285
v -1.93943 -8.80386 102.64
v 14.526 -6.80904 101.83
v -7.42871 -6.28574 102.81
v -1.69434 -6.41458 103.773
v -10.9376 -2.95458 101.491
v -4.008 -2.71084 101.48
v 13.6631 -4.19956 103.712
v -10.203 -0.259869 101.404
v -111.081 2.64843 102.231
v 1.57335 3.73316 101.163
v -4.59556 7.76564 101.347
v -107.905 10.0466 101.163
v -106.489 14.1822 100.795
v -6.42097 12.9442 101.141
v -107.752 20.5326 100.605
v -23.6547 31.3133 100.476
v -91.694 45.4566 100.516
v -50.0603 44.2346 101.51
v -58.8899 47.1752 101.441
v -87.8107 47.9581 100.827
v -61.1548 47.9787 101.141
v -77.7303 52.0078 100.17
v -71.4544 51.3952 100.64
v 2.83277 -95.3974 102.102
v 20.8904 -95.2057 102.573
v 28.6072 -95.5654 102.372
v -5.96127 -95.1601 101.943
v 35.8445 -95.546 102.336
v 48.488 -95.0256 103.133
v 51.8858 -95.4206 101.919
v 54.4695 -95.5517 101.831
v -12.1788 -94.1139 102.05
v -17.8129 -91.2177 103.329
v -33.7822 -85.1707 101.324
v -37.5241 -83.9803 100.589
v -41.1561 -81.7835 100.89
v -38.7542 -81.9586 101.773
v -36.6845 -83.3724 101.818
v -46.5903 -78.1265 101.416
v -43.3496 -79.1761 101.821
v -41.433 -80.4741 101.942
v 59.1855 -77.2593 100.203
v 60.3726 -77.5804 101.359
v -49.3409 -76.7802 101.348
v -53.5523 -75.0469 101.264
v 59.0422 -74.2333 100.462
v -56.1642 -73.9846 101.37
v -51.2058 -75.4464 101.8
v 59.7996 -74.384 101.207
v -63.5347 -72.1027 100.488
v -58.3248 -72.9534 101.509
v -61.1684 -71.5591 101.561
v 59.0977 -64.7317 100.641
v -66.9351 -69.7552 101.135
v -65.1363 -70.033 101.778
v 59.8188 -65.2805 101.295
v -68.9752 -67.6672 102.722
v 58.2005 -63.5458 100.138
v -74.9813 -63.3743 102.081
v 61.3406 -61.484 101.602
v 60.6254 -61.4432 100.917
v 58.9811 -57.3146 100.111
v 55.6997 -57.1454 99.987
v 60.3247 -55.9305 100.36
v 54.1764 -56.1068 99.82
v 61.1088 -55.8175 100.704
v -83.929 -56.9252 102.179
v 61.8003 -55.8067 101.242
v 58.9492 -42.2292 100.141
v -92.0829 -52.01 101.655
v 60.7366 -42.7712 100.53
v -97.0709 -46.489 102.05
v 61.9757 -43.2393 101.434
v 54.3433 -41.2289 99.958
v -99.7826 -42.5762 102.505
v 61.2768 -40.1178 101.088
v 56.9235 -35.5804 100.182
v 58.6705 -38.1529 100.307
v 59.8476 -37.4251 100.766
v 53.0573 -35.2768 99.9626
v 61.3471 -38.1912 101.7
v -103.508 -36.1127 103.976
v 53.1174 -32.0268 100.187
v 57.1441 -33.9064 100.332
v 59.0648 -33.9429 101.064
v 51.6383 -30.8976 100.003
v 56.4991 -32.0419 100.671
v 57.3474 -31.2202 101.575
v 59.1412 -32.662 101.953
v 53.4381 -30.3003 100.712
v 54.6695 -29.5981 101.51
v 52.2797 -28.0984 101.301
v 49.5445 -26.571 101.014
v 47.8604 -24.57 100.93
v 45.4239 -21.1238 100.644
v 46.1904 -20.2004 101.559
v 12.9065 -20.4669 101.101
v 14.0688 -20.1211 102.052
v 43.7985 -20.0005 100.621
v 15.6292 -18.9452 102.744
v -110.549 -19.189 105.626
v 16.6702 -18.2089 103.021
v 43.4256 -18.8757 101.271
v -111.865 -16.8852 103.223
v 12.6984 -17.2784 102.031
v 19.1663 -17.599 103.176
v 39.2693 -17.7977 102.582
v 41.9512 -18.1684 101.901
v 13.5321 -14.4174 102.426
v -5.17791 -10.1488 104.962
v 14.4319 -8.99421 102.659
v -112.48 -5.69269 102.251
v -112.104 -1.47428 102.891
v -10.7303 -1.66673 102.547
v -10.2569 -0.486817 103.702
v 4.87808 2.24735 102.518
v -108.275 8.26344 102.721
v -4.59855 9.46747 101.855
v -105.616 11.7348 101.82
v -105.264 13.221 101.342
v -5.6168 11.4308 103.103
v -103.121 14.3304 102.007
v -8.44048 14.0962 101.818
v -105.367 15.0019 101.116
v -102.327 16.2113 101.716
v -12.8026 18.4719 101.941
v -103.059 17.5366 101.42
v -106.198 20.458 101.185
v -13.5934 20.2175 101.31
v -102.128 18.7473 101.93
v -104.795 20.6017 101.532
v -16.5337 21.679 102.29
v -104.965 22.1487 101.846
v -106.007 23.6793 101.419
v -16.0698 22.6334 101.459
v -18.6938 23.6355 102.039
v -16.8831 25.497 100.78
v -105.972 25.2826 101.295
v -19.7921 24.9362 101.726
v -22.8293 28.5043 101.618
v -20.6008 28.5449 100.762
v -103.463 28.2836 103.056
v -25.5971 30.6892 101.69
v -22.6849 27.0239 102.514
v -102.071 30.834 102.785
v -27.9428 32.6573 101.601
v -98.1684 35.492 101.749
v -31.112 33.9013 103.251
v -94.663 37.7406 101.75
v -97.2776 37.344 101.269
v -34.4111 36.4077 102.87
v -92.3088 38.8904 102.254
v -37.8631 38.6304 102.301
v -93.9267 42.4813 101.048
v -90.8331 41.3149 101.573
v -42.1236 40.1485 102.918
v -89.1406 41.4456 102.047
v -88.6516 45.8738 101.233
v -86.7392 42.8552 101.655
v -47.2302 42.6219 101.938
v -83.5185 45.1315 101.473
v -83.8029 44.0241 102.044
v -81.6515 44.7179 101.815
v -84.9035 48.206 101.227
v -77.8434 46.2996 101.812
v -55.7606 46.5917 101.465
v -55.1064 45.2308 103.093
v -75.6214 47.8693 101.509
v -74.8981 46.8156 101.997
v -64.0993 47.3391 101.677
v -80.4358 49.1081 101.229
v -67.3264 49.2491 101.173
v -73.0259 49.9687 101.2
v -81.4625 50.2045 100.785
v -78.693 50.6658 100.961
v 37.6271 -95.2169 103.33
v 60.4739 -95.1154 102.4
v -13.6845 -92.9564 103.551
v 65.427 -92.2516 103.049
v -21.9941 -89.2675 103.046
v 66.4556 -89.124 102.858
v 66.0909 -87.5345 103.024
v 64.9989 -85.3502 103.671
v -33.9619 -83.9854 103.327
v 62.904 -81.3333 103.553
v 61.7544 -79.5072 102.463
v -44.4055 -78.3674 102.397
v -48.0385 -76.7322 102.592
v -53.8337 -74.2266 102.363
v -56.4854 -73.1244 102.486
v -60.0753 -71.4814 102.464
v -62.3889 -70.3469 103.141
v 60.834 -65.7295 102.842
v -80.7707 -58.7192 103.834
v 62.431 -55.4828 102.048
v -86.5952 -55.0008 103.602
v -98.2857 -44.6689 103.219
v 62.648 -42.0331 102.487
v 60.4265 -34.8637 101.915
v -104.833 -34.0835 104.488
v -107.899 -28.2101 104.992
v 53.7872 -27.8418 102.644
v 49.3594 -24.5465 102.613
v -110.135 -21.7464 105.061
v 48.0191 -21.0599 103.373
v 13.0068 -18.275 102.955
v 44.7067 -17.7478 104.13
v 27.8914 -17.3819 103.784
v -111.745 -14.8825 104.575
v -6.47586 -7.59978 104.583
v -2.10974 -4.94919 103.25
v 11.0382 -2.09707 105.668
v -3.87987 -0.864283 102.605
v 6.62955 1.15905 102.758
v -2.44619 2.16083 103.113
v -6.08913 3.84098 103.88
v -0.824319 2.93662 102.711
v 2.90576 2.42113 103.034
v -109.837 4.92267 102.753
v -4.59309 5.94261 102.484
v -4.73904 10.3207 102.486
v -104.473 11.6388 103.446
v -101.029 19.2585 103.217
v -101.365 20.7734 103.47
v -104.269 23.743 103.388
v -104.778 26.0306 102.882
v -26.5106 30.038 103.399
v -28.9129 31.7684 103.518
v -99.0929 33.2857 103.259
v -97.0211 34.3704 103.55
v -94.3808 36.6695 103.353
v -88.3804 40.8218 103.288
v -47.8822 41.8728 103.632
v -83.9999 42.9385 103.38
v -81.0172 43.7365 103.225
v -50.1018 43.1469 103.275
v -76.6406 45.1771 103.427
v -68.5645 45.401 103.613
v -65.3426 46.5111 102.365
v -59.071 45.5433 103.522
v -1.06071 -94.3801 104.475
v 25.2151 -95.107 103.606
v -6.19516 -94.0112 103.746
v 5.9192 -94.785 103.785
v 64.5207 -93.3381 103.794
v -15.7977 -91.7901 104.677
v 66.6026 -90.8422 103.923
v -24.0694 -87.8552 104.234
v -27.6695 -86.8851 104.374
v -36.308 -82.2163 104.864
v -40.7801 -79.9958 103.899
v 61.3361 -76.7331 103.094
v 60.8116 -73.7053 102.784
v -54.3812 -73.7608 103.925
v -63.7552 -69.5708 104.287
v -66.6347 -68.4341 103.825
v -69.7208 -65.3444 104.527
v 62.3804 -62.6015 103.77
v 62.7858 -59.5645 103.837
v 63.506 -56.8399 104.254
v -87.7616 -53.9427 104.305
v -91.0078 -52.3503 103.967
v -93.3089 -50.5537 103.336
v -95.2647 -48.4532 104.013
v 63.5292 -43.1248 104.309
v 63.253 -39.3444 104.308
v 61.9392 -34.9515 104.204
v 60.3812 -31.8935 104.323
v 56.8813 -28.9795 103.393
v -108.136 -26.8483 106.074
v -109.127 -24.051 105.685
v 46.3845 -18.8524 104.239
v 12.7809 -16.8961 104.075
v 42.9658 -16.8557 104.906
v 13.4473 -12.0812 104.694
v -111.794 -8.26581 104.528
v -4.58183 -10.6448 104.97
v -3.10955 -10.7153 105.387
v 14.1351 -6.13496 104.139
v -10.1417 -4.33364 105.464
v -111.945 -2.45631 103.727
v -10.6046 -3.07942 103.594
v -2.92058 -2.68268 104.048
v 12.3672 -3.29716 105.808
v -2.83781 0.468386 103.769
v -10.0132 -0.0291625 104.635
v 8.69602 -0.326717 104.126
v -5.02152 4.73949 103.464
v -4.05567 7.88954 102.87
v -9.51081 13.5237 104.117
v -102.855 12.5329 104.769
v -100.105 15.3813 105.285
v -100.555 16.6034 103.783
v -13.4969 16.9259 104.867
v -25.5586 28.2376 104.1
v -91.2701 38.1019 103.54
v -38.9188 38.1786 103.483
v -62.7463 44.8019 105.012
v 45.742 -94.2125 105.57
v -2.77797 -93.124 106.115
v 25.1201 -94.1794 105.655
v 61.4075 -93.5831 107.385
v 63.0516 -93.9263 105.405
v -8.58313 -92.8119 106.423
v -6.9113 -93.4589 104.863
v -19.3618 -89.279 104.625
v 67.374 -89.5597 104.561
v 67.1779 -87.8892 104.474
v -31.4551 -82.9789 107.241
v -37.9176 -80.2199 107.143
v -42.4555 -78.4146 106.457
v -50.3565 -75.5865 107.425
v 62.6358 -75.4272 104.534
v -58.8098 -71.5642 104.558
v 62.5954 -65.017 104.532
v -67.7405 -67.0148 104.609
v -75.7959 -62.0642 104.166
v -71.5482 -63.1735 105.395
v -77.3608 -60.8912 104.776
v -82.8639 -56.6784 104.319
v -84.0191 -55.7328 104.827
v -96.8284 -46.0031 107.173
v -99.349 -42.1364 105.492
v -100.886 -39.8567 106.259
v -106.844 -29.4237 106.287
v 58.2009 -28.1847 104.795
v 52.3595 -23.9273 104.399
v 55.4551 -25.4208 104.783
v 49.3533 -20.8401 104.51
v 13.8344 -18.1451 103.56
v 13.0977 -17.2914 104.284
v 37.813 -17.1052 104.709
v 18.6873 -16.8963 104.53
v 24.1683 -16.793 104.705
v 26.6619 -16.6265 105.609
v 13.2335 -15.1985 104.598
v -2.04709 -10.1615 106.342
v -1.41933 -8.1799 106.292
v -7.58138 -6.27738 104.508
v -1.45227 -4.46896 104.893
v -10.49 -3.7472 105.374
v -10.9412 -1.88929 104.671
v 3.16403 -1.22223 104.836
v -2.47438 -1.32927 105.038
v 4.73537 0.73847 103.747
v 6.42345 -0.171687 104.239
v 6.39242 -0.757509 105.012
v -1.95274 -0.130717 105.167
v 0.689427 0.980967 104.287
v -110.018 2.12363 105.14
v -0.889438 1.58067 103.97
v -107.38 7.36095 104.46
v -3.51415 5.18269 104.76
v -107.383 6.74383 105.154
v -2.71203 6.9063 104.832
v -2.76601 7.83134 105.053
v -104.35 10.0638 105.01
v -3.92148 9.57268 104.542
v -4.94926 10.3313 105.904
v -11.1748 13.9647 105.181
v -97.9326 16.9241 106.365
v -99.0757 18.7708 104.207
v -97.5298 17.9492 105.668
v -100.071 19.4371 103.856
v -96.5823 20.9512 104.687
v -17.1332 20.0864 105.446
v -99.8609 22.1468 104.138
v -101.756 24.3181 104.196
v -21.1991 22.4417 106.283
v -104.061 25.0298 103.624
v -96.5366 25.9141 104.331
v -95.2634 24.9228 104.654
v -94.1127 28.4048 104.581
v -23.5777 24.3186 106.184
v -101.803 27.366 104.108
v -98.4817 31.4085 104.189
v -94.184 30.2634 104.382
v -101.092 30.4304 103.621
v -91.6947 32.6431 104.62
v -28.5506 28.4574 105.648
v -32.8504 32.0184 105.492
v -91.4881 35.9851 104.278
v -34.566 35.4986 103.749
v -93.9234 35.5096 104.03
v -36.8629 34.4268 105.273
v -89.8365 36.3194 104.634
v -40.2802 36.5527 105.306
v -87.3789 40.3302 103.928
v -87.1727 38.1989 104.673
v -43.8658 38.0968 105.444
v -84.034 39.4817 104.636
v -83.6815 41.8073 104.046
v -77.9403 41.3645 104.643
v -46.5743 40.0209 105.028
v -51.4726 41.6308 105.201
v -80.2078 42.8896 103.943
v -73.1291 43.5741 104.479
v -74.0799 41.7117 105.597
v -76.3437 44.0389 104.033
v -70.7455 44.5669 104.172
v -56.2137 43.3718 105.311
v -70.5911 42.8414 105.65
v -68.1624 43.9925 105.122
v -65.4848 44.6065 105.156
v 5.0604 -94.1705 105.072
v 65.1967 -93.1782 105.69
v 67.0902 -91.3898 106.271
v -28.2695 -84.6524 107.739
v 64.7928 -83.5842 104.414
v 63.9364 -81.6405 104.46
v 62.8135 -78.651 104.356
v -45.8209 -77.1386 107.369
v -54.9542 -73.426 105.67
v -65.8685 -67.9432 105.998
v -70.8885 -63.2331 106.048
v 63.5487 -63.8273 104.838
v -76.0889 -61.1989 105.206
v -79.0474 -58.7594 105.194
v -86.2397 -53.967 105.876
v -92.2185 -50.1077 106.877
v -98.1408 -43.8491 105.725
v -110.775 -16.3739 107.894
v 14.6278 -16.131 105.612
v 28.3666 -16.9484 105.482
v 40.2932 -16.6036 105.799
v 13.185 -13.6611 105.741
v 13.7077 -7.96724 106.388
v -110.975 -7.25146 107.082
v 13.6825 -5.83756 106.039
v -0.814425 -5.25897 105.837
v -11.8654 -2.0012 106.97
v 1.54053 -2.00997 105.834
v 3.13099 -2.27183 106.331
v -0.0833984 -0.367204 105.372
v 8.87719 -1.88509 107.05
v -7.58808 3.12932 106.437
v -6.43348 3.99454 106.831
v -2.75787 6.2775 106.167
v -95.5253 20.6647 105.678
v -93.8423 24.8216 105.72
v -26.2412 26.2078 106.221
v -91.8394 30.2181 105.626
v -89.6501 33.9721 105.639
v -88.2077 36.1516 105.756
v -84.8798 37.754 105.634
v -81.0926 38.6699 105.655
v -47.1974 39.2192 105.712
v -77.665 40.0295 105.68
v -59.3661 43.2985 105.655
v 7.04224 -93.4218 107.432
v 25.1945 -93.554 107.25
v 3.67064 -93.1825 106.325
v 64.2196 -93.4689 106.936
v -11.4942 -92.1668 107.427
v -17.0629 -89.2133 108.691
v 68.0126 -89.5147 106.509
v -18.3591 -88.5063 108.421
v 67.7656 -87.7901 105.589
v -25.1304 -86.634 106.057
v 66.5703 -85.5567 105
v 68.2106 -86.3706 106.474
v 67.595 -84.6999 105.789
v 66.0597 -81.8679 105.091
v -35.1614 -81.6769 106.941
v 63.7585 -77.1656 104.847
v 64.8911 -75.381 104.962
v 66.2927 -75.9038 105.238
v 67.485 -75.8239 105.779
v 67.8192 -71.7344 105.271
v 67.8679 -68.3964 105.023
v 69.5818 -70.4884 105.905
v -61.2565 -70.2806 107.685
v 69.9367 -67.3231 105.351
v 71.0304 -67.3341 105.946
v -65.1528 -67.5234 108.549
v 70.9463 -63.4254 105.252
v 64.9823 -60.4231 104.96
v 72.3704 -63.7642 106.044
v -69.5214 -63.472 108.477
v -73.1044 -61.8806 105.692
v 68.9938 -60.3067 105.061
v 70.717 -60.7789 105.23
v 72.5173 -62.0294 106.031
v -73.65 -59.8466 106.855
v 64.0478 -57.948 104.705
v -75.8912 -58.6338 106.61
v 70.7887 -58.2312 105.481
v 71.9079 -57.4563 106.37
v -80.8669 -56.9561 105.576
v 68.9076 -49.7693 105.137
v -81.5074 -55.4849 106.431
v -77.3058 -57.4041 106.865
v 64.8628 -39.8844 105.001
v 70.1331 -49.8869 105.387
v 71.0232 -50.6074 105.752
v 71.7627 -50.4539 106.447
v -89.8121 -51.4242 107.14
v -85.5963 -52.3765 109.004
v 64.0415 -38.9675 104.796
v -95.5028 -47.3108 108.257
v 70.8891 -46.9211 106.344
v 67.9573 -43.7019 105.171
v 69.553 -43.454 105.585
v 70.1537 -41.2449 106.317
v 67.6966 -39.4801 105.325
v 68.9448 -38.2142 106.095
v -102.784 -35.0702 107.322
v 65.9833 -36.5789 105.35
v -101.673 -37.115 107.343
v 67.6302 -36.2778 106.105
v 63.0411 -34.9035 104.878
v 66.0629 -34.3462 105.954
v 61.4674 -31.8547 104.875
v 63.7296 -32.0944 105.362
v -105.286 -30.9291 107.484
v 64.6533 -31.1783 106.021
v 65.971 -32.371 106.86
v 63.1239 -29.7202 105.654
v 61.3349 -27.8622 105.51
v 63.0213 -27.764 106.502
v 64.5109 -29.314 107.059
v 59.6983 -25.2195 105.613
v 52.5487 -22.7748 104.928
v 56.6611 -23.2609 105.352
v 61.0427 -24.4613 106.732
v 59.4013 -23.2347 106.446
v 55.5906 -20.6303 105.888
v 56.607 -20.2513 106.553
v 48.9557 -19.1729 105.072
v 53.4992 -20.6049 105.403
v 46.5489 -17.6653 105.216
v 52.3075 -18.5765 105.794
v 55.0809 -19.0257 106.903
v 53.2273 -18.0337 106.467
v 37.187 -16.6427 107.459
v 48.3467 -16.6821 106.198
v 13.9708 -15.119 106.183
v 18.6067 -15.4604 106.115
v 22.7519 -15.2216 106.488
v 25.4172 -15.6107 106.584
v 43.3221 -15.6855 106.323
v 13.4629 -14.5179 105.961
v -111.301 -10.8688 107.655
v 12.6115 -12.3197 106.974
v -2.96256 -12.0951 108.761
v -3.58027 -12.3312 109.503
v -7.68695 -7.40048 108.65
v -0.379506 -6.52156 107.301
v -0.775752 -3.25535 105.67
v 0.621773 -4.40755 107.104
v 0.450832 -3.12342 106.145
v -1.00167 -1.33789 105.705
v 1.82678 -3.20097 107.06
v 6.57296 -2.87279 108.839
v -110.518 -2.89327 107.939
v -11.2139 -0.427051 106.324
v -108.937 2.62457 107.503
v -9.84611 1.3624 107.745
v -4.03713 4.93447 107.414
v -107.073 6.1165 107.436
v -105.984 7.78553 106.911
v -2.60088 7.4621 106.774
v -104.154 9.88583 106.423
v -3.48579 8.95254 106.962
v -102.035 12.6574 107.204
v -4.79284 9.81279 107.047
v -10.1688 11.6777 107.797
v -11.838 12.5953 108.004
v -99.8549 14.9467 107.34
v -95.563 18.2708 107.344
v -93.5722 20.4084 106.837
v -18.9015 20.4422 106.717
v -92.9087 22.2519 106.516
v -91.4736 23.3184 107.195
v -90.8573 25.8138 106.589
v -89.7924 26.1601 107.252
v -90.9081 27.3667 106.314
v -87.8441 29.2291 106.776
v -29.5719 27.8385 106.286
v -32.4441 27.7542 107.269
v -32.7776 28.7879 106.677
v -89.4763 32.0615 106.094
v -35.725 30.328 106.684
v -35.0815 29.491 107.217
v -85.4636 31.0103 107.118
v -39.2704 31.2802 107.109
v -85.259 32.2435 106.456
v -40.1348 32.3277 106.667
v -37.4024 33.4798 105.912
v -82.4881 32.2429 107.252
v -79.2506 34.4552 106.649
v -86.4301 35.7235 106.185
v -80.6332 34.6597 106.422
v -78.1938 34.1481 107.208
v -42.3175 34.496 106.514
v -43.3286 33.7845 107.213
v -41.1952 35.8606 105.942
v -75.3405 35.6961 106.896
v -46.1935 36.028 106.621
v -80.9137 37.3289 106.154
v -74.2975 37.229 106.452
v -73.1577 36.7282 106.824
v -50.0821 37.0941 106.724
v -47.3931 35.9033 107.048
v -71.0799 38.0533 107.005
v -53.6023 38.1438 106.961
v -76.9667 39.0404 106.159
v -70.9832 38.7792 106.528
v -65.4681 39.0785 107.045
v -57.9507 38.7807 106.861
v -52.8345 38.77 106.494
v -49.8328 39.3495 106.097
v -66.4565 39.8997 106.521
v -59.6872 39.9755 106.512
v -60.9385 39.179 106.959
v -72.8773 40.7619 106.155
v -56.2851 41.5765 106.113
v -67.2055 42.1029 106.194
v -61.7867 42.0245 106.249
v -53.3407 41.3437 105.76
v -65.8754 43.6043 105.82
v -62.2031 43.3829 105.939
v 30.4754 -93.3261 108.116
v 65.6192 -92.8273 107.478
v -6.21406 -92.2939 107.942
v -14.9083 -90.1591 108.83
v -20.5456 -87.4908 108.243
v -25.405 -85.6861 107.82
v 69.0799 -81.2991 107.393
v -43.0618 -77.8534 107.74
v 68.8501 -75.5411 107.082
v -48.4457 -76.0961 108.362
v -53.7804 -74.0874 108.075
v -56.6317 -72.3038 107.831
v 70.5851 -72.122 107.531
v 71.4397 -69.5927 107.596
v 72.4588 -66.9392 107.827
v 73.5566 -64.1465 108.151
v -67.971 -65.1798 108.231
v 73.7508 -59.8268 108.528
v -81.6581 -54.3647 108.329
v -91.2401 -49.9007 109.372
v 70.955 -42.1119 107.183
v -97.7695 -42.8731 107.894
v -100.454 -39.4211 107.689
v -98.399 -41.3687 108.231
v 70.4656 -38.631 107.846
v 69.3991 -36.7448 107.706
v 67.6311 -34.6334 107.438
v -106.534 -28.5189 107.872
v 63.0566 -26.8148 107.342
v 59.0704 -22.2218 107.103
v -109.025 -19.436 109.69
v 57.3227 -20.4091 107.237
v 30.4056 -16.6752 107.637
v 51.7628 -16.7783 107.292
v 28.0461 -16.1737 107.563
v 42.2817 -14.7403 108.481
v 47.3618 -15.6791 107.085
v -111.07 -13.5809 108.306
v 15.0558 -14.8351 107.442
v 19.3708 -14.5031 107.687
v 23.7278 -14.4295 108.161
v -4.72108 -11.295 107.502
v 12.2436 -10.9472 108.2
v -5.76783 -10.494 108.913
v 12.4789 -6.8342 108.239
v 12.146 -4.57729 107.889
v -12.0997 -2.28979 107.822
v 10.3981 -3.05411 107.985
v -13.2093 -0.517966 109.489
v -11.8881 0.282338 108.161
v -3.90114 5.58126 108.195
v -7.72647 10.0763 108.244
v -14.024 14.2124 109.661
v -16.1171 16.6438 109.072
v -94.0748 19.387 107.889
v -22.0825 21.2374 108.633
v -19.8935 18.971 109.894
v -91.7889 22.0054 108.996
v -23.9039 23.1639 108.069
v -26.6775 24.7609 108.245
v -30.4359 26.0952 108.509
v -86.3699 29.8362 108.131
v -75.8417 34.0928 108.929
v -72.9136 35.7409 108.416
v -71.0524 37.1261 108.263
v -52.098 36.4825 108.498
v -60.6141 37.8047 108.363
v 27.8711 -93.0978 108.339
v 62.9983 -93.1521 108.472
v 3.98391 -91.9979 108.986
v 68.2973 -89.9451 108.663
v 68.9855 -88.4048 108.581
v 69.9062 -86.3529 109.512
v 69.9614 -84.9176 108.996
v 70.1808 -82.9325 108.699
v -34.3597 -81.215 107.959
v -38.7859 -79.0876 108.539
v 69.5716 -75.5657 107.578
v -70.8654 -60.4184 109.456
v -76.2704 -56.35 109.52
v -72.7692 -58.7311 109.355
v 72.968 -54.2811 108.528
v 72.8249 -49.6072 108.656
v 71.9101 -44.0654 108.388
v -101.096 -36.0403 108.797
v -106.818 -25.6421 109.305
v 61.7685 -24.3984 108.824
v 58.2885 -20.8939 108.632
v 54.284 -17.7039 108.377
v 52.086 -16.5081 108.376
v 39.2943 -15.0472 110.308
v 49.9976 -15.8625 108.81
v 24.8304 -14.5377 108.656
v 43.8221 -14.2999 109.031
v 46.5555 -14.6498 109.122
v 13.4832 -13.9381 108.047
v -1.50716 -11.6253 109.747
v 11.6731 -11.701 109.596
v -1.69274 -11.0298 108.857
v -0.389757 -8.87218 109.744
v -8.95654 -6.21373 109.75
v -10.7552 -3.82858 109.556
v 1.83179 -5.08472 109.608
v 3.01293 -3.74161 109.178
v -108.249 -0.586818 112.079
v -8.73502 3.55356 108.404
v -107.633 3.97492 109.059
v -6.9618 4.53262 108.099
v -3.54811 6.77068 108.084
v -3.96254 8.75703 108.035
v -100.564 14.0711 110.253
v -88.5167 25.7964 109.959
v -87.6896 27.3094 109.196
v -33.8939 26.9616 109.88
v -39.6281 30.2082 109.14
v -43.479 32.0039 109.775
v -77.2393 32.9691 109.748
v -47.7878 34.9424 108.393
v -65.4237 37.7841 108.427
v -55.4014 37.1725 108.646
v 7.46356 -92.0803 109.34
v 25.2338 -92.0994 109.358
v 43.6583 -93.0872 108.582
v -10.5703 -91.5275 108.522
v -3.23972 -91.6381 109.387
v 31.7401 -91.6853 111.894
v 45.2347 -92.3259 109.948
v 55.0348 -92.3447 110.157
v 65.2785 -92.2499 109.441
v -13.0813 -89.8546 109.924
v 68.156 -90.0176 109.791
v -8.29644 -89.3809 110.987
v -17.3928 -87.8421 109.956
v -21.0724 -86.4072 109.557
v -24.8117 -84.6923 109.493
v -30.8532 -82.0375 108.474
v -29.7748 -80.8753 109.806
v 70.0217 -80.4738 107.933
v -32.4454 -79.282 110.137
v 72.1704 -79.6237 109.055
v -36.502 -78.6691 109.727
v 72.2046 -76.3724 108.359
v -41.6177 -77.5286 109.338
v -45.5417 -76.7077 108.969
v 73.4129 -75.8814 109.042
v -50.4646 -74.9054 109.59
v -53.5144 -73.9669 109.131
v 72.87 -72.6048 108.449
v 74.1513 -70.9175 109.274
v -53.6155 -73.4851 109.732
v -60.5123 -70.1464 109.172
v -56.5825 -71.6874 109.457
v -64.606 -67.2896 109.532
v 73.974 -65.3883 108.874
v -67.2247 -64.7105 109.605
v -69.1924 -62.2657 109.903
v 74.2387 -57.2367 109.401
v 73.7109 -54.1237 109.524
v -81.298 -53.3889 109.915
v -87.6631 -50.1304 112.501
v 73.8569 -46.2801 110.199
v -95.9376 -45.0181 110.805
v -97.3114 -41.5939 109.757
v 72.0064 -40.6153 109.904
v -98.2476 -38.5804 109.817
v 70.9365 -37.5927 109.888
v 67.2521 -32.2375 110.015
v -103.58 -31.7128 108.882
v 65.2032 -29.2157 108.99
v -104.002 -29.2466 109.939
v 55.0743 -18.0069 109.85
v 29.8431 -16.0299 109.763
v 31.7825 -16.0748 109.919
v 28.1557 -15.7307 109.811
v 33.7706 -15.8143 110.346
v 15.6023 -13.9609 109.877
v 25.3914 -14.6212 109.804
v 12.7038 -12.8989 109.661
v 23.0471 -14.1575 109.368
v -110.306 -12.8917 109.831
v 11.4381 -10.0199 109.18
v -110.05 -8.24335 109.617
v -7.24959 -8.42966 110.875
v 10.6355 -6.17504 109.4
v 9.97798 -4.25152 109.121
v 8.99732 -5.345 110.433
v 8.1939 -3.61197 109.504
v -13.0641 -1.62367 109.492
v -109.519 -2.09708 110.232
v -12.5391 1.84786 109.819
v -11.9376 1.83129 109.215
v -11.9286 3.68557 109.405
v -8.34019 4.94635 108.811
v -11.3433 6.64586 109.444
v -105.662 7.38308 110.813
v -7.08673 6.1566 108.988
v -5.24647 7.38758 108.893
v -11.3552 9.30421 109.538
v -9.79035 8.8732 109.11
v -103.717 9.88324 110.775
v -5.22607 8.51157 108.535
v -11.2425 10.7718 109.002
v -102.237 11.9053 112.085
v -98.2107 15.8789 109.511
v -97.2947 16.6369 112.368
v -23.9329 19.8256 110.625
v -26.0739 21.429 110.172
v -28.5012 24.4406 109.143
v -89.6493 23.9065 110.088
v -30.2081 23.8465 110.58
v -31.9269 25.9587 109.875
v -84.5168 29.2245 110.136
v -39.3999 29.2189 110.145
v -82.6952 30.29 110.216
v -79.3257 31.9329 110.227
v -46.3314 32.709 110.201
v -72.6042 33.6743 110.517
v -69.9222 35.7053 109.555
v -54.8368 34.9805 110.496
v -67.8297 35.126 110.572
v -56.8785 35.2262 110.553
v 49.4549 -92.2458 110.109
v 58.3596 -91.2982 112.514
v 0.645433 -91.1303 110.282
v 67.6764 -90.0305 111.443
v 69.9193 -87.1754 111.357
v 71.4229 -83.3067 110.575
v 72.8917 -79.7749 110.286
v -38.942 -77.6941 110.052
v -44.3478 -76.4393 109.781
v -47.2389 -75.6399 109.986
v 75.1485 -69.0001 110.521
v -59.9764 -69.7072 109.979
v -62.2621 -68.6677 109.672
v 74.7035 -67.0005 109.587
v 75.7969 -66.4892 110.917
v 74.8209 -61.5204 109.882
v -74.5171 -56.1962 110.442
v -82.9462 -52.0817 110.877
v 73.7107 -48.9668 109.75
v -92.2014 -47.8112 113.019
v -94.6401 -46.6008 111.072
v 68.9947 -33.3631 112.362
v -100.988 -33.8219 111.052
v -102.261 -32.4168 110.429
v 66.0689 -28.8749 112.679
v -105.624 -24.9135 111.744
v 63.6105 -26.0678 112.194
v 56.1278 -18.6934 112.268
v -109.653 -16.9023 110.019
v 52.6816 -16.5333 110.174
v 35.9904 -15.3119 110.987
v 50.126 -15.6235 111.248
v 41.7331 -14.1306 111.416
v 47.1261 -14.4003 111.034
v 13.3017 -13.1597 110.912
v 44.9844 -13.9604 111.274
v -1.92956 -12.7905 111.575
v -4.36778 -12.2424 112.004
v 11.4212 -12.1291 110.772
v 9.79649 -11.1374 110.977
v -109.323 -9.63884 111.009
v 9.22022 -9.75599 110.73
v -109.261 -3.77487 111.727
v 4.63269 -4.15598 110.055
v 7.71726 -4.81198 110.454
v -13.0536 1.018 110.913
v -13.0574 2.63384 110.651
v -13.8175 4.92323 111.077
v -12.7694 7.78381 110.587
v -12.9448 11.9262 110.026
v -17.0645 15.8029 110.432
v -14.3977 13.3576 110.439
v -94.0025 19.1944 112.2
v -90.6986 22.402 110.793
v -40.2844 28.4991 110.911
v -76.2703 32.5384 110.561
v -4.9039 -90.0716 110.993
v 1.48256 -90.1519 111.712
v 5.08508 -90.2528 111.976
v 8.90777 -90.5994 112.615
v 25.7351 -90.9727 111.95
v 29.5301 -91.1159 112.901
v 39.8274 -91.4834 112.343
v 46.9601 -90.2214 112.175
v 55.4252 -90.3269 112.939
v 62.5451 -91.5061 112.215
v 65.1035 -91.0572 112.077
v -12.2895 -87.7497 111.36
v 69.0337 -88.3136 112.159
v -17.7829 -86.881 110.371
v -13.2022 -87.5319 111.122
v -14.9301 -85.5726 111.395
v -22.7344 -84.4218 110.4
v 71.2417 -84.6815 111.302
v -17.5668 -84.3189 111.405
v -25.402 -82.2994 110.517
v -20.8604 -82.721 111.408
v -28.9734 -80.1273 110.434
v -22.4738 -81.6213 111.378
v -24.8924 -80.4923 111.419
v 73.0128 -81.199 111.975
v -31.4622 -77.98 110.787
v -27.0727 -78.4984 111.453
v -35.5823 -77.3627 110.552
v -30.4149 -77.0847 111.192
v 74.6737 -77.373 111.926
v -42.2332 -76.164 110.329
v -39.1546 -75.919 110.751
v -29.3586 -76.7605 111.704
v -42.9618 -74.8996 110.71
v -33.0914 -74.8604 111.048
v -50.0503 -74.232 110.257
v -47.0416 -74.0743 110.727
v -36.726 -73.01 111.024
v -32.622 -73.5579 111.476
v -52.6172 -72.7841 110.469
v -49.9874 -73.182 110.698
v -45.9039 -72.7518 110.906
v -55.1069 -71.6566 110.222
v -36.2911 -71.8038 111.256
v -53.702 -71.0216 110.768
v -41.5882 -68.8719 111.01
v -57.4458 -70.1442 110.328
v -36.0475 -70.8198 111.688
v -56.4913 -69.101 110.796
v -55.2407 -67.6914 110.954
v -60.7715 -68.1092 110.596
v -48.9129 -64.1863 111.019
v -40.0374 -68.0635 111.419
v -38.2597 -69.2059 111.524
v -64.3939 -66.3604 110.247
v -41.691 -67.3396 111.179
v -62.9459 -65.9815 110.757
v -44.3796 -65.5864 111.174
v -42.2132 -65.6152 111.723
v -66.8198 -63.9459 110.26
v -65.4704 -63.664 110.743
v -64.6011 -62.8073 110.925
v -47.0223 -63.2708 111.443
v -67.8791 -61.1636 110.74
v -58.6247 -60.4637 111.038
v -51.4609 -61.8498 111.142
v 76.1229 -61.9456 111.334
v -70.9521 -58.7323 110.297
v -51.4678 -60.2292 111.742
v -70.0372 -58.1899 110.757
v -64.785 -57.7703 111.133
v -54.7423 -59.5481 111.406
v 76.4821 -58.7324 111.007
v 76.9675 -58.6641 111.687
v -68.5783 -56.4809 111.128
v -60.786 -58.7134 111.243
v 75.8145 -56.4628 110.398
v -57.8362 -58.6209 111.689
v -71.925 -56.333 110.888
v -63.6157 -57.0766 111.613
v -77.9103 -53.9818 110.834
v -67.9114 -55.6231 111.516
v -70.15 -55.0141 111.561
v 76.9132 -52.717 111.597
v -77.0475 -53.4484 111.457
v -73.6038 -54.134 111.698
v 75.7613 -51.7555 110.606
v -80.8679 -51.3328 112.46
v -78.6694 -51.5778 113.12
v -85.2281 -50.792 112.43
v 76.5604 -49.881 111.835
v 74.7225 -45.345 111.364
v -95.9536 -41.3154 113.541
v -97.5834 -36.1766 113.986
v -106.892 -21.7234 111.832
v 59.6366 -22.0775 112.926
v -106.023 -21.1958 113.802
v -107.835 -18.3885 112.366
v -108.777 -14.7492 111.498
v 27.9406 -15.943 112.171
v 29.4632 -15.9806 111.815
v 24.988 -14.8515 111.97
v 17.0598 -13.8786 111.793
v 20.8009 -14.2658 111.597
v -2.48755 -13.2255 115.217
v -0.79577 -11.8838 110.634
v -0.152438 -12.7234 111.833
v 0.731758 -11.9563 111.282
v 4.57254 -12.3842 111.651
v 13.1341 -13.055 112.594
v 6.29588 -12.1154 112.021
v 7.88296 -11.5868 111.634
v 10.3262 -11.9432 111.694
v 0.363205 -9.52849 110.633
v 1.81834 -10.2219 111.125
v 6.75347 -10.3424 111.215
v -6.96504 -8.83397 112.196
v 7.46558 -6.54534 110.998
v 5.35124 -5.93034 110.987
v 3.35855 -5.52953 110.608
v -10.1764 -4.25713 112.242
v -12.1462 -1.74942 112.639
v -12.7401 -0.902338 111.746
v -107.043 1.16643 112.827
v -13.726 2.63439 111.693
v -105.686 6.01703 112.955
v -15.0188 5.13011 111.75
v -15.2829 8.26887 111.397
v -16.6373 8.75331 111.779
v -103.985 8.78811 112.623
v -13.6541 10.3428 110.897
v -18.475 11.1957 111.605
v -19.6094 12.0405 111.585
v -15.2011 12.4289 110.99
v -100.251 14.0662 112.606
v -21.6958 14.5532 111.93
v -18.6141 15.3135 111.003
v -20.6172 14.7351 111.411
v -22.653 16.1379 111.655
v -24.3075 16.8852 111.742
v -25.9666 18.0142 111.794
v -20.7744 17.9444 110.836
v -28.5546 20.8804 111.53
v -32.3212 22.6591 111.771
v -88.2572 23.9892 111.507
v -35.6997 24.2836 111.726
v -33.1645 25.4532 110.74
v -85.6017 25.3284 112.825
v -84.7759 26.8229 111.725
v -40.4667 26.7243 111.77
v -44.1382 27.7921 111.806
v -82.8237 28.1154 111.704
v -47.4812 29.4031 111.713
v -80.531 29.0858 111.723
v -77.3629 29.8245 111.705
v -45.0431 31.0875 110.892
v -72.7846 31.402 111.67
v -51.8118 30.9612 111.759
v -70.0398 31.6856 111.705
v -55.6613 32.1811 111.925
v -49.9192 32.5741 110.895
v -67.0075 32.4521 111.68
v -55.7727 32.9059 111.505
v -67.3808 34.2038 111.042
v 43.3397 -91.1545 112.552
v 51.2497 -90.4674 112.576
v 49.2149 -89.3933 113.526
v -6.42181 -88.7454 112.447
v -3.50523 -88.7612 113.122
v 6.4393 -89.4177 113.986
v -11.6516 -86.7353 112.895
v 70.9228 -85.5655 112.721
v -13.7857 -84.6235 113.404
v -16.8793 -83.0658 113.098
v -21.2957 -80.8203 112.798
v -23.8766 -79.45 112.959
v -26.8137 -77.2745 112.742
v -31.5363 -72.7653 113.036
v 75.4293 -72.5121 112.979
v -33.3577 -70.8798 113.103
v 76.1703 -69.6155 113.492
v -36.3928 -68.6321 113.151
v -38.9232 -67.4979 112.861
v 76.8178 -67.0745 113.09
v -44.2495 -63.1397 112.816
v -47.6899 -61.4987 112.857
v -52.0444 -58.8075 112.772
v -63.5283 -56.0064 112.786
v -67.8217 -54.4032 112.857
v -71.6986 -53.0042 113.206
v -75.0313 -52.0145 113.314
v -90.0288 -49.0944 112.923
v 75.6501 -45.5674 113.005
v 74.6283 -43.2143 112.433
v 73.6202 -39.2402 113.762
v 70.939 -35.5722 112.707
v -101.797 -29.6197 115.289
v -104.182 -25.7634 114.091
v 52.0633 -16.478 113.338
v 33.1359 -15.8675 112.9
v 24.6469 -15.4034 114.068
v 35.6889 -15.221 112.796
v 39.0281 -14.8355 112.556
v 46.6163 -14.2247 112.836
v -107.682 -11.9006 112.888
v 16.5108 -13.8247 113.145
v 10.3009 -12.8671 113.764
v -108.893 -6.19453 112.433
v -8.42625 -6.70612 116.206
v -108.523 -2.3855 112.704
v -13.5992 1.235 112.825
v -105.895 3.10546 113.639
v -16.8515 6.1175 113.286
v -17.7738 7.61808 113.366
v -19.0921 9.96031 113.04
v -21.4109 12.3629 113.11
v -23.4864 14.1487 113.545
v -25.129 15.6368 113.382
v -27.9698 18.4631 113.254
v -92.3648 19.9126 114.926
v -91.1201 21.0232 113.875
v -31.3908 20.9181 113.036
v -88.6258 22.4748 113.635
v -36.5009 23.3811 113.091
v -40.4879 25.3637 113.082
v -82.6331 26.7602 113.302
v -78.2341 28.2675 113.431
v -45.4905 26.9566 113.083
v -48.9771 28.8711 112.937
v -73.4288 30.0783 113.367
v -53.4426 30.2626 113.281
v -69.5058 30.6759 113.065
v 64.816 -90.4504 113.016
v 25.2185 -90.3056 113.153
v 45.5854 -89.1957 113.966
v 67.231 -89.6448 112.672
v 2.28317 -88.5836 115.092
v 74.5543 -78.6814 114.008
v 75.0989 -76.4957 113.365
v -29.3934 -74.8831 113.059
v -40.4945 -65.0644 113.125
v 77.0039 -61.9126 112.998
v 78.081 -58.805 114.733
v -56.6747 -57.5792 112.91
v 77.857 -54.2658 113.794
v -80.2216 -50.4555 113.379
v -94.1333 -44.366 114.497
v -95.5231 -39.8214 116.032
v -99.6822 -33.0315 114.641
v -104.561 -23.4715 115.57
v 57.4981 -20.2211 116.284
v -106.806 -16.3528 114.08
v 29.0554 -16.9628 114.856
v 49.6072 -15.6613 113.84
v 21.4564 -15.2029 115.076
v 42.2806 -14.1519 113.761
v -3.3903 -12.8016 116.092
v 1.11049 -13.5088 113.865
v 4.66428 -13.5577 114.25
v 13.2065 -13.627 114.606
v -4.42966 -11.8522 115.51
v 6.67231 -13.1989 114.272
v -107.945 -7.85347 113.172
v -107.96 -3.89468 113.428
v -13.0911 -0.505822 113.429
v -16.9765 4.15108 115.07
v -104.306 7.33623 113.512
v -102.584 9.60312 114.61
v -98.5796 15.091 114.524
v -96.3457 17.1481 114.029
v -94.5128 18.2171 114.48
v -66.8866 31.1208 113.041
v -66.8234 30.244 113.703
v -56.5146 30.6214 113.463
v 27.7444 -89.3614 114.646
v 39.9047 -90.7527 113.316
v 58.4359 -90.3117 113.346
v 62.4937 -90.4012 113.354
v 12.5444 -89.2509 114.786
v 41.2266 -89.1594 114.511
v 37.3446 -89.2955 114.777
v 52.5467 -87.993 114.481
v 57.4974 -88.4664 114.119
v 65.525 -88.2852 114.178
v -4.90409 -87.5847 114.126
v -1.8263 -87.4936 115.85
v 68.0399 -88.0094 113.667
v -9.52894 -85.7159 114.433
v -7.46694 -86.3538 114.381
v 60.1393 -87.8228 114.657
v 69.7678 -86.2996 114.335
v -12.401 -84.1915 114.5
v -14.4744 -83.462 114.202
v 73.0547 -81.7109 115.928
v -18.0967 -80.9463 113.992
v -16.4819 -81.011 115.054
v -20.6259 -79.5833 113.655
v -18.4781 -78.8198 114.821
v -25.7794 -77.0131 113.284
v -23.4943 -78.0303 113.633
v -21.6029 -75.4805 114.386
v -25.2673 -75.8216 113.74
v -22.8615 -74.2847 114.161
v -20.5568 -76.388 114.744
v -28.1776 -73.3267 113.833
v -22.3462 -74.1385 114.331
v -30.13 -72.2779 113.666
v -23.9691 -73.7513 113.992
v -31.9612 -69.9074 113.779
v -23.0078 -69.4215 115.01
v -27.9053 -66.6109 114.028
v -26.0472 -67.3948 114.168
v -23.8381 -69.6873 114.356
v -34.7319 -67.6848 113.782
v -32.256 -67.1225 113.944
v -38.4559 -66.5728 113.49
v -25.7385 -65.6966 114.618
v -37 -65.0146 113.915
v -39.5049 -63.1724 113.85
v -31.506 -61.7768 114.054
v -42.5409 -62.6277 113.559
v -28.5707 -62.9711 114.267
v -45.187 -61.7033 113.352
v -48.7139 -59.9176 113.351
v -45.2763 -60.1924 113.818
v -30.2956 -60.6557 114.393
v -49.1574 -58.3238 113.758
v -38.5296 -58.6332 114.11
v -33.7523 -59.267 114.363
v -52.0605 -57.887 113.376
v -42.6409 -56.8856 114.211
v -37.9779 -57.893 114.366
v -54.2137 -56.7627 113.642
v -47.158 -56.1945 114.28
v -41.5433 -56.9934 114.376
v -63.4417 -54.7041 113.627
v -59.4133 -55.4116 113.68
v -50.8902 -54.5815 114.306
v -67.084 -53.6491 113.527
v -54.1175 -53.8126 114.265
v -60.2146 -52.5821 114.203
v -46.5234 -54.6244 115.255
v -67.8293 -52.4957 113.889
v 77.8683 -51.4497 114.438
v -70.3606 -51.0997 114.364
v -53.5596 -53.0376 114.772
v -74.0135 -50.2234 114.288
v -61.3575 -51.2272 114.526
v -59.2071 -51.3253 115.246
v -86.3286 -49.1958 114.113
v -76.7522 -49.0849 114.501
v 76.9027 -47.2485 114.783
v -79.0455 -48.5424 115.031
v -89.5849 -47.7947 115.523
v 74.624 -40.1839 115.945
v 72.3497 -36.4143 114.443
v 71.2458 -34.2454 114.71
v 68.7633 -31.7024 113.962
v 69.6017 -32.1694 115.125
v 67.2662 -29.0897 114.995
v -103.272 -25.8433 116.715
v 65.4536 -27.1231 115.658
v 62.7523 -24.911 115.822
v 61.3755 -23.3611 116.33
v 59.7348 -22.211 116.765
v -105.758 -17.1866 115.657
v 55.3596 -18.6091 115.902
v 27.9361 -16.8708 115.126
v 30.861 -16.6249 114.92
v 33.9002 -16.2273 114.546
v 35.1549 -15.6217 114.032
v 17.2686 -14.3434 115.155
v 39.0088 -15.36 114.493
v 40.9872 -14.9169 114.949
v 46.448 -14.5274 114.091
v -106.007 -12.6974 114.423
v -0.443221 -14.0648 116.21
v 9.00562 -13.9328 115.608
v 11.5017 -13.5973 115.22
v -6.25251 -8.92624 116.592
v -105.705 -5.45504 114.938
v -106.288 -6.42333 114.368
v -9.63352 -5.18734 115.72
v -106.342 -0.806317 114.164
v -12.5378 -1.84281 114.483
v -105.585 0.775602 114.739
v -14.8258 0.0636788 115.365
v -104.468 4.75253 114.807
v -19.7712 6.89124 114.607
v -102.637 6.7949 115.993
v -23.1692 10.0197 114.7
v -20.8535 10.4421 113.779
v -25.4872 12.4221 114.689
v -100.373 12.9387 114.723
v -27.7663 14.3906 114.673
v -27.0859 16.5093 113.815
v -30.1516 15.5881 114.899
v -96.5027 16.4603 115.233
v -32.1512 17.029 114.655
v -35.308 19.3103 114.539
v -30.2285 18.8496 113.858
v -34.9239 17.9689 115.171
v -38.4088 19.8878 115.234
v -33.8885 21.0091 113.858
v -40.8187 21.6531 114.719
v -39.7841 23.5789 113.919
v -86.579 23.2093 114.304
v -44.3946 22.8322 114.681
v -83.3668 24.2366 114.769
v -48.0431 24.3973 114.585
v -46.6105 23.0986 115.275
v -50.9667 24.9977 115.003
v -44.4729 25.3107 113.852
v -80.6815 25.949 114.537
v -53.9153 27.0765 114.6
v -47.6317 26.6583 113.854
v -76.8606 26.8038 115.011
v -49.793 27.8607 113.882
v -56.3787 27.7965 114.57
v -59.1736 27.3978 115.228
v -73.1073 28.1377 114.75
v -66.3757 28.8175 114.454
v -65.5246 27.8818 115.254
v -61.162 28.2597 114.635
v -53.2848 29.2337 113.907
v 40.0802 -88.7352 115.284
v 1.50937 -87.5853 117.062
v 9.63909 -88.3407 115.781
v 44.1188 -87.3002 116.186
v 49.8048 -87.4924 115.802
v 67.2006 -86.1935 116.098
v 68.962 -86.0213 115.754
v 70.8466 -84.4012 117.063
v 72.161 -83.0166 116.563
v -14.8674 -81.8071 115.824
v 74.47 -78.6593 115.845
v -19.2664 -77.389 115.607
v 75.1127 -76.5295 115.61
v -21.6017 -73.5716 115.531
v 75.4267 -74.3067 116.476
v -22.1188 -71.3261 115.729
v 76.8027 -70.0219 116.639
v -23.5956 -67.1388 115.345
v 77.8344 -65.1367 116.414
v -25.4506 -63.7766 115.347
v -29.1941 -59.3369 115.353
v 77.9201 -61.5245 115.885
v -32.991 -57.3748 115.395
v -37.7256 -56.1054 115.438
v -42.446 -55.0311 115.378
v -50.1717 -52.9482 115.518
v 78.2302 -53.5098 115.64
v -54.414 -52.2501 115.442
v -64.6622 -49.7012 115.66
v -75.6796 -47.6541 115.664
v -92.0565 -45.6708 116.505
v 75.8668 -44.2642 116.083
v -96.1313 -38.0875 115.46
v -97.3608 -35.1304 115.076
v 68.002 -29.8706 116.557
v -104.367 -21.4727 117.092
v 39.1535 -16.1217 115.396
v 48.9099 -16.1143 115.346
v 5.93562 -13.9684 116.479
v 44.2792 -14.576 114.793
v -16.1525 1.47628 115.698
v -20.4612 5.5968 115.949
v -100.275 12.4307 115.337
v -26.3366 11.4731 116.195
v -88.8601 21.1314 115.282
v -42.959 21.5434 115.613
v -85.0169 22.5779 115.925
v -80.3898 24.2083 116.454
v -55.4589 26.3436 115.702
v -67.9178 27.3124 115.866
v 12.4709 -87.8803 117.581
v 13.5804 -88.4573 116.656
v 36.1855 -88.4147 116.742
v 41.7106 -86.646 118.419
v 0.22758 -87.0891 117.751
v 9.74843 -87.4395 117.492
v 51.1796 -86.9302 116.647
v 59.7181 -87.1239 115.832
v 62.865 -86.3155 116.189
v -4.31196 -85.591 117.604
v -11.4168 -82.7756 117.641
v -20.5849 -74.7548 117.321
v -22.0401 -69.041 116.269
v -22.455 -66.0454 116.047
v -23.1999 -63.5217 115.948
v -21.7846 -61.9502 116.742
v -26.3094 -60.9335 115.767
v -23.728 -57.6974 116.189
v -22.3937 -58.9213 116.523
v -27.5173 -58.4158 115.863
v -30.1715 -56.6866 115.883
v -25.2934 -55.1086 116.158
v -37.117 -55.1332 115.794
v -32.6958 -55.0648 115.944
v -23.9479 -55.1391 116.636
v -41.6522 -53.8981 115.812
v -27.9936 -50.2944 116.098
v -47.8894 -52.6102 115.859
v -38.6457 -52.849 115.993
v -49.4037 -51.8126 116.282
v -26.0169 -49.7695 116.704
v -51.5236 -51.8776 116.413
v -45.9932 -51.5895 116.017
v -31.4466 -48.4245 116.063
v -26.9239 -49.9811 116.271
v 78.0244 -50.8757 116.601
v -55.1223 -51.1635 117.228
v -46.807 -50.4018 116.47
v -42.0493 -48.6596 116.108
v -70.079 -49.2865 115.518
v -62.1336 -49.6967 116.214
v -67.1789 -48.6441 116.1
v -64.7339 -48.6182 116.622
v -42.7409 -47.4778 116.559
v -27.3328 -47.8491 116.787
v -87.3294 -47.2972 116.819
v -81.4697 -47.349 116.739
v -71.1906 -46.487 116.415
v -43.637 -47.6115 116.945
v -36.2143 -47.6181 116.208
v -29.8428 -47.1189 116.252
v -78.689 -47.0548 116.809
v -75.2886 -45.997 116.824
v -67.8764 -47.2343 116.839
v -32.3508 -46.648 116.292
v -72.6978 -45.9646 116.622
v -41.3898 -46.9735 116.825
v -35.9751 -46.6834 116.664
v -29.138 -46.4092 116.669
v -32.4394 -45.6045 117.085
v -94.0175 -42.333 117.63
v 72.8815 -37.2943 116.219
v -95.4932 -35.4353 117.077
v -96.1743 -33.7817 116.941
v 71.3949 -34.4783 116.87
v -99.449 -31.1865 116.378
v 68.9648 -31.5583 117.252
v -100.305 -29.2459 117.982
v -101.626 -27.93 117.621
v 29.5647 -17.6468 115.951
v 31.8304 -18.5304 116.609
v 38.5855 -18.0551 116.297
v 43.1844 -18.2955 116.521
v 45.1272 -17.2131 116.276
v 34.6628 -17.1274 115.637
v 47.4246 -16.9221 116.488
v 52.721 -17.5882 116.932
v 23.5219 -16.5894 117.115
v 46.9436 -16.1228 115.803
v 51.1375 -17.5172 117.677
v -105.03 -14.0281 116.583
v 18.729 -15.3572 116.814
v 43.1113 -15.3198 115.575
v 14.3408 -14.8218 116.853
v 9.43544 -14.885 117.395
v -104.069 -3.5448 117.132
v -13.0732 -1.84784 115.756
v -103.104 0.652047 118.227
v -15.9614 0.00778051 116.604
v -18.8112 2.60284 116.68
v -102.664 4.44246 117.941
v -20.422 4.16688 116.785
v -23.8718 9.47183 115.869
v -100.143 9.40173 116.646
v -97.2846 13.1467 116.721
v -30.9663 14.7797 116.195
v -93.9725 15.5524 116.873
v -31.9066 14.3309 117.534
v -35.1686 16.2455 117.962
v -94.1826 17.4998 115.655
v -90.8482 18.6869 116.649
v -38.9877 18.322 117.971
v -87.937 19.31 117.917
v -42.0515 19.7965 117.579
v -46.2055 21.5941 117.641
v -50.9027 23.1019 117.651
v -76.9329 24.6386 116.669
v -74.7401 25.4028 116.528
v -56.2704 25.3459 117.581
v -71.7283 25.7118 116.776
v -60.5895 26.3775 117.525
v -65.2865 26.4775 117.553
v 36.9718 -87.904 117.546
v 43.6457 -86.2769 118.404
v 57.3706 -85.4247 120.951
v 69.0367 -85.021 118.103
v -8.04851 -84.1654 117.921
v -13.2252 -80.7944 119.064
v -14.385 -80.2046 119.138
v -16.1986 -79.5302 117.966
v -19.4644 -76.1674 118.425
v 75.1425 -75.0831 118.412
v 76.353 -71.4598 117.857
v -20.7468 -69.3676 119.207
v -20.894 -66.717 118.119
v 77.8091 -65.1578 117.721
v 78.0511 -60.5608 117.342
v -20.6725 -62.0993 118.115
v 78.2437 -57.3054 118.09
v -20.9022 -58.0181 118.186
v -22.121 -56.3149 117.788
v 78.218 -54.7753 117.884
v -24.0984 -51.7148 117.791
v -49.1067 -50.8943 117.297
v -58.5488 -50.0911 118.269
v 77.7421 -50.1507 117.859
v -46.1354 -49.4002 117.103
v -89.1631 -46.9594 116.929
v -89.9595 -45.3964 119.203
v -70.5978 -45.771 117.284
v 75.4323 -42.9502 117.881
v -93.3189 -43.4305 117.903
v 74.7448 -40.3888 117.82
v 72.1044 -36.6389 117.459
v -96.0351 -33.0027 117.813
v 65.5598 -27.6136 117.525
v -102.478 -25.3697 118.029
v 62.4109 -25.1398 117.292
v -104.326 -19.4861 117.626
v 31.7368 -19.4669 117.888
v 42.9013 -19.4444 117.885
v 54.6693 -19.0763 117.722
v 26.5502 -18.18 117.911
v 47.6748 -17.7217 117.978
v -104.246 -14.6858 117.931
v 0.565834 -14.8751 117.9
v 14.5838 -15.8909 118.217
v -1.34394 -14.3706 117.812
v 2.7137 -14.4439 117.567
v 6.96547 -14.8614 117.907
v -4.49005 -12.004 118.395
v -104.102 -7.6072 118.373
v -9.77271 -6.36266 118.908
v -11.8688 -3.9312 118.815
v -14.7666 -2.1125 118.736
v -21.0382 2.98547 118.287
v -23.4912 6.68973 117.895
v -101.686 5.57159 118.152
v -25.742 9.48678 118.073
v -96.5595 12.0184 118.267
v -28.4962 11.1891 118.28
v -93.3169 14.9795 118.127
v -85.8501 20.1585 118.331
v -83.2954 21.9698 118.041
v -80.7125 23.0401 118.265
v -75.4665 24.0949 118.298
v -71.6614 24.3794 118.369
v -68.9537 25.3361 118.007
v 50.7866 -86.0524 118.885
v 59.8499 -85.1514 121.022
v 72.683 -81.2626 118.836
v 73.3688 -77.9286 120.932
v -17.4058 -78.1742 119.043
v -20.8931 -72.5803 118.861
v -23.1102 -51.5775 118.405
v -53.1254 -50.1428 119.639
v -61.9226 -48.7728 118.311
v -25.0599 -48.2855 118.242
v 76.4785 -47.3765 119.471
v -46.8462 -48.3836 119.424
v -44.5442 -46.5308 119.504
v -27.5145 -45.9113 118.326
v 76.3195 -46.2361 118.514
v -87.5381 -46.23 119.072
v -81.3601 -46.3265 119.048
v -78.924 -46.0882 118.836
v -68.7483 -44.6599 119.736
v -43.0437 -45.7064 119.695
v -37.7873 -45.3638 118.779
v -78.2 -45.1287 120.029
v -74.0401 -43.5836 119.88
v -30.8546 -44.4644 118.803
v -71.99 -43.7988 119.672
v -33.812 -44.3337 119.658
v -93.8744 -36.6124 120.005
v 72.6702 -38.078 118.191
v 71.205 -35.0588 117.777
v -94.7532 -33.4587 118.988
v 69.793 -33.1324 117.791
v -97.9591 -30.496 118.245
v 67.2018 -29.6386 117.777
v 67.9841 -32.0063 118.393
v 62.5044 -26.1036 118.217
v 60.6355 -23.5934 117.967
v 58.4717 -22.2846 117.99
v -103.277 -20.1157 118.517
v 56.4121 -20.3744 117.997
v 46.8918 -18.9829 118.668
v 21.2864 -17.0225 118.083
v 11.3069 -15.5336 117.952
v 16.7712 -15.6718 117.792
v 3.37901 -15.1305 118.372
v -3.049 -13.6551 118.652
v -6.85537 -8.58406 118.317
v -5.84553 -10.2877 119.109
v -103.209 -4.71167 119.02
v -17.9397 0.325293 118.336
v -99.191 8.58031 118.38
v -32.1474 13.3834 118.409
v -90.0259 17.7311 118.376
v -43.3992 19.4154 118.415
v -50.5339 22.4805 118.231
v -47.4373 20.7196 118.712
v -77.269 23.1499 118.621
v -54.7169 24.111 118.203
v -57.9169 24.7862 118.507
v -66.6606 25.6724 118.295
v -61.7765 25.3475 118.548
v 1.11496 -86.5201 118.347
v 9.98233 -86.6169 118.378
v 14.9296 -86.1378 119.329
v 34.6883 -86.4788 118.968
v -2.91642 -85.0293 118.502
v 2.22941 -84.9353 119.338
v 9.67031 -85.3244 119.299
v 13.8602 -85.7447 119.818
v 33.7124 -86.0259 119.596
v 45.665 -85.3645 119.852
v 65.1775 -84.5059 120.069
v -6.68371 -82.9074 119.696
v -0.265495 -84.2166 119.349
v 63.2745 -84.1345 121.432
v 69.6491 -83.6567 119.596
v 71.6429 -81.9404 119.826
v -9.11797 -81.8388 120.068
v 76.9131 -67.416 120.29
v -20.3973 -67.9326 119.625
v -19.3521 -65.6035 119.707
v -18.8769 -64.1999 119.546
v -18.9899 -62.1461 119.097
v 77.3219 -59.4995 121.177
v -19.1439 -60.291 118.873
v -17.384 -61.2966 120.041
v -16.3639 -58.2899 119.443
v -19.2228 -56.4291 118.852
v -15.2653 -53.4326 119.198
v -21.3486 -54.7852 118.604
v -14.4384 -53.389 119.467
v -14.2771 -50.9427 119.141
v 77.7658 -55.8434 120.227
v -20.5874 -51.2817 118.975
v -22.7765 -49.4455 118.796
v -14.5726 -47.6776 119.075
v -13.1418 -51.368 119.463
v -55.3516 -49.7011 119.637
v -51.2829 -49.913 119.762
v -48.5591 -49.1163 119.733
v -58.4632 -48.8412 120.031
v -12.9282 -48.3085 119.381
v -61.5713 -47.8885 119.715
v -24.8054 -46.3772 118.914
v -21.9225 -46.4974 119.086
v -15.37 -45.9732 119.195
v -13.1579 -46.4537 119.545
v -64.7759 -45.9683 119.799
v -25.6265 -45.2293 119.361
v -89.4988 -44.5336 120.238
v -37.8362 -44.6469 119.774
v -14.9143 -45.2301 119.543
v -91.7942 -43.2129 119.848
v -30.6126 -43.5783 119.906
v 75.0784 -43.8645 119.514
v -92.4202 -42.0054 120.083
v 65.4181 -41.0593 119.44
v 67.7979 -41.3303 119.498
v 74.3702 -40.8886 119.533
v -93.1865 -41.2569 119.542
v 66.6398 -40.2713 119.163
v 71.1957 -39.1516 119.211
v 72.1727 -40.0261 120.015
v 62.1882 -37.812 119.43
v 63.5589 -37.6311 119.15
v 69.6488 -38.8408 119.055
v 73.3045 -39.9298 119.6
v 70.1238 -37.6524 118.903
v 66.6985 -33.3218 119.009
v 71.1869 -37.1417 118.445
v 61.2125 -34.4606 119.431
v 61.9215 -32.9801 119.179
v 68.5261 -34.263 118.826
v 69.66 -34.1428 118.393
v 59.6415 -32.4093 119.456
v -95.5048 -32.0153 118.652
v 64.1561 -30.2413 119.024
v -93.2262 -30.1012 119.74
v -96.2081 -30.1951 118.895
v -93.5721 -29.5707 119.57
v 56.0116 -28.8817 119.455
v 56.8562 -27.8742 119.197
v 66.1312 -30.0286 118.63
v 60.8882 -27.3645 119.004
v -99.5775 -28.033 118.748
v -96.7486 -27.6951 119.343
v 53.614 -27.8804 119.592
v 64.4682 -28.3588 118.635
v -95.6309 -27.1769 119.903
v 50.8558 -26.2532 119.297
v -101.403 -25.2745 118.646
v 43.1182 -26.3375 119.488
v 48.6892 -26.9714 119.669
v -101.186 -22.5659 119.19
v 42.4771 -25.3538 119.242
v 37.3158 -25.1255 119.651
v 60.8256 -25.5756 118.672
v 33.3844 -24.2501 119.546
v 38.3269 -24.2276 119.252
v 55.0762 -24.18 119.111
v 56.5137 -23.3857 118.96
v 59.2715 -24.2283 118.768
v -99.4217 -22.9776 119.826
v 10.012 -23.6781 119.755
v 11.6934 -23.2982 119.454
v 13.3416 -23.5623 119.942
v 29.7668 -22.765 119.327
v 28.4292 -23.2351 119.771
v 32.116 -22.8049 119.209
v 42.4234 -22.3851 119.099
v 48.4839 -20.318 119.094
v 6.64649 -21.6278 119.296
v 5.71092 -22.8695 120.208
v 10.6927 -22.3981 119.216
v 17.4834 -21.2068 119.331
v 17.474 -22.2754 120.073
v 24.6819 -21.5239 119.431
v 57.3676 -22.5672 118.598
v 3.7007 -21.3346 119.721
v 21.8103 -21.2385 119.462
v 53.9729 -21.2818 118.94
v -101.328 -20.6374 119.567
v 3.34639 -19.5573 119.295
v 31.226 -20.9379 118.846
v 42.9513 -20.5054 118.69
v 51.2389 -19.5501 118.935
v 1.56896 -19.6532 119.683
v 13.5328 -18.4015 119.051
v 19.8531 -19.0602 119.003
v 24.4683 -18.8325 118.773
v 31.3606 -20.1457 118.477
v 53.0706 -19.2285 118.44
v 0.647406 -16.9987 119.156
v 6.82757 -17.2668 119.004
v -103.187 -16.7614 118.923
v 13.6988 -16.95 118.781
v 19.6484 -18.004 118.793
v 49.8337 -18.1628 118.447
v -2.05369 -15.0955 119.356
v -1.97547 -16.832 120.415
v -101.689 -15.2063 120.402
v -3.15125 -15.0176 120.137
v 0.424239 -15.8046 118.696
v 6.43191 -16.1656 118.751
v -103.467 -10.2426 119.149
v -102.155 -10.0437 120.368
v -8.13223 -8.59905 119.944
v -101.797 -0.65539 120.161
v -18.3476 -0.6852 119.828
v -20.539 1.57026 118.986
v -101.909 1.81779 119.157
v -24.7399 0.780857 120.798
v -22.7936 2.68547 119.237
v -28.1272 4.31508 119.826
v -99.4885 5.25795 119.512
v -28.9696 6.07461 119.426
v -25.3471 5.72558 119.041
v -24.4569 6.40397 118.588
v -32.6094 7.5371 119.85
v -27.0905 8.38001 118.939
v -97.2211 7.75412 119.71
v -32.0916 8.20087 119.435
v -34.2407 9.74827 119.65
v -29.4165 9.76575 119.033
v -95.5458 10.5786 119.502
v -36.9646 12.1479 119.545
v -33.1358 12.4194 119.011
v -92.5399 13.4276 119.6
v -40.1336 14.073 119.607
v -90.3344 15.0452 119.611
v -38.6748 16.651 118.905
v -42.9609 16.4086 119.413
v -45.7781 17.0254 119.711
v -36.191 15.4595 118.768
v -85.7645 18.1967 119.374
v -85.0363 17.516 120.169
v -42.878 18.0663 118.95
v -80.8737 19.7859 119.687
v -50.9572 19.9763 119.583
v -80.9778 21.9339 118.878
v -78.4683 20.5647 119.683
v -55.003 21.2094 119.582
v -55.661 19.9204 120.48
v -74.2133 22.3019 119.493
v -62.0615 22.1478 119.61
v -62.6253 20.7855 120.377
v -51.593 21.8799 118.918
v -69.7023 23.298 119.153
v -55.0877 23.1987 118.898
v -65.3967 24.6239 118.924
v -59.9072 23.9165 119.065
v 36.0105 -85.2198 120.658
v 40.1451 -84.1857 121.178
v 50.6472 -85.2694 120.359
v 53.414 -85.0331 121.662
v 6.63704 -84.0172 120.603
v 1.6569 -82.279 121.355
v 72.5081 -79.8917 120.514
v -16.3636 -78.3985 121.716
v 75.2101 -73.6981 120.861
v -19.9173 -75.4748 120.718
v -20.7785 -73.2909 119.797
v 77.0069 -63.8484 121.87
v -14.9995 -57.7815 120.669
v 76.7713 -51.1519 120.785
v -11.3201 -51.0834 120.669
v -10.8452 -48.9614 120.554
v -84.1693 -45.7445 119.894
v -11.6524 -46.0034 120.654
v -88.1457 -44.8704 120.304
v 75.0428 -47.3183 120.691
v -26.4852 -43.76 120.363
v -16.7291 -43.7774 120.492
v 64.422 -42.5258 120.501
v 67.5261 -42.9013 120.458
v 61.4609 -39.4779 120.425
v 60.2988 -39.0526 120.712
v 59.7365 -35.4911 120.41
v -93.7217 -33.9085 120.322
v 58.2991 -33.3056 120.412
v 55.3483 -30.4391 120.423
v 48.2507 -28.6447 120.632
v 52.438 -29.0665 120.424
v 42.8776 -28.232 120.653
v 37.9408 -26.9748 120.684
v 34.2423 -26.2243 120.85
v 12.3803 -24.3924 120.749
v 24.9896 -23.0909 120.712
v 21.3193 -22.284 120.45
v -0.146095 -19.876 120.748
v -5.44322 -12.2533 120.101
v -7.15237 -10.6839 120.491
v -102.063 -4.34489 120.323
v -11.0471 -5.99172 119.899
v -12.248 -5.04445 120.212
v -15.2487 -3.09169 120.156
v -19.9944 -0.573714 120.428
v -97.5561 5.20783 121.324
v -27.5656 2.39719 120.955
v -95.4781 7.67793 121.423
v -34.2486 6.62939 121.517
v -94.5302 10.3903 120.439
v -39.4467 11.8379 120.739
v -88.8042 14.4852 121.078
v -47.2182 15.9251 120.661
v -51.2182 18.375 120.588
v -81.6601 17.7099 121.289
v -78.623 19.0852 120.725
v -74.2226 20.0718 120.767
v 15.3575 -83.885 123.505
v 47.8269 -84.5222 120.842
v 4.88121 -82.9037 121.484
v 11.984 -84.3948 121.448
v 37.8683 -84.0834 121.643
v 49.9379 -83.4355 122.564
v 66.7731 -83.4994 121.422
v -5.94715 -82.3028 120.759
v 70.6566 -81.6973 121.283
v -8.65527 -80.9151 122.411
v 71.8412 -79.5281 122.499
v -19.3601 -75.9741 122.394
v -21.0231 -73.6279 121.547
v -21.0076 -70.54 121.836
v 76.0707 -69.1078 121.8
v -20.4016 -68.7642 122.256
v -18.6004 -65.7802 122.517
v -12.0971 -54.1132 121.544
v -10.2096 -51.4775 121.425
v 54.3622 -51.022 121.404
v 56.0364 -51.8057 121.787
v 61.434 -51.521 121.471
v 59.3568 -50.4871 121.108
v 65.2508 -49.695 121.264
v 63.7322 -51.7112 122.213
v 67.1949 -49.8199 121.657
v 75.4082 -51.1456 122.726
v -52.1097 -49.3761 120.383
v -8.1234 -49.5397 121.503
v 52.6455 -49.6291 121.499
v 54.7927 -49.1554 121.068
v 69.5841 -48.3534 121.224
v -52.6776 -48.5263 120.719
v 71.6888 -46.5222 121.078
v 72.7462 -48.0348 121.553
v 75.4886 -49.1306 121.294
v -60.236 -46.7304 120.693
v -57.5677 -47.103 120.872
v -48.4478 -47.7542 120.604
v -8.39564 -47.4651 121.43
v 52.87 -44.1528 121.087
v 73.3974 -47.6501 121.273
v -64.084 -44.7515 120.639
v -50.1282 -47.0905 120.971
v 51.3916 -45.4475 121.445
v 58.7602 -41.1462 121.049
v 65.0977 -45.5031 121.012
v -44.1116 -44.8198 120.535
v -9.26304 -45.654 121.595
v 68.9839 -44.4166 121.007
v 73.9721 -45.1792 120.63
v -83.0061 -44.3051 121.06
v -68.0031 -43.5124 120.657
v -57.1462 -43.6504 121.185
v -52.6975 -42.6637 121.143
v -44.2288 -43.7715 120.887
v -40.2522 -44.2877 120.514
v -12.3516 -44.7746 121.26
v 50.1612 -44.0778 121.776
v 50.7749 -41.3258 121.125
v -87.6319 -43.0527 121.36
v -77.8122 -43.0434 121.392
v -75.2932 -43.1612 120.624
v -72.001 -42.2975 120.704
v -61.6394 -43.4313 121.205
v -46.1072 -42.1233 121.105
v -38.0948 -43.3542 120.692
v -33.4834 -43.2745 120.54
v -15.6321 -42.5609 121.72
v 63.7213 -43.827 120.915
v 72.4761 -42.1806 120.802
v -90.1768 -40.9449 121.551
v -82.8702 -43.7727 121.637
v -78.0993 -42.5035 122.237
v -65.9165 -41.4987 121.241
v -30.3593 -42.7151 120.486
v -27.4381 -42.3906 120.838
v -19.3764 -42.5191 120.894
v -17.5376 -42.0043 121.244
v 48.7912 -41.462 121.542
v 73.6773 -41.4598 120.249
v -86.9183 -42.6633 121.839
v -74.6178 -41.4809 121.55
v -62.2924 -41.9748 121.682
v -60.0353 -42.5979 121.644
v -56.9876 -42.5633 121.628
v -35.3438 -41.4655 121.079
v -30.7421 -41.4221 120.951
v 61.8772 -41.7622 120.86
v -71.3614 -40.6934 121.339
v -52.3502 -41.3747 121.583
v -48.4699 -41.1084 121.435
v -44.2359 -40.7017 121.289
v -26.6233 -39.4255 121.178
v -21.8971 -39.4364 121.196
v 48.3674 -39.4847 121.266
v -91.043 -39.7059 121.566
v -70.745 -40.0089 121.91
v -66.6158 -40.33 121.596
v -44.8246 -40.011 121.689
v -32.5901 -40.2051 121.475
v -18.9086 -39.4866 121.75
v 46.8686 -39.197 121.704
v -28.3287 -39.1691 121.469
v 46.4228 -36.6524 121.246
v 55.4396 -34.2973 121.069
v -92.1981 -35.3482 121.702
v -25.8644 -38.3147 121.558
v -21.6341 -38.5475 121.546
v 58.2116 -35.0952 120.846
v 43.7168 -34.5254 121.702
v 44.2901 -33.4007 121.245
v 47.193 -30.4007 121.038
v -92.4993 -31.6355 121.177
v 41.2235 -32.4129 121.521
v 55.3068 -32.0615 120.872
v 41.569 -30.2054 121.095
v 52.7764 -30.6539 120.914
v 39.0341 -29.5551 121.303
v -92.0277 -29.491 121.923
v 37.9832 -29.7791 121.642
v -93.5264 -27.337 121.399
v 34.723 -27.6327 121.545
v 30.8433 -25.7971 121.386
v 27.7823 -24.2184 121.083
v -98.2385 -22.5394 121.122
v -94.3003 -25.2237 123.029
v 8.16757 -24.9682 122.301
v 12.7484 -25.3375 122.699
v 6.0175 -24.5102 122.65
v 17.6832 -23.8954 122.611
v 23.7174 -24.4253 122.918
v -96.3782 -23.0863 122.708
v 1.28308 -21.4278 121.4
v 4.00082 -23.828 122.833
v 20.3354 -23.5216 122.377
v -99.3484 -19.3948 121.418
v -2.00394 -20.4817 121.54
v -6.10368 -19.2913 121.66
v -8.88759 -17.6682 121.836
v -3.00624 -18.175 121.038
v -8.50577 -16.8278 121.346
v -99.5526 -15.9508 121.53
v -11.9302 -15.7826 121.776
v -6.43948 -14.5764 121.023
v -11.5026 -14.6296 121.301
v -15.0709 -13.4928 121.657
v -5.61684 -13.5947 120.662
v -13.7169 -12.8249 121.251
v -16.0728 -10.3301 121.33
v -8.69839 -11.5212 121.034
v -17.3218 -10.4903 121.771
v -11.1691 -9.25991 121.06
v -19.7859 -6.04896 121.356
v -20.0208 -7.39745 121.724
v -10.15 -8.12053 120.579
v -99.4869 -0.654833 121.613
v -12.4943 -7.27304 120.957
v -21.8407 -4.89341 121.733
v -16.8923 -4.68777 121.039
v -15.536 -4.15565 120.712
v -19.9569 -1.71446 120.879
v -24.4431 -1.56538 121.488
v -26.243 -0.278053 121.668
v -98.8743 2.11758 121.475
v -31.6664 4.88351 121.487
v -36.4714 8.24241 121.58
v -91.6926 11.2668 121.67
v -40.4884 10.3128 121.741
v -44.8826 12.3562 121.651
v -92.0856 9.79159 122.8
v -50.4882 13.9087 121.633
v -47.203 13.2074 121.641
v -86.3366 14.6237 122.978
v -56.0985 14.9204 121.804
v -57.3871 15.7692 121.507
v -62.6181 15.6936 121.951
v -49.7291 16.0682 121.063
v -66.5627 16.8268 121.629
v -61.4972 16.768 121.427
v -52.3863 17.5329 121.043
v -83.7742 16.0938 122.886
v -77.6836 17.9327 121.416
v -73.2322 17.3529 121.845
v -71.6202 17.8436 121.464
v -56.1551 18.61 121.045
v -62.3252 19.6628 120.887
v 18.4667 -84.6045 122.833
v 32.2271 -84.4963 123.037
v 34.5272 -84.1985 123.254
v 58.9529 -84.3902 122.626
v 11.2832 -83.0907 123.788
v 39.2344 -82.7035 123.216
v 46.6889 -83.1222 122.465
v 64.9926 -82.782 122.848
v 68.9298 -81.7482 122.806
v -6.5791 -81.3308 122.477
v -0.549446 -81.2928 122.952
v 70.7331 -80.802 122.646
v -11.6508 -79.7161 122.511
v -14.3823 -78.9608 122.589
v -16.519 -77.78 122.571
v 73.3784 -76.1124 122.578
v -20.5589 -74.6282 122.355
v 74.6768 -73.9328 122.082
v 75.104 -71.0918 122.596
v 76.5946 -63.9581 122.669
v -17.7624 -64.784 122.869
v -16.66 -62.7501 123.646
v -15.3853 -60.3132 122.746
v -14.488 -59.4846 123.177
v 76.8395 -57.1456 122.564
v -12.6629 -57.4445 123.02
v 76.6515 -54.8478 122.455
v -10.2995 -53.2819 122.99
v 52.2162 -51.8382 123.225
v 56.6341 -53.4267 123.242
v -7.51371 -50.3275 123.075
v 50.7223 -50.0375 123.237
v 66.8358 -51.1945 123.094
v 69.2554 -50.3899 123.197
v -6.84977 -48.7936 123.169
v 72.4048 -49.1126 123.011
v 74.1425 -49.8553 123.078
v 50.2954 -47.08 122.837
v -8.60876 -44.8664 122.747
v -12.484 -43.5752 122.856
v -80.8425 -42.2494 124.043
v -77.109 -41.862 122.935
v -14.828 -41.5787 123.102
v 48.7732 -44.0678 123.029
v -86.9254 -41.6796 123.025
v -73.335 -40.4131 122.267
v -60.7362 -40.9768 123.113
v -56.301 -40.9817 123.174
v -52.3499 -40.1058 122.979
v 46.0248 -39.7512 122.786
v 46.9013 -41.2114 123.119
v -66.5128 -39.0329 123.155
v -32.3206 -38.8706 122.819
v -28.4331 -37.8634 123.23
v -16.2733 -39.5845 123.24
v -25.9146 -37.4119 122.889
v 43.9616 -36.8811 122.891
v -90.3788 -36.5043 123.293
v -21.9362 -37.3563 122.809
v -91.223 -34.2513 122.814
v 41.7599 -34.8377 123.179
v 39.8764 -33.4487 123.234
v 38.1625 -31.7247 123.176
v -91.4586 -28.2722 123.089
v 31.4915 -27.5449 122.841
v 34.8897 -29.2394 123.029
v -92.5597 -26.9935 122.84
v 27.0737 -25.0739 122.775
v 14.5931 -24.9657 123.013
v -1.05123 -22.6856 123.279
v 1.68868 -22.9537 122.904
v -97.121 -21.0105 123.137
v -6.00525 -21.2982 123.366
v -8.60645 -19.1783 123.125
v -97.6775 -18.2085 123.295
v -12.9916 -16.504 123.008
v -97.6751 -13.1337 123.486
v -16.0204 -14.1484 122.992
v -19.0863 -10.1624 123.037
v -21.1569 -8.41832 123.319
v -23.4174 -4.72279 123.007
v -26.8427 -1.14969 122.936
v -98.0649 -1.46619 123.057
v -97.5011 1.28431 123.333
v -28.1545 0.903587 122.909
v -96.2011 4.87385 123.192
v -31.3458 3.44981 122.821
v -35.3105 5.96266 123.054
v -95.4616 6.34544 122.812
v -39.4525 8.46933 122.952
v -46.3044 11.7149 123.06
v -88.9971 12.8136 122.842
v -51.508 12.6994 123.111
v -55.0892 12.9014 123.485
v -64.551 14.3703 123.489
v -69.201 15.5702 123.141
v -82.0702 16.469 122.95
v -74.5491 16.151 123.327
v 53.6928 -84.1906 122.801
v 41.2358 -82.6737 122.954
v 47.1169 -81.9932 123.473
v 5.21282 -80.8719 124.525
v -18.1327 -76.5799 122.672
v -20.4989 -70.385 123.075
v 75.3368 -69.0071 122.911
v 75.7856 -54.6564 123.234
v 53.824 -52.9342 123.279
v 61.6057 -53.4638 123.312
v -6.75479 -46.2247 123.318
v -89.2777 -39.5442 123.18
v -52.1482 -39.2221 123.571
v -48.5821 -39.6227 122.924
v -70.5725 -39.2523 123.795
v -45.0533 -38.7193 123.072
v -18.35 -38.1166 123.257
v -90.5866 -30.3547 123.593
v 8.53859 -25.5644 123.002
v 19.1417 -24.7344 123.438
v -17.7536 -12.7156 123.337
v -28.7848 0.570631 123.445
v -61.1093 13.8384 123.624
v 51.0194 -82.6879 123.278
v 53.9366 -83.14 123.491
v 59.2802 -83.3441 123.406
v 16.3444 -82.9369 124.76
v 19.9775 -83.4324 124.663
v 31.5273 -83.474 124.618
v 36.7315 -82.7999 124.333
v 8.7716 -81.7135 124.637
v 12.5612 -82.6897 124.605
v 51.7323 -81.4785 123.793
v 61.2384 -81.651 123.791
v 67.3641 -81.2906 123.403
v -7.14838 -80.2922 123.376
v -2.42103 -80.2742 123.873
v 41.5191 -80.0404 125.181
v 50.3517 -80.229 124.223
v 57.0898 -79.5091 124.121
v 70.5039 -80.1086 123.268
v -11.4179 -78.6765 123.456
v 1.4821 -80.1989 124.724
v 47.5986 -79.7762 125.211
v 53.0613 -79.5402 124.215
v 69.1923 -79.1388 123.826
v -14.1859 -77.9403 123.454
v -7.41116 -78.0538 124.379
v 64.9716 -77.9121 124.007
v 61.8657 -78.0761 124.292
v 57.8909 -77.3629 125.411
v 64.1386 -77.207 124.276
v 71.6756 -77.7991 123.415
v -16.4519 -75.985 123.563
v -11.8057 -76.3704 124.203
v 71.1937 -74.6408 123.893
v -18.6962 -74.1643 123.619
v -14.646 -73.8346 124.207
v 73.7435 -73.1887 123.281
v 67.7933 -72.1203 124.331
v 64.4863 -75.4095 125.132
v 72.8085 -73.1661 123.695
v -19.7991 -72.0816 123.553
v -16.7302 -70.7204 124.243
v 69.7439 -69.9873 124.068
v -17.6488 -68.368 124.159
v 69.0971 -67.4171 124.299
v 73.9223 -68.4901 123.742
v -17.5996 -65.9444 123.727
v 73.1828 -64.9287 123.96
v 4.2025 -67.2472 124.289
v 1.77257 -66.9522 124.352
v 2.54226 -68.8837 125.335
v -0.339789 -65.5803 124.364
v 3.52023 -65.6839 123.994
v 6.72192 -65.9516 124.239
v 76.0149 -63.3112 123.334
v 0.65961 -64.852 124.073
v 68.7119 -63.4122 124.212
v 74.9592 -64.2783 123.744
v -3.19444 -61.5673 124.344
v -1.91101 -60.4941 124.04
v 10.5306 -61.2256 124.057
v 10.3964 -63.8187 124.776
v 11.9336 -62.1424 124.437
v 68.7251 -60.4148 124.049
v -15.3838 -62.5312 124.981
v 67.1025 -60.9882 124.324
v -14.0984 -61.1308 124.957
v -6.79614 -58.8746 124.345
v 11.6878 -60.0758 124.339
v 74.9391 -56.4122 123.789
v -11.4893 -58.5923 124.09
v -11.1772 -59.9214 125.204
v 65.5594 -59.1389 124.187
v 62.2833 -58.4723 124.446
v 62.9575 -60.0079 125.204
v -11.7864 -57.617 123.603
v -9.69474 -58.1737 124.141
v -3.06706 -49.3285 124.039
v 9.56184 -56.7587 124.034
v 47.9267 -58.3551 124.417
v 55.1507 -58.309 124.286
v 72.1235 -52.7439 124
v -5.80625 -57.1802 124.036
v 45.3997 -55.9032 124.135
v 48.8765 -57.2676 124.1
v 58.0942 -57.8619 124.339
v 63.2217 -57.0857 124.063
v -9.90523 -56.6688 123.949
v 11.3147 -56.6344 124.371
v 43.7747 -56.2699 124.391
v 56.1348 -55.4007 123.874
v 62.9587 -55.5407 123.99
v 41.4197 -54.6527 124.271
v 51.4469 -54.1721 123.929
v -9.17598 -53.8773 123.714
v 13.4407 -52.3299 124.038
v 12.6163 -54.9242 124.349
v 37.6692 -53.9227 124.342
v 69.0254 -52.5615 123.937
v 15.5355 -53.6026 124.345
v 20.3986 -53.146 124.278
v 33.4393 -52.5267 124.374
v 41.4763 -52.9747 124.063
v 48.0952 -52.7155 124.022
v 65.829 -52.8075 123.698
v 73.7243 -52.5912 123.805
v -6.10118 -50.536 123.814
v 23.1857 -52.5445 124.385
v 34.3108 -51.1743 124.075
v 49.9453 -51.9889 123.833
v 22.0157 -51.1851 124.06
v 46.4917 -47.4271 124.014
v 72.6305 -50.5083 123.696
v -5.16206 -48.2549 123.861
v 48.7261 -47.7055 123.749
v 41.0717 -39.5431 124.07
v -4.28957 -41.785 124.054
v -5.97074 -44.2974 123.823
v 46.1198 -43.3113 123.851
v -8.07835 -43.9803 123.445
v 9.52604 -29.7233 124.106
v 47.6668 -44.01 123.528
v -12.0647 -42.5305 123.607
v -6.71573 -42.7028 123.943
v 23.3499 -28.5928 124.112
v 44.08 -41.7462 123.963
v -83.8478 -41.9708 124.201
v -13.6027 -40.9142 123.75
v -11.278 -40.9198 124.002
v -85.6934 -40.9673 124.289
v -63.8238 -39.1968 123.479
v -87.5145 -38.9421 124.268
v -86.2869 -39.8628 124.841
v -74.8897 -39.9704 125.868
v -62.2753 -38.5584 123.973
v -56.7939 -39.7941 123.786
v -14.7544 -37.9908 123.944
v 37.2 -35.5284 124.076
v 44.7213 -39.7708 123.553
v -65.4215 -38.1722 124.282
v -52.501 -37.6166 124.262
v -46.2185 -37.5927 124.116
v 42.8043 -37.7225 123.699
v -86.9883 -37.799 125.147
v -69.7656 -38.334 125.397
v -62.9982 -37.6781 124.293
v -37.5037 -37.3192 124.286
v -34.9958 -37.5108 123.886
v -17.6466 -37.0306 123.792
v -15.3274 -35.519 124.069
v -30.1735 -35.8165 124.408
v -25.9713 -36.4119 123.646
v -21.214 -36.2949 123.618
v -20.9382 -28.3822 124.115
v 40.7303 -36.5485 123.897
v -89.4313 -32.3045 124.23
v -60.6228 -36.8296 124.762
v -51.9737 -36.8199 124.801
v -47.0337 -37.033 124.837
v -35.099 -36.7427 124.623
v -27.3573 -35.2642 124.09
v -20.8762 -34.6233 123.985
v -87.7861 -34.804 125.042
v 38.4378 -34.2542 123.87
v -26.9365 -33.5921 124.452
v 28.4799 -30.5392 124.078
v -23.1589 -30.919 124.136
v 34.3021 -31.9886 123.989
v 35.1504 -31.0205 123.741
v -23.5928 -29.2269 124.398
v 30.0188 -29.3497 123.913
v -9.38561 -24.7788 124.12
v 5.99237 -28.3046 124.065
v 30.8381 -28.3676 123.482
v -89.7014 -26.6501 125.162
v 13.0857 -27.3084 123.927
v 25.5016 -26.7004 123.933
v 28.0203 -27.7488 123.849
v -91.8769 -25.6745 123.923
v -91.0577 -24.5975 124.609
v -22.5288 -25.3076 124.43
v -0.50181 -25.7634 124.06
v 6.70881 -27.1463 123.917
v 17.7536 -25.9429 123.896
v 4.29104 -25.411 123.714
v 7.91632 -26.1738 123.484
v 13.337 -26.106 123.472
v 26.1196 -25.6428 123.486
v -94.2907 -23.3528 123.676
v -22.8436 -21.5762 124.626
v -18.4303 -17.0408 124.131
v 0.689364 -24.425 123.797
v -7.42369 -22.9202 124.011
v -3.19643 -23.5471 123.879
v -92.9319 -19.5445 124.503
v -96.1118 -20.008 123.811
v -21.7879 -19.6033 124.228
v -13.2696 -20.4829 124.104
v -9.45194 -20.6704 123.914
v -95.2629 -16.8242 124.318
v -23.4002 -18.0108 124.476
v -22.9925 -15.5295 124.223
v -16.3208 -16.8251 123.976
v -12.5172 -18.8746 123.898
v -11.3881 -18.3553 123.527
v -96.262 -14.9655 124.231
v -24.916 -15.4156 124.498
v -15.5861 -15.7273 123.522
v -18.9974 -13.9775 123.984
v -27.6623 -11.7222 124.58
v -26.2624 -11.2787 124.245
v -21.3232 -11.0862 124.041
v -95.0019 -12.8587 125.41
v -19.7484 -11.1111 123.708
v -95.8591 -6.51326 124.468
v -23.4045 -8.86536 124.048
v -97.1725 -4.5591 123.73
v -29.6201 -9.08087 124.524
v -30.0539 -6.5473 124.279
v -31.1989 -6.82697 124.579
v -25.7242 -5.68428 124.064
v -23.4733 -6.47208 123.69
v -33.1345 -3.5801 124.547
v -94.8313 -2.57867 124.493
v -29.1568 -2.24206 124.082
v -27.1581 -3.46223 123.929
v -26.8758 -2.46734 123.584
v -34.5598 0.508735 124.279
v -96.2242 1.4005 123.913
v -35.8764 -0.0576386 124.581
v -29.7569 -0.240508 123.953
v -93.7309 1.09526 124.473
v -37.6244 1.93014 124.456
v -41.094 4.10811 124.507
v -33.3021 2.38442 123.978
v -91.9827 5.36625 124.497
v -32.6723 3.27959 123.526
v -94.3275 5.27558 123.876
v -37.7129 5.76189 123.906
v -35.4217 4.61348 123.798
v -45.7243 6.54648 124.512
v -40.9871 7.01822 123.989
v -88.3283 12.0989 123.651
v -90.2234 7.40916 124.415
v -87.0533 8.74989 124.607
v -48.3985 8.22905 124.595
v -45.3629 9.5409 123.969
v -41.5301 8.39532 123.596
v -83.975 10.4061 124.465
v -51.6631 10.0585 124.496
v -85.6644 12.9738 124.01
v -81.4418 11.0274 124.47
v -54.1112 10.1478 124.732
v -45.1311 10.4598 123.562
v -77.3462 12.4373 124.541
v -58.0407 11.3792 124.59
v -48.9735 11.4721 123.747
v -82.2427 14.5914 124.047
v -75.5591 12.4533 124.628
v -65.2608 12.6357 124.457
v -62.6062 10.9861 125.563
v -69.9798 14.7571 123.769
v -76.1541 14.7523 124.052
v -82.3542 15.732 123.568
v 33.6706 -82.7764 125.144
v 38.3323 -81.2578 125.147
v -1.89606 -78.3317 125.398
v 53.3489 -77.8824 125.302
v -7.84404 -76.3889 125.259
v 62.6228 -76.0672 125.454
v -11.382 -74.5003 125.283
v -13.7496 -72.2978 125.233
v 66.914 -71.3409 125.228
v -15.0135 -69.8806 125.346
v 66.7219 -70.044 125.571
v 0.939229 -68.9084 125.516
v 4.2464 -69.0182 125.526
v -1.84643 -66.399 125.359
v 7.93851 -66.8498 125.3
v -16.2699 -64.5108 124.838
v 66.9161 -64.4433 125.383
v -4.3913 -62.603 125.251
v 13.1602 -62.8705 125.387
v 65.4482 -61.7581 125.33
v -7.40931 -60.6239 125.375
v 14.1494 -61.1425 125.527
v 13.3853 -58.0334 125.592
v 47.3106 -59.8946 125.376
v 55.0143 -60.0086 125.352
v 59.0057 -59.862 125.432
v 12.8084 -56.2646 125.274
v 40.9465 -56.4266 125.339
v 15.3771 -55.4363 125.476
v 36.8776 -55.6327 125.407
v 20.1501 -55.2307 125.548
v 23.6386 -54.0297 125.355
v 32.6116 -54.4819 125.579
v -83.5762 -41.0276 126.409
v -79.5779 -41.1183 126.63
v -78.0982 -41.1974 125.782
v -50.8881 -35.8466 126.034
v -48.7605 -35.9308 126.494
v -40.2012 -36.1874 126.736
v -32.3828 -35.0709 125.661
v -27.2909 -32.8174 125.27
v -88.3531 -32.0588 125.409
v -24.9429 -28.847 125.446
v -24.6459 -25.4276 125.562
v -91.0443 -22.603 125.292
v -24.5266 -21.0629 125.501
v -91.6918 -19.2631 125.875
v -92.7886 -16.287 125.711
v -26.0826 -16.902 125.502
v -29.4163 -11.5823 125.44
v -94.2259 -6.38408 125.627
v -32.8612 -7.13578 125.526
v -35.2037 -3.56127 125.542
v -93.4229 -2.27453 125.479
v -38.1936 -0.503844 125.757
v -91.7254 2.38351 125.58
v -42.1035 2.70834 125.555
v -89.8945 6.0018 125.402
v -48.0963 5.20247 125.875
v -49.7019 7.20456 125.487
v -83.4129 8.79498 125.569
v -53.1278 8.24495 125.707
v -77.0537 10.7846 125.643
v -58.5317 10.0307 125.553
v 20.0789 -82.57 125.308
v 11.1521 -81.1356 125.446
v 16.9668 -81.3585 125.593
v 19.5592 -81.5091 125.702
v 32.3433 -81.4654 125.721
v 36.8147 -81.1232 125.53
v 6.01947 -79.7605 125.448
v 2.00713 -79.0853 125.472
v 11.2104 -79.5201 125.834
v 19.4159 -79.3485 125.916
v 36.0646 -79.4249 125.911
v 6.57244 -78.6515 125.767
v 41.1855 -78.5541 125.759
v 48.1195 -78.5795 125.674
v 2.07372 -77.3889 125.855
v 8.26137 -77.5129 125.918
v -3.39647 -76.4017 125.768
v 40.8281 -76.4342 125.945
v 51.7872 -75.5836 125.937
v 53.0934 -76.4663 125.796
v -8.02788 -74.7527 125.739
v 6.34166 -72.5638 125.961
v 61.4768 -74.8058 125.868
v -4.67755 -73.9126 125.938
v 44.3948 -62.7176 125.994
v 64.2011 -73.9413 125.684
v -12.0129 -72.305 125.743
v 64.5453 -70.482 125.966
v -10.6169 -70.6591 125.946
v -0.775428 -70.0185 125.887
v -13.6999 -68.8105 125.839
v 6.16834 -70.4826 125.918
v -5.21004 -66.8353 125.95
v 8.19483 -67.8922 125.741
v 63.4222 -65.2022 125.984
v -15.0829 -65.1196 125.605
v -2.67367 -67.154 125.743
v -12.5122 -63.4502 125.962
v 65.8808 -64.8964 125.759
v -5.22692 -63.9504 125.777
v 13.8397 -63.8346 125.822
v -8.45565 -61.73 125.831
v 16.2269 -61.2746 125.951
v 41.585 -60.4168 125.987
v 59.5791 -62.2905 125.95
v 64.4796 -62.7778 125.806
v -12.9414 -61.7283 125.684
v 61.5021 -61.017 125.765
v 21.6058 -57.3145 125.997
v 34.3113 -58.1932 125.999
v 46.4499 -60.74 125.727
v 16.0368 -57.3894 125.934
v 40.5599 -57.9055 125.864
v 42.2532 -58.26 125.693
v 32.3993 -56.2487 125.938
v 36.0003 -56.5774 125.774
v 23.3723 -55.373 125.822
v -81.9049 -40.9844 126.945
v -84.4792 -39.6993 127.414
v -75.2364 -39.2292 127.665
v -72.8956 -39.0019 126.842
v -67.6034 -36.195 127.694
v -66.5465 -36.9303 126.141
v -61.881 -35.0475 126.552
v -45.9618 -36.2187 126.839
v -36.8306 -35.9042 126.905
v -60.9369 -34.1484 127.599
v -54.1309 -34.1578 127.586
v -31.1727 -33.5114 126.159
v -31.8254 -33.3044 126.759
v -86.982 -33.0588 127.47
v -27.7866 -31.9311 125.772
v -29.2041 -30.387 126.182
v -87.3604 -29.3401 127.8
v -30.333 -29.6567 126.536
v -26.1841 -28.5854 125.934
v -30.5679 -26.8701 126.591
v -26.3983 -20.4128 126.023
v -88.3794 -24.9753 127.909
v -29.9301 -24.5428 126.199
v -31.4189 -22.7736 126.369
v -32.4758 -22.2309 126.757
v -89.6201 -22.0265 127.707
v -33.7074 -20.1824 126.547
v -31.9699 -19.8973 126.197
v -34.8973 -18.0033 126.314
v -35.7354 -18.6623 126.907
v -30.6541 -14.4149 126.093
v -27.5813 -17.4376 125.98
v -91.4854 -17.2548 126.386
v -37.3292 -16.3455 126.943
v -37.5834 -14.8289 126.422
v -36.1907 -14.439 126.207
v -92.2152 -14.2052 126.139
v -90.7113 -13.489 126.555
v -39.3272 -14.2823 126.742
v -29.5019 -13.341 125.855
v -93.6025 -12.3096 125.905
v -41.8589 -11.675 126.899
v -40.0185 -10.5811 126.215
v -33.2441 -9.70087 126.068
v -41.6363 -10.9007 126.462
v -90.4592 -8.56217 126.251
v -89.6512 -9.45209 126.561
v -44.697 -9.51383 126.689
v -37.7749 -4.13688 126.139
v -31.4627 -10.4229 125.796
v -43.822 -8.5263 126.284
v -34.9111 -6.6307 126.001
v -91.968 -4.41165 126.097
v -88.4218 -9.06174 127.664
v -47.6275 -6.38967 126.662
v -46.6483 -4.84416 126.229
v -88.3008 -6.08715 126.575
v -88.1783 -1.20242 126.277
v -87.6616 -3.70972 126.658
v -49.2423 -1.77826 126.305
v -41.4008 -1.04914 126.166
v -91.4867 0.204432 125.971
v -49.9212 -2.97258 126.835
v -53.444 0.66869 126.852
v -86.4592 -0.0905237 126.651
v -88.1785 4.36162 126.159
v -53.4581 1.09255 126.617
v -52.365 2.14118 126.289
v -42.2581 0.821628 126.093
v -85.5995 2.58928 126.284
v -84.8899 1.59057 126.653
v -80.7529 4.57611 126.449
v -81.8639 3.02256 126.991
v -56.0518 3.07518 126.433
v -58.1628 3.25832 126.736
v -48.0779 3.36017 126.138
v -45.1809 2.85078 126.007
v -88.5189 5.464 125.937
v -79.6878 3.76339 126.847
v -59.4962 4.85466 126.361
v -61.3709 3.77934 126.835
v -80.0232 5.45222 126.301
v -52.6453 6.25866 126.11
v -58.2552 6.5023 126.238
v -82.3425 8.07374 125.986
v -78.5342 7.97897 126.2
v -61.9359 8.86626 126.137
v -56.9037 8.34931 125.999
v -76.8478 9.67239 126.035
v -62.0504 9.95927 125.948
v -85.7928 -37.6586 127.326
v -71.8439 -37.9278 128.191
v -63.2386 -34.5538 127.658
v -50.4133 -34.5955 127.951
v -45.6877 -35.5067 129.022
v -35.7337 -35.0371 127.797
v -33.0934 -33.6147 128.135
v -31.9128 -31.5955 127.968
v -31.8374 -26.8773 128.097
v -32.8552 -24.3693 128.094
v -90.2156 -19.597 127.722
v -89.9142 -16.9642 128.022
v -40.6976 -14.7772 128.442
v -88.8773 -12.9265 128.173
v -44.4033 -11.6969 128.451
v -87.5221 -6.75913 128.12
v -86.3673 -3.60034 128.284
v -51.5369 -3.32258 128.458
v -53.7823 -0.464931 128.078
v -85.3067 -0.475525 128.202
v -82.0627 1.81605 128.238
v -62.2465 2.1279 128.414
v -58.6325 1.85761 128.251
v -82.8465 -39.677 128.24
v -79.6629 -40.1917 127.927
v -85.1117 -37.0971 128.221
v -86.0742 -33.6851 128.276
v -47.2692 -35.0219 129.565
v -39.7809 -35.075 128.419
v -63.2614 -33.4903 128.543
v -60.5319 -33.0802 128.437
v -53.9493 -33.111 128.441
v -31.5905 -29.2314 128.173
v -35.5015 -20.9348 128.731
v -38.8021 -17.4028 129.825
v -42.7003 -12.5523 128.261
v -46.5598 -9.4398 128.331
v -49.1346 -6.47162 128.152
v -79.5044 2.08779 128.43
v -80.3612 -39.2588 128.604
v -84.0457 -37.6155 128.629
v -82.8084 -38.3122 128.797
v -75.6842 -37.7627 128.891
v -80.0562 -36.3348 129.303
v -83.4105 -34.1963 129.214
v -78.7518 -35.5942 129.865
v -74.8453 -36.38 129.965
v -72.5575 -35.1764 130.914
v -84.2991 -32.638 129.29
v -80.4112 -34.4602 129.964
v -67.8934 -33.7854 130.188
v -65.7533 -33.8856 129.112
v -41.9013 -34.8754 129.548
v -51.0315 -33.5202 128.805
v -40.0946 -33.6797 130.089
v -38.6099 -33.7223 129.048
v -64.605 -31.6167 130.396
v -52.0167 -32.2379 129.121
v -47.9593 -33.9985 130.211
v -33.9739 -32.5875 128.736
v -61.2119 -31.6442 129
v -54.5868 -31.7279 128.896
v -50.0874 -32.0255 130.313
v -36.8129 -31.4305 129.285
v -86.7688 -27.8077 128.692
v -84.3072 -31.4467 129.659
v -33.1719 -30.5793 128.874
v -59.5789 -29.5963 129.41
v -54.9342 -28.7044 129.323
v -53.7834 -28.6211 129.51
v -36.2628 -29.5754 129.381
v -32.9996 -27.3493 128.781
v -86.1745 -25.8728 129.248
v -35.3709 -25.2702 129.297
v -37.4963 -26.8905 130.468
v -87.9115 -23.2056 128.566
v -35.2588 -22.7212 129.18
v -88.1035 -20.3949 128.874
v -86.0311 -20.6996 129.47
v -89.241 -18.6161 128.598
v -86.9919 -16.7766 129.427
v -36.8495 -20.4254 129.928
v -87.7363 -11.7428 128.646
v -86.5308 -14.1571 129.472
v -42.2258 -14.9015 129.161
v -41.0052 -17.0706 130.432
v -45.789 -14.6281 129.651
v -46.2268 -11.3569 129.073
v -86.1673 -10.78 129.076
v -84.2167 -10.7818 129.631
v -49.2038 -9.65297 130.397
v -48.266 -11.339 130.509
v -86.6747 -6.61228 128.691
v -81.9481 -7.59956 129.536
v -50.2753 -6.91344 129.039
v -85.189 -5.66128 129.038
v -82.2258 -5.69076 129.238
v -80.8915 -6.64487 130.066
v -54.0474 -5.36739 129.875
v -80.2068 -4.79103 129.424
v -82.6741 -1.43978 129.143
v -78.8592 -4.79777 130.276
v -54.2232 -4.02456 129.373
v -56.3614 -4.20002 129.822
v -77.5219 -3.54521 129.616
v -59.3498 -2.76105 129.464
v -59.0508 -3.79312 130.108
v -54.4854 -1.2441 128.737
v -84.2889 -1.1814 128.831
v -76.7767 -1.83209 129.255
v -61.5376 -2.65909 129.756
v -72.7127 -1.64557 129.594
v -64.2117 -1.19749 129.399
v -66.0507 -2.12003 130.006
v -73.3495 -0.145212 129.16
v -60.9286 0.680492 129.002
v -57.6118 0.0326386 128.83
v -82.4261 0.785524 128.67
v -80.3161 0.914167 128.935
v -45.0251 -34.8457 130.012
v -80.9416 -32.683 130.87
v -38.3628 -31.0111 130.548
v -59.6122 -28.325 130.372
v -84.5711 -26.842 130.424
v -52.2971 -27.0562 130.728
v -56.5929 -27.0749 130.488
v -53.9098 -26.9224 130.512
v -36.689 -22.6075 130.376
v -84.5532 -19.7677 130.57
v -85.6134 -15.3728 130.384
v -46.1321 -16.327 130.579
v -47.5316 -15.8627 130.841
v -83.1671 -12.3157 131.045
v -82.1141 -11.0856 131.563
v -52.492 -8.25561 130.931
v -55.1159 -6.84708 131.384
v -73.1727 -3.02517 130.782
v -63.2475 -2.79907 130.456
v -70.988 -2.30555 130.407
v -73.8594 -35.1517 131.359
v -77.7815 -34.1947 132.127
v -75.154 -33.6831 133.28
v -46.0338 -33.2939 130.808
v -41.7717 -33.3504 130.666
v -73.3478 -33.8984 132.779
v -68.0702 -31.511 131.471
v -48.6197 -31.9582 130.793
v -81.6906 -30.3485 131.463
v -46.5038 -31.5301 131.041
v -40.4333 -31.1231 131.021
v -64.9428 -29.7568 131.244
v -49.9216 -28.6181 130.952
v -41.524 -29.0968 131.107
v -82.7132 -28.3041 131.376
v -63.9891 -28.3831 131.413
v -59.9314 -27.2128 130.895
v -51.6321 -24.3758 131.083
v -37.9797 -24.1785 130.862
v -83.0257 -25.9156 131.461
v -62.6193 -26.2946 131.608
v -38.5883 -22.0017 131.005
v -60.0415 -24.0426 131.369
v -56.3699 -25.8249 130.88
v -50.5612 -20.8541 131.158
v -56.6983 -23.1492 131.216
v -41.8007 -20.6877 131.122
v -60.2541 -23.3215 131.854
v -83.3089 -18.0392 131.328
v -83.1062 -14.4941 131.479
v -57.9764 -22.5754 131.556
v -53.3495 -20.9701 131.52
v -51.0552 -19.5019 131.573
v -40.5982 -18.6328 130.921
v -39.358 -18.2418 130.487
v -49.7536 -18.1167 131.38
v -46.457 -18.2363 131.011
v -49.5113 -15.957 131.604
v -49.6551 -14.4469 131.431
v -51.1492 -12.7486 131.817
v -51.8496 -10.0612 131.417
v -56.9042 -5.26858 131.126
v -75.9263 -5.01862 132.561
v -60.6438 -4.88985 132.721
v -58.5693 -5.63663 132.922
v -72.503 -4.02831 132.616
v -63.7826 -3.68895 132.434
v -69.7558 -3.51047 132.425
v -79.5762 -32.1236 132.805
v -69.3993 -31.3208 133.143
v -66.674 -28.4479 133.703
v -81.5773 -28.0061 132.882
v -64.6826 -27.6012 132.996
v -62.8628 -25.304 133.239
v -81.9742 -24.8816 132.916
v -60.2221 -21.898 133.183
v -55.3213 -20.1981 133.121
v -51.34 -18.6663 133.043
v -81.9146 -12.9379 132.923
v -50.4923 -16.159 132.906
v -53.4698 -10.3662 133.064
v -80.1092 -9.54178 133.182
v -78.1617 -6.21531 133.1
v -57.1045 -6.63759 133.09
v -78.0268 -32.2112 133.567
v -51.9561 -14.2483 133.343
v -73.4555 -5.26192 133.446
v -70.9417 -4.62718 133.432
v -64.5779 -4.77974 133.513
v -79.5043 -29.9329 133.669
v -74.1527 -31.1964 134.297
v -72.3884 -31.9573 133.987
v -71.1524 -30.5705 135.107
v -77.5001 -28.1773 134.429
v -81.2899 -25.7669 133.497
v -80.4571 -25.6215 133.933
v -66.8474 -27.4412 134.756
v -78.7038 -25.3534 134.467
v -65.0898 -24.4512 135.818
v -62.7462 -23.2518 135.122
v -78.9389 -22.0127 134.551
v -60.8123 -21.0153 134.357
v -78.3487 -19.5717 134.477
v -59.3899 -20.4633 133.76
v -59.8314 -19.2767 134.217
v -60.3405 -16.7507 134.514
v -57.8182 -18.5889 134.062
v -52.2251 -18.1976 133.602
v -80.2513 -13.5629 133.899
v -77.5457 -16.0739 134.461
v -81.0106 -13.0509 133.609
v -59.5476 -15.339 134.228
v -52.9852 -16.6485 133.972
v -51.4864 -16.8314 133.584
v -54.8434 -13.89 134.101
v -52.8348 -14.0284 133.708
v -76.9782 -12.4211 134.385
v -62.5231 -12.0069 134.529
v -54.4844 -11.9192 133.898
v -77.4037 -7.82109 133.966
v -75.9954 -9.18052 134.351
v -74.5412 -9.07852 135.255
v -64.1518 -9.07309 134.506
v -62.0577 -9.50238 134.229
v -58.9733 -8.40605 134.062
v -56.4748 -9.29752 133.825
v -65.8613 -7.9075 134.442
v -62.2391 -6.40311 133.904
v -74.2399 -7.23365 134.288
v -69.3895 -6.58721 134.444
v -58.4745 -6.96244 133.747
v -72.2575 -6.67868 134.438
v -72.9228 -30.4041 135.243
v -68.8624 -28.2866 135.584
v -75.9972 -27.422 135.413
v -76.0453 -22.031 136.417
v -62.3111 -20.9851 135.607
v -76.1116 -19.1298 136.255
v -62.2585 -17.9793 135.713
v -63.6269 -14.6645 135.701
v -75.1588 -11.9102 135.542
v -64.6082 -11.947 135.705
v -73.513 -8.03635 135.281
v -69.4896 -8.35985 135.598
v -73.6758 -26.9156 136.528
v -71.9 -27.9939 136.445
v -70.2371 -28.3794 136.129
v -68.3503 -26.9626 136.991
v -75.531 -24.5113 136.392
v -67.5903 -25.6187 137.924
v -64.6077 -22.1194 136.402
v -65.0412 -21.5326 136.707
v -65.2946 -17.9861 136.517
v -75.6087 -17.203 136.317
v -74.6862 -14.433 135.971
v -74.3554 -15.5283 136.462
v -66.4216 -15.0887 136.519
v -70.9636 -13.5454 136.672
v -67.4847 -14.0906 136.832
v -70.5251 -12.394 136.317
v -67.4467 -12.9976 136.371
v -69.2194 -13.2456 136.846
v -66.0091 -10.7694 135.833
v -72.9565 -9.56824 135.921
v -70.0628 -9.31579 135.939
v -72.0096 -25.9033 138.218
v -69.6634 -26.3434 138.165
v -73.9328 -24.643 138.055
v -66.7451 -24.0805 138.073
v -74.9686 -19.4856 137.892
v -66.7277 -20.1003 138.288
v -74.5409 -17.3626 138.038
v -72.1321 -15.3634 137.9
v -74.51 -21.5333 138.343
v -68.1461 -15.8843 138.309
v -69.4802 -14.2243 138.14
v -71.7842 -24.4516 138.842
v -68.3558 -24.1071 138.811
v -73.1332 -22.686 138.869
v -70.6431 -23.3054 139.064
v -68.4776 -20.0329 138.956
v -71.7348 -18.7369 139.085
v -73.5859 -17.7443 138.631
v -70.2672 -16.2013 138.855
f 1 2 3
f 3 5 4
f 3 4 6
f 1 3 6
f 7 2 1
f 7 1 6
f 9 10 4
f 6 4 11
f 11 4 10
f 7 6 12
f 7 12 13
f 14 8 7
f 13 14 7
f 15 10 9
f 6 11 16
f 12 6 16
f 17 14 13
f 10 15 18
f 11 10 18
f 16 11 19
f 17 13 20
f 20 13 12
f 20 21 17
f 22 21 20
f 23 18 15
f 11 18 19
f 19 18 23
f 16 19 25
f 12 16 26
f 20 12 26
f 16 25 27
f 28 23 24
f 23 28 29
f 19 23 29
f 25 19 29
f 26 16 27
f 26 22 20
f 30 22 26
f 28 31 29
f 25 29 31
f 26 27 32
f 27 25 33
f 26 32 34
f 34 30 26
f 36 35 31
f 25 31 35
f 33 25 35
f 27 33 37
f 32 27 37
f 38 35 36
f 39 32 37
f 40 34 39
f 39 34 32
f 41 40 39
f 33 35 42
f 37 33 42
f 38 43 35
f 42 35 43
f 37 42 44
f 41 39 44
f 44 39 37
f 42 43 45
f 44 42 45
f 41 44 46
f 46 44 45
f 2 47 3
f 2 7 49
f 5 50 4
f 7 8 51
f 4 50 9
f 9 52 15
f 53 15 52
f 21 22 54
f 15 55 23
f 53 55 15
f 23 55 24
f 54 22 56
f 57 24 55
f 59 57 58
f 24 59 28
f 57 59 24
f 56 22 60
f 22 30 60
f 31 59 61
f 31 28 59
f 61 36 31
f 30 34 60
f 38 64 43
f 43 64 65
f 45 43 65
f 2 48 47
f 48 2 49
f 49 7 51
f 9 50 67
f 51 8 14
f 67 52 9
f 68 14 17
f 17 21 68
f 53 52 69
f 21 54 70
f 53 69 55
f 69 72 55
f 71 54 73
f 57 55 72
f 54 56 73
f 73 56 74
f 74 56 75
f 56 60 75
f 59 76 61
f 75 60 77
f 61 78 36
f 60 34 77
f 77 34 62
f 36 78 38
f 34 40 62
f 40 41 62
f 38 63 64
f 45 65 79
f 46 45 79
f 80 46 79
f 81 47 48
f 49 81 48
f 49 82 81
f 3 47 83
f 66 5 83
f 5 3 83
f 51 82 49
f 84 82 51
f 66 50 5
f 85 84 51
f 14 85 51
f 68 85 14
f 67 86 52
f 52 86 69
f 68 21 70
f 70 54 71
f 72 87 57
f 88 73 74
f 57 87 58
f 89 58 87
f 90 88 74
f 58 89 59
f 90 74 75
f 89 76 59
f 77 90 75
f 61 76 78
f 77 62 91
f 92 63 78
f 38 78 63
f 91 62 93
f 41 93 62
f 94 93 41
f 63 95 64
f 41 46 96
f 41 96 94
f 64 95 65
f 46 80 96
f 79 65 95
f 79 95 97
f 80 79 97
f 98 81 82
f 85 68 102
f 70 103 68
f 69 86 104
f 105 69 104
f 71 103 70
f 71 73 106
f 72 69 105
f 107 72 105
f 88 106 73
f 108 72 107
f 87 72 108
f 89 87 108
f 90 77 91
f 111 110 112
f 112 110 113
f 110 111 99
f 98 110 99
f 113 110 98
f 98 114 113
f 99 111 83
f 81 99 47
f 98 99 81
f 99 83 47
f 82 114 98
f 82 84 114
f 84 116 114
f 83 115 101
f 83 101 66
f 66 101 50
f 84 85 116
f 116 85 100
f 50 101 117
f 67 50 117
f 100 85 102
f 67 117 86
f 117 118 86
f 102 68 103
f 119 102 103
f 122 123 124
f 125 119 103
f 126 119 125
f 126 127 121
f 121 127 120
f 122 120 127
f 86 118 104
f 128 126 125
f 127 126 128
f 129 127 128
f 130 127 129
f 122 127 130
f 123 122 131
f 131 122 130
f 132 123 131
f 125 103 106
f 128 125 133
f 129 128 133
f 131 130 134
f 103 71 106
f 125 106 133
f 129 133 130
f 135 132 131
f 104 136 105
f 131 134 135
f 137 132 135
f 134 130 138
f 139 105 136
f 140 137 135
f 107 105 139
f 133 106 141
f 130 133 138
f 134 138 142
f 107 139 143
f 138 133 144
f 140 135 145
f 145 135 134
f 106 88 141
f 134 142 145
f 140 145 146
f 133 141 144
f 142 138 144
f 107 143 108
f 142 144 145
f 147 146 145
f 147 145 150
f 150 145 144
f 150 144 149
f 108 143 148
f 152 144 141
f 149 144 152
f 141 88 151
f 141 151 152
f 153 150 149
f 147 150 153
f 149 152 154
f 155 149 154
f 155 153 149
f 108 148 156
f 108 156 89
f 88 90 151
f 154 152 157
f 89 156 76
f 152 151 157
f 158 155 154
f 76 156 159
f 158 154 157
f 151 90 160
f 76 159 78
f 157 151 161
f 161 151 160
f 162 158 157
f 162 157 161
f 159 163 78
f 78 163 92
f 90 91 160
f 164 161 160
f 91 165 160
f 164 160 165
f 164 162 161
f 91 93 165
f 167 162 164
f 92 168 63
f 164 165 169
f 167 164 169
f 93 94 165
f 167 169 170
f 63 168 95
f 165 94 171
f 169 165 171
f 94 96 171
f 172 169 171
f 80 173 96
f 173 174 96
f 171 96 174
f 97 95 175
f 97 175 109
f 80 97 173
f 176 174 173
f 97 109 173
f 174 176 177
f 178 171 174
f 175 179 109
f 173 109 179
f 177 178 174
f 176 173 179
f 176 179 180
f 181 177 176
f 182 176 180
f 181 176 182
f 184 83 111
f 113 114 183
f 116 183 114
f 102 119 185
f 102 185 100
f 120 188 121
f 121 188 187
f 122 124 120
f 124 123 186
f 126 185 119
f 126 187 185
f 121 187 126
f 104 118 189
f 123 132 190
f 137 191 132
f 137 140 194
f 136 193 139
f 195 139 193
f 140 146 194
f 196 139 195
f 139 196 143
f 146 147 198
f 197 146 198
f 143 196 148
f 199 198 147
f 199 147 153
f 201 199 153
f 148 200 156
f 201 153 155
f 200 202 156
f 155 158 203
f 156 202 159
f 158 162 204
f 163 159 202
f 162 167 205
f 163 206 92
f 92 206 166
f 166 168 92
f 169 172 170
f 95 168 207
f 95 207 175
f 172 171 178
f 207 208 175
f 178 177 181
f 175 208 179
f 182 180 209
f 210 182 209
f 211 111 112
f 211 112 212
f 211 184 111
f 113 213 112
f 213 113 183
f 83 184 115
f 101 115 214
f 101 214 117
f 124 186 188
f 188 120 124
f 123 215 186
f 215 123 190
f 189 192 104
f 132 191 190
f 104 192 136
f 137 194 191
f 146 197 194
f 216 148 196
f 148 216 200
f 155 203 201
f 204 203 158
f 204 162 205
f 205 167 217
f 217 167 218
f 219 167 170
f 220 172 221
f 179 208 222
f 179 222 209
f 179 209 180
f 223 212 224
f 212 213 225
f 213 226 225
f 223 227 211
f 212 223 211
f 112 213 212
f 225 226 228
f 184 227 229
f 211 227 184
f 183 230 213
f 226 213 230
f 231 226 230
f 228 226 231
f 229 232 184
f 231 230 233
f 184 232 115
f 116 233 183
f 233 230 183
f 234 214 232
f 115 232 214
f 231 233 235
f 228 231 236
f 236 231 235
f 233 116 237
f 235 233 237
f 236 235 238
f 239 236 238
f 236 239 240
f 214 234 117
f 116 100 237
f 234 241 117
f 238 235 237
f 239 238 243
f 244 242 239
f 244 239 243
f 242 244 245
f 238 237 247
f 245 244 188
f 188 244 243
f 186 245 188
f 248 245 186
f 185 237 100
f 247 237 185
f 243 238 247
f 188 243 249
f 248 186 215
f 117 241 118
f 243 247 249
f 187 247 185
f 249 247 187
f 188 249 187
f 251 248 215
f 251 252 248
f 241 250 189
f 241 189 118
f 251 215 190
f 189 250 192
f 251 190 191
f 254 251 191
f 254 191 255
f 256 193 192
f 192 193 136
f 255 257 254
f 191 194 258
f 255 191 258
f 195 193 259
f 255 258 260
f 261 255 260
f 194 197 258
f 198 263 197
f 263 264 197
f 258 197 264
f 266 195 262
f 195 266 196
f 258 264 260
f 196 266 216
f 198 199 267
f 198 267 263
f 264 263 268
f 269 264 268
f 260 264 269
f 199 201 267
f 270 260 269
f 263 267 268
f 200 216 271
f 268 267 272
f 267 201 274
f 272 267 274
f 269 268 272
f 275 273 269
f 200 271 202
f 269 272 275
f 203 277 201
f 274 201 277
f 275 272 274
f 278 275 274
f 279 271 276
f 202 271 279
f 278 274 277
f 277 203 204
f 202 279 163
f 278 277 280
f 277 204 205
f 280 277 205
f 279 281 206
f 163 279 206
f 280 205 217
f 282 280 217
f 282 217 218
f 284 281 283
f 206 281 166
f 166 281 284
f 167 219 218
f 282 218 219
f 166 284 168
f 219 170 220
f 168 284 207
f 172 220 170
f 285 284 283
f 207 284 286
f 286 284 285
f 172 178 221
f 207 286 208
f 287 286 285
f 208 286 287
f 178 181 221
f 208 287 288
f 222 208 288
f 221 181 289
f 181 182 210
f 181 210 289
f 287 290 288
f 222 288 290
f 222 290 209
f 291 289 210
f 209 290 292
f 210 209 292
f 293 210 292
f 225 294 212
f 212 294 224
f 225 228 295
f 295 228 296
f 296 228 297
f 232 229 234
f 229 298 234
f 228 236 297
f 297 236 240
f 234 299 241
f 239 242 240
f 245 300 242
f 245 246 300
f 246 245 248
f 241 299 250
f 248 252 246
f 253 252 251
f 251 254 253
f 253 254 257
f 255 261 257
f 195 259 262
f 260 265 261
f 301 266 262
f 270 265 260
f 302 266 301
f 266 302 216
f 216 302 271
f 270 269 273
f 302 303 271
f 271 303 276
f 305 273 275
f 275 278 305
f 307 279 276
f 306 278 280
f 279 307 281
f 282 219 309
f 290 287 310
f 290 310 292
f 291 210 293
f 224 294 311
f 227 313 314
f 227 223 313
f 294 225 312
f 296 315 295
f 229 314 316
f 227 314 229
f 317 296 297
f 318 315 296
f 318 296 319
f 319 296 317
f 316 298 229
f 317 297 240
f 317 240 321
f 319 317 321
f 318 319 320
f 320 319 321
f 299 234 298
f 322 320 321
f 322 324 323
f 321 240 242
f 246 324 322
f 326 324 246
f 327 325 324
f 327 324 326
f 326 328 327
f 300 321 242
f 322 321 300
f 246 322 300
f 328 326 331
f 331 326 330
f 332 329 328
f 332 328 331
f 332 331 333
f 330 326 252
f 252 326 246
f 331 330 335
f 336 331 335
f 333 331 336
f 334 332 333
f 335 330 252
f 253 335 252
f 334 333 337
f 338 335 253
f 336 335 338
f 337 333 336
f 337 336 340
f 339 337 340
f 336 338 342
f 340 336 342
f 341 192 250
f 253 257 344
f 338 253 344
f 339 340 345
f 345 343 339
f 256 192 341
f 345 340 342
f 342 338 346
f 346 338 344
f 256 259 193
f 257 261 344
f 261 347 344
f 345 342 348
f 348 342 346
f 348 346 349
f 347 261 265
f 344 347 350
f 346 344 350
f 351 346 350
f 351 349 346
f 353 350 347
f 352 351 354
f 354 351 350
f 350 353 354
f 355 352 354
f 347 265 356
f 353 347 356
f 270 357 265
f 356 265 357
f 355 354 356
f 356 354 353
f 358 355 356
f 359 302 301
f 356 357 358
f 302 359 303
f 270 273 304
f 357 270 358
f 358 270 304
f 273 305 304
f 303 360 276
f 305 278 306
f 305 306 361
f 307 276 360
f 280 282 306
f 282 363 306
f 308 281 307
f 365 281 308
f 281 365 283
f 309 366 282
f 363 282 366
f 309 219 368
f 219 220 369
f 368 219 369
f 370 365 367
f 283 365 285
f 370 285 365
f 220 221 369
f 371 368 369
f 221 289 369
f 287 285 372
f 289 291 369
f 291 373 369
f 371 369 373
f 374 371 373
f 375 292 310
f 293 376 291
f 377 291 376
f 373 291 377
f 374 373 377
f 378 292 375
f 379 292 378
f 293 292 379
f 376 293 379
f 224 380 313
f 224 311 380
f 294 381 311
f 294 312 381
f 313 223 224
f 225 382 312
f 382 225 295
f 383 295 315
f 318 320 385
f 323 385 320
f 385 323 387
f 323 325 387
f 320 322 323
f 325 323 324
f 325 329 388
f 329 325 327
f 328 329 327
f 299 390 250
f 334 337 391
f 337 339 391
f 250 390 341
f 339 343 392
f 393 256 341
f 345 394 343
f 343 394 395
f 393 259 256
f 345 348 394
f 259 393 396
f 348 349 394
f 349 397 394
f 351 398 349
f 262 259 396
f 399 398 351
f 352 400 399
f 399 351 352
f 262 396 301
f 401 402 301
f 301 402 359
f 355 358 403
f 304 405 358
f 404 303 359
f 304 406 407
f 305 406 304
f 405 304 407
f 305 361 406
f 362 361 306
f 360 408 307
f 306 363 409
f 306 409 362
f 308 307 408
f 364 409 363
f 308 367 365
f 309 368 411
f 368 371 412
f 372 285 413
f 414 371 415
f 371 374 415
f 287 372 310
f 418 374 377
f 378 375 419
f 379 420 376
f 420 377 376
f 420 418 377
f 379 378 419
f 382 295 383
f 315 384 383
f 316 421 422
f 315 318 384
f 298 316 386
f 384 318 385
f 325 423 387
f 423 325 388
f 386 299 298
f 332 425 329
f 386 389 299
f 334 426 332
f 389 390 299
f 334 391 427
f 390 428 341
f 339 392 391
f 428 393 341
f 343 395 392
f 395 394 429
f 429 394 397
f 349 398 397
f 396 401 301
f 352 355 400
f 403 400 355
f 405 403 358
f 360 303 404
f 364 363 366
f 410 367 308
f 366 309 411
f 367 430 370
f 368 412 411
f 430 413 370
f 413 285 370
f 412 371 414
f 310 372 431
f 310 416 375
f 416 417 375
f 419 375 417
f 379 419 432
f 420 379 432
f 434 381 435
f 433 313 380
f 381 434 380
f 312 436 381
f 382 436 312
f 313 437 314
f 381 380 311
f 438 383 384
f 383 438 439
f 438 440 439
f 441 440 438
f 440 441 442
f 316 422 386
f 385 438 384
f 441 438 387
f 387 438 385
f 423 388 443
f 443 388 444
f 444 388 424
f 424 388 329
f 424 329 425
f 445 389 386
f 427 426 334
f 391 446 427
f 447 446 391
f 447 391 448
f 448 391 392
f 395 448 392
f 449 448 395
f 429 449 395
f 396 393 450
f 452 397 398
f 398 399 453
f 451 401 396
f 453 399 400
f 452 398 453
f 453 400 454
f 400 403 454
f 455 454 403
f 405 456 403
f 406 456 407
f 407 456 405
f 403 456 455
f 458 455 457
f 457 455 456
f 456 406 457
f 406 361 457
f 460 458 457
f 362 409 361
f 457 361 461
f 460 457 461
f 361 409 461
f 364 366 409
f 410 308 408
f 409 366 462
f 461 409 462
f 460 461 462
f 462 366 411
f 462 411 464
f 465 411 412
f 465 464 411
f 413 431 372
f 412 414 415
f 465 412 415
f 415 466 465
f 310 431 416
f 415 374 418
f 468 466 418
f 418 466 415
f 467 469 416
f 416 469 417
f 419 417 470
f 470 417 469
f 471 419 470
f 432 419 471
f 472 432 471
f 420 432 472
f 380 434 433
f 436 435 381
f 436 473 435
f 437 313 433
f 314 437 474
f 475 382 383
f 314 421 316
f 383 439 475
f 386 422 445
f 387 423 441
f 425 426 476
f 425 332 426
f 427 446 426
f 390 389 477
f 446 447 478
f 448 479 447
f 390 477 428
f 393 428 477
f 429 397 480
f 450 451 396
f 397 452 481
f 482 452 453
f 454 483 453
f 454 455 485
f 454 485 483
f 404 359 484
f 458 485 455
f 459 360 404
f 360 459 408
f 458 460 486
f 367 410 463
f 463 430 367
f 488 462 464
f 464 465 488
f 431 467 416
f 489 467 431
f 418 490 468
f 420 490 418
f 470 469 491
f 472 490 420
f 492 494 493
f 493 494 495
f 494 492 433
f 495 494 435
f 495 435 497
f 474 492 496
f 434 494 433
f 435 494 434
f 473 497 435
f 437 492 474
f 433 492 437
f 436 382 498
f 314 474 421
f 475 498 382
f 440 442 500
f 440 500 439
f 421 499 422
f 501 442 441
f 422 499 445
f 423 501 441
f 423 443 501
f 444 424 503
f 389 445 502
f 426 505 476
f 505 426 446
f 478 505 446
f 478 447 506
f 479 506 447
f 508 479 448
f 508 448 449
f 477 507 393
f 508 449 480
f 507 450 393
f 449 429 480
f 481 480 397
f 452 511 481
f 401 451 510
f 512 401 510
f 401 512 402
f 482 453 483
f 402 512 359
f 483 485 513
f 513 482 483
f 484 359 512
f 459 404 515
f 458 514 485
f 458 486 514
f 460 516 486
f 459 487 408
f 517 408 487
f 518 516 460
f 408 517 410
f 462 518 460
f 520 410 517
f 518 462 488
f 521 410 520
f 463 410 521
f 463 521 430
f 521 522 430
f 465 466 488
f 523 488 466
f 413 524 431
f 413 522 524
f 413 430 522
f 471 470 491
f 471 491 527
f 492 528 496
f 492 493 528
f 495 529 493
f 436 498 473
f 474 531 421
f 439 532 475
f 421 531 499
f 439 500 532
f 442 501 500
f 444 503 443
f 424 425 504
f 502 534 389
f 389 534 477
f 535 478 506
f 535 505 478
f 479 508 537
f 480 481 509
f 509 481 511
f 452 482 511
f 482 513 539
f 515 404 484
f 540 513 485
f 514 540 485
f 514 486 541
f 541 486 542
f 486 516 542
f 516 518 543
f 543 518 519
f 518 488 544
f 545 544 488
f 546 522 521
f 524 522 546
f 523 545 488
f 525 431 524
f 466 526 523
f 431 525 489
f 466 468 526
f 467 489 547
f 468 490 526
f 469 548 491
f 490 472 549
f 472 471 550
f 471 527 550
f 549 472 550
f 493 551 528
f 529 551 493
f 495 553 529
f 497 553 495
f 473 530 497
f 473 498 530
f 533 499 531
f 554 500 501
f 443 555 501
f 424 504 503
f 476 556 425
f 556 476 505
f 535 556 505
f 535 506 557
f 506 479 558
f 534 536 477
f 559 479 537
f 536 507 477
f 508 480 537
f 537 480 561
f 507 560 450
f 561 480 509
f 511 482 538
f 482 539 538
f 540 539 513
f 514 541 540
f 487 459 515
f 562 517 487
f 543 542 516
f 520 517 562
f 518 544 519
f 563 521 520
f 469 467 547
f 547 548 469
f 491 548 527
f 549 564 490
f 529 552 551
f 565 496 528
f 566 496 565
f 553 497 530
f 496 566 531
f 474 496 531
f 532 567 475
f 554 532 500
f 555 554 501
f 533 568 499
f 569 554 555
f 499 568 445
f 555 443 569
f 569 443 570
f 445 568 502
f 570 443 503
f 571 504 425
f 425 556 571
f 572 534 502
f 572 536 534
f 506 558 557
f 558 479 559
f 537 574 559
f 536 573 507
f 575 574 537
f 573 560 507
f 576 575 537
f 561 576 537
f 577 578 560
f 560 578 450
f 450 578 451
f 510 578 579
f 578 510 451
f 509 580 561
f 511 581 509
f 580 509 581
f 511 538 582
f 582 581 511
f 512 510 579
f 583 512 579
f 538 539 582
f 584 512 583
f 512 584 484
f 582 539 586
f 586 539 585
f 540 587 539
f 587 585 539
f 484 584 515
f 588 586 585
f 515 584 589
f 540 541 587
f 541 590 587
f 585 587 590
f 588 585 590
f 515 589 487
f 542 591 541
f 590 541 591
f 591 592 590
f 487 589 562
f 593 542 543
f 591 542 593
f 593 543 594
f 543 519 594
f 595 594 519
f 544 595 519
f 563 520 562
f 596 595 544
f 545 596 544
f 546 563 597
f 546 521 563
f 546 597 524
f 599 596 545
f 598 599 545
f 524 597 600
f 545 523 598
f 525 524 600
f 523 601 598
f 525 600 602
f 523 526 601
f 489 525 547
f 525 602 547
f 547 602 604
f 490 601 526
f 490 564 601
f 564 605 601
f 603 601 605
f 607 605 606
f 606 605 564
f 604 608 547
f 606 564 549
f 548 547 608
f 550 609 549
f 610 548 608
f 527 548 610
f 549 609 611
f 611 606 549
f 608 612 610
f 550 527 610
f 611 609 613
f 530 614 553
f 533 531 566
f 475 567 498
f 532 554 567
f 533 616 568
f 569 615 554
f 568 572 502
f 504 617 503
f 571 617 504
f 618 556 535
f 535 557 618
f 559 574 619
f 576 561 620
f 620 561 580
f 581 582 621
f 582 586 622
f 586 588 623
f 583 624 584
f 584 624 589
f 625 590 592
f 591 593 592
f 562 589 626
f 563 627 597
f 597 627 600
f 599 598 628
f 628 598 601
f 600 630 602
f 602 631 604
f 610 634 550
f 550 634 609
f 634 613 609
f 528 635 565
f 528 551 635
f 551 636 635
f 551 552 636
f 529 553 637
f 566 565 638
f 530 498 567
f 567 554 639
f 568 641 572
f 503 617 570
f 572 641 642
f 571 556 643
f 642 536 572
f 536 644 573
f 619 558 559
f 573 577 560
f 645 575 576
f 645 576 620
f 580 646 620
f 580 581 621
f 621 582 622
f 623 622 586
f 588 649 623
f 588 590 625
f 588 625 649
f 649 648 623
f 649 625 650
f 589 624 626
f 650 625 651
f 651 593 652
f 592 593 651
f 625 592 651
f 653 650 651
f 654 653 651
f 651 652 656
f 593 594 652
f 656 654 651
f 656 652 657
f 654 656 658
f 562 626 659
f 652 594 657
f 658 656 657
f 659 626 655
f 657 594 660
f 658 657 661
f 594 595 662
f 660 594 662
f 663 661 657
f 663 657 660
f 562 659 563
f 595 596 662
f 563 659 664
f 665 663 662
f 660 662 663
f 563 664 627
f 662 596 666
f 665 662 666
f 628 666 599
f 599 666 596
f 667 600 627
f 629 600 667
f 601 603 628
f 630 600 629
f 602 630 631
f 630 668 631
f 604 631 632
f 668 632 631
f 605 670 603
f 604 671 608
f 632 671 604
f 607 672 605
f 607 606 672
f 608 671 633
f 608 633 612
f 673 606 611
f 672 606 673
f 633 671 674
f 610 612 634
f 611 613 675
f 611 675 673
f 676 633 674
f 677 633 676
f 612 633 677
f 634 678 613
f 679 612 677
f 634 612 679
f 613 678 680
f 675 613 680
f 634 679 678
f 552 681 636
f 529 681 552
f 529 637 681
f 530 567 682
f 566 683 533
f 615 639 554
f 616 533 683
f 569 684 615
f 569 570 640
f 641 685 642
f 617 571 643
f 556 686 643
f 556 618 686
f 642 644 536
f 575 645 687
f 645 620 688
f 688 620 646
f 579 578 689
f 646 580 647
f 647 580 690
f 580 621 690
f 691 690 621
f 621 622 691
f 691 622 692
f 692 622 623
f 623 648 693
f 694 624 583
f 624 694 626
f 695 665 666
f 666 628 696
f 630 629 668
f 669 628 603
f 603 670 669
f 605 672 670
f 671 632 698
f 673 675 699
f 675 680 700
f 679 677 701
f 702 678 679
f 678 702 680
f 700 680 703
f 680 702 703
f 637 553 704
f 704 553 614
f 566 705 683
f 705 566 638
f 530 682 614
f 568 616 706
f 706 641 568
f 570 617 707
f 557 708 618
f 709 557 558
f 558 710 709
f 619 710 558
f 711 619 574
f 574 575 711
f 711 575 712
f 712 575 687
f 645 688 687
f 647 688 646
f 689 713 579
f 579 713 583
f 690 714 647
f 623 693 692
f 648 715 716
f 649 715 648
f 650 715 649
f 653 654 718
f 718 650 653
f 626 717 655
f 654 658 719
f 655 720 659
f 658 661 721
f 661 663 722
f 723 663 665
f 665 695 723
f 724 627 664
f 696 695 666
f 628 697 696
f 697 628 669
f 629 725 668
f 725 698 668
f 632 668 698
f 670 672 726
f 727 676 674
f 699 675 700
f 677 676 727
f 677 728 701
f 679 701 702
f 635 636 729
f 636 681 730
f 729 636 730
f 730 681 731
f 565 732 733
f 732 565 635
f 638 733 705
f 733 638 565
f 614 682 734
f 682 567 735
f 567 736 735
f 567 639 736
f 570 707 640
f 641 706 685
f 617 643 707
f 686 618 708
f 737 573 644
f 738 573 737
f 573 738 577
f 689 577 738
f 687 688 740
f 741 739 687
f 577 689 578
f 740 741 687
f 740 647 742
f 688 647 740
f 742 647 714
f 742 714 744
f 740 742 744
f 744 743 740
f 744 714 745
f 714 691 745
f 690 691 714
f 713 746 583
f 744 745 747
f 691 692 745
f 692 747 745
f 747 692 748
f 746 694 583
f 748 692 693
f 748 693 716
f 648 716 693
f 694 717 626
f 650 718 715
f 654 719 718
f 717 750 720
f 717 720 655
f 658 721 719
f 661 722 721
f 664 659 720
f 663 723 722
f 724 664 720
f 724 752 627
f 667 627 752
f 751 695 696
f 751 696 753
f 629 667 752
f 696 697 755
f 754 696 755
f 669 755 697
f 669 670 726
f 756 669 726
f 755 669 756
f 757 755 756
f 754 755 757
f 756 726 758
f 759 757 756
f 726 672 760
f 726 760 761
f 758 726 761
f 758 759 756
f 673 760 672
f 674 671 762
f 699 760 673
f 760 699 763
f 699 700 763
f 758 761 765
f 760 763 766
f 761 760 766
f 766 765 761
f 728 677 727
f 703 763 700
f 766 763 767
f 768 728 727
f 701 728 768
f 767 763 703
f 768 769 701
f 702 701 770
f 770 701 769
f 703 702 771
f 771 702 770
f 767 703 771
f 772 765 766
f 772 766 767
f 772 767 771
f 635 729 732
f 681 773 731
f 637 773 681
f 637 774 773
f 637 704 774
f 614 774 704
f 614 734 774
f 615 684 639
f 640 684 569
f 643 686 776
f 777 642 685
f 708 778 686
f 557 709 708
f 619 779 710
f 619 711 779
f 712 687 739
f 740 743 741
f 689 780 713
f 743 744 781
f 744 747 781
f 694 749 717
f 717 749 750
f 723 695 751
f 696 754 753
f 629 752 725
f 725 752 782
f 671 698 762
f 762 727 674
f 765 784 759
f 765 759 758
f 772 785 765
f 770 769 786
f 772 771 785
f 729 730 788
f 787 729 788
f 730 731 788
f 787 732 729
f 773 789 731
f 790 773 774
f 705 733 791
f 774 734 792
f 791 683 705
f 682 735 734
f 683 791 775
f 683 775 616
f 639 684 793
f 616 775 706
f 707 776 640
f 707 643 776
f 706 777 685
f 642 777 644
f 795 711 796
f 796 711 712
f 739 796 712
f 797 796 739
f 798 796 797
f 739 741 799
f 797 739 800
f 800 739 799
f 798 797 801
f 801 797 800
f 802 798 801
f 803 802 801
f 804 803 801
f 805 803 804
f 807 801 800
f 804 801 807
f 800 799 809
f 810 804 807
f 805 804 810
f 810 808 805
f 689 806 780
f 799 741 743
f 809 799 743
f 810 807 811
f 800 809 812
f 807 800 812
f 811 807 812
f 813 810 811
f 813 808 810
f 813 811 814
f 811 812 816
f 814 811 816
f 815 812 809
f 817 814 816
f 818 713 780
f 812 815 816
f 819 817 816
f 809 743 820
f 820 743 781
f 815 809 820
f 816 815 819
f 815 820 819
f 713 818 746
f 822 820 781
f 821 820 822
f 819 820 821
f 747 823 781
f 822 781 823
f 748 823 747
f 822 823 824
f 823 748 826
f 746 825 694
f 716 827 748
f 827 826 748
f 715 827 716
f 827 715 829
f 694 830 749
f 718 829 715
f 719 831 718
f 831 829 718
f 721 832 719
f 832 831 719
f 721 722 834
f 721 834 832
f 835 832 834
f 720 833 724
f 722 723 834
f 836 834 837
f 836 835 834
f 838 724 833
f 751 834 723
f 751 837 834
f 835 836 839
f 841 839 836
f 841 836 837
f 724 838 840
f 724 840 752
f 751 753 837
f 842 841 837
f 840 782 752
f 842 837 753
f 725 782 843
f 725 843 783
f 754 757 844
f 698 725 783
f 759 845 757
f 762 783 846
f 762 698 783
f 727 762 764
f 848 768 727
f 784 765 849
f 849 765 785
f 786 769 768
f 786 850 770
f 770 851 771
f 851 770 850
f 852 785 851
f 851 785 771
f 853 785 852
f 789 788 731
f 789 773 856
f 789 856 854
f 855 732 787
f 856 773 790
f 774 857 790
f 735 736 858
f 859 736 639
f 639 793 859
f 684 640 860
f 640 776 861
f 776 686 862
f 644 863 737
f 710 864 709
f 864 710 779
f 737 794 738
f 795 779 711
f 865 738 794
f 689 738 865
f 802 867 798
f 803 868 802
f 805 869 803
f 817 819 821
f 871 821 822
f 746 818 825
f 870 822 824
f 823 872 824
f 826 827 872
f 872 823 826
f 872 827 828
f 827 873 828
f 825 830 694
f 873 827 874
f 874 827 829
f 875 874 829
f 830 750 749
f 829 831 875
f 831 876 875
f 750 877 720
f 832 876 831
f 877 833 720
f 832 835 876
f 835 839 878
f 838 879 840
f 880 842 753
f 753 754 880
f 754 844 880
f 757 845 844
f 845 759 847
f 759 784 847
f 784 849 847
f 727 764 848
f 849 785 853
f 850 786 882
f 851 850 883
f 851 883 852
f 788 884 787
f 788 885 884
f 788 789 885
f 886 733 732
f 733 886 887
f 887 791 733
f 774 792 857
f 735 858 734
f 775 791 889
f 775 890 706
f 860 793 684
f 860 640 861
f 706 891 777
f 686 778 862
f 708 893 778
f 709 864 708
f 708 864 893
f 779 894 864
f 779 795 895
f 796 798 795
f 798 866 795
f 798 867 866
f 802 868 867
f 868 803 869
f 689 865 806
f 896 869 805
f 805 808 896
f 896 808 897
f 897 808 899
f 808 813 899
f 814 899 813
f 900 899 814
f 814 817 900
f 902 818 780
f 821 871 901
f 901 817 821
f 822 870 871
f 903 825 818
f 825 904 830
f 877 905 833
f 833 905 838
f 906 878 839
f 841 906 839
f 907 879 838
f 908 906 841
f 842 909 841
f 782 840 910
f 842 880 909
f 843 782 910
f 783 843 881
f 881 846 783
f 848 786 768
f 850 882 883
f 884 885 911
f 885 912 911
f 912 885 854
f 913 912 854
f 855 914 886
f 884 855 787
f 854 885 789
f 913 854 856
f 915 913 856
f 855 886 732
f 915 856 916
f 790 916 856
f 917 916 790
f 790 857 917
f 791 887 888
f 792 734 858
f 791 918 889
f 775 889 890
f 920 859 793
f 890 891 706
f 860 861 921
f 921 861 922
f 861 776 892
f 862 892 776
f 777 923 644
f 863 644 923
f 779 895 894
f 924 895 866
f 795 866 895
f 925 924 927
f 927 924 866
f 926 865 794
f 928 927 929
f 927 866 867
f 927 867 868
f 929 927 868
f 868 869 929
f 930 931 865
f 865 931 806
f 899 933 897
f 932 897 933
f 806 898 780
f 898 934 780
f 899 900 935
f 817 901 900
f 902 780 934
f 871 936 901
f 902 937 818
f 938 936 871
f 903 818 937
f 871 870 939
f 938 871 939
f 939 870 940
f 940 870 824
f 825 941 904
f 903 941 825
f 824 872 940
f 872 943 940
f 943 944 940
f 942 940 944
f 828 943 872
f 945 943 828
f 944 943 945
f 947 904 941
f 873 874 948
f 828 873 948
f 945 828 948
f 875 948 874
f 950 750 830
f 952 948 951
f 945 948 952
f 750 950 877
f 953 875 876
f 953 948 875
f 954 953 876
f 878 954 876
f 876 835 878
f 954 878 956
f 838 905 955
f 956 878 906
f 879 907 957
f 841 909 908
f 879 910 840
f 909 880 958
f 959 843 910
f 960 958 880
f 844 960 880
f 959 962 843
f 881 843 962
f 960 844 963
f 963 844 845
f 846 881 962
f 963 964 960
f 846 962 762
f 845 847 965
f 963 845 965
f 962 966 762
f 963 965 967
f 762 966 764
f 966 968 764
f 847 969 965
f 970 967 965
f 764 968 971
f 847 849 969
f 970 965 969
f 848 764 971
f 853 969 849
f 853 972 969
f 786 848 882
f 969 972 973
f 973 970 969
f 882 974 883
f 974 975 883
f 883 975 852
f 975 976 852
f 852 972 853
f 852 976 972
f 972 976 977
f 977 973 972
f 979 974 882
f 975 974 979
f 976 975 980
f 980 977 976
f 978 981 882
f 882 981 979
f 980 975 979
f 979 981 982
f 983 855 884
f 983 914 855
f 791 888 918
f 858 736 919
f 919 736 859
f 984 919 859
f 923 777 891
f 863 985 737
f 893 864 986
f 894 987 864
f 895 988 894
f 895 924 988
f 925 927 928
f 926 930 865
f 806 931 898
f 896 897 932
f 901 936 900
f 939 940 990
f 937 941 903
f 990 940 991
f 940 942 991
f 991 942 946
f 941 992 947
f 944 946 942
f 944 993 946
f 830 904 947
f 830 947 992
f 830 992 949
f 944 952 993
f 945 952 944
f 830 949 950
f 948 953 951
f 877 994 905
f 907 838 955
f 909 995 908
f 879 996 910
f 960 961 958
f 961 960 964
f 882 848 978
f 997 977 980
f 979 982 997
f 980 979 997
f 998 911 999
f 884 998 983
f 911 998 884
f 912 999 911
f 913 999 912
f 913 915 1000
f 886 914 887
f 916 917 1001
f 918 1003 889
f 1003 890 889
f 860 920 793
f 860 1004 920
f 1004 860 921
f 922 861 892
f 863 923 985
f 1005 862 778
f 893 1005 778
f 893 986 1005
f 1006 794 737
f 864 987 986
f 894 988 987
f 1007 988 924
f 794 1006 926
f 925 1008 924
f 924 1008 1007
f 928 1008 925
f 928 1009 1008
f 929 1009 928
f 929 989 1009
f 929 869 989
f 869 896 989
f 896 1010 989
f 1011 1012 932
f 932 933 1011
f 933 899 1013
f 1014 934 898
f 935 1013 899
f 935 900 1015
f 935 1015 1013
f 1015 1016 1013
f 933 1013 1017
f 1017 1011 933
f 1017 1013 1016
f 934 1014 1018
f 934 1018 902
f 900 936 1015
f 936 1019 1015
f 1016 1015 1020
f 1020 1015 1019
f 1021 1017 1016
f 902 1018 937
f 1020 1021 1016
f 1021 1020 1022
f 938 939 990
f 938 990 936
f 990 1023 936
f 1019 936 1024
f 1024 936 1023
f 1020 1019 1025
f 1022 1020 1025
f 1025 1019 1024
f 1023 990 1026
f 1023 1025 1024
f 1026 990 991
f 941 937 992
f 1023 1026 1027
f 1026 991 1028
f 1027 1026 1029
f 1029 1026 1028
f 991 946 1028
f 946 993 1030
f 1028 946 1030
f 1031 1029 1028
f 1030 993 1032
f 993 952 1032
f 1030 1032 1034
f 1035 1031 1028
f 1035 1028 1034
f 1034 1028 1030
f 949 1033 950
f 1036 1032 952
f 953 1037 951
f 952 951 1036
f 1038 1035 1034
f 951 1037 1036
f 1032 1036 1034
f 950 994 877
f 1036 1037 1039
f 1040 1037 954
f 954 1037 953
f 1038 1034 1041
f 1041 1034 1036
f 1036 1039 1041
f 1037 1040 1042
f 1039 1037 1042
f 1043 1041 1039
f 956 1040 954
f 1042 1040 1044
f 1043 1039 1042
f 956 906 1045
f 956 1045 1040
f 1042 1044 1046
f 1043 1042 1047
f 1046 1047 1042
f 906 908 1045
f 1040 1045 1044
f 1047 1046 1048
f 908 995 1049
f 1049 1045 908
f 1046 1044 1050
f 1048 1046 1050
f 1051 1045 1049
f 1044 1045 1051
f 1052 1048 1050
f 1049 995 1053
f 1050 1044 1051
f 995 909 1053
f 1051 1049 1053
f 1050 1051 1054
f 958 1053 909
f 1052 1050 1054
f 1051 1053 1055
f 1054 1051 1055
f 961 1053 958
f 1054 1055 1056
f 910 996 959
f 1053 961 1057
f 1055 1053 1057
f 1057 961 964
f 1059 1055 1057
f 1059 1056 1055
f 1060 959 1058
f 959 1060 962
f 1061 1057 964
f 1061 1059 1057
f 1060 966 962
f 1062 966 1060
f 963 967 964
f 1063 1061 964
f 1063 964 967
f 1064 968 966
f 967 970 1066
f 1065 1063 1066
f 1066 1063 967
f 968 1064 971
f 1067 848 971
f 1067 978 848
f 970 973 1068
f 1066 970 1068
f 1069 1066 1068
f 973 977 1068
f 981 978 1070
f 1071 977 997
f 1068 977 1072
f 1072 977 1071
f 1073 1068 1072
f 1069 1068 1073
f 982 981 1070
f 1071 997 1074
f 1074 997 982
f 1075 1073 1072
f 1076 982 1070
f 982 1076 1074
f 1077 1071 1074
f 1077 1075 1072
f 1077 1072 1071
f 1079 983 998
f 999 1000 1078
f 999 913 1000
f 1000 915 1001
f 915 916 1001
f 1001 917 1080
f 917 857 1080
f 792 858 1002
f 891 1081 923
f 1082 892 862
f 737 985 1006
f 988 1007 1085
f 1008 1009 1086
f 931 1088 898
f 1010 896 1089
f 896 932 1089
f 1089 932 1090
f 1090 932 1012
f 898 1091 1014
f 1017 1021 1092
f 1018 1093 937
f 1023 1094 1025
f 1095 1094 1023
f 1095 1023 1027
f 1027 1029 1096
f 1096 1029 1031
f 992 1033 949
f 994 950 1033
f 1038 1041 1100
f 994 955 905
f 1041 1043 1101
f 1102 1043 1047
f 1101 1043 1102
f 907 955 957
f 996 879 957
f 1054 1104 1052
f 1052 1104 1105
f 1106 959 996
f 1104 1054 1056
f 1106 1058 959
f 1059 1108 1056
f 1108 1059 1061
f 1109 1108 1061
f 1109 1061 1063
f 1063 1065 1110
f 966 1062 1064
f 971 1064 1111
f 1112 1065 1066
f 1111 1067 971
f 1113 1066 1069
f 978 1067 1114
f 1076 1115 1074
f 1074 1115 1077
f 1077 1116 1075
f 1077 1115 1116
f 999 1117 998
f 999 1078 1117
f 1118 914 983
f 1000 1001 1119
f 1119 1001 1120
f 887 914 1121
f 1001 1080 1120
f 887 1121 888
f 857 1122 1080
f 857 792 1122
f 918 1123 1003
f 858 919 1002
f 919 984 1002
f 1081 890 1003
f 1125 984 859
f 890 1081 891
f 1004 921 922
f 862 1083 1082
f 987 1084 986
f 988 1085 987
f 987 1085 1084
f 1006 1127 926
f 1128 1007 1008
f 926 1127 930
f 989 1130 1009
f 989 1087 1130
f 931 930 1129
f 1087 989 1010
f 931 1129 1088
f 1131 1012 1011
f 1011 1017 1131
f 1131 1017 1092
f 1025 1094 1132
f 1022 1025 1132
f 937 1093 992
f 1027 1096 1095
f 1096 1031 1097
f 992 1133 1033
f 1035 1097 1031
f 1038 1099 1035
f 1099 1097 1035
f 1033 1098 994
f 1099 1038 1100
f 1041 1101 1100
f 1047 1048 1102
f 1102 1048 1135
f 1052 1135 1048
f 1052 1105 1135
f 996 957 1103
f 1056 1107 1104
f 1107 1056 1108
f 1063 1110 1109
f 1110 1065 1112
f 1064 1136 1111
f 1066 1113 1112
f 1137 1067 1111
f 1114 1067 1137
f 1070 978 1114
f 1070 1114 1138
f 1139 1073 1075
f 1076 1070 1138
f 1138 1115 1076
f 1117 1142 1141
f 1141 1079 1117
f 1142 1117 1078
f 1143 1142 1078
f 1117 1079 998
f 1143 1078 1119
f 983 1079 1118
f 1119 1078 1000
f 1121 914 1118
f 1123 918 888
f 792 1144 1122
f 792 1002 1144
f 1123 1124 1003
f 1124 1081 1003
f 859 920 1125
f 1145 1125 920
f 920 1004 1145
f 922 1146 1004
f 892 1082 922
f 985 923 1147
f 1084 1085 1126
f 1148 1085 1007
f 1007 1128 1148
f 1008 1086 1128
f 1149 1129 930
f 1009 1130 1086
f 1010 1150 1087
f 1129 1149 1088
f 1089 1151 1010
f 1151 1089 1090
f 1153 1151 1090
f 1153 1090 1012
f 1154 1091 1088
f 1091 898 1088
f 1153 1012 1155
f 1012 1131 1155
f 1131 1092 1155
f 1093 1014 1156
f 1093 1018 1014
f 1092 1021 1157
f 1021 1022 1132
f 1021 1132 1158
f 1132 1094 1159
f 1158 1132 1159
f 1133 992 1093
f 1095 1159 1094
f 1095 1160 1159
f 1160 1161 1159
f 1162 1163 1159
f 1162 1159 1161
f 1158 1159 1163
f 1095 1164 1160
f 1095 1096 1164
f 1160 1164 1165
f 1161 1160 1165
f 1166 1161 1165
f 1166 1162 1161
f 1164 1096 1097
f 1164 1097 1167
f 1165 1164 1167
f 1168 1165 1167
f 1166 1165 1168
f 1169 1167 1097
f 1097 1099 1171
f 1170 1169 1171
f 1171 1169 1097
f 1172 1170 1171
f 1099 1100 1173
f 1171 1099 1173
f 1174 1172 1171
f 1174 1171 1173
f 994 1134 955
f 1100 1101 1173
f 1102 1175 1101
f 1173 1101 1175
f 1174 1173 1175
f 1134 1176 955
f 1174 1175 1177
f 1102 1135 1178
f 1175 1102 1178
f 1179 1177 1175
f 957 955 1176
f 1178 1135 1180
f 1181 1179 1175
f 1181 1175 1178
f 1178 1180 1181
f 1135 1105 1180
f 1181 1180 1182
f 957 1176 1103
f 1104 1184 1105
f 1183 1180 1184
f 1184 1180 1105
f 1106 996 1103
f 1104 1107 1184
f 1185 1183 1184
f 1184 1107 1186
f 1106 1187 1058
f 1107 1108 1186
f 1184 1186 1185
f 1108 1109 1188
f 1188 1189 1108
f 1108 1189 1186
f 1187 1060 1058
f 1109 1110 1188
f 1188 1110 1190
f 1190 1189 1188
f 1064 1062 1136
f 1190 1110 1112
f 1189 1190 1191
f 1111 1136 1192
f 1190 1112 1193
f 1191 1190 1193
f 1193 1112 1113
f 1194 1193 1113
f 1111 1192 1137
f 1113 1069 1195
f 1194 1113 1195
f 1069 1073 1195
f 1114 1196 1138
f 1073 1139 1195
f 1138 1197 1115
f 1197 1140 1115
f 1116 1198 1075
f 1198 1139 1075
f 1115 1140 1199
f 1116 1115 1199
f 1116 1199 1200
f 1200 1198 1116
f 1141 1142 1201
f 1202 1142 1143
f 1079 1203 1118
f 1201 1203 1079
f 1141 1201 1079
f 1143 1119 1204
f 1204 1119 1120
f 1118 1205 1121
f 1004 1146 1145
f 1146 922 1082
f 1083 862 1207
f 862 1005 1207
f 1005 1208 1207
f 1208 1005 986
f 1085 1148 1126
f 1127 1209 930
f 1128 1210 1148
f 1209 1149 930
f 1130 1087 1150
f 1152 1088 1149
f 1010 1151 1150
f 1151 1153 1211
f 1212 1153 1213
f 1153 1155 1213
f 1091 1156 1014
f 1092 1214 1155
f 1092 1157 1214
f 1021 1158 1216
f 1216 1157 1021
f 1217 1158 1163
f 1163 1162 1218
f 1162 1166 1218
f 1166 1168 1218
f 1133 1219 1033
f 1167 1220 1221
f 1169 1220 1167
f 1167 1221 1168
f 1033 1219 1098
f 1170 1220 1169
f 1224 1172 1174
f 1225 1224 1174
f 1225 1174 1177
f 1181 1226 1179
f 1180 1183 1182
f 1062 1060 1187
f 1227 1136 1062
f 1191 1228 1189
f 1228 1191 1229
f 1230 1229 1191
f 1191 1193 1230
f 1137 1196 1114
f 1138 1196 1231
f 1142 1232 1201
f 1142 1202 1232
f 1202 1233 1234
f 1143 1233 1202
f 1143 1204 1233
f 1204 1120 1235
f 1080 1236 1120
f 1236 1235 1120
f 888 1121 1238
f 1080 1122 1236
f 1122 1237 1236
f 1122 1144 1237
f 1240 1002 1241
f 984 1125 1242
f 984 1242 1002
f 1081 1124 1243
f 1125 1145 1244
f 1081 1243 1206
f 923 1081 1206
f 923 1206 1245
f 1245 1147 923
f 985 1147 1246
f 985 1246 1006
f 1246 1127 1006
f 986 1247 1208
f 1247 986 1084
f 1148 1248 1126
f 1249 1128 1086
f 1086 1250 1249
f 1149 1251 1152
f 1252 1130 1150
f 1151 1252 1150
f 1154 1088 1152
f 1211 1153 1212
f 1154 1156 1091
f 1213 1155 1253
f 1155 1214 1253
f 1157 1254 1214
f 1158 1217 1255
f 1163 1218 1256
f 1257 1256 1218
f 1218 1168 1222
f 1222 1257 1218
f 1221 1258 1168
f 1258 1222 1168
f 1259 1221 1220
f 1170 1260 1220
f 1098 1223 994
f 1170 1172 1224
f 994 1223 1134
f 1177 1179 1225
f 1181 1182 1226
f 1103 1176 1261
f 1182 1183 1262
f 1262 1226 1182
f 1103 1263 1106
f 1183 1185 1264
f 1265 1262 1264
f 1264 1262 1183
f 1264 1185 1266
f 1106 1263 1267
f 1265 1264 1266
f 1187 1106 1267
f 1266 1185 1268
f 1265 1266 1269
f 1186 1268 1185
f 1270 1269 1266
f 1270 1266 1268
f 1268 1186 1228
f 1062 1187 1227
f 1186 1189 1228
f 1268 1228 1271
f 1271 1270 1268
f 1272 1271 1228
f 1228 1229 1272
f 1136 1273 1192
f 1230 1193 1274
f 1192 1273 1137
f 1193 1194 1274
f 1195 1275 1194
f 1275 1195 1139
f 1276 1196 1137
f 1138 1231 1197
f 1277 1139 1198
f 1275 1139 1277
f 1140 1197 1278
f 1199 1140 1278
f 1200 1199 1279
f 1280 1198 1200
f 1277 1198 1280
f 1201 1281 1203
f 1201 1232 1281
f 1202 1234 1232
f 1233 1282 1234
f 1282 1233 1283
f 1233 1204 1283
f 1235 1283 1204
f 1123 888 1238
f 1239 1237 1144
f 1144 1240 1239
f 1002 1240 1144
f 1002 1242 1241
f 1125 1284 1242
f 1125 1244 1284
f 1247 1287 1208
f 1084 1288 1247
f 1084 1126 1288
f 1148 1210 1289
f 1149 1209 1251
f 1128 1249 1210
f 1086 1290 1250
f 1130 1290 1086
f 1291 1130 1252
f 1292 1252 1151
f 1292 1151 1211
f 1292 1211 1294
f 1152 1293 1154
f 1294 1211 1212
f 1212 1213 1295
f 1154 1215 1156
f 1213 1253 1295
f 1295 1253 1297
f 1156 1215 1093
f 1215 1298 1093
f 1216 1158 1255
f 1300 1093 1298
f 1133 1093 1300
f 1163 1301 1217
f 1301 1255 1217
f 1163 1256 1301
f 1301 1256 1302
f 1256 1257 1302
f 1300 1219 1133
f 1257 1222 1303
f 1219 1223 1098
f 1170 1224 1260
f 1304 1134 1223
f 1305 1134 1304
f 1224 1225 1306
f 1308 1134 1305
f 1134 1308 1176
f 1307 1225 1179
f 1261 1263 1103
f 1226 1262 1310
f 1261 1311 1263
f 1265 1310 1262
f 1263 1311 1267
f 1313 1312 1265
f 1313 1265 1269
f 1227 1273 1136
f 1230 1274 1314
f 1137 1273 1315
f 1137 1315 1316
f 1137 1316 1276
f 1196 1276 1231
f 1197 1231 1318
f 1278 1197 1318
f 1199 1278 1279
f 1200 1279 1280
f 1203 1281 1319
f 1203 1319 1321
f 1234 1320 1232
f 1321 1118 1203
f 1118 1321 1205
f 1235 1236 1323
f 1205 1322 1121
f 1121 1322 1238
f 1324 1236 1237
f 1238 1326 1123
f 1237 1239 1325
f 1123 1326 1124
f 1327 1243 1124
f 1206 1243 1328
f 1244 1145 1146
f 1082 1285 1146
f 1245 1286 1147
f 1147 1286 1246
f 1126 1248 1288
f 1148 1289 1248
f 1249 1330 1210
f 1250 1331 1249
f 1130 1291 1290
f 1293 1296 1154
f 1212 1295 1294
f 1297 1253 1332
f 1332 1253 1214
f 1214 1254 1299
f 1157 1216 1254
f 1298 1333 1300
f 1302 1257 1334
f 1334 1257 1303
f 1222 1258 1335
f 1222 1335 1303
f 1259 1336 1221
f 1258 1221 1337
f 1221 1336 1337
f 1338 1336 1259
f 1338 1259 1220
f 1339 1338 1220
f 1260 1340 1339
f 1339 1220 1260
f 1260 1306 1340
f 1260 1224 1306
f 1307 1306 1225
f 1307 1179 1341
f 1341 1179 1309
f 1309 1179 1226
f 1342 1309 1226
f 1226 1310 1342
f 1310 1265 1312
f 1267 1343 1187
f 1344 1269 1270
f 1272 1345 1271
f 1272 1229 1347
f 1347 1345 1272
f 1227 1346 1273
f 1229 1348 1347
f 1230 1314 1229
f 1314 1348 1229
f 1194 1349 1274
f 1349 1314 1274
f 1349 1194 1350
f 1350 1194 1275
f 1350 1275 1317
f 1317 1275 1277
f 1318 1351 1278
f 1352 1279 1278
f 1353 1279 1352
f 1280 1279 1353
f 1354 1356 1357
f 1357 1356 1358
f 1360 1359 1355
f 1355 1359 1354
f 1354 1359 1361
f 1356 1354 1361
f 1358 1356 1362
f 1363 1359 1360
f 1361 1359 1364
f 1365 1356 1361
f 1362 1356 1365
f 1358 1362 1366
f 1359 1363 1367
f 1368 1361 1364
f 1365 1361 1368
f 1362 1365 1369
f 1369 1366 1362
f 1370 1359 1367
f 1364 1359 1370
f 1368 1364 1371
f 1372 1365 1368
f 1372 1369 1365
f 1373 1370 1367
f 1364 1370 1374
f 1371 1364 1374
f 1375 1368 1371
f 1372 1368 1375
f 1370 1373 1374
f 1374 1373 1376
f 1371 1374 1375
f 1377 1374 1376
f 1377 1375 1374
f 1378 1380 1379
f 1381 1382 1380
f 1380 1382 1320
f 1383 1380 1320
f 1379 1380 1383
f 1381 1319 1382
f 1379 1383 1384
f 1319 1281 1382
f 1232 1382 1281
f 1320 1382 1232
f 1234 1383 1320
f 1384 1385 1379
f 1282 1383 1234
f 1282 1384 1383
f 1384 1282 1385
f 1283 1385 1282
f 1386 1205 1321
f 1283 1235 1323
f 1205 1386 1322
f 1323 1236 1324
f 1237 1325 1324
f 1327 1124 1326
f 1327 1387 1243
f 1245 1206 1328
f 1146 1388 1244
f 1328 1389 1245
f 1146 1285 1388
f 1245 1389 1286
f 1390 1285 1082
f 1083 1390 1082
f 1390 1083 1207
f 1286 1391 1246
f 1329 1207 1208
f 1393 1329 1208
f 1246 1392 1127
f 1393 1208 1287
f 1288 1395 1247
f 1395 1287 1247
f 1209 1394 1251
f 1248 1396 1288
f 1248 1289 1396
f 1288 1396 1395
f 1289 1397 1396
f 1289 1210 1397
f 1210 1330 1397
f 1331 1330 1249
f 1331 1398 1330
f 1250 1290 1331
f 1152 1399 1293
f 1292 1294 1400
f 1403 1215 1402
f 1215 1154 1402
f 1295 1297 1401
f 1332 1404 1297
f 1298 1215 1403
f 1405 1332 1214
f 1216 1299 1254
f 1406 1299 1216
f 1216 1255 1407
f 1216 1407 1406
f 1407 1255 1301
f 1302 1407 1301
f 1258 1337 1335
f 1219 1409 1304
f 1304 1223 1219
f 1305 1304 1410
f 1411 1305 1410
f 1308 1412 1176
f 1412 1261 1176
f 1261 1412 1311
f 1344 1313 1269
f 1413 1187 1343
f 1227 1187 1413
f 1414 1344 1270
f 1271 1345 1270
f 1415 1346 1227
f 1416 1346 1415
f 1273 1346 1417
f 1418 1346 1416
f 1417 1346 1418
f 1417 1315 1273
f 1349 1419 1314
f 1417 1418 1420
f 1315 1417 1316
f 1316 1417 1420
f 1421 1419 1349
f 1416 1422 1418
f 1418 1422 1420
f 1351 1316 1420
f 1316 1351 1276
f 1424 1350 1317
f 1423 1425 1422
f 1422 1425 1420
f 1351 1420 1426
f 1423 1427 1425
f 1429 1317 1428
f 1429 1424 1317
f 1231 1276 1351
f 1231 1351 1318
f 1277 1428 1317
f 1277 1430 1428
f 1426 1420 1425
f 1351 1352 1278
f 1280 1430 1277
f 1431 1428 1430
f 1429 1428 1431
f 1352 1351 1426
f 1353 1430 1280
f 1353 1432 1430
f 1431 1430 1432
f 1431 1433 1429
f 1425 1427 1434
f 1434 1435 1425
f 1425 1435 1426
f 1436 1352 1426
f 1437 1432 1353
f 1433 1431 1438
f 1353 1352 1436
f 1437 1353 1436
f 1432 1438 1431
f 1439 1426 1435
f 1436 1426 1439
f 1438 1432 1440
f 1439 1435 1441
f 1437 1436 1439
f 1442 1437 1439
f 1442 1432 1437
f 1440 1432 1442
f 1444 1439 1443
f 1442 1439 1444
f 1443 1439 1441
f 1445 1355 1446
f 1354 1446 1355
f 1354 1357 1446
f 1366 1448 1358
f 1367 1363 1449
f 1450 1366 1369
f 1369 1372 1450
f 1373 1451 1376
f 1375 1453 1454
f 1377 1453 1375
f 1376 1452 1453
f 1377 1376 1453
f 1378 1456 1457
f 1455 1378 1457
f 1380 1455 1458
f 1455 1380 1378
f 1379 1456 1378
f 1458 1381 1380
f 1459 1456 1379
f 1379 1385 1459
f 1385 1460 1459
f 1461 1460 1385
f 1283 1461 1385
f 1323 1461 1283
f 1462 1324 1325
f 1240 1463 1239
f 1240 1241 1463
f 1241 1242 1464
f 1242 1284 1464
f 1387 1328 1243
f 1284 1244 1465
f 1466 1389 1328
f 1390 1207 1467
f 1392 1394 1127
f 1127 1394 1209
f 1469 1468 1287
f 1469 1287 1395
f 1397 1471 1396
f 1397 1330 1472
f 1472 1471 1397
f 1251 1473 1152
f 1152 1473 1399
f 1331 1474 1398
f 1331 1290 1474
f 1475 1290 1291
f 1291 1252 1292
f 1292 1400 1476
f 1294 1295 1477
f 1295 1401 1477
f 1154 1296 1402
f 1332 1405 1478
f 1403 1333 1298
f 1214 1299 1406
f 1214 1406 1405
f 1333 1479 1300
f 1481 1480 1407
f 1479 1408 1300
f 1407 1302 1482
f 1482 1481 1407
f 1300 1408 1219
f 1302 1334 1482
f 1408 1409 1219
f 1306 1483 1340
f 1306 1307 1483
f 1309 1484 1341
f 1485 1342 1310
f 1310 1312 1485
f 1486 1485 1312
f 1311 1412 1343
f 1486 1312 1313
f 1343 1267 1311
f 1313 1344 1486
f 1270 1345 1414
f 1419 1487 1314
f 1348 1314 1487
f 1349 1350 1421
f 1424 1421 1350
f 1424 1429 1433
f 1438 1440 1491
f 1493 1440 1442
f 1444 1443 1494
f 1442 1444 1495
f 1493 1442 1495
f 1443 1441 1496
f 1496 1494 1443
f 1446 1357 1497
f 1357 1498 1497
f 1358 1498 1357
f 1498 1358 1447
f 1358 1499 1500
f 1358 1500 1447
f 1445 1501 1360
f 1355 1445 1360
f 1360 1501 1363
f 1499 1358 1448
f 1366 1450 1448
f 1449 1502 1367
f 1503 1448 1450
f 1372 1506 1450
f 1503 1450 1506
f 1504 1507 1508
f 1505 1504 1508
f 1502 1509 1367
f 1367 1509 1373
f 1508 1507 1510
f 1512 1511 1509
f 1373 1509 1451
f 1375 1513 1372
f 1513 1506 1372
f 1508 1510 1515
f 1516 1505 1508
f 1516 1517 1505
f 1509 1511 1451
f 1375 1454 1513
f 1515 1510 1514
f 1508 1515 1518
f 1511 1512 1519
f 1519 1520 1511
f 1451 1511 1520
f 1376 1451 1452
f 1513 1454 1521
f 1522 1513 1521
f 1515 1514 1523
f 1516 1508 1524
f 1451 1520 1452
f 1454 1453 1525
f 1521 1454 1525
f 1508 1518 1526
f 1517 1516 1527
f 1527 1516 1524
f 1525 1453 1528
f 1529 1515 1523
f 1518 1515 1530
f 1530 1515 1529
f 1524 1508 1526
f 1520 1531 1452
f 1453 1452 1528
f 1528 1452 1531
f 1526 1518 1530
f 1525 1528 1532
f 1533 1525 1532
f 1521 1525 1533
f 1522 1521 1533
f 1534 1524 1526
f 1527 1524 1534
f 1528 1531 1535
f 1532 1528 1535
f 1529 1536 1530
f 1534 1526 1537
f 1526 1530 1536
f 1537 1526 1536
f 1459 1539 1456
f 1381 1458 1540
f 1540 1542 1319
f 1381 1540 1319
f 1319 1542 1321
f 1459 1460 1541
f 1321 1543 1386
f 1322 1545 1238
f 1327 1326 1546
f 1327 1546 1387
f 1241 1464 1463
f 1387 1546 1466
f 1387 1466 1328
f 1465 1244 1388
f 1466 1547 1389
f 1467 1207 1329
f 1251 1394 1470
f 1469 1395 1548
f 1548 1395 1396
f 1396 1549 1548
f 1396 1471 1549
f 1550 1549 1471
f 1472 1550 1471
f 1330 1398 1472
f 1398 1550 1472
f 1551 1398 1474
f 1550 1551 1549
f 1398 1551 1550
f 1290 1475 1474
f 1400 1294 1477
f 1293 1402 1296
f 1401 1297 1404
f 1402 1552 1403
f 1404 1332 1478
f 1333 1553 1479
f 1406 1407 1480
f 1481 1482 1554
f 1482 1334 1556
f 1334 1557 1556
f 1303 1557 1334
f 1408 1555 1409
f 1337 1336 1558
f 1558 1335 1337
f 1338 1558 1336
f 1558 1338 1559
f 1339 1559 1338
f 1339 1340 1559
f 1559 1340 1560
f 1560 1340 1483
f 1561 1560 1483
f 1307 1341 1562
f 1307 1562 1483
f 1484 1562 1341
f 1305 1563 1308
f 1305 1411 1563
f 1484 1309 1564
f 1309 1342 1565
f 1343 1412 1566
f 1344 1414 1567
f 1227 1413 1568
f 1414 1345 1569
f 1568 1415 1227
f 1347 1348 1570
f 1347 1569 1345
f 1347 1570 1569
f 1571 1414 1569
f 1416 1415 1568
f 1348 1487 1570
f 1570 1487 1572
f 1571 1569 1570
f 1487 1419 1574
f 1574 1419 1573
f 1572 1487 1574
f 1575 1571 1570
f 1575 1570 1572
f 1419 1421 1573
f 1416 1576 1422
f 1421 1577 1573
f 1574 1573 1578
f 1579 1574 1578
f 1575 1572 1579
f 1579 1572 1574
f 1488 1423 1422
f 1424 1577 1421
f 1573 1577 1580
f 1578 1573 1581
f 1581 1573 1580
f 1579 1578 1581
f 1582 1579 1581
f 1577 1424 1580
f 1423 1583 1427
f 1580 1424 1433
f 1585 1582 1581
f 1585 1581 1584
f 1584 1581 1580
f 1584 1580 1433
f 1584 1433 1438
f 1585 1584 1586
f 1489 1434 1427
f 1584 1438 1586
f 1586 1438 1491
f 1490 1435 1434
f 1490 1492 1435
f 1435 1492 1441
f 1440 1493 1491
f 1494 1495 1444
f 1441 1492 1587
f 1496 1441 1587
f 1446 1588 1445
f 1445 1589 1501
f 1363 1501 1590
f 1449 1363 1590
f 1502 1449 1590
f 1591 1507 1504
f 1502 1593 1509
f 1513 1594 1506
f 1510 1595 1514
f 1592 1505 1517
f 1594 1513 1522
f 1514 1597 1523
f 1519 1599 1520
f 1517 1527 1598
f 1602 1522 1533
f 1527 1534 1601
f 1532 1535 1603
f 1532 1603 1533
f 1529 1604 1536
f 1604 1605 1536
f 1537 1606 1534
f 1536 1605 1607
f 1537 1536 1607
f 1457 1456 1538
f 1608 1455 1457
f 1458 1609 1540
f 1608 1458 1455
f 1609 1458 1608
f 1539 1459 1541
f 1321 1542 1543
f 1544 1322 1386
f 1610 1322 1544
f 1322 1610 1545
f 1238 1545 1326
f 1388 1285 1612
f 1389 1391 1286
f 1392 1246 1391
f 1393 1287 1468
f 1549 1551 1614
f 1474 1475 1615
f 1291 1616 1475
f 1617 1293 1399
f 1292 1476 1291
f 1293 1617 1402
f 1552 1619 1403
f 1618 1404 1620
f 1553 1403 1619
f 1404 1478 1620
f 1553 1333 1403
f 1554 1480 1481
f 1482 1556 1554
f 1335 1558 1557
f 1557 1303 1335
f 1621 1409 1555
f 1623 1558 1559
f 1409 1621 1624
f 1409 1624 1304
f 1623 1559 1625
f 1304 1624 1410
f 1626 1625 1559
f 1626 1559 1560
f 1626 1560 1561
f 1562 1561 1483
f 1484 1627 1562
f 1484 1628 1627
f 1484 1564 1628
f 1629 1412 1308
f 1309 1565 1564
f 1566 1412 1629
f 1342 1630 1565
f 1630 1342 1485
f 1344 1567 1486
f 1414 1571 1631
f 1422 1576 1488
f 1579 1582 1632
f 1423 1633 1583
f 1423 1488 1633
f 1427 1583 1634
f 1427 1634 1489
f 1635 1434 1489
f 1434 1636 1490
f 1491 1493 1637
f 1495 1494 1639
f 1497 1640 1446
f 1446 1640 1588
f 1498 1641 1497
f 1498 1447 1641
f 1445 1588 1589
f 1447 1500 1642
f 1589 1590 1501
f 1499 1448 1643
f 1448 1503 1644
f 1448 1644 1643
f 1504 1645 1591
f 1505 1646 1504
f 1504 1646 1645
f 1507 1591 1647
f 1505 1592 1646
f 1648 1506 1594
f 1503 1506 1648
f 1648 1644 1503
f 1510 1647 1595
f 1510 1507 1647
f 1509 1593 1512
f 1517 1596 1592
f 1595 1597 1514
f 1517 1598 1596
f 1522 1600 1594
f 1601 1598 1527
f 1598 1601 1649
f 1602 1600 1522
f 1604 1523 1597
f 1649 1601 1650
f 1520 1651 1531
f 1599 1651 1520
f 1604 1529 1523
f 1602 1533 1653
f 1601 1534 1652
f 1654 1535 1531
f 1603 1535 1654
f 1655 1603 1654
f 1533 1603 1655
f 1652 1534 1606
f 1537 1607 1606
f 1457 1538 1608
f 1656 1538 1456
f 1656 1456 1539
f 1657 1539 1658
f 1539 1541 1658
f 1543 1542 1660
f 1541 1460 1659
f 1661 1659 1460
f 1386 1543 1544
f 1460 1461 1661
f 1461 1323 1662
f 1324 1662 1323
f 1325 1663 1462
f 1326 1545 1611
f 1325 1239 1664
f 1463 1664 1239
f 1466 1546 1665
f 1666 1284 1465
f 1665 1547 1466
f 1612 1465 1388
f 1547 1667 1389
f 1667 1391 1389
f 1285 1390 1612
f 1467 1668 1390
f 1393 1468 1669
f 1394 1670 1470
f 1468 1469 1613
f 1671 1613 1469
f 1469 1548 1671
f 1672 1671 1548
f 1548 1673 1672
f 1548 1549 1673
f 1674 1673 1549
f 1549 1614 1674
f 1475 1675 1615
f 1616 1676 1475
f 1400 1477 1677
f 1617 1552 1402
f 1401 1404 1678
f 1678 1404 1618
f 1553 1679 1479
f 1679 1555 1479
f 1405 1406 1480
f 1554 1680 1480
f 1479 1555 1408
f 1556 1681 1554
f 1556 1557 1681
f 1558 1622 1557
f 1558 1623 1622
f 1410 1682 1411
f 1411 1682 1563
f 1562 1627 1561
f 1683 1308 1563
f 1308 1683 1629
f 1343 1566 1684
f 1414 1631 1567
f 1686 1568 1413
f 1571 1687 1631
f 1576 1416 1568
f 1571 1575 1687
f 1632 1575 1579
f 1582 1585 1632
f 1690 1585 1586
f 1690 1586 1491
f 1691 1637 1495
f 1637 1493 1495
f 1496 1587 1638
f 1496 1692 1494
f 1494 1692 1639
f 1495 1639 1691
f 1496 1638 1692
f 1693 1640 1497
f 1641 1693 1497
f 1642 1641 1447
f 1694 1589 1588
f 1500 1695 1642
f 1500 1499 1695
f 1695 1499 1696
f 1697 1698 1699
f 1700 1590 1589
f 1696 1499 1643
f 1699 1702 1645
f 1699 1645 1646
f 1697 1699 1646
f 1703 1591 1701
f 1702 1701 1591
f 1645 1702 1591
f 1697 1646 1592
f 1590 1700 1502
f 1591 1703 1647
f 1647 1703 1705
f 1697 1592 1596
f 1704 1697 1706
f 1706 1697 1596
f 1502 1700 1593
f 1707 1512 1593
f 1647 1705 1595
f 1512 1707 1519
f 1648 1594 1708
f 1595 1705 1709
f 1598 1706 1596
f 1704 1706 1710
f 1710 1706 1598
f 1594 1600 1708
f 1595 1709 1597
f 1711 1712 1709
f 1709 1712 1597
f 1708 1600 1714
f 1600 1602 1714
f 1597 1712 1716
f 1604 1597 1716
f 1650 1601 1652
f 1599 1715 1651
f 1714 1602 1653
f 1531 1651 1717
f 1717 1654 1531
f 1653 1533 1655
f 1604 1716 1719
f 1606 1720 1652
f 1721 1650 1652
f 1721 1652 1720
f 1718 1654 1717
f 1607 1722 1606
f 1720 1723 1721
f 1724 1656 1725
f 1605 1604 1726
f 1726 1604 1719
f 1606 1722 1727
f 1720 1606 1727
f 1538 1724 1608
f 1656 1724 1538
f 1725 1656 1657
f 1728 1725 1657
f 1607 1605 1726
f 1729 1607 1726
f 1722 1607 1729
f 1720 1727 1730
f 1730 1731 1720
f 1723 1720 1731
f 1608 1732 1609
f 1656 1539 1657
f 1658 1728 1657
f 1719 1733 1726
f 1727 1722 1729
f 1540 1609 1734
f 1733 1735 1736
f 1733 1736 1726
f 1726 1736 1729
f 1736 1727 1729
f 1730 1727 1736
f 1734 1542 1540
f 1658 1541 1659
f 1543 1737 1544
f 1661 1461 1738
f 1461 1662 1738
f 1662 1324 1462
f 1663 1325 1664
f 1326 1611 1546
f 1463 1464 1740
f 1464 1284 1740
f 1547 1665 1667
f 1465 1612 1666
f 1391 1667 1741
f 1390 1668 1612
f 1391 1742 1392
f 1668 1467 1329
f 1329 1393 1668
f 1670 1394 1392
f 1468 1613 1669
f 1743 1251 1470
f 1473 1744 1399
f 1744 1745 1399
f 1746 1474 1615
f 1474 1746 1551
f 1475 1676 1675
f 1399 1745 1617
f 1747 1616 1291
f 1291 1476 1747
f 1678 1677 1477
f 1477 1401 1678
f 1478 1405 1749
f 1751 1750 1405
f 1480 1751 1405
f 1680 1751 1480
f 1554 1681 1680
f 1752 1681 1557
f 1622 1752 1557
f 1752 1622 1754
f 1621 1753 1624
f 1755 1623 1625
f 1622 1623 1754
f 1754 1623 1756
f 1623 1755 1756
f 1626 1755 1625
f 1624 1757 1410
f 1682 1410 1757
f 1626 1758 1755
f 1756 1755 1759
f 1760 1756 1759
f 1754 1756 1760
f 1626 1561 1758
f 1759 1755 1761
f 1761 1755 1758
f 1760 1759 1761
f 1561 1627 1758
f 1761 1758 1762
f 1763 1760 1761
f 1762 1758 1627
f 1761 1762 1763
f 1627 1628 1764
f 1762 1627 1765
f 1683 1563 1682
f 1765 1627 1764
f 1763 1762 1765
f 1628 1564 1766
f 1628 1766 1764
f 1764 1766 1767
f 1765 1764 1767
f 1564 1565 1766
f 1630 1766 1565
f 1767 1766 1768
f 1769 1767 1768
f 1684 1566 1629
f 1630 1485 1770
f 1766 1630 1771
f 1768 1766 1771
f 1769 1768 1772
f 1771 1630 1770
f 1768 1771 1772
f 1343 1684 1773
f 1485 1486 1770
f 1772 1771 1774
f 1343 1773 1413
f 1486 1567 1770
f 1775 1771 1567
f 1567 1771 1770
f 1413 1773 1685
f 1775 1567 1776
f 1776 1567 1631
f 1685 1686 1413
f 1777 1776 1631
f 1778 1568 1686
f 1779 1777 1631
f 1779 1631 1687
f 1576 1568 1778
f 1778 1688 1576
f 1576 1633 1488
f 1575 1632 1687
f 1632 1780 1687
f 1780 1779 1687
f 1689 1583 1633
f 1634 1583 1689
f 1585 1781 1632
f 1634 1635 1489
f 1434 1635 1636
f 1491 1637 1690
f 1690 1637 1782
f 1492 1636 1783
f 1492 1490 1636
f 1492 1784 1587
f 1783 1784 1492
f 1638 1587 1784
f 1692 1638 1784
f 1694 1588 1640
f 1589 1694 1785
f 1698 1697 1787
f 1589 1786 1700
f 1698 1702 1699
f 1701 1788 1703
f 1593 1700 1789
f 1643 1790 1791
f 1644 1790 1643
f 1789 1707 1593
f 1705 1792 1709
f 1648 1708 1713
f 1709 1792 1711
f 1598 1649 1710
f 1708 1714 1713
f 1519 1707 1715
f 1599 1519 1715
f 1793 1716 1712
f 1651 1715 1795
f 1651 1795 1717
f 1655 1654 1718
f 1793 1719 1716
f 1725 1797 1724
f 1724 1797 1796
f 1725 1728 1798
f 1798 1728 1799
f 1609 1732 1800
f 1658 1801 1728
f 1543 1660 1737
f 1739 1544 1737
f 1610 1544 1739
f 1610 1803 1545
f 1662 1462 1804
f 1804 1462 1805
f 1664 1806 1663
f 1664 1463 1807
f 1546 1808 1665
f 1666 1612 1810
f 1741 1742 1391
f 1668 1393 1811
f 1742 1670 1392
f 1470 1670 1743
f 1251 1743 1473
f 1673 1674 1672
f 1551 1812 1614
f 1746 1812 1551
f 1615 1675 1746
f 1813 1400 1677
f 1552 1748 1619
f 1815 1814 1678
f 1618 1815 1678
f 1619 1748 1553
f 1553 1817 1679
f 1620 1478 1749
f 1749 1405 1750
f 1679 1818 1555
f 1751 1680 1820
f 1818 1821 1555
f 1680 1681 1822
f 1555 1821 1621
f 1823 1621 1821
f 1681 1752 1824
f 1822 1681 1824
f 1621 1823 1753
f 1757 1624 1753
f 1757 1825 1682
f 1682 1827 1683
f 1829 1763 1765
f 1765 1767 1829
f 1629 1683 1830
f 1774 1771 1775
f 1688 1633 1576
f 1585 1690 1781
f 1832 1781 1690
f 1690 1782 1832
f 1637 1691 1782
f 1693 1834 1640
f 1641 1642 1835
f 1785 1786 1589
f 1697 1837 1787
f 1838 1837 1697
f 1702 1836 1788
f 1836 1702 1698
f 1696 1643 1839
f 1788 1701 1702
f 1838 1697 1704
f 1704 1840 1838
f 1643 1791 1839
f 1841 1705 1703
f 1707 1789 1842
f 1843 1791 1790
f 1705 1841 1792
f 1648 1790 1644
f 1845 1707 1842
f 1648 1713 1790
f 1710 1649 1844
f 1847 1790 1713
f 1711 1792 1846
f 1847 1713 1848
f 1849 1711 1846
f 1711 1849 1850
f 1712 1711 1850
f 1649 1650 1794
f 1713 1714 1848
f 1712 1850 1793
f 1653 1851 1714
f 1714 1851 1848
f 1852 1793 1850
f 1650 1721 1794
f 1795 1715 1853
f 1718 1854 1655
f 1655 1851 1653
f 1655 1854 1851
f 1795 1856 1717
f 1717 1857 1718
f 1856 1857 1717
f 1854 1718 1857
f 1851 1854 1858
f 1848 1851 1858
f 1858 1855 1848
f 1797 1725 1860
f 1859 1797 1860
f 1860 1725 1798
f 1861 1793 1852
f 1793 1861 1719
f 1721 1723 1862
f 1795 1863 1856
f 1864 1857 1856
f 1854 1857 1865
f 1865 1857 1864
f 1858 1854 1865
f 1732 1608 1724
f 1723 1731 1866
f 1858 1865 1867
f 1855 1858 1867
f 1733 1719 1861
f 1731 1730 1868
f 1731 1868 1866
f 1864 1856 1863
f 1867 1865 1864
f 1734 1609 1800
f 1728 1801 1799
f 1733 1861 1869
f 1864 1863 1870
f 1867 1864 1871
f 1730 1736 1872
f 1730 1872 1868
f 1864 1870 1871
f 1542 1734 1802
f 1658 1659 1801
f 1735 1874 1736
f 1802 1660 1542
f 1801 1659 1875
f 1875 1873 1801
f 1874 1872 1736
f 1875 1659 1661
f 1875 1661 1738
f 1875 1738 1877
f 1662 1804 1738
f 1804 1877 1738
f 1610 1739 1803
f 1462 1663 1805
f 1664 1807 1806
f 1463 1740 1807
f 1611 1808 1546
f 1665 1808 1809
f 1879 1284 1810
f 1666 1810 1284
f 1667 1665 1880
f 1881 1741 1667
f 1393 1883 1811
f 1883 1393 1669
f 1669 1613 1883
f 1883 1613 1884
f 1884 1613 1671
f 1884 1671 1885
f 1885 1671 1672
f 1886 1885 1672
f 1674 1887 1672
f 1674 1614 1888
f 1888 1614 1812
f 1616 1889 1676
f 1889 1616 1747
f 1476 1813 1747
f 1400 1813 1476
f 1890 1813 1677
f 1678 1890 1677
f 1553 1748 1816
f 1815 1618 1891
f 1618 1620 1891
f 1816 1817 1553
f 1620 1749 1891
f 1679 1817 1892
f 1679 1892 1818
f 1750 1751 1819
f 1893 1820 1680
f 1822 1893 1680
f 1752 1754 1824
f 1760 1824 1754
f 1760 1894 1824
f 1826 1894 1760
f 1760 1763 1828
f 1826 1760 1828
f 1828 1895 1826
f 1828 1763 1896
f 1763 1829 1896
f 1829 1767 1897
f 1898 1896 1897
f 1897 1896 1829
f 1767 1769 1897
f 1897 1769 1899
f 1629 1830 1684
f 1772 1900 1769
f 1897 1899 1901
f 1898 1897 1901
f 1769 1900 1899
f 1774 1902 1772
f 1900 1772 1902
f 1903 1901 1899
f 1903 1899 1900
f 1773 1684 1904
f 1903 1900 1902
f 1685 1773 1904
f 1902 1774 1905
f 1907 1774 1775
f 1905 1774 1907
f 1903 1902 1905
f 1903 1905 1908
f 1906 1903 1908
f 1908 1905 1907
f 1685 1831 1686
f 1776 1777 1775
f 1777 1909 1775
f 1907 1775 1910
f 1911 1908 1907
f 1910 1775 1909
f 1907 1910 1911
f 1686 1831 1778
f 1831 1912 1778
f 1910 1909 1913
f 1914 1911 1913
f 1913 1911 1910
f 1909 1777 1779
f 1914 1913 1915
f 1778 1912 1916
f 1909 1779 1913
f 1915 1913 1917
f 1778 1916 1688
f 1917 1913 1918
f 1918 1913 1779
f 1919 1688 1916
f 1780 1918 1779
f 1688 1919 1633
f 1920 1918 1780
f 1919 1689 1633
f 1780 1632 1921
f 1920 1780 1921
f 1632 1922 1921
f 1632 1781 1922
f 1634 1689 1923
f 1634 1923 1924
f 1635 1634 1924
f 1635 1925 1636
f 1636 1925 1783
f 1692 1927 1639
f 1691 1639 1928
f 1783 1925 1926
f 1784 1783 1926
f 1692 1784 1833
f 1927 1692 1833
f 1693 1930 1834
f 1930 1693 1641
f 1785 1694 1640
f 1642 1695 1835
f 1695 1696 1931
f 1931 1696 1932
f 1836 1698 1933
f 1696 1839 1932
f 1700 1786 1935
f 1935 1786 1934
f 1700 1936 1937
f 1936 1700 1935
f 1700 1937 1789
f 1703 1938 1841
f 1789 1939 1842
f 1792 1841 1941
f 1710 1844 1940
f 1792 1941 1846
f 1847 1942 1790
f 1845 1943 1707
f 1943 1715 1707
f 1850 1849 1944
f 1850 1944 1852
f 1715 1943 1853
f 1945 1794 1721
f 1947 1795 1853
f 1796 1797 1859
f 1852 1946 1948
f 1721 1862 1945
f 1795 1947 1949
f 1863 1795 1949
f 1848 1855 1950
f 1732 1724 1796
f 1861 1852 1951
f 1723 1866 1862
f 1870 1863 1953
f 1799 1801 1873
f 1954 1866 1868
f 1955 1871 1870
f 1735 1733 1869
f 1868 1872 1954
f 1874 1735 1957
f 1735 1956 1957
f 1872 1874 1958
f 1802 1876 1660
f 1660 1876 1737
f 1875 1877 1959
f 1739 1960 1803
f 1959 1877 1961
f 1877 1804 1961
f 1961 1804 1805
f 1545 1962 1611
f 1284 1878 1740
f 1284 1879 1878
f 1809 1880 1665
f 1612 1963 1810
f 1668 1963 1612
f 1668 1882 1963
f 1668 1811 1964
f 1670 1742 1965
f 1670 1965 1743
f 1743 1744 1473
f 1886 1672 1887
f 1888 1887 1674
f 1745 1966 1617
f 1967 1888 1812
f 1812 1968 1967
f 1812 1746 1968
f 1746 1675 1969
f 1676 1969 1675
f 1552 1970 1748
f 1814 1890 1678
f 1749 1750 1819
f 1751 1820 1819
f 1819 1820 1972
f 1818 1971 1821
f 1893 1822 1974
f 1823 1976 1753
f 1753 1977 1757
f 1757 1977 1825
f 1824 1894 1822
f 1822 1894 1978
f 1979 1894 1826
f 1825 1827 1682
f 1826 1895 1979
f 1904 1684 1830
f 1901 1903 1906
f 1981 1906 1908
f 1685 1982 1831
f 1908 1911 1914
f 1908 1914 1983
f 1918 1920 1984
f 1984 1917 1918
f 1921 1984 1920
f 1986 1984 1921
f 1986 1921 1922
f 1832 1987 1781
f 1922 1781 1986
f 1781 1987 1986
f 1635 1924 1988
f 1925 1635 1988
f 1782 1989 1832
f 1928 1782 1691
f 1639 1927 1928
f 1833 1784 1929
f 1640 1834 1991
f 1641 1835 1930
f 1990 1785 1640
f 1695 1931 1835
f 1933 1698 1992
f 1787 1837 1993
f 1787 1992 1698
f 1837 1838 1993
f 1838 1840 1995
f 1703 1788 1938
f 1841 1938 1996
f 1840 1704 1710
f 1940 1840 1710
f 1937 1939 1789
f 1940 1844 1997
f 1842 1998 1845
f 1942 1843 1790
f 1997 1844 1649
f 1999 1849 1846
f 1997 1649 2000
f 2000 1649 1794
f 1847 1848 1942
f 1946 1852 1944
f 1794 1945 2000
f 1942 1848 2001
f 1853 1943 1947
f 2001 1848 1950
f 1852 1948 1951
f 1732 2003 1800
f 1798 1799 2002
f 1863 1949 1952
f 2006 1861 1951
f 1862 1866 2004
f 1863 1952 1953
f 1855 1867 1950
f 2005 1734 1800
f 1861 2006 1869
f 1867 1871 1955
f 2007 1867 1955
f 1734 2008 1802
f 1734 2005 2008
f 1870 1953 2010
f 2010 1955 1870
f 1799 1873 2009
f 1872 1958 1954
f 1735 1869 1956
f 1958 1874 1957
f 1873 1875 2009
f 1737 1960 1739
f 2011 1962 1545
f 1806 1807 2012
f 2013 2012 1807
f 1807 2014 2013
f 1611 1962 1808
f 1740 2014 1807
f 2014 1740 1878
f 1810 2015 1879
f 1810 1963 2015
f 1880 1881 1667
f 1668 1964 1882
f 2016 1811 1883
f 2017 2016 1883
f 1883 1884 2017
f 1743 1965 1744
f 2019 1885 1886
f 1886 2020 2019
f 1887 2020 1886
f 1746 1969 2021
f 1747 2022 1889
f 2023 2024 1816
f 2025 1816 2024
f 1816 2025 1817
f 1749 2026 1891
f 2025 1892 1817
f 2027 2026 1749
f 1892 2028 1818
f 1972 1820 1973
f 1820 1893 1973
f 2029 1975 1971
f 1971 1975 1821
f 1821 1975 1823
f 1974 1822 1978
f 1753 1976 1977
f 1894 1979 1978
f 2031 1979 1895
f 2032 1895 1828
f 1827 1980 1683
f 1828 1896 2033
f 1896 1898 2033
f 2034 2033 1898
f 2034 1898 1901
f 2035 1901 2036
f 1906 2038 2036
f 2036 1901 1906
f 2037 1685 1904
f 1908 1983 1981
f 1983 1914 2039
f 2040 1912 1831
f 2039 1914 1915
f 1916 1912 2041
f 1923 1689 1985
f 1989 1987 1832
f 1989 1782 2043
f 1782 1928 2043
f 1930 2046 1834
f 1930 1835 2047
f 1930 2047 2046
f 1931 2047 1835
f 1931 2049 2047
f 1787 2050 1992
f 1993 2050 1787
f 2050 1993 2051
f 1786 1785 1934
f 1932 2049 1931
f 2052 2051 1993
f 2053 2049 1932
f 1994 1788 1836
f 1994 1836 2054
f 1839 2053 1932
f 1995 1993 1838
f 2052 1993 1995
f 1839 1791 2055
f 1940 1995 1840
f 1791 1843 2055
f 1996 1941 1841
f 1939 2056 1842
f 2058 2055 1843
f 2057 2058 1843
f 1999 2059 2060
f 1999 1941 2059
f 1999 1846 1941
f 1842 2056 1998
f 2057 1843 1942
f 2061 1999 2060
f 2062 2061 2060
f 1845 1998 1943
f 1999 2061 2063
f 1999 2063 1849
f 2064 1942 2001
f 2057 1942 2064
f 2066 2065 2061
f 2063 2061 2065
f 1849 2063 1944
f 1998 2067 1943
f 2063 2065 2068
f 2069 2063 2068
f 1944 2063 2069
f 2000 1945 2070
f 1944 2069 1946
f 1947 1943 2067
f 1859 1860 2072
f 2072 1860 1798
f 2073 2072 1798
f 1945 1862 2070
f 1732 2075 2003
f 1732 1796 2075
f 1798 2002 2073
f 2074 2068 2065
f 2069 2068 2076
f 1946 2069 1948
f 1949 1947 2077
f 1950 2078 2001
f 2078 2071 2001
f 2068 2074 2079
f 1949 2080 1952
f 2005 1800 2003
f 2081 2068 2079
f 2076 2068 2081
f 2077 2082 2080
f 2077 2080 1949
f 1952 2080 2083
f 1950 1867 2007
f 2002 1799 2009
f 1948 2069 2084
f 1951 1948 2006
f 2004 1866 2085
f 1953 1952 2086
f 1952 2083 2086
f 2087 1950 2007
f 2088 2089 2081
f 2081 2089 2076
f 2090 2069 2076
f 2006 1948 2084
f 1954 2085 1866
f 2090 2076 2089
f 2084 2069 2090
f 1958 2091 1954
f 2082 2092 2080
f 2083 2080 2092
f 1953 2086 2093
f 1953 2093 2010
f 1955 2010 2007
f 1869 2006 2084
f 1956 1869 2084
f 2086 2083 2095
f 2095 2083 2092
f 2093 2096 2010
f 2007 2010 2096
f 2094 2097 2089
f 2089 2097 2090
f 1956 2098 1957
f 1956 2084 2098
f 1957 2091 1958
f 1957 2098 2091
f 1954 2091 2099
f 2100 2085 1954
f 2099 2100 1954
f 2101 2092 2082
f 2093 2086 2095
f 2009 1875 1959
f 2102 2097 2094
f 2084 2090 2103
f 2104 2091 2098
f 2099 2091 2104
f 2095 2092 2101
f 2093 2095 2105
f 2098 2084 2103
f 2102 2107 2108
f 2102 2108 2097
f 2090 2097 2108
f 2103 2090 2109
f 2109 2090 2108
f 2110 2103 2109
f 2098 2103 2110
f 2104 2098 2110
f 2101 2111 2112
f 2101 2112 2095
f 2112 2105 2095
f 2109 2113 2110
f 1959 1961 2106
f 2115 2110 2113
f 2104 2110 2115
f 2106 1961 2116
f 2116 1961 1805
f 2117 2116 1805
f 1663 2117 1805
f 1663 1806 2117
f 1806 2012 2117
f 2014 1879 2118
f 1878 1879 2014
f 2119 1880 1809
f 1882 2120 1963
f 2120 1882 2121
f 1964 2121 1882
f 2122 2121 1964
f 1964 1811 2122
f 1811 2016 2122
f 2017 1884 2123
f 1965 2018 1744
f 2123 1884 2124
f 1885 2124 1884
f 2019 2124 1885
f 1887 2125 2020
f 1887 1967 2125
f 1888 1967 1887
f 1968 2126 1967
f 1617 1966 1552
f 1968 2021 2126
f 1746 2021 1968
f 1969 2127 2021
f 1676 1889 1969
f 1552 1966 1970
f 1889 2128 1969
f 1747 2129 2022
f 1813 2129 1747
f 1813 2130 2129
f 1890 2130 1813
f 1748 2023 1816
f 1814 1815 2131
f 2131 1815 1891
f 2026 2131 1891
f 1818 2028 1971
f 1823 1975 1976
f 1974 1978 2133
f 1978 1979 2134
f 2031 2134 1979
f 1825 2135 1827
f 2032 2031 1895
f 1830 1683 1980
f 2136 1904 1830
f 2034 1901 2035
f 1981 2038 1906
f 2137 2036 2038
f 1982 1685 2037
f 2138 2038 1983
f 1983 2038 1981
f 1982 2040 1831
f 2139 1983 2039
f 2140 2139 2039
f 2041 1912 2040
f 2141 1916 2041
f 2039 1915 2042
f 1915 1917 2042
f 1919 1916 2141
f 1984 2042 1917
f 1919 2141 2142
f 2042 1984 2143
f 1689 1919 2142
f 1689 2142 1985
f 2144 2143 1984
f 1986 2144 1984
f 1985 2145 1923
f 2146 2144 1986
f 1924 1923 1988
f 1988 1923 2145
f 1986 1987 2147
f 2147 2146 1986
f 2147 1987 1989
f 1925 1988 2044
f 1989 2043 2147
f 1925 2044 2045
f 2043 1928 2148
f 2147 2043 2149
f 1925 2045 1926
f 2149 2150 2147
f 1927 2151 1928
f 2148 1928 2151
f 2043 2148 2152
f 2149 2043 2152
f 1784 1926 1929
f 1833 2151 1927
f 1833 2153 2151
f 2152 2148 2151
f 2150 2149 2152
f 1833 1929 2154
f 2155 1833 2154
f 2153 1833 2155
f 2156 2151 2153
f 2152 2151 2156
f 2157 2152 2156
f 2150 2152 2157
f 1640 1991 1990
f 2158 1834 2046
f 1991 1834 2158
f 1992 2161 1933
f 1934 1785 2160
f 1836 1933 2054
f 2053 2055 2058
f 1839 2055 2053
f 2162 1937 1936
f 1937 2162 1939
f 1995 1940 1997
f 2163 2061 2062
f 2164 2066 2163
f 2163 2066 2061
f 2001 2071 2165
f 2064 2001 2165
f 2066 2074 2065
f 2070 1862 2004
f 2067 2166 1947
f 1947 2166 2077
f 2002 2009 2167
f 2085 2168 2004
f 1950 2087 2078
f 2169 2168 2085
f 2096 2087 2007
f 2008 1876 1802
f 2100 2169 2085
f 2089 2088 2094
f 2082 2170 2101
f 2171 2009 1959
f 2105 2172 2093
f 2093 2172 2096
f 1959 2106 2171
f 2106 2114 2171
f 2100 2099 2173
f 1737 2174 1960
f 2105 2112 2175
f 2115 2113 2176
f 2114 2106 2116
f 2114 2116 2177
f 2177 2116 2117
f 2011 1545 1803
f 1808 1962 2179
f 2014 2180 2178
f 2014 2118 2180
f 1879 2181 2118
f 1809 1808 2179
f 2015 2181 1879
f 2182 1880 2119
f 2120 2015 1963
f 2183 1881 1880
f 1741 1881 2184
f 2121 2122 2185
f 1742 1741 2184
f 1742 2184 1965
f 2016 2017 2186
f 2017 2123 2186
f 1744 2018 2187
f 1744 2187 1745
f 2020 2188 2019
f 2020 2125 2188
f 1967 2189 2125
f 2189 1967 2126
f 1970 2023 1748
f 2130 1890 1814
f 2190 2130 1814
f 2190 1814 2131
f 2131 2026 2132
f 2026 2027 2132
f 2025 2028 1892
f 1749 1819 2027
f 1819 1972 2191
f 1974 2192 1893
f 2133 1978 2134
f 1825 1977 2030
f 2135 1825 2030
f 1827 2135 1980
f 2032 1828 2033
f 1830 1980 2136
f 2035 2036 2193
f 2038 2138 2137
f 1983 2139 2138
f 2039 2042 2140
f 2142 2195 1985
f 2195 2145 1985
f 1988 2145 2044
f 2146 2147 2196
f 2147 2150 2197
f 2198 2197 2150
f 2045 2199 1926
f 1926 2154 1929
f 2198 2150 2201
f 2153 2155 2156
f 2201 2150 2157
f 2156 2155 2202
f 2157 2156 2202
f 1785 1990 2048
f 2047 2159 2046
f 2047 2049 2203
f 2048 2160 1785
f 1933 2206 2054
f 1933 2161 2206
f 2050 2205 1992
f 1992 2205 2161
f 2205 2050 2204
f 2050 2051 2204
f 2207 2204 2051
f 2207 2051 2052
f 1934 2210 1935
f 2211 2209 2053
f 2209 2049 2053
f 1788 1994 1938
f 2207 2052 2212
f 2052 1995 2212
f 2214 2053 2058
f 1995 1997 2212
f 2213 2212 1997
f 2215 2056 1939
f 2000 2213 1997
f 2056 2215 1998
f 2215 2216 1998
f 2058 2057 2217
f 2060 2059 2062
f 2057 2064 2218
f 1998 2216 2067
f 2072 2220 1859
f 1859 2220 2219
f 2219 1796 1859
f 2075 1796 2219
f 2002 2223 2073
f 2067 2222 2166
f 2071 2224 2165
f 2223 2002 2167
f 2225 2223 2167
f 2079 2074 2221
f 2078 2226 2071
f 2224 2071 2226
f 2005 2003 2227
f 2079 2221 2228
f 2226 2229 2224
f 2005 2227 2008
f 2225 2167 2230
f 2228 2081 2079
f 2166 2231 2077
f 2231 2082 2077
f 2087 2232 2078
f 2226 2078 2232
f 2088 2081 2228
f 2096 2232 2087
f 2170 2082 2231
f 2008 2233 1876
f 2167 2009 2230
f 2232 2096 2235
f 2233 2236 1876
f 2230 2009 2171
f 2238 2096 2172
f 2235 2096 2238
f 2102 2094 2237
f 2169 2100 2239
f 2101 2170 2240
f 2235 2238 2241
f 2239 2100 2173
f 2101 2240 2242
f 2101 2242 2111
f 2172 2105 2175
f 2102 2237 2107
f 2108 2244 2109
f 2099 2104 2245
f 2099 2245 2173
f 2111 2175 2112
f 2172 2175 2246
f 2238 2172 2246
f 2177 2243 2114
f 2244 2108 2107
f 2109 2244 2113
f 2104 2115 2245
f 2175 2111 2247
f 2246 2175 2247
f 2246 2241 2238
f 2113 2244 2176
f 2115 2176 2248
f 2247 2111 2242
f 2252 2248 2176
f 2248 2245 2115
f 2246 2247 2253
f 2254 2249 2250
f 2251 2011 1803
f 2117 2256 2177
f 2254 2255 2249
f 2117 2012 2256
f 2012 2013 2257
f 2013 2014 2178
f 2258 1809 2179
f 2181 2015 2259
f 2182 2183 1880
f 1881 2183 2184
f 2261 2185 2122
f 2122 2016 2261
f 1965 2184 2018
f 2016 2186 2261
f 2186 2262 2261
f 2186 2123 2262
f 2262 2123 2124
f 2263 2187 2018
f 2264 2262 2124
f 2188 2125 2265
f 2125 2189 2265
f 2127 1969 2128
f 1889 2266 2128
f 2022 2267 1889
f 1889 2267 2266
f 2268 2129 2130
f 2023 2269 2024
f 2131 2271 2190
f 2271 2270 2190
f 2272 2270 2271
f 2024 2269 2025
f 2271 2131 2273
f 2272 2271 2274
f 2274 2271 2273
f 2274 2275 2272
f 2131 2132 2273
f 2276 2273 2132
f 2276 2274 2273
f 2277 2276 2132
f 2132 2027 2277
f 2028 2278 1971
f 2278 2029 1971
f 2280 1972 1973
f 1973 1893 2281
f 2029 2279 1975
f 2281 1893 2192
f 1975 2279 2282
f 2192 1974 2283
f 1976 2284 1977
f 2284 2285 1977
f 2031 2286 2134
f 2032 2287 2031
f 2033 2287 2032
f 2034 2288 2033
f 2035 2288 2034
f 2035 2289 2288
f 2289 2290 2288
f 2136 2194 1904
f 2193 2289 2035
f 2193 2291 2289
f 2291 2290 2289
f 2036 2137 2193
f 2137 2292 2193
f 2291 2193 2292
f 2194 2037 1904
f 2293 2294 2291
f 2292 2137 2295
f 2293 2291 2292
f 2295 2137 2138
f 2296 2293 2292
f 2292 2295 2296
f 2295 2138 2139
f 2295 2139 2297
f 2298 2296 2295
f 2295 2297 2298
f 2297 2139 2299
f 2299 2139 2140
f 2298 2297 2299
f 2301 2302 2140
f 2299 2140 2302
f 2300 2298 2299
f 2042 2301 2140
f 2303 2302 2301
f 2304 2300 2302
f 2299 2302 2300
f 2305 2142 2141
f 2143 2301 2042
f 2303 2301 2306
f 2303 2304 2302
f 2301 2143 2306
f 2304 2303 2307
f 2307 2303 2308
f 2308 2303 2306
f 2306 2143 2309
f 2310 2307 2308
f 2145 2195 2311
f 2144 2309 2143
f 2308 2306 2309
f 2309 2144 2146
f 2310 2308 2309
f 2310 2309 2312
f 2312 2309 2146
f 2312 2146 2196
f 2313 2045 2044
f 2197 2196 2147
f 2314 2196 2197
f 1926 2199 2200
f 2154 1926 2315
f 1926 2200 2315
f 2154 2316 2155
f 2155 2317 2202
f 2158 2318 1991
f 2046 2319 2158
f 2046 2159 2319
f 2047 2203 2320
f 2203 2049 2209
f 2321 1994 2054
f 2160 2208 1934
f 2208 2210 1934
f 2211 2053 2214
f 1941 2324 2325
f 1996 2324 1941
f 2212 2213 2323
f 1941 2325 2059
f 2059 2325 2326
f 2214 2058 2217
f 2213 2000 2327
f 2062 2059 2328
f 2057 2329 2217
f 2070 2327 2000
f 2328 2330 2163
f 2062 2328 2163
f 2329 2057 2218
f 2163 2331 2164
f 2330 2331 2163
f 2216 2222 2067
f 2064 2165 2218
f 2072 2073 2333
f 2220 2072 2333
f 2066 2164 2221
f 2066 2221 2074
f 2070 2004 2334
f 2165 2224 2218
f 2218 2224 2229
f 2004 2168 2334
f 2222 2336 2166
f 2226 2337 2229
f 2335 2225 2230
f 2337 2226 2232
f 2232 2338 2337
f 2233 2008 2227
f 2088 2228 2234
f 2168 2169 2339
f 2232 2235 2338
f 2088 2234 2094
f 2340 2338 2235
f 2234 2237 2094
f 2339 2169 2239
f 2240 2170 2342
f 1876 2174 1737
f 2171 2114 2341
f 2340 2235 2241
f 2343 2340 2241
f 2341 2114 2243
f 2344 2242 2240
f 2173 2245 2346
f 2246 2347 2241
f 2347 2343 2241
f 2244 2348 2176
f 2349 2250 2350
f 2350 2250 2249
f 2242 2344 2351
f 2247 2242 2351
f 1803 2352 2251
f 2352 1803 1960
f 2248 2353 2245
f 2347 2246 2253
f 2243 2177 2256
f 2248 2252 2356
f 2249 2255 2354
f 2247 2355 2358
f 2253 2247 2358
f 2250 2357 2254
f 2256 2012 2257
f 2013 2178 2257
f 2178 2180 2360
f 2118 2181 2363
f 2364 2363 2181
f 2258 2119 1809
f 2259 2364 2181
f 2015 2120 2259
f 2260 2120 2121
f 2121 2365 2260
f 2365 2121 2185
f 2366 2185 2261
f 2261 2262 2366
f 2184 2263 2018
f 2366 2262 2367
f 2187 2368 2369
f 1745 2187 2369
f 2124 2019 2264
f 2188 2370 2019
f 2371 2188 2265
f 1745 2369 1966
f 1966 2369 1970
f 2372 2265 2189
f 2126 2372 2189
f 2126 2373 2372
f 2374 2373 2021
f 2021 2373 2126
f 2374 2021 2375
f 2375 2021 2127
f 2023 1970 2376
f 2127 2128 2375
f 2128 2266 2375
f 2190 2377 2130
f 2270 2378 2190
f 2190 2378 2377
f 2378 2270 2379
f 2270 2272 2379
f 2274 2276 2382
f 2381 2275 2274
f 2382 2381 2274
f 2383 2278 2028
f 1819 2384 2027
f 1819 2191 2384
f 2278 2385 2029
f 2191 1972 2280
f 2281 2280 1973
f 1975 2282 1976
f 2386 2192 2283
f 2282 2284 1976
f 1974 2133 2283
f 2133 2134 2387
f 1977 2285 2030
f 2134 2286 2387
f 2031 2287 2286
f 2287 2033 2388
f 2389 2287 2388
f 2390 2136 1980
f 2288 2290 2391
f 2290 2291 2294
f 2296 2392 2293
f 2296 2298 2392
f 2394 2392 2298
f 2394 2298 2300
f 2395 2304 2307
f 2195 2142 2305
f 2310 2396 2307
f 2305 2311 2195
f 2313 2145 2311
f 2313 2044 2145
f 2398 2310 2312
f 2399 2312 2196
f 2399 2196 2314
f 2201 2400 2198
f 2400 2197 2198
f 2315 2200 2402
f 2157 2403 2201
f 2154 2315 2316
f 2155 2316 2317
f 2202 2317 2404
f 2157 2202 2405
f 1990 1991 2318
f 2047 2320 2159
f 2161 2407 2206
f 2407 2205 2408
f 2205 2204 2408
f 2048 2410 2160
f 2203 2209 2406
f 2205 2407 2161
f 1994 2321 2322
f 2209 2211 2412
f 1994 2322 1938
f 2207 2212 2411
f 2411 2212 2323
f 1996 1938 2324
f 2414 2412 2211
f 2162 1936 2413
f 2214 2414 2211
f 2327 2323 2213
f 2162 2215 1939
f 2217 2414 2214
f 2415 2414 2217
f 2328 2059 2326
f 2217 2329 2415
f 2215 2416 2216
f 2327 2070 2332
f 2333 2417 2220
f 2070 2334 2332
f 2073 2223 2333
f 2223 2418 2333
f 2223 2225 2418
f 2418 2225 2335
f 2003 2419 2227
f 2230 2420 2335
f 2334 2168 2339
f 2231 2166 2336
f 2230 2171 2341
f 2341 2420 2230
f 2170 2231 2342
f 2421 2237 2234
f 2174 1876 2236
f 2422 2237 2421
f 2239 2173 2346
f 1960 2174 2423
f 2237 2422 2424
f 2107 2237 2424
f 2107 2424 2345
f 2244 2107 2345
f 2352 1960 2423
f 2244 2345 2348
f 2176 2348 2425
f 2346 2245 2353
f 2351 2355 2247
f 2176 2425 2252
f 2349 2357 2250
f 2243 2256 2426
f 2248 2356 2353
f 2253 2358 2427
f 2347 2253 2427
f 2011 2251 2428
f 2430 2254 2357
f 2256 2257 2429
f 2254 2430 2431
f 2254 2431 2359
f 2254 2359 2432
f 2255 2254 2432
f 2428 2433 2011
f 2011 2433 1962
f 2361 2360 2180
f 2433 2179 1962
f 2434 2179 2433
f 2118 2435 2180
f 2180 2435 2361
f 2118 2362 2435
f 2118 2363 2362
f 2179 2434 2258
f 2259 2120 2260
f 2365 2185 2366
f 2367 2262 2264
f 2019 2370 2264
f 2371 2370 2188
f 2022 2129 2267
f 2130 2377 2268
f 2437 2379 2272
f 2437 2272 2438
f 2269 2380 2025
f 2438 2275 2381
f 2438 2272 2275
f 2380 2383 2025
f 2382 2276 2440
f 2276 2439 2440
f 2025 2383 2028
f 2277 2027 2442
f 2277 2442 2439
f 2027 2384 2442
f 2278 2383 2385
f 2029 2385 2279
f 2384 2191 2280
f 2281 2192 2386
f 2285 2445 2030
f 2445 2135 2030
f 2286 2287 2389
f 2033 2288 2388
f 2288 2391 2388
f 2390 2446 2136
f 2391 2290 2448
f 2290 2294 2448
f 2449 2037 2194
f 1982 2393 2040
f 2392 2394 2450
f 2141 2041 2451
f 2394 2300 2453
f 2304 2453 2300
f 2307 2396 2395
f 2396 2310 2397
f 2397 2310 2398
f 2312 2399 2398
f 2197 2400 2314
f 2045 2313 2454
f 2401 2400 2201
f 2200 2199 2402
f 2403 2157 2405
f 2317 2316 2455
f 2202 2404 2405
f 2159 2320 2456
f 2159 2456 2319
f 2203 2406 2320
f 2204 2409 2408
f 2458 2409 2204
f 2207 2458 2204
f 2458 2207 2411
f 2406 2209 2459
f 2206 2321 2054
f 2209 2412 2459
f 2462 1938 2322
f 2210 2463 1935
f 2411 2323 2460
f 1935 2464 1936
f 1935 2463 2464
f 2459 2412 2465
f 2466 2459 2465
f 1938 2462 2324
f 2464 2413 1936
f 2465 2412 2467
f 2467 2412 2414
f 2325 2324 2468
f 2468 2326 2325
f 2467 2414 2470
f 2470 2414 2469
f 2469 2414 2415
f 2330 2328 2471
f 2329 2472 2415
f 2472 2469 2415
f 2331 2330 2473
f 2218 2472 2329
f 2469 2472 2474
f 2220 2475 2476
f 2475 2417 2477
f 2473 2477 2331
f 2075 2219 2478
f 2417 2475 2220
f 2333 2418 2417
f 2418 2477 2417
f 2479 2477 2418
f 2331 2477 2479
f 2331 2479 2164
f 2479 2418 2481
f 2482 2479 2481
f 2479 2482 2164
f 2216 2416 2222
f 2416 2336 2222
f 2472 2229 2484
f 2218 2229 2472
f 2474 2472 2485
f 2485 2472 2484
f 2469 2474 2486
f 2470 2469 2487
f 2487 2480 2470
f 2335 2481 2418
f 2164 2482 2221
f 2487 2469 2486
f 2474 2485 2486
f 2335 2420 2489
f 2490 2228 2221
f 2334 2339 2491
f 2337 2484 2229
f 2490 2492 2228
f 2231 2336 2493
f 2337 2338 2494
f 2494 2484 2337
f 2228 2492 2234
f 2485 2484 2494
f 2486 2485 2495
f 2338 2497 2494
f 2495 2485 2498
f 2499 2500 2487
f 2499 2487 2486
f 2338 2340 2497
f 2486 2495 2499
f 2420 2341 2496
f 2485 2494 2498
f 2502 2499 2495
f 2503 2501 2239
f 2501 2339 2239
f 2497 2340 2505
f 2494 2497 2498
f 2498 2497 2505
f 2495 2498 2502
f 2499 2502 2506
f 2239 2507 2503
f 2504 2240 2342
f 2340 2343 2505
f 2239 2346 2507
f 2509 2503 2507
f 2240 2504 2344
f 2498 2505 2511
f 2502 2498 2511
f 2509 2507 2513
f 2515 2504 2510
f 2344 2515 2351
f 2504 2515 2344
f 2496 2243 2426
f 2424 2512 2345
f 2346 2353 2507
f 2513 2507 2353
f 2350 2513 2349
f 2509 2513 2350
f 2509 2350 2514
f 2350 2249 2514
f 2354 2517 2515
f 2354 2515 2514
f 2354 2514 2249
f 2514 2515 2510
f 2515 2517 2351
f 2505 2347 2516
f 2343 2347 2505
f 2511 2505 2516
f 2518 2519 2502
f 2518 2502 2511
f 2508 2502 2519
f 2348 2345 2520
f 2513 2353 2357
f 2513 2357 2349
f 2351 2517 2355
f 2511 2516 2521
f 2518 2511 2521
f 2522 2523 2425
f 2425 2523 2252
f 2517 2255 2524
f 2354 2255 2517
f 2355 2517 2525
f 2525 2517 2524
f 2427 2516 2347
f 2427 2526 2516
f 2521 2516 2526
f 2523 2356 2252
f 2356 2527 2353
f 2357 2353 2430
f 2430 2353 2527
f 2358 2355 2528
f 2528 2355 2525
f 2521 2526 2518
f 2430 2527 2431
f 2531 2359 2431
f 2524 2255 2432
f 2427 2358 2528
f 2526 2427 2528
f 2529 2518 2526
f 2257 2178 2532
f 2356 2523 2533
f 2527 2356 2533
f 2431 2527 2530
f 2531 2431 2530
f 2528 2525 2534
f 2526 2528 2535
f 2536 2527 2533
f 2178 2360 2532
f 2182 2119 2537
f 2538 2259 2260
f 2436 2184 2183
f 2263 2368 2187
f 2371 2541 2370
f 2541 2371 2542
f 2542 2371 2265
f 2369 2376 1970
f 2542 2544 2541
f 2543 2541 2544
f 2265 2545 2542
f 2265 2372 2545
f 2545 2544 2542
f 2372 2373 2547
f 2547 2544 2545
f 2372 2547 2545
f 2374 2547 2373
f 2374 2548 2547
f 2376 2550 2023
f 2544 2551 2546
f 2547 2551 2544
f 2548 2551 2547
f 2552 2267 2129
f 2023 2550 2269
f 2268 2377 2378
f 2380 2553 2383
f 2381 2440 2554
f 2382 2440 2381
f 2276 2277 2439
f 2441 2555 2383
f 2383 2555 2385
f 2385 2443 2279
f 2279 2443 2282
f 2443 2556 2282
f 2282 2556 2284
f 2556 2557 2284
f 2444 2283 2133
f 2133 2387 2444
f 2286 2558 2387
f 1980 2559 2390
f 2389 2388 2560
f 2388 2391 2560
f 2561 2560 2391
f 2194 2136 2447
f 2447 2449 2194
f 1982 2037 2393
f 2293 2562 2294
f 2392 2450 2562
f 2392 2562 2293
f 2451 2041 2040
f 2451 2040 2393
f 2394 2452 2450
f 2563 2141 2451
f 2394 2453 2452
f 2564 2141 2563
f 2453 2304 2565
f 2565 2566 2453
f 2141 2564 2305
f 2565 2304 2395
f 2568 2567 2395
f 2568 2395 2396
f 2396 2397 2569
f 2568 2396 2569
f 2399 2570 2398
f 2397 2398 2569
f 2569 2398 2570
f 2314 2571 2399
f 2571 2314 2400
f 2571 2570 2399
f 2199 2045 2454
f 2401 2201 2403
f 2405 2572 2403
f 2315 2402 2573
f 2315 2574 2316
f 2573 2574 2315
f 2574 2575 2316
f 2455 2316 2575
f 2576 2317 2455
f 2317 2576 2404
f 2048 1990 2457
f 2048 2457 2410
f 2160 2410 2208
f 2577 2458 2411
f 2406 2459 2461
f 2577 2411 2460
f 2462 2322 2578
f 2462 2578 2579
f 2462 2579 2324
f 2162 2580 2215
f 2162 2413 2580
f 2467 2470 2581
f 2471 2328 2326
f 2215 2580 2416
f 2581 2470 2583
f 2327 2332 2582
f 2471 2473 2330
f 2483 2582 2332
f 2219 2585 2478
f 2220 2585 2219
f 2220 2476 2585
f 2477 2584 2475
f 2475 2584 2476
f 2473 2584 2477
f 2583 2470 2480
f 2332 2334 2483
f 2586 2003 2075
f 2482 2481 2488
f 2586 2419 2003
f 2221 2482 2488
f 2480 2487 2587
f 2588 2227 2419
f 2490 2221 2488
f 2233 2227 2588
f 2491 2339 2589
f 2587 2487 2500
f 2489 2420 2496
f 2233 2588 2236
f 2499 2506 2500
f 2234 2492 2421
f 2493 2590 2231
f 2231 2590 2342
f 2503 2591 2501
f 2502 2508 2506
f 2341 2243 2496
f 2503 2514 2591
f 2509 2514 2503
f 2496 2426 2592
f 2593 2514 2510
f 2518 2594 2519
f 2348 2520 2425
f 2522 2425 2520
f 2352 2428 2251
f 2426 2256 2429
f 2518 2529 2594
f 2596 2523 2522
f 2531 2597 2359
f 2359 2597 2598
f 2432 2359 2598
f 2524 2432 2599
f 2432 2598 2599
f 2525 2524 2599
f 2526 2535 2529
f 2428 2595 2433
f 2429 2257 2532
f 2523 2596 2533
f 2528 2534 2535
f 2527 2536 2530
f 2433 2600 2434
f 2361 2435 2601
f 2536 2533 2602
f 2601 2435 2362
f 2362 2363 2364
f 2119 2258 2537
f 2364 2603 2362
f 2603 2364 2259
f 2260 2365 2538
f 2604 2365 2605
f 2365 2366 2605
f 2366 2539 2605
f 2184 2540 2263
f 2366 2367 2539
f 2264 2606 2367
f 2607 2264 2370
f 2607 2606 2264
f 2541 2607 2370
f 2543 2607 2541
f 2544 2608 2543
f 2608 2544 2546
f 2548 2374 2609
f 2375 2609 2374
f 2375 2549 2609
f 2375 2266 2549
f 2268 2552 2129
f 2438 2381 2610
f 2381 2554 2610
f 2383 2553 2441
f 2611 2384 2280
f 2285 2612 2445
f 2558 2389 2613
f 2558 2286 2389
f 2559 1980 2135
f 2614 2560 2561
f 2447 2136 2446
f 2391 2448 2615
f 2448 2294 2562
f 2449 2617 2037
f 2393 2037 2617
f 2450 2618 2562
f 2566 2452 2453
f 2620 2311 2305
f 2395 2567 2565
f 2313 2311 2621
f 2568 2569 2622
f 2454 2313 2623
f 2570 2571 2569
f 2571 2400 2624
f 2401 2624 2400
f 2199 2454 2402
f 2405 2404 2626
f 2319 2627 2158
f 2319 2628 2627
f 2456 2628 2319
f 2406 2461 2320
f 2629 2461 2632
f 2407 2408 2633
f 2630 2408 2409
f 2458 2577 2409
f 2577 2631 2409
f 2633 2206 2407
f 2460 2634 2631
f 2577 2460 2631
f 2210 2208 2410
f 2466 2632 2461
f 2632 2466 2636
f 2461 2459 2466
f 2413 2464 2637
f 2636 2466 2465
f 2465 2638 2636
f 2579 2468 2324
f 2638 2465 2640
f 2639 2323 2327
f 2465 2467 2643
f 2643 2640 2465
f 2468 2641 2326
f 2580 2413 2642
f 2467 2581 2643
f 2642 2644 2580
f 2583 2645 2581
f 2326 2641 2471
f 2643 2581 2646
f 2646 2581 2645
f 2647 2471 2641
f 2646 2645 2648
f 2473 2471 2647
f 2580 2644 2416
f 2647 2584 2473
f 2648 2649 2646
f 2650 2416 2644
f 2583 2480 2587
f 2645 2583 2587
f 2652 2645 2587
f 2648 2645 2652
f 2649 2648 2653
f 2653 2648 2652
f 2483 2334 2651
f 2651 2334 2491
f 2586 2654 2419
f 2416 2650 2336
f 2335 2489 2655
f 2481 2335 2655
f 2481 2655 2488
f 2656 2336 2650
f 2653 2652 2658
f 2658 2659 2653
f 2654 2660 2588
f 2419 2654 2588
f 2652 2587 2657
f 2657 2587 2661
f 2652 2657 2658
f 2490 2662 2492
f 2336 2656 2493
f 2500 2661 2587
f 2339 2501 2589
f 2496 2655 2489
f 2656 2590 2493
f 2506 2664 2500
f 2661 2500 2664
f 2665 2659 2658
f 2667 2421 2492
f 2174 2236 2668
f 2504 2342 2590
f 2657 2661 2670
f 2658 2657 2671
f 2671 2665 2658
f 2591 2669 2501
f 2672 2504 2590
f 2670 2661 2673
f 2671 2657 2670
f 2667 2422 2421
f 2504 2672 2510
f 2664 2506 2508
f 2661 2664 2673
f 2675 2665 2671
f 2424 2422 2676
f 2514 2677 2591
f 2664 2508 2674
f 2174 2668 2423
f 2592 2426 2678
f 2424 2676 2512
f 2593 2677 2514
f 2679 2677 2593
f 2680 2593 2672
f 2510 2672 2593
f 2508 2519 2681
f 2674 2508 2681
f 2673 2664 2674
f 2679 2593 2680
f 2594 2681 2519
f 2674 2681 2682
f 2673 2674 2682
f 2670 2673 2683
f 2671 2670 2683
f 2675 2671 2684
f 2520 2685 2522
f 2681 2594 2686
f 2671 2683 2687
f 2687 2684 2671
f 2686 2594 2688
f 2682 2681 2686
f 2673 2682 2689
f 2683 2673 2689
f 2684 2687 2690
f 2691 2522 2685
f 2522 2691 2596
f 2598 2597 2693
f 2597 2692 2693
f 2694 2598 2693
f 2694 2599 2598
f 2525 2599 2534
f 2695 2686 2688
f 2696 2682 2686
f 2689 2682 2696
f 2683 2689 2687
f 2531 2697 2597
f 2694 2698 2599
f 2699 2599 2698
f 2599 2699 2534
f 2594 2529 2688
f 2686 2695 2700
f 2696 2686 2700
f 2696 2701 2702
f 2696 2702 2689
f 2702 2687 2689
f 2690 2687 2702
f 2600 2433 2595
f 2530 2536 2703
f 2703 2531 2530
f 2529 2535 2704
f 2688 2529 2704
f 2705 2695 2688
f 2360 2361 2532
f 2596 2691 2602
f 2533 2596 2602
f 2602 2706 2536
f 2536 2706 2703
f 2534 2699 2707
f 2705 2688 2704
f 2699 2698 2709
f 2709 2698 2708
f 2707 2699 2709
f 2710 2534 2707
f 2535 2534 2710
f 2704 2535 2710
f 2705 2704 2711
f 2713 2709 2708
f 2707 2709 2713
f 2710 2707 2714
f 2715 2710 2714
f 2704 2710 2715
f 2711 2704 2715
f 2258 2434 2537
f 2713 2714 2707
f 2716 2717 2714
f 2715 2714 2717
f 2716 2714 2713
f 2603 2259 2538
f 2183 2182 2436
f 2538 2365 2604
f 2367 2606 2719
f 2719 2606 2720
f 2606 2607 2721
f 2607 2543 2722
f 2722 2543 2608
f 2723 2608 2546
f 2609 2724 2548
f 2551 2725 2546
f 2546 2725 2723
f 2548 2726 2551
f 2551 2726 2725
f 2268 2378 2727
f 2378 2379 2727
f 2379 2728 2727
f 2729 2379 2437
f 2730 2437 2438
f 2438 2610 2730
f 2554 2440 2731
f 2440 2439 2732
f 2442 2733 2439
f 2555 2734 2385
f 2443 2385 2734
f 2736 2443 2734
f 2280 2281 2611
f 2281 2386 2738
f 2443 2736 2556
f 2386 2283 2739
f 2557 2612 2284
f 2612 2285 2284
f 2740 2444 2387
f 2135 2445 2741
f 2389 2560 2742
f 2561 2743 2614
f 2561 2391 2743
f 2448 2616 2615
f 2448 2562 2616
f 2745 2618 2744
f 2618 2450 2744
f 2450 2746 2744
f 2450 2452 2746
f 2566 2746 2452
f 2746 2566 2747
f 2566 2565 2747
f 2744 2746 2749
f 2745 2744 2750
f 2750 2744 2749
f 2750 2748 2745
f 2746 2747 2749
f 2749 2747 2751
f 2565 2752 2747
f 2565 2567 2752
f 2749 2751 2753
f 2754 2750 2753
f 2753 2750 2749
f 2748 2750 2754
f 2567 2755 2752
f 2747 2752 2751
f 2620 2621 2311
f 2751 2752 2755
f 2753 2751 2756
f 2754 2753 2756
f 2751 2755 2757
f 2756 2751 2757
f 2758 2313 2621
f 2759 2567 2568
f 2755 2567 2759
f 2756 2757 2760
f 2761 2757 2759
f 2759 2757 2755
f 2760 2757 2761
f 2759 2568 2622
f 2759 2622 2762
f 2763 2759 2762
f 2622 2569 2764
f 2569 2571 2764
f 2765 2622 2764
f 2762 2622 2765
f 2766 2571 2624
f 2764 2571 2766
f 2625 2402 2454
f 2573 2625 2767
f 2573 2402 2625
f 2404 2768 2626
f 2405 2626 2572
f 2767 2574 2573
f 2404 2576 2768
f 2769 2574 2767
f 2575 2574 2769
f 2576 2455 2575
f 1990 2318 2770
f 2158 2770 2318
f 2158 2627 2770
f 1990 2771 2457
f 2461 2456 2320
f 2456 2461 2629
f 2409 2773 2630
f 2409 2631 2773
f 2774 2631 2634
f 2206 2635 2321
f 2206 2633 2635
f 2460 2776 2634
f 2775 2632 2638
f 2322 2321 2777
f 2638 2632 2636
f 2777 2578 2322
f 2578 2778 2579
f 2460 2639 2776
f 2460 2323 2639
f 2579 2779 2641
f 2468 2579 2641
f 2639 2327 2780
f 2637 2781 2413
f 2640 2643 2782
f 2327 2582 2780
f 2643 2646 2783
f 2784 2644 2642
f 2584 2647 2476
f 2476 2647 2785
f 2582 2483 2651
f 2586 2075 2478
f 2649 2653 2786
f 2786 2653 2788
f 2650 2787 2656
f 2787 2789 2656
f 2653 2659 2788
f 2790 2662 2488
f 2662 2490 2488
f 2789 2791 2656
f 2589 2501 2663
f 2236 2792 2666
f 2236 2588 2792
f 2492 2662 2793
f 2656 2791 2590
f 2492 2793 2667
f 2666 2668 2236
f 2590 2680 2672
f 2793 2676 2422
f 2422 2667 2793
f 2795 2352 2423
f 2796 2352 2795
f 2512 2676 2797
f 2345 2512 2799
f 2520 2345 2799
f 2677 2679 2800
f 2675 2684 2798
f 2352 2595 2428
f 2679 2801 2800
f 2678 2426 2429
f 2693 2805 2694
f 2429 2532 2804
f 2691 2685 2803
f 2597 2697 2692
f 2692 2697 2807
f 2808 2698 2694
f 2700 2695 2809
f 2700 2809 2810
f 2696 2700 2810
f 2811 2701 2696
f 2690 2702 2806
f 2813 2807 2697
f 2814 2702 2701
f 2361 2815 2532
f 2601 2815 2361
f 2531 2703 2697
f 2808 2817 2698
f 2362 2712 2601
f 2602 2691 2816
f 2703 2706 2819
f 2698 2817 2708
f 2820 2705 2711
f 2821 2705 2820
f 2818 2434 2600
f 2817 2713 2708
f 2823 2713 2817
f 2822 2537 2434
f 2822 2718 2537
f 2537 2718 2182
f 2182 2824 2436
f 2539 2367 2825
f 2825 2367 2719
f 2721 2720 2606
f 2369 2368 2826
f 2607 2722 2721
f 2369 2826 2376
f 2609 2549 2827
f 2549 2266 2827
f 2828 2267 2552
f 2552 2268 2727
f 2728 2379 2729
f 2380 2269 2829
f 2380 2829 2553
f 2730 2610 2830
f 2610 2554 2830
f 2830 2554 2831
f 2831 2554 2731
f 2439 2733 2732
f 2442 2384 2735
f 2384 2611 2735
f 2611 2281 2737
f 2736 2832 2556
f 2738 2386 2739
f 2739 2283 2740
f 2283 2444 2740
f 2833 2387 2558
f 2389 2742 2613
f 2560 2614 2742
f 2446 2390 2559
f 2834 2447 2446
f 2391 2615 2743
f 2617 2449 2447
f 2562 2835 2616
f 2562 2618 2835
f 2617 2619 2393
f 2618 2745 2836
f 2393 2619 2451
f 2836 2745 2748
f 2564 2620 2305
f 2756 2837 2754
f 2760 2837 2756
f 2758 2623 2313
f 2759 2763 2761
f 2762 2765 2840
f 2763 2762 2840
f 2454 2623 2839
f 2841 2765 2764
f 2454 2842 2625
f 2403 2843 2401
f 2624 2401 2843
f 2766 2624 2844
f 2624 2843 2844
f 2764 2766 2846
f 2841 2764 2846
f 2403 2572 2843
f 2572 2626 2847
f 2767 2848 2769
f 2849 2768 2576
f 2771 1990 2770
f 2629 2850 2456
f 2631 2852 2773
f 2852 2631 2774
f 2410 2457 2853
f 2633 2408 2630
f 2629 2775 2772
f 2632 2775 2629
f 2210 2410 2853
f 2635 2777 2321
f 2210 2854 2463
f 2854 2210 2853
f 2578 2777 2778
f 2579 2778 2779
f 2463 2856 2464
f 2640 2855 2638
f 2782 2855 2640
f 2857 2639 2780
f 2413 2781 2642
f 2643 2783 2782
f 2641 2858 2647
f 2783 2646 2649
f 2476 2785 2585
f 2783 2649 2860
f 2860 2649 2786
f 2488 2655 2790
f 2491 2589 2663
f 2660 2792 2588
f 2863 2659 2862
f 2655 2496 2592
f 2659 2665 2862
f 2669 2677 2794
f 2590 2791 2680
f 2675 2862 2665
f 2669 2591 2677
f 2795 2423 2668
f 2864 2675 2798
f 2794 2677 2800
f 2680 2801 2679
f 2352 2796 2595
f 2796 2865 2595
f 2802 2520 2799
f 2520 2802 2685
f 2802 2803 2685
f 2801 2692 2800
f 2692 2801 2693
f 2690 2806 2866
f 2684 2690 2866
f 2429 2804 2678
f 2693 2801 2805
f 2692 2807 2867
f 2805 2808 2694
f 2696 2810 2811
f 2806 2702 2814
f 2865 2600 2595
f 2532 2815 2868
f 2804 2532 2868
f 2815 2601 2868
f 2691 2803 2812
f 2701 2811 2869
f 2701 2869 2814
f 2870 2600 2865
f 2691 2812 2816
f 2697 2703 2813
f 2695 2821 2809
f 2705 2821 2695
f 2816 2871 2602
f 2871 2706 2602
f 2813 2703 2819
f 2808 2872 2817
f 2706 2871 2873
f 2874 2706 2873
f 2819 2706 2874
f 2711 2715 2875
f 2362 2603 2712
f 2715 2717 2876
f 2716 2713 2877
f 2713 2823 2877
f 2718 2824 2182
f 2879 2538 2604
f 2879 2878 2538
f 2879 2604 2605
f 2184 2436 2540
f 2605 2539 2825
f 2880 2719 2720
f 2722 2881 2721
f 2826 2550 2376
f 2722 2723 2882
f 2722 2608 2723
f 2548 2724 2726
f 2609 2883 2724
f 2609 2827 2883
f 2266 2884 2827
f 2267 2884 2266
f 2884 2267 2828
f 2725 2885 2723
f 2726 2885 2725
f 2828 2552 2886
f 2727 2887 2552
f 2728 2887 2727
f 2729 2437 2730
f 2731 2440 2732
f 2889 2731 2732
f 2888 2890 2441
f 2441 2890 2555
f 2442 2735 2891
f 2442 2891 2733
f 2737 2281 2738
f 2893 2612 2557
f 2833 2740 2387
f 2612 2741 2445
f 2559 2895 2446
f 2615 2616 2896
f 2617 2447 2897
f 2616 2835 2896
f 2835 2618 2836
f 2451 2619 2899
f 2451 2899 2563
f 2836 2748 2898
f 2563 2899 2900
f 2748 2754 2901
f 2760 2761 2902
f 2761 2763 2903
f 2623 2838 2839
f 2840 2903 2763
f 2454 2839 2842
f 2765 2841 2840
f 2844 2845 2766
f 2845 2846 2766
f 2572 2844 2843
f 2625 2842 2904
f 2625 2904 2767
f 2905 2572 2847
f 2844 2572 2905
f 2767 2904 2848
f 2576 2575 2849
f 2456 2850 2628
f 2850 2772 2907
f 2772 2850 2629
f 2635 2630 2851
f 2775 2907 2772
f 2907 2775 2908
f 2630 2635 2633
f 2774 2634 2776
f 2909 2908 2775
f 2775 2638 2855
f 2909 2775 2855
f 2463 2854 2856
f 2909 2855 2910
f 2776 2639 2857
f 2910 2911 2909
f 2779 2778 2912
f 2910 2855 2782
f 2779 2912 2641
f 2781 2784 2642
f 2914 2911 2910
f 2912 2913 2858
f 2641 2912 2858
f 2910 2782 2783
f 2858 2913 2915
f 2780 2582 2916
f 2858 2915 2647
f 2910 2783 2860
f 2914 2910 2860
f 2917 2861 2785
f 2917 2785 2915
f 2647 2915 2785
f 2784 2859 2644
f 2585 2861 2478
f 2861 2585 2785
f 2644 2859 2650
f 2859 2787 2650
f 2654 2586 2478
f 2654 2478 2919
f 2918 2786 2920
f 2860 2786 2918
f 2651 2491 2921
f 2786 2788 2920
f 2654 2922 2660
f 2659 2920 2788
f 2920 2659 2863
f 2662 2790 2793
f 2790 2923 2793
f 2655 2592 2790
f 2925 2501 2669
f 2790 2592 2926
f 2923 2790 2926
f 2793 2923 2928
f 2929 2791 2924
f 2862 2675 2930
f 2927 2862 2930
f 2793 2928 2676
f 2791 2929 2680
f 2668 2931 2795
f 2675 2864 2930
f 2678 2932 2592
f 2932 2926 2592
f 2933 2680 2929
f 2864 2934 2930
f 2926 2932 2935
f 2923 2926 2935
f 2680 2933 2801
f 2928 2923 2935
f 2676 2928 2797
f 2797 2936 2512
f 2512 2937 2799
f 2936 2937 2512
f 2933 2938 2801
f 2864 2798 2866
f 2934 2864 2866
f 2797 2928 2940
f 2936 2797 2940
f 2798 2684 2866
f 2932 2678 2804
f 2935 2932 2804
f 2928 2935 2939
f 2692 2867 2800
f 2866 2806 2942
f 2939 2935 2804
f 2940 2928 2939
f 2812 2802 2941
f 2802 2812 2803
f 2801 2938 2805
f 2939 2804 2868
f 2943 2939 2868
f 2940 2939 2944
f 2945 2940 2944
f 2938 2808 2805
f 2810 2946 2811
f 2944 2939 2943
f 2812 2947 2816
f 2867 2807 2948
f 2810 2809 2949
f 2811 2950 2869
f 2868 2601 2943
f 2601 2951 2943
f 2944 2943 2951
f 2947 2812 2952
f 2813 2948 2807
f 2809 2821 2949
f 2949 2946 2810
f 2811 2946 2950
f 2870 2818 2600
f 2601 2712 2951
f 2947 2952 2953
f 2816 2947 2871
f 2819 2954 2813
f 2954 2955 2813
f 2955 2948 2813
f 2949 2821 2820
f 2946 2949 2956
f 2957 2951 2712
f 2871 2947 2953
f 2874 2954 2819
f 2955 2954 2959
f 2949 2820 2960
f 2960 2956 2949
f 2957 2712 2962
f 2873 2871 2963
f 2963 2871 2953
f 2954 2874 2964
f 2715 2876 2875
f 2711 2875 2820
f 2960 2820 2875
f 2961 2434 2818
f 2712 2603 2962
f 2965 2957 2962
f 2963 2874 2873
f 2964 2874 2963
f 2959 2954 2964
f 2961 2822 2434
f 2953 2967 2968
f 2963 2953 2968
f 2959 2964 2969
f 2969 2966 2959
f 2716 2970 2717
f 2876 2717 2970
f 2962 2603 2538
f 2967 2971 2968
f 2964 2963 2972
f 2972 2963 2968
f 2972 2969 2964
f 2970 2716 2877
f 2962 2538 2878
f 2969 2972 2973
f 2879 2605 2974
f 2974 2605 2825
f 2825 2719 2880
f 2720 2721 2880
f 2880 2721 2976
f 2721 2881 2976
f 2881 2722 2882
f 2724 2978 2726
f 2724 2883 2978
f 2884 2828 2979
f 2550 2980 2269
f 2885 2977 2723
f 2828 2886 2979
f 2552 2887 2886
f 2269 2980 2829
f 2553 2888 2441
f 2553 2983 2888
f 2555 2984 2734
f 2734 2985 2736
f 2985 2892 2736
f 2892 2832 2736
f 2739 2740 2987
f 2987 2740 2988
f 2833 2558 2894
f 2558 2989 2894
f 2990 2135 2741
f 2989 2558 2613
f 2135 2990 2559
f 2742 2991 2992
f 2742 2614 2991
f 2743 2991 2614
f 2743 2615 2993
f 2993 2994 2743
f 2834 2897 2447
f 2615 2896 2993
f 2996 2994 2993
f 2995 2996 2993
f 2995 2896 2835
f 2993 2896 2995
f 2995 2835 2836
f 2617 2997 2619
f 2836 2898 2999
f 2995 2836 2999
f 2999 2998 2995
f 2898 2998 2999
f 2564 2900 3001
f 2564 2563 2900
f 2898 2748 3000
f 2748 2901 3000
f 2564 3001 2620
f 2901 2754 3002
f 2620 3003 2621
f 2754 2837 3002
f 2758 3003 3004
f 2758 2621 3003
f 2837 2760 3005
f 3005 2760 2902
f 2623 2758 3004
f 2903 2902 2761
f 2623 3004 2838
f 2840 3006 2903
f 3008 2841 2846
f 2840 2841 3007
f 2905 2845 2844
f 3007 2841 3008
f 2847 3009 2905
f 2846 2845 3008
f 2768 3010 2626
f 2847 2626 3010
f 3011 2847 3010
f 3012 2905 3009
f 2845 2905 3012
f 3008 2845 3012
f 2849 3010 2768
f 3011 3014 2847
f 2847 3014 3009
f 3015 3009 3014
f 3012 3009 3015
f 3016 3013 3012
f 3008 3012 3013
f 2769 2848 3017
f 2769 3017 2906
f 2575 2769 2906
f 2849 2575 2906
f 3018 2849 2906
f 3010 2849 3018
f 3019 3015 3014
f 3012 3015 3019
f 3016 3012 3019
f 2627 2628 3020
f 3020 2628 3021
f 2628 2850 3021
f 2851 2630 2773
f 2457 2771 3022
f 2774 2776 3023
f 2774 3023 2852
f 2457 3024 2853
f 3024 2457 3022
f 3026 2635 3025
f 3026 2777 2635
f 2778 2777 3028
f 2776 2857 3027
f 2464 2856 3029
f 2464 3029 2637
f 2637 3030 2781
f 2857 2780 2916
f 2914 3031 2911
f 3032 3031 2914
f 2582 2651 2916
f 3032 2914 3033
f 3034 2861 2917
f 2914 2860 3033
f 2919 2478 2861
f 2860 2918 3033
f 3033 2918 2920
f 2919 3035 2654
f 3036 2921 2491
f 2491 2663 3036
f 2789 3037 2791
f 3038 2792 2660
f 2663 2501 2925
f 2791 3037 2924
f 2862 2927 2863
f 2792 2668 2666
f 2925 2669 2794
f 2794 2800 3039
f 3041 2796 2795
f 2936 2940 3043
f 2802 2799 2941
f 2800 2867 3042
f 3043 2940 2945
f 2938 3044 2808
f 2867 2948 3042
f 2806 2814 2869
f 2945 2944 2957
f 3044 3047 2808
f 2869 2950 3048
f 2944 2951 2957
f 2812 2941 2958
f 2958 2952 2812
f 3046 2955 3049
f 3046 2948 2955
f 2808 3047 2872
f 2950 2946 2956
f 2955 2959 3049
f 2960 3050 2956
f 2958 2953 2952
f 3051 2960 2875
f 3051 3050 2960
f 2817 2872 2823
f 2872 3052 2823
f 2875 2876 3054
f 3051 2875 3054
f 2822 2961 2718
f 3052 2877 2823
f 3055 2877 3052
f 2965 2962 2878
f 2968 3057 2972
f 2971 3057 2968
f 3057 2973 2972
f 2973 3057 3058
f 2878 2879 3056
f 2974 2825 3059
f 2825 2880 3059
f 2263 2975 2368
f 2368 2975 2826
f 2880 2976 3060
f 2826 3062 2550
f 2723 2977 2882
f 2885 2978 3063
f 2827 3064 2883
f 2827 3065 3064
f 2884 3065 2827
f 2884 2979 3065
f 2978 2885 2726
f 2886 2887 2981
f 2980 3066 2829
f 2728 2981 2887
f 2981 2728 2982
f 2729 2982 2728
f 2982 2729 2730
f 2982 2730 3067
f 2829 2983 2553
f 2730 2830 3067
f 3067 2830 2831
f 2732 2733 3068
f 2889 2732 3068
f 2555 2890 2984
f 2984 3069 2734
f 3069 2985 2734
f 2735 2986 3070
f 2735 2611 2986
f 2986 2611 2737
f 2556 2832 3072
f 2833 2988 2740
f 2741 2612 2893
f 2741 2893 3073
f 2988 2833 3074
f 2613 2742 2989
f 2559 2990 2895
f 3075 2446 2895
f 2994 2996 3076
f 2995 2998 2996
f 3078 2619 2997
f 2619 2900 2899
f 2998 2898 3079
f 2898 3000 3079
f 3001 2900 3080
f 3002 3005 3081
f 2837 3005 3002
f 2838 3004 3082
f 2838 3083 2839
f 2840 3007 3006
f 2839 3084 2842
f 3085 3007 3008
f 2848 2904 3086
f 3087 3014 3011
f 3013 3016 3088
f 2848 3086 3017
f 2906 3017 3089
f 3018 2906 3089
f 2627 3090 2770
f 2852 3091 2773
f 2852 3023 3092
f 2635 2851 3094
f 2853 3024 3095
f 3093 2907 2908
f 3093 2908 3096
f 3023 2776 3027
f 2853 3095 2854
f 2908 2909 3096
f 3096 2909 3097
f 2777 3098 3028
f 2854 3099 2856
f 3100 2909 2911
f 2778 3028 3101
f 3101 2912 2778
f 3101 2913 2912
f 2637 3029 3030
f 3102 2911 3103
f 2913 3101 2917
f 2911 3031 3103
f 2917 2915 2913
f 2784 2781 3030
f 3104 3031 3032
f 3105 3034 2917
f 3104 3032 3107
f 3107 3032 3033
f 2861 3106 2919
f 3106 2861 3034
f 3033 2920 3108
f 3109 3104 3107
f 2919 3112 3035
f 3107 3033 3113
f 2654 3035 2922
f 2651 2921 3110
f 2787 3111 2789
f 3033 3108 3113
f 3114 3107 3113
f 3037 2789 3111
f 3108 2920 2863
f 2922 3115 2660
f 3113 3108 3116
f 3114 3113 3117
f 3036 2663 2925
f 3113 3116 3117
f 3114 3117 3118
f 3038 2660 3115
f 3108 2863 3116
f 3116 2863 2927
f 3116 3118 3117
f 3118 3116 3119
f 2668 2792 2931
f 3116 2927 3119
f 2925 2794 3039
f 2927 2930 3119
f 2930 2934 3119
f 2934 3120 3119
f 2931 3121 2795
f 3040 3122 2929
f 3120 2934 3123
f 2933 2929 3122
f 2933 3122 2938
f 2866 3124 3123
f 3123 2934 2866
f 2937 2936 3043
f 3041 2865 2796
f 2937 3043 3125
f 2937 2941 2799
f 3125 2941 2937
f 3122 3044 2938
f 2942 3045 3124
f 3124 2866 2942
f 3045 2942 2806
f 2945 3127 3043
f 3125 3043 3127
f 3046 3126 3042
f 2941 3125 3128
f 3042 2948 3046
f 3048 3129 2869
f 3045 2806 2869
f 3129 3045 2869
f 3127 2945 2957
f 3125 3127 3128
f 2941 3128 2958
f 3049 2872 3047
f 2950 2956 3130
f 3132 3049 2959
f 3132 2872 3049
f 2965 3127 2957
f 3131 3127 2965
f 3128 3127 3131
f 2959 2966 3132
f 2958 2967 2953
f 2958 3128 2967
f 3131 2965 3056
f 2970 3135 3053
f 3053 2876 2970
f 3054 2876 3053
f 3133 2718 2961
f 2965 2878 3056
f 3128 3131 3136
f 2967 3128 3137
f 2966 2969 3134
f 2877 3055 3135
f 3135 2970 2877
f 3138 3131 3056
f 3137 3128 3136
f 2971 2967 3137
f 2969 2973 3139
f 2969 3139 3134
f 3136 3131 3138
f 3137 3136 3140
f 2971 3137 3140
f 3141 3058 3057
f 2879 3142 3056
f 3142 3138 3056
f 2971 3140 3057
f 3057 3140 3143
f 3057 3143 3144
f 3141 3057 3144
f 2879 2974 3142
f 3140 3136 3145
f 3145 3144 3143
f 3145 3143 3140
f 3136 3138 3146
f 3147 3145 3146
f 3146 3145 3136
f 2974 3059 3142
f 3146 3138 3142
f 3147 3146 3148
f 3149 3142 3059
f 3146 3142 3149
f 3150 3146 3149
f 3150 3148 3146
f 3060 3059 2880
f 3060 3149 3059
f 3060 3150 3149
f 3151 3060 2976
f 3151 3150 3060
f 3061 3151 2976
f 2826 2975 3062
f 2976 2881 3061
f 2881 2882 3152
f 2881 3152 3061
f 3154 3153 3155
f 3158 3157 3154
f 3154 3157 3153
f 3155 3153 3159
f 3160 3155 3159
f 2882 3156 3152
f 3158 3163 3157
f 3157 3163 3065
f 3153 3157 3164
f 3159 3153 3164
f 2977 3156 2882
f 2977 3161 3156
f 2885 3161 2977
f 3162 3161 2885
f 3063 3162 2885
f 3164 3157 3065
f 3166 3159 3164
f 3167 3160 3159
f 2978 3168 3063
f 2978 2883 3168
f 3165 2883 3064
f 3065 3163 3064
f 3164 3065 2979
f 3167 3159 3166
f 3166 3164 2979
f 3169 3167 3166
f 3166 2979 2886
f 2886 2981 3166
f 3169 3166 2981
f 2982 3169 2981
f 3169 2982 3170
f 2829 3066 2983
f 3170 2982 3067
f 3067 2831 3172
f 2888 3173 2890
f 2735 3070 2891
f 3069 3174 2985
f 3174 3175 2985
f 2892 2985 3175
f 3176 2892 3175
f 2986 2737 3071
f 2892 3176 2832
f 3177 2738 2739
f 3072 2557 2556
f 2557 3072 2893
f 2833 2894 3074
f 2989 3178 2894
f 2989 2742 2992
f 2991 2994 3179
f 2743 2994 2991
f 2994 3076 3179
f 3076 2996 3077
f 3077 2998 3079
f 2996 2998 3077
f 3180 3077 3079
f 3181 2619 3078
f 3000 2901 3182
f 3001 3080 3183
f 3003 3001 3183
f 3184 2901 3002
f 2620 3001 3003
f 3184 3002 3081
f 3185 3004 3003
f 2902 2903 3186
f 3188 2902 3187
f 3187 2902 3186
f 3005 2902 3188
f 2839 3083 3084
f 3006 3189 2903
f 2903 3189 3186
f 3189 3190 3186
f 3190 3187 3186
f 3006 3007 3189
f 3191 3190 3189
f 3187 3190 3191
f 3192 3189 3085
f 3085 3189 3007
f 3191 3189 3192
f 3013 3193 3008
f 3088 3193 3013
f 3193 3085 3008
f 3010 3195 3011
f 3011 3196 3087
f 3193 3088 3197
f 3010 3018 3198
f 3198 3194 3010
f 3016 3019 3199
f 2627 3020 3090
f 3021 2850 3200
f 2850 2907 3200
f 2773 3201 2851
f 2773 3202 3201
f 2773 3091 3202
f 2852 3092 3091
f 3203 3092 3023
f 2635 3094 3025
f 3025 3094 3204
f 3023 3027 3203
f 3095 3099 2854
f 3098 2777 3026
f 3097 2909 3100
f 3205 3028 3098
f 3100 2911 3102
f 3206 3101 3028
f 2857 2916 3207
f 3105 2917 3101
f 3031 3104 3103
f 3105 3209 3034
f 2784 3211 2859
f 3210 3211 2784
f 3211 3111 2859
f 3211 3213 3111
f 3109 3107 3114
f 2859 3111 2787
f 3214 3109 3114
f 3115 2922 3215
f 3114 3118 3214
f 2924 3037 2929
f 3217 3040 2929
f 3039 2800 3218
f 2800 3042 3218
f 3219 3218 3042
f 3219 3042 3126
f 3126 3046 3221
f 3220 3047 3044
f 2865 3222 2870
f 3046 3049 3221
f 3048 2950 3130
f 3050 3130 2956
f 3132 2966 3223
f 3050 3051 3224
f 3223 2966 3134
f 2872 3132 3052
f 3051 3054 3224
f 3054 3226 3224
f 3053 3135 3227
f 3054 3053 3228
f 2973 3058 3230
f 3230 3139 2973
f 3058 3141 3229
f 2436 2824 3231
f 3144 3145 3232
f 3147 3232 3145
f 3233 3147 3148
f 3148 3234 3233
f 3148 3150 3235
f 3235 3150 3151
f 3236 3151 3061
f 3155 3237 3154
f 3239 3152 3156
f 2550 3062 3240
f 3156 3161 3239
f 3158 3064 3163
f 3243 3165 3064
f 3160 3167 3242
f 2550 3240 2980
f 3244 3242 3167
f 3167 3169 3244
f 3169 3170 3244
f 3067 3171 3170
f 3171 3067 3172
f 3245 3172 2831
f 2831 2731 3245
f 3245 2731 3246
f 3246 2731 2889
f 2733 2891 3068
f 2891 3070 3247
f 3248 3247 3070
f 2986 3071 3249
f 3071 2737 2738
f 3071 2738 3250
f 2739 2987 3252
f 3252 3177 2739
f 3072 3253 2893
f 2893 3253 3073
f 2741 3073 3254
f 2741 3254 2990
f 2992 2991 3179
f 2834 2446 3075
f 2897 2834 3075
f 3255 2617 2897
f 3077 3180 3256
f 3257 2619 3181
f 3257 2900 2619
f 3258 3180 3079
f 3182 3258 3079
f 3000 3182 3079
f 3080 2900 3259
f 3182 2901 3184
f 3185 3003 3260
f 3004 3185 3261
f 3004 3261 3082
f 2838 3082 3083
f 3005 3188 3262
f 3188 3187 3263
f 3191 3263 3187
f 3194 3195 3010
f 3195 3196 3011
f 3197 3085 3193
f 3087 3264 3014
f 3264 3199 3014
f 3014 3199 3019
f 3088 3016 3199
f 3018 3089 3265
f 3198 3018 3265
f 2771 3267 3268
f 2770 3267 2771
f 2770 3090 3267
f 2907 3093 3200
f 3094 2851 3269
f 2771 3268 3022
f 3095 3270 3099
f 2857 3271 3027
f 3207 3271 2857
f 2856 3099 3029
f 3205 3206 3028
f 3101 3206 3105
f 3030 3210 2784
f 3106 3034 3209
f 2916 2651 3208
f 3109 3273 3104
f 2651 3110 3208
f 3212 3035 3112
f 3110 2921 3274
f 3274 2921 3036
f 3109 3214 3275
f 3115 3215 3038
f 3036 2925 3216
f 3037 3217 2929
f 2931 2792 3038
f 3216 2925 3039
f 3118 3120 3276
f 3119 3120 3118
f 3120 3123 3277
f 3040 3278 3122
f 3122 3278 3044
f 3278 3220 3044
f 3124 3045 3280
f 3220 3279 3047
f 3045 3129 3280
f 3047 3279 3221
f 2870 3222 3281
f 3047 3221 3049
f 3130 3050 3224
f 3225 3133 2961
f 2961 2818 3225
f 3055 3223 3282
f 3052 3223 3055
f 3052 3132 3223
f 3053 3227 3283
f 3053 3283 3228
f 3226 3054 3228
f 3135 3055 3282
f 2718 3133 2824
f 3134 3139 3284
f 3229 3230 3058
f 3285 3141 3144
f 2540 2436 3231
f 3148 3235 3234
f 2540 2975 2263
f 3235 3151 3236
f 3236 3061 3152
f 3287 3062 2975
f 3155 3238 3237
f 3160 3238 3155
f 3288 3238 3160
f 3161 3289 3239
f 3162 3241 3161
f 3161 3241 3289
f 3162 3290 3241
f 3291 3290 3162
f 3243 3064 3292
f 3292 3064 3158
f 3288 3160 3242
f 3162 3063 3291
f 3168 3165 3291
f 2883 3165 3168
f 3170 3171 3244
f 3066 2888 2983
f 3171 3172 3293
f 2984 2890 3295
f 3295 3174 3069
f 2986 3249 3070
f 2738 3177 3250
f 3251 2832 3176
f 3251 3296 2832
f 2832 3296 3072
f 2987 2988 3297
f 3297 3252 2987
f 2988 3074 3298
f 3253 3254 3073
f 2992 3179 3299
f 3075 3255 2897
f 2997 2617 3255
f 3076 3077 3256
f 3259 2900 3257
f 3182 3184 3300
f 3003 3183 3301
f 3301 3260 3003
f 3005 3262 3081
f 3083 3082 3302
f 3084 3083 3303
f 3304 3262 3188
f 3305 2842 3084
f 3085 3306 3192
f 3306 3191 3192
f 3305 2904 2842
f 3088 3199 3308
f 3017 3086 3307
f 3017 3307 3309
f 3089 3017 3309
f 3089 3309 3310
f 3089 3310 3265
f 3087 3196 3264
f 3199 3264 3311
f 3020 3266 3090
f 3020 3021 3312
f 3200 3313 3021
f 3091 3314 3315
f 3202 3091 3315
f 3268 3267 3316
f 3317 3200 3093
f 2851 3201 3269
f 3092 3314 3091
f 3314 3092 3203
f 3314 3203 3318
f 3318 3203 3320
f 3095 3024 3321
f 3268 3024 3022
f 3094 3319 3204
f 3203 3027 3320
f 3026 3204 3322
f 3025 3204 3026
f 3321 3270 3095
f 3097 3100 3323
f 3324 3323 3100
f 3102 3324 3100
f 3099 3325 3029
f 3324 3102 3326
f 3029 3325 3030
f 3103 3326 3102
f 3326 3103 3327
f 3105 3272 3209
f 3273 3327 3103
f 3103 3104 3273
f 3273 3109 3275
f 2919 3106 3112
f 3035 3212 2922
f 3214 3330 3275
f 3331 3215 2922
f 3332 3274 3036
f 3330 3214 3333
f 3333 3118 3276
f 3214 3118 3333
f 3038 3334 2931
f 3216 3039 3335
f 3336 3040 3217
f 3337 3121 2931
f 3039 3218 3338
f 3338 3335 3039
f 3336 3339 3040
f 3340 3276 3120
f 3040 3339 3278
f 3219 3338 3218
f 3277 3340 3120
f 3121 3041 2795
f 3126 3341 3219
f 3277 3123 3343
f 3344 3340 3277
f 3342 3341 3126
f 3342 3126 3279
f 3279 3220 3342
f 3220 3278 3342
f 3123 3124 3343
f 3277 3343 3345
f 3345 3344 3277
f 3041 3222 2865
f 3280 3343 3124
f 3126 3221 3279
f 3343 3280 3346
f 3346 3345 3343
f 3280 3129 3347
f 3048 3347 3129
f 3280 3347 3346
f 3130 3348 3048
f 3048 3348 3347
f 3346 3347 3349
f 2818 2870 3281
f 3349 3347 3348
f 3350 3225 2818
f 3134 3284 3223
f 3223 3284 3282
f 3352 3283 3227
f 3228 3283 3226
f 3351 3224 3226
f 2824 3133 3225
f 3282 3284 3354
f 3354 3284 3139
f 3227 3135 3353
f 3353 3282 3354
f 3135 3282 3353
f 3229 3356 3230
f 3230 3356 3357
f 3230 3357 3139
f 3354 3139 3357
f 3229 3141 3285
f 3285 3356 3229
f 3285 3144 3358
f 3144 3232 3358
f 3232 3286 3358
f 3232 3147 3286
f 3234 3360 3233
f 3234 3235 3361
f 3361 3235 3362
f 3235 3236 3362
f 3364 3362 3236
f 3236 3152 3364
f 3364 3363 3362
f 3237 3238 3366
f 3367 3363 3364
f 3237 3365 3154
f 3238 3288 3368
f 3239 3364 3152
f 3367 3364 3239
f 3367 3239 3289
f 3365 3292 3158
f 3154 3365 3158
f 3368 3288 3242
f 3062 3370 3240
f 3371 3368 3242
f 3063 3168 3291
f 3291 3165 3243
f 3371 3242 3244
f 3371 3244 3373
f 3372 3371 3373
f 3244 3171 3373
f 3373 3171 3293
f 3293 3372 3373
f 3375 3172 3245
f 3293 3172 3375
f 2889 3294 3246
f 2890 3376 3295
f 3068 3294 2889
f 3068 2891 3247
f 2984 3295 3069
f 3174 3377 3175
f 3070 3249 3378
f 3377 3251 3176
f 3249 3071 3250
f 3177 3252 3380
f 3380 3252 3297
f 3253 3072 3296
f 3298 3074 3381
f 3074 3382 3381
f 2894 3382 3074
f 3382 2894 3178
f 3178 2989 3383
f 3254 3384 2990
f 3383 2989 2992
f 2990 3384 2895
f 3384 3075 2895
f 3179 3076 3385
f 3386 3385 3076
f 3076 3256 3386
f 3256 3180 3388
f 3387 3256 3388
f 3180 3258 3388
f 3390 3258 3182
f 3259 3391 3080
f 3184 3081 3393
f 3394 3185 3260
f 3393 3081 3262
f 3082 3261 3302
f 3262 3304 3395
f 3395 3393 3262
f 3396 3084 3303
f 3304 3188 3263
f 3084 3396 3305
f 3263 3397 3304
f 3191 3397 3263
f 3191 3306 3397
f 3197 3306 3085
f 3197 3398 3306
f 2904 3305 3086
f 3400 3398 3197
f 3086 3399 3307
f 3198 3401 3194
f 3197 3088 3403
f 3198 3265 3404
f 3267 3405 3316
f 3020 3312 3266
f 3317 3313 3200
f 3318 3315 3314
f 3090 3406 3267
f 3269 3201 3408
f 3407 3321 3268
f 3094 3269 3319
f 3321 3024 3268
f 3093 3096 3409
f 3096 3411 3410
f 3097 3411 3096
f 3411 3097 3323
f 3026 3322 3098
f 3027 3271 3320
f 3270 3412 3099
f 3098 3413 3205
f 3324 3326 3323
f 3326 3327 3414
f 3207 2916 3416
f 3030 3325 3210
f 2916 3208 3416
f 3327 3273 3417
f 3417 3273 3328
f 3209 3418 3106
f 3328 3273 3275
f 3210 3329 3211
f 3329 3420 3211
f 3112 3419 3212
f 2922 3212 3331
f 3215 3331 3421
f 3036 3216 3332
f 3332 3216 3422
f 3037 3111 3217
f 3111 3423 3217
f 3215 3421 3038
f 3038 3421 3334
f 3333 3276 3424
f 3216 3335 3425
f 3337 2931 3334
f 3426 3278 3339
f 3428 3278 3426
f 3121 3427 3041
f 3342 3278 3428
f 3428 3341 3342
f 3346 3430 3345
f 3431 3346 3349
f 3350 2818 3281
f 3224 3351 3130
f 3130 3351 3348
f 3283 3352 3432
f 3353 3433 3227
f 3433 3352 3227
f 3353 3354 3434
f 3434 3354 3357
f 2824 3355 3231
f 3435 3285 3358
f 3358 3286 3435
f 3231 3436 2540
f 3286 3147 3359
f 3233 3359 3147
f 3233 3360 3359
f 3234 3361 3360
f 2975 2540 3437
f 3361 3362 3363
f 2975 3438 3287
f 3237 3366 3365
f 3240 3370 3440
f 3368 3441 3369
f 3441 3368 3371
f 3240 3440 2980
f 2980 3374 3066
f 3443 3372 3293
f 3444 3443 3293
f 3066 3374 2888
f 3293 3375 3444
f 3444 3375 3445
f 3445 3375 3245
f 3174 3446 3377
f 3070 3447 3248
f 3447 3070 3378
f 3175 3377 3176
f 3380 3250 3177
f 3448 3250 3380
f 3251 3379 3296
f 3296 3449 3253
f 2988 3298 3297
f 2992 3299 3383
f 3075 3451 3255
f 3385 3386 3452
f 3078 2997 3255
f 3078 3389 3181
f 3181 3389 3257
f 3257 3389 3391
f 3257 3391 3259
f 3182 3300 3390
f 3080 3391 3183
f 3301 3453 3260
f 3393 3454 3184
f 3185 3394 3261
f 3083 3302 3303
f 3302 3455 3303
f 3397 3306 3398
f 3305 3399 3086
f 3195 3194 3401
f 3195 3401 3402
f 3196 3195 3402
f 3457 3196 3402
f 3308 3403 3088
f 3197 3403 3400
f 3307 3458 3309
f 3265 3310 3404
f 3196 3457 3264
f 3308 3199 3459
f 3199 3311 3459
f 3406 3405 3267
f 3266 3406 3090
f 3021 3461 3312
f 3313 3461 3021
f 3315 3462 3202
f 3202 3462 3201
f 3268 3460 3407
f 3460 3268 3316
f 3093 3409 3317
f 3319 3269 3463
f 3409 3096 3410
f 3319 3465 3204
f 3204 3467 3322
f 3098 3322 3413
f 3320 3271 3466
f 3323 3468 3411
f 3469 3205 3413
f 3323 3326 3468
f 3412 3325 3099
f 3206 3205 3415
f 3271 3207 3416
f 3206 3470 3105
f 3105 3470 3272
f 3209 3272 3418
f 3325 3329 3210
f 3471 3417 3328
f 3275 3472 3328
f 3471 3328 3472
f 3419 3112 3106
f 3471 3472 3473
f 3213 3211 3474
f 3211 3420 3474
f 3275 3330 3472
f 3213 3423 3111
f 3472 3330 3333
f 3473 3472 3333
f 3473 3333 3475
f 3334 3421 3476
f 3216 3425 3422
f 3422 3425 3478
f 3479 3333 3424
f 3475 3333 3479
f 3425 3335 3338
f 3276 3340 3424
f 3479 3477 3475
f 3424 3340 3479
f 3479 3340 3481
f 3482 3477 3479
f 3480 3427 3121
f 3338 3219 3341
f 3482 3479 3481
f 3426 3483 3428
f 3481 3340 3344
f 3428 3484 3341
f 3485 3484 3483
f 3428 3483 3484
f 3482 3481 3486
f 3427 3429 3041
f 3485 3483 3487
f 3486 3481 3344
f 3488 3485 3487
f 3489 3344 3345
f 3486 3344 3489
f 3041 3490 3222
f 3430 3489 3345
f 3491 3485 3492
f 3485 3488 3492
f 3492 3488 3493
f 3430 3346 3494
f 3431 3494 3346
f 3348 3496 3349
f 3496 3431 3349
f 3351 3495 3348
f 3348 3495 3496
f 3350 3499 3225
f 3432 3498 3497
f 3432 3352 3498
f 3283 3432 3500
f 3226 3283 3500
f 3351 3226 3501
f 2824 3225 3499
f 3502 3433 3353
f 3434 3503 3353
f 3357 3356 3434
f 3285 3504 3356
f 3504 3505 3356
f 3435 3504 3285
f 3506 3356 3505
f 3435 3286 3359
f 3505 3504 3507
f 3435 3359 3508
f 3504 3435 3507
f 3507 3435 3508
f 3509 3505 3507
f 2540 3436 3510
f 3508 3359 3360
f 3511 3509 3507
f 3507 3508 3360
f 3507 3360 3512
f 3512 3511 3507
f 3360 3361 3513
f 3513 3514 3360
f 3512 3360 3514
f 3515 3514 3513
f 3512 3514 3516
f 3361 3363 3513
f 3515 3513 3363
f 3514 3515 3517
f 3516 3514 3517
f 3516 3517 3518
f 3515 3363 3519
f 3517 3515 3519
f 3518 3517 3520
f 3522 3517 3519
f 3520 3517 3522
f 3365 3525 3524
f 3439 3366 3238
f 3521 3439 3369
f 3062 3287 3370
f 3519 3363 3522
f 3522 3363 3367
f 3368 3439 3238
f 3369 3439 3368
f 3521 3369 3441
f 3528 3521 3441
f 3522 3367 3289
f 3241 3522 3289
f 3290 3522 3241
f 3520 3522 3290
f 3290 3291 3520
f 3291 3526 3520
f 3527 3526 3291
f 3292 3527 3243
f 3527 3291 3243
f 3528 3441 3442
f 3442 3441 3371
f 3442 3371 3443
f 3528 3442 3529
f 3529 3442 3443
f 3371 3372 3443
f 3443 3444 3530
f 3529 3443 3530
f 3530 3444 3445
f 3374 3173 2888
f 3445 3245 3531
f 3245 3246 3531
f 3173 3376 2890
f 3532 3294 3068
f 3068 3247 3532
f 3174 3295 3533
f 3533 3446 3174
f 3249 3250 3535
f 3377 3534 3251
f 3535 3250 3448
f 3297 3298 3536
f 3537 3253 3449
f 3253 3537 3254
f 3178 3538 3382
f 3178 3383 3538
f 3539 3384 3254
f 3384 3450 3075
f 3299 3179 3385
f 3451 3075 3450
f 3078 3255 3540
f 3387 3386 3256
f 3390 3542 3258
f 3543 3183 3391
f 3301 3543 3544
f 3301 3183 3543
f 3300 3184 3392
f 3301 3544 3453
f 3184 3454 3392
f 3545 3394 3260
f 3393 3395 3454
f 3261 3546 3302
f 3396 3303 3548
f 3305 3396 3549
f 3400 3550 3398
f 3401 3198 3404
f 3264 3457 3551
f 3264 3551 3311
f 3403 3308 3459
f 3406 3554 3405
f 3266 3554 3406
f 3312 3554 3266
f 3552 3408 3201
f 3462 3552 3201
f 3553 3462 3315
f 3553 3315 3318
f 3553 3318 3556
f 3313 3317 3555
f 3318 3320 3556
f 3408 3463 3269
f 3407 3464 3321
f 3204 3465 3467
f 3320 3466 3556
f 3556 3466 3557
f 3464 3270 3321
f 3558 3322 3467
f 3558 3559 3322
f 3270 3560 3412
f 3469 3415 3205
f 3412 3562 3325
f 3206 3415 3470
f 3271 3416 3561
f 3414 3327 3563
f 3562 3329 3325
f 3417 3563 3327
f 3416 3208 3564
f 3471 3563 3417
f 3565 3106 3418
f 3565 3419 3106
f 3471 3473 3566
f 3208 3110 3332
f 3567 3212 3419
f 3212 3567 3568
f 3331 3212 3568
f 3331 3568 3421
f 3110 3274 3332
f 3475 3569 3473
f 3332 3422 3572
f 3217 3423 3571
f 3573 3569 3475
f 3574 3572 3422
f 3336 3217 3571
f 3477 3573 3475
f 3337 3480 3121
f 3425 3338 3576
f 3338 3341 3576
f 3576 3341 3577
f 3577 3341 3484
f 3578 3483 3426
f 3578 3487 3483
f 3580 3482 3486
f 3041 3429 3490
f 3581 3486 3489
f 3491 3484 3485
f 3488 3582 3493
f 3430 3583 3489
f 3490 3281 3222
f 3583 3430 3584
f 3430 3494 3584
f 3585 3492 3493
f 3494 3431 3584
f 3498 3586 3497
f 3431 3496 3589
f 3590 3586 3498
f 3496 3495 3591
f 3432 3497 3592
f 3501 3226 3500
f 3351 3593 3495
f 3502 3498 3433
f 3352 3433 3498
f 3353 3503 3502
f 3594 3503 3434
f 3434 3356 3595
f 3434 3595 3594
f 3596 3231 3355
f 3597 3595 3356
f 3356 3506 3597
f 3231 3596 3436
f 3505 3509 3506
f 3511 3598 3509
f 3437 2540 3510
f 3599 3512 3516
f 3599 3516 3600
f 3437 3438 2975
f 3518 3600 3516
f 3439 3601 3366
f 3521 3602 3439
f 3439 3602 3601
f 3603 3602 3521
f 3518 3520 3604
f 3292 3365 3523
f 3523 3365 3524
f 3366 3525 3365
f 3604 3520 3526
f 3527 3604 3526
f 3528 3603 3521
f 3603 3528 3605
f 3605 3528 3529
f 3607 3530 3445
f 3607 3445 3531
f 3376 3609 3295
f 3247 3248 3610
f 3611 3377 3446
f 3377 3611 3612
f 3535 3378 3249
f 3534 3377 3612
f 3251 3534 3379
f 3380 3297 3536
f 3299 3385 3615
f 3452 3386 3616
f 3616 3386 3387
f 3387 3388 3541
f 3078 3540 3389
f 3388 3258 3541
f 3258 3542 3541
f 3542 3390 3300
f 3260 3453 3545
f 3394 3546 3261
f 3302 3546 3547
f 3547 3455 3302
f 3548 3455 3547
f 3303 3455 3548
f 3397 3456 3304
f 3399 3305 3549
f 3397 3398 3619
f 3619 3456 3397
f 3619 3398 3550
f 3403 3621 3550
f 3400 3403 3550
f 3309 3458 3310
f 3401 3404 3620
f 3457 3401 3620
f 3402 3401 3457
f 3403 3459 3621
f 3312 3461 3555
f 3553 3623 3462
f 3405 3460 3316
f 3313 3555 3461
f 3553 3556 3623
f 3460 3622 3407
f 3317 3409 3555
f 3270 3464 3624
f 3559 3413 3322
f 3626 3468 3326
f 3466 3271 3625
f 3326 3414 3626
f 3414 3563 3627
f 3564 3561 3416
f 3562 3628 3329
f 3272 3470 3418
f 3630 3563 3471
f 3418 3629 3565
f 3420 3329 3628
f 3566 3630 3471
f 3569 3566 3473
f 3421 3570 3476
f 3423 3213 3571
f 3422 3478 3632
f 3336 3571 3339
f 3477 3633 3573
f 3337 3334 3575
f 3478 3425 3576
f 3337 3575 3480
f 3633 3477 3634
f 3477 3482 3634
f 3634 3482 3579
f 3578 3635 3487
f 3482 3580 3579
f 3635 3488 3487
f 3582 3488 3635
f 3580 3486 3581
f 3583 3581 3489
f 3582 3636 3493
f 3491 3492 3637
f 3636 3638 3585
f 3636 3585 3493
f 3492 3585 3637
f 3585 3638 3639
f 3640 3585 3639
f 3586 3587 3497
f 3586 3638 3587
f 3586 3639 3638
f 3589 3496 3588
f 3589 3584 3431
f 3497 3587 3641
f 3592 3497 3641
f 3495 3593 3591
f 3588 3496 3591
f 3432 3592 3500
f 3351 3501 3593
f 3498 3502 3643
f 3498 3643 3590
f 3499 3644 2824
f 2824 3644 3355
f 3645 3595 3597
f 3598 3646 3509
f 3598 3512 3599
f 3511 3512 3598
f 3525 3366 3647
f 3647 3366 3601
f 3524 3525 3649
f 3648 3518 3604
f 3527 3650 3604
f 3527 3292 3650
f 3292 3523 3650
f 3440 3374 2980
f 3605 3529 3606
f 3529 3530 3606
f 3606 3530 3651
f 3530 3607 3651
f 3374 3652 3173
f 3653 3531 3246
f 3653 3246 3294
f 3173 3654 3376
f 3608 3294 3532
f 3532 3610 3655
f 3247 3610 3532
f 3446 3533 3611
f 3447 3378 3656
f 3612 3657 3534
f 3380 3658 3448
f 3379 3613 3296
f 3380 3536 3658
f 3296 3613 3449
f 3613 3614 3449
f 3536 3298 3659
f 3537 3449 3614
f 3660 3659 3298
f 3381 3382 3661
f 3662 3299 3615
f 3384 3451 3450
f 3385 3452 3615
f 3615 3452 3663
f 3663 3452 3616
f 3616 3387 3664
f 3541 3664 3387
f 3667 3389 3540
f 3391 3389 3668
f 3542 3300 3617
f 3668 3543 3391
f 3617 3300 3669
f 3669 3300 3392
f 3392 3454 3671
f 3394 3545 3670
f 3546 3394 3670
f 3304 3618 3395
f 3396 3548 3672
f 3549 3396 3672
f 3549 3672 3673
f 3673 3399 3549
f 3307 3399 3458
f 3404 3310 3675
f 3620 3404 3675
f 3311 3551 3459
f 3459 3676 3621
f 3622 3460 3678
f 3405 3678 3460
f 3554 3677 3405
f 3554 3679 3677
f 3312 3679 3554
f 3623 3682 3462
f 3552 3681 3408
f 3622 3464 3407
f 3409 3410 3683
f 3463 3465 3319
f 3556 3557 3684
f 3270 3624 3560
f 3466 3625 3557
f 3413 3685 3469
f 3625 3271 3561
f 3627 3626 3414
f 3686 3626 3627
f 3469 3687 3415
f 3627 3688 3686
f 3562 3690 3628
f 3627 3563 3630
f 3688 3627 3691
f 3691 3627 3630
f 3418 3470 3629
f 3692 3565 3629
f 3628 3693 3420
f 3569 3630 3566
f 3419 3565 3567
f 3693 3631 3420
f 3630 3569 3695
f 3691 3630 3695
f 3695 3694 3691
f 3420 3631 3474
f 3568 3570 3421
f 3571 3213 3474
f 3695 3569 3698
f 3697 3695 3698
f 3474 3699 3571
f 3569 3573 3698
f 3698 3700 3697
f 3476 3570 3701
f 3476 3701 3334
f 3573 3702 3698
f 3632 3574 3422
f 3571 3703 3339
f 3573 3633 3702
f 3701 3575 3334
f 3633 3634 3704
f 3704 3702 3633
f 3703 3705 3339
f 3339 3705 3426
f 3426 3705 3578
f 3704 3634 3706
f 3707 3427 3480
f 3708 3634 3579
f 3708 3579 3580
f 3708 3580 3710
f 3484 3491 3709
f 3580 3581 3711
f 3710 3580 3711
f 3581 3583 3712
f 3711 3581 3712
f 3636 3713 3638
f 3584 3714 3583
f 3637 3585 3640
f 3715 3640 3639
f 3638 3713 3587
f 3587 3713 3641
f 3586 3715 3639
f 3715 3586 3590
f 3643 3715 3590
f 3589 3588 3714
f 3499 3350 3642
f 3592 3716 3500
f 3718 3593 3501
f 3593 3719 3591
f 3588 3591 3719
f 3502 3720 3643
f 3501 3500 3717
f 3721 3593 3718
f 3719 3593 3721
f 3722 3720 3502
f 3503 3594 3723
f 3503 3723 3502
f 3355 3724 3596
f 3506 3645 3597
f 3506 3509 3646
f 3646 3645 3506
f 3725 3726 3727
f 3730 3599 3600
f 3725 3727 3732
f 3728 3725 3732
f 3733 3728 3732
f 3729 3728 3733
f 3734 3729 3733
f 3729 3734 3735
f 3730 3600 3736
f 3647 3737 3731
f 3731 3737 3727
f 3727 3737 3738
f 3732 3727 3738
f 3734 3733 3739
f 3732 3738 3740
f 3733 3732 3740
f 3741 3733 3740
f 3739 3733 3741
f 3742 3734 3739
f 3736 3600 3743
f 3600 3518 3743
f 3647 3649 3525
f 3647 3601 3737
f 3737 3601 3602
f 3738 3737 3602
f 3602 3603 3738
f 3603 3740 3738
f 3518 3648 3743
f 3524 3744 3523
f 3524 3649 3744
f 3745 3740 3603
f 3739 3741 3746
f 3747 3742 3739
f 3287 3438 3370
f 3650 3648 3604
f 3747 3739 3746
f 3605 3745 3603
f 3747 3746 3748
f 3749 3740 3745
f 3741 3740 3749
f 3746 3741 3749
f 3605 3751 3745
f 3746 3749 3750
f 3746 3750 3748
f 3749 3745 3751
f 3748 3750 3752
f 3750 3749 3752
f 3605 3606 3751
f 3749 3751 3606
f 3752 3749 3606
f 3752 3606 3753
f 3754 3752 3753
f 3606 3651 3753
f 3651 3607 3755
f 3607 3531 3755
f 3531 3756 3755
f 3173 3652 3654
f 3531 3653 3756
f 3654 3609 3376
f 3653 3294 3608
f 3295 3609 3757
f 3757 3533 3295
f 3248 3447 3610
f 3656 3378 3535
f 3534 3657 3379
f 3535 3448 3760
f 3761 3379 3657
f 3381 3660 3298
f 3660 3381 3661
f 3537 3762 3254
f 3382 3538 3661
f 3254 3762 3539
f 3762 3763 3539
f 3383 3299 3538
f 3538 3299 3662
f 3539 3764 3384
f 3764 3765 3384
f 3615 3663 3766
f 3766 3663 3767
f 3767 3663 3616
f 3540 3255 3665
f 3767 3616 3768
f 3768 3616 3769
f 3616 3664 3769
f 3666 3664 3541
f 3666 3771 3664
f 3770 3769 3771
f 3771 3769 3664
f 3668 3389 3667
f 3541 3542 3666
f 3772 3770 3771
f 3542 3617 3666
f 3617 3773 3666
f 3771 3666 3773
f 3773 3772 3771
f 3774 3544 3543
f 3775 3617 3669
f 3773 3617 3775
f 3772 3773 3775
f 3776 3775 3669
f 3453 3544 3777
f 3545 3453 3670
f 3671 3669 3392
f 3776 3669 3671
f 3453 3777 3670
f 3395 3778 3454
f 3546 3670 3547
f 3547 3779 3548
f 3618 3304 3456
f 3548 3779 3672
f 3673 3674 3399
f 3399 3674 3458
f 3780 3550 3621
f 3457 3620 3551
f 3620 3675 3551
f 3459 3551 3676
f 3677 3678 3405
f 3312 3680 3679
f 3462 3783 3552
f 3783 3462 3682
f 3623 3781 3682
f 3781 3623 3784
f 3463 3408 3681
f 3623 3556 3784
f 3784 3556 3787
f 3785 3464 3622
f 3555 3409 3786
f 3409 3683 3786
f 3464 3785 3624
f 3556 3684 3787
f 3788 3683 3410
f 3789 3465 3463
f 3467 3465 3558
f 3410 3411 3468
f 3684 3557 3625
f 3560 3790 3412
f 3790 3792 3412
f 3468 3626 3791
f 3626 3793 3791
f 3412 3792 3562
f 3686 3793 3626
f 3470 3687 3689
f 3687 3470 3415
f 3793 3686 3688
f 3562 3794 3690
f 3689 3795 3470
f 3470 3795 3629
f 3694 3688 3691
f 3564 3208 3796
f 3628 3690 3693
f 3797 3694 3695
f 3332 3572 3798
f 3799 3798 3572
f 3799 3572 3574
f 3700 3698 3702
f 3571 3800 3703
f 3478 3802 3801
f 3802 3478 3576
f 3803 3702 3704
f 3804 3576 3577
f 3704 3706 3803
f 3578 3805 3635
f 3634 3708 3706
f 3484 3709 3577
f 3709 3491 3637
f 3490 3806 3281
f 3712 3583 3714
f 3807 3640 3715
f 3584 3589 3714
f 3641 3808 3592
f 3714 3588 3809
f 3720 3715 3643
f 3716 3717 3500
f 3810 3717 3716
f 3809 3588 3719
f 3811 3718 3717
f 3718 3501 3717
f 3721 3718 3811
f 3499 3642 3644
f 3723 3722 3502
f 3595 3812 3594
f 3812 3723 3594
f 3644 3813 3355
f 3813 3724 3355
f 3814 3595 3645
f 3436 3596 3724
f 3645 3646 3815
f 3816 3646 3598
f 3816 3598 3599
f 3816 3599 3730
f 3725 3817 3726
f 3728 3817 3725
f 3817 3728 3819
f 3729 3819 3728
f 3727 3726 3731
f 3731 3726 3821
f 3731 3821 3647
f 3734 3742 3822
f 3648 3823 3743
f 3648 3650 3824
f 3824 3650 3744
f 3747 3825 3742
f 3437 3370 3438
f 3744 3650 3523
f 3747 3826 3825
f 3826 3747 3748
f 3826 3748 3754
f 3748 3752 3754
f 3753 3651 3828
f 3828 3754 3753
f 3374 3827 3652
f 3655 3608 3532
f 3610 3447 3656
f 3611 3759 3612
f 3656 3535 3760
f 3759 3657 3612
f 3829 3448 3658
f 3379 3830 3613
f 3659 3658 3536
f 3662 3831 3538
f 3615 3832 3662
f 3615 3766 3832
f 3832 3766 3833
f 3765 3451 3384
f 3834 3451 3765
f 3766 3767 3833
f 3255 3451 3665
f 3540 3665 3667
f 3769 3770 3835
f 3667 3836 3668
f 3772 3838 3770
f 3668 3774 3543
f 3839 3772 3775
f 3775 3840 3839
f 3840 3775 3776
f 3454 3778 3671
f 3777 3841 3670
f 3395 3618 3778
f 3547 3670 3843
f 3547 3843 3844
f 3547 3844 3779
f 3842 3618 3456
f 3672 3845 3673
f 3847 3848 3619
f 3848 3456 3619
f 3619 3780 3847
f 3550 3780 3619
f 3849 3458 3674
f 3310 3458 3851
f 3850 3621 3852
f 3852 3621 3676
f 3780 3621 3850
f 3682 3781 3783
f 3622 3853 3785
f 3853 3622 3678
f 3312 3854 3680
f 3555 3782 3312
f 3552 3783 3681
f 3784 3787 3855
f 3855 3787 3856
f 3683 3858 3786
f 3788 3858 3683
f 3684 3856 3787
f 3624 3785 3857
f 3463 3859 3789
f 3790 3624 3857
f 3560 3624 3790
f 3468 3860 3410
f 3860 3468 3791
f 3559 3685 3413
f 3684 3625 3861
f 3562 3792 3794
f 3793 3688 3862
f 3688 3863 3862
f 3688 3694 3863
f 3864 3863 3694
f 3864 3694 3865
f 3565 3696 3567
f 3865 3694 3797
f 3208 3332 3796
f 3796 3332 3798
f 3866 3865 3797
f 3631 3699 3474
f 3695 3697 3867
f 3797 3695 3867
f 3867 3866 3797
f 3568 3868 3570
f 3697 3700 3867
f 3571 3699 3800
f 3700 3702 3803
f 3478 3869 3632
f 3478 3801 3869
f 3700 3803 3870
f 3871 3867 3700
f 3870 3871 3700
f 3804 3802 3576
f 3705 3805 3578
f 3870 3803 3872
f 3707 3480 3575
f 3804 3577 3873
f 3706 3708 3874
f 3803 3706 3874
f 3871 3870 3872
f 3872 3803 3874
f 3872 3875 3871
f 3707 3429 3427
f 3872 3874 3876
f 3875 3872 3877
f 3635 3878 3582
f 3708 3710 3874
f 3876 3877 3872
f 3876 3874 3879
f 3877 3876 3880
f 3711 3881 3710
f 3881 3874 3710
f 3880 3876 3879
f 3874 3881 3882
f 3883 3884 3879
f 3883 3879 3874
f 3712 3881 3711
f 3874 3882 3883
f 3807 3637 3640
f 3885 3641 3713
f 3712 3714 3886
f 3888 3883 3887
f 3887 3883 3882
f 3881 3712 3886
f 3882 3881 3887
f 3716 3592 3808
f 3809 3886 3714
f 3881 3886 3889
f 3890 3881 3889
f 3887 3881 3890
f 3715 3720 3891
f 3716 3808 3810
f 3719 3892 3809
f 3886 3809 3892
f 3888 3887 3893
f 3721 3892 3719
f 3721 3894 3892
f 3886 3892 3895
f 3889 3886 3895
f 3896 3893 3887
f 3896 3887 3890
f 3811 3897 3721
f 3894 3721 3897
f 3892 3894 3898
f 3895 3892 3898
f 3898 3894 3900
f 3901 3889 3895
f 3902 3890 3901
f 3901 3890 3889
f 3896 3890 3902
f 3894 3897 3903
f 3900 3894 3903
f 3895 3898 3904
f 3905 3895 3904
f 3901 3895 3905
f 3897 3899 3903
f 3898 3900 3906
f 3906 3904 3898
f 3906 3900 3903
f 3906 3903 3907
f 3817 3909 3818
f 3817 3819 3909
f 3437 3510 3908
f 3817 3818 3726
f 3729 3910 3819
f 3735 3911 3729
f 3730 3736 3820
f 3913 3647 3821
f 3735 3734 3914
f 3743 3823 3915
f 3736 3743 3915
f 3649 3917 3918
f 3917 3647 3913
f 3914 3734 3822
f 3916 3823 3648
f 3824 3916 3648
f 3919 3916 3824
f 3824 3744 3919
f 3919 3744 3920
f 3647 3917 3649
f 3918 3920 3744
f 3649 3918 3744
f 3742 3825 3822
f 3370 3437 3912
f 3826 3921 3825
f 3921 3826 3922
f 3922 3826 3754
f 3923 3921 3922
f 3922 3754 3924
f 3923 3922 3924
f 3924 3754 3828
f 3651 3925 3828
f 3924 3828 3926
f 3926 3828 3925
f 3923 3924 3926
f 3925 3651 3755
f 3652 3927 3654
f 3533 3757 3928
f 3533 3928 3758
f 3533 3758 3611
f 3758 3759 3611
f 3759 3930 3657
f 3379 3761 3830
f 3613 3830 3614
f 3660 3661 3933
f 3762 3537 3932
f 3831 3661 3538
f 3763 3764 3539
f 3831 3662 3832
f 3934 3833 3767
f 3934 3767 3935
f 3936 3665 3451
f 3935 3768 3937
f 3767 3768 3935
f 3937 3769 3835
f 3768 3769 3937
f 3936 3667 3665
f 3835 3770 3837
f 3770 3838 3837
f 3938 3668 3836
f 3838 3772 3839
f 3838 3839 3837
f 3776 3671 3939
f 3939 3840 3776
f 3777 3544 3940
f 3777 3940 3841
f 3670 3841 3843
f 3844 3941 3779
f 3779 3942 3672
f 3942 3845 3672
f 3456 3848 3846
f 3673 3845 3674
f 3780 3850 3943
f 3458 3849 3851
f 3551 3944 3852
f 3676 3551 3852
f 3679 3946 3677
f 3781 3948 3783
f 3948 3781 3784
f 3312 3782 3854
f 3681 3783 3947
f 3855 3950 3784
f 3782 3555 3786
f 3949 3463 3681
f 3859 3463 3949
f 3855 3856 3951
f 3857 3785 3952
f 3465 3789 3953
f 3860 3788 3410
f 3790 3954 3792
f 3791 3955 3860
f 3955 3791 3793
f 3469 3685 3687
f 3792 3956 3794
f 3863 3958 3862
f 3564 3796 3959
f 3795 3692 3629
f 3863 3864 3958
f 3690 3957 3693
f 3868 3568 3567
f 3961 3960 3866
f 3867 3961 3866
f 3962 3798 3799
f 3963 3701 3570
f 3964 3701 3963
f 3965 3961 3867
f 3867 3871 3965
f 3800 3966 3703
f 3966 3967 3703
f 3705 3703 3967
f 3965 3871 3875
f 3577 3709 3873
f 3490 3429 3806
f 3709 3637 3968
f 3582 3878 3636
f 3969 3713 3636
f 3884 3880 3879
f 3969 3970 3713
f 3888 3884 3883
f 3806 3350 3281
f 3971 3350 3806
f 3972 3715 3891
f 3891 3720 3973
f 3717 3810 3974
f 3973 3720 3722
f 3811 3717 3976
f 3811 3976 3897
f 3899 3897 3976
f 3901 3905 3979
f 3905 3904 3980
f 3905 3980 3981
f 3978 3905 3981
f 3595 3814 3812
f 3903 3899 3982
f 3645 3984 3814
f 3907 3903 3982
f 3984 3645 3815
f 3908 3436 3724
f 3815 3646 3816
f 3908 3510 3436
f 3818 3909 3986
f 3909 3819 3910
f 3816 3730 3820
f 3821 3726 3986
f 3818 3986 3726
f 3908 3987 3437
f 3820 3736 3988
f 3910 3729 3911
f 3989 3911 3735
f 3735 3914 3989
f 3736 3915 3988
f 3916 3915 3823
f 3914 3822 3990
f 3991 3822 3992
f 3822 3825 3992
f 3825 3921 3993
f 3440 3827 3374
f 3921 3923 3994
f 3993 3921 3994
f 3996 3925 3755
f 3925 3996 3997
f 3926 3925 3997
f 3996 3755 3998
f 3998 3755 3756
f 3999 3653 3608
f 3655 3610 3929
f 3761 3657 3930
f 3760 3448 3829
f 3659 3660 3933
f 3614 3931 3932
f 3932 3537 3614
f 3831 3832 4002
f 3832 3833 4002
f 3765 4003 3834
f 3833 3934 4002
f 3834 3936 3451
f 3938 3774 3668
f 3837 3839 4005
f 4006 3839 3840
f 4007 3544 3774
f 3940 3544 4007
f 3939 3671 3778
f 3778 3618 4008
f 3618 3842 4008
f 3456 3846 3842
f 3845 3942 4009
f 3845 4010 3674
f 3674 4010 3849
f 3310 3851 3675
f 3675 4011 3551
f 3677 4012 3678
f 3677 3945 4012
f 3677 3946 3945
f 3680 3946 3679
f 3680 3854 3946
f 3783 3948 3947
f 3948 3784 3950
f 4013 3785 3853
f 4015 3856 3684
f 3788 3860 4014
f 3953 3558 3465
f 3684 3861 4015
f 3860 3955 4017
f 3559 4018 3685
f 3625 3561 3861
f 3793 4019 3955
f 4020 3687 3685
f 3793 3862 4019
f 4021 3689 3687
f 3687 4020 4021
f 3561 3564 4023
f 3689 4021 3795
f 4023 3564 3959
f 3862 3958 4022
f 4025 3958 3864
f 3692 4026 3565
f 3864 3865 4025
f 3565 4026 3696
f 4027 3796 3798
f 4025 3865 3960
f 3567 3696 3868
f 3865 3866 3960
f 3693 4028 3631
f 4029 3798 3962
f 3799 3574 3962
f 3699 3966 3800
f 3961 3965 4031
f 3801 3802 4033
f 4035 3705 3967
f 3705 4035 3805
f 3805 4037 3635
f 3877 4036 3875
f 3806 3429 4038
f 3968 3873 3709
f 4039 3877 3880
f 3636 3878 3969
f 3884 4040 3880
f 3970 3885 3713
f 3884 3888 4040
f 3972 3807 3715
f 3885 4041 3641
f 4041 3808 3641
f 4042 3808 4041
f 3642 3350 3971
f 3888 3893 4043
f 3975 3642 3971
f 3808 4042 3810
f 3810 4042 4044
f 3722 4045 3973
f 3976 3717 3974
f 4045 3722 3723
f 3896 4046 4047
f 3902 4046 3896
f 4047 3893 3896
f 3899 3976 3977
f 3905 3978 3979
f 3902 3901 3979
f 3902 3979 4046
f 3982 3899 3977
f 3980 3904 3906
f 3983 3980 3906
f 3813 4048 3724
f 3906 3907 3983
f 3983 3907 4049
f 3985 3984 3815
f 4050 3908 3724
f 3815 3816 3985
f 3909 4052 3986
f 3909 4053 4052
f 3909 4054 4053
f 3910 4054 3909
f 4055 4054 3910
f 4051 3816 3820
f 3986 4056 3821
f 3911 4055 3910
f 3821 4056 3913
f 3987 3912 3437
f 4057 3989 3914
f 3916 4058 3915
f 3919 4058 3916
f 4057 3914 3990
f 3990 3822 3991
f 3825 3993 3992
f 3923 3995 3994
f 3926 4059 3923
f 4059 3995 3923
f 3926 3997 4060
f 4060 4059 3926
f 3999 3608 3655
f 3655 3929 4000
f 3758 3928 4061
f 3610 3656 3929
f 3759 3758 3930
f 3758 4062 3930
f 3760 4063 3656
f 4063 3760 4065
f 3930 4064 3761
f 3829 3658 4066
f 3658 3933 4067
f 3659 3933 3658
f 3830 3931 3614
f 3933 3661 4001
f 3932 4068 3762
f 3661 3831 4001
f 3762 4068 3763
f 3831 4002 4001
f 3764 3763 3765
f 4002 3934 4004
f 3934 3935 4004
f 4004 3935 3937
f 3936 4070 3667
f 3835 3837 4073
f 3667 4071 3836
f 4006 4005 3839
f 3840 3939 4006
f 3778 4008 3939
f 4075 3842 3846
f 3941 4076 3779
f 3942 3779 4076
f 3942 4076 4009
f 4010 3845 4009
f 4077 3943 3850
f 3943 3847 3780
f 4078 4079 3944
f 3850 3852 4077
f 3849 4010 4080
f 3849 4080 3851
f 3675 3851 4011
f 3551 4011 4081
f 3551 4081 3944
f 3852 3944 4079
f 3853 4083 4013
f 3678 4012 3853
f 3854 3782 4082
f 3948 4084 3947
f 4085 3950 3855
f 3785 4013 3952
f 3786 4086 3782
f 3681 4087 3949
f 4087 3681 3947
f 4088 3789 3859
f 3558 3953 3559
f 3954 3956 3792
f 4089 4020 3685
f 3794 3956 3690
f 4023 3861 3561
f 3690 3956 3957
f 4090 4022 3958
f 3795 4092 3692
f 3959 3796 4024
f 4091 4090 3958
f 4025 4091 3958
f 4024 3796 4027
f 4094 4091 4025
f 3960 4094 4025
f 4027 3798 4029
f 4028 4095 3631
f 3631 4095 3699
f 4095 4030 3699
f 4097 3960 3961
f 3868 3963 3570
f 4098 3961 4031
f 3962 3574 4099
f 3574 3632 4099
f 4030 3966 3699
f 3701 3964 4032
f 3632 3869 4099
f 3801 4033 3869
f 3701 4032 4034
f 3575 3701 4034
f 4031 3965 4102
f 4101 3802 4103
f 3965 3875 4102
f 3707 3575 4034
f 3802 3804 4103
f 4103 3804 3873
f 4035 4037 3805
f 3875 4036 4102
f 4037 3878 3635
f 3429 3707 4038
f 4036 3877 4039
f 3880 4040 4104
f 3880 4104 4039
f 3807 3968 3637
f 3807 3972 4105
f 3972 3891 4106
f 4043 4107 4040
f 4043 4040 3888
f 3973 4108 4106
f 3891 3973 4106
f 3810 4044 3974
f 3973 4045 4108
f 3642 4110 3644
f 3976 3974 4109
f 4045 3723 3812
f 3981 3979 3978
f 4113 4114 4046
f 4113 4046 3979
f 3644 4048 3813
f 4112 3812 3814
f 3984 4112 3814
f 3983 4116 3980
f 3981 3980 4116
f 4117 3979 3981
f 3982 3977 4115
f 3981 4116 4117
f 3979 4117 4118
f 4118 4113 3979
f 3907 3982 4120
f 4049 3907 4120
f 4049 4116 3983
f 4118 4117 4121
f 4116 4049 4120
f 4120 4122 4123
f 4120 4123 4116
f 4117 4116 4123
f 4121 4117 4123
f 3724 4119 4050
f 4051 3985 3816
f 4124 3908 4050
f 3820 3988 4125
f 3913 4056 4126
f 3911 4127 4055
f 3989 4127 3911
f 3989 4057 4127
f 3988 3915 4125
f 4058 4125 3915
f 3919 4129 4128
f 3917 4130 3918
f 4131 3990 3991
f 4131 3991 4132
f 4132 3991 3992
f 3993 4134 3992
f 4132 3992 4134
f 4133 3370 3912
f 3994 4134 3993
f 4135 4134 3994
f 4135 3994 3995
f 3827 4136 4137
f 3652 3827 4137
f 4135 3995 4138
f 3652 4137 3927
f 4059 4060 4139
f 3996 3998 4140
f 4140 3997 3996
f 3927 4137 3654
f 4141 3998 3756
f 4140 3998 4141
f 3653 3999 3756
f 3654 4142 3609
f 3757 3609 4142
f 3999 3655 4143
f 4144 3928 3757
f 4000 3929 4145
f 3929 3656 4145
f 3930 4062 4064
f 4066 3658 4067
f 4067 3933 4146
f 4067 4146 4147
f 3933 4001 4146
f 4148 4146 4001
f 4002 4148 4001
f 4149 4148 4002
f 3763 4069 3765
f 3765 4150 4003
f 4004 3937 4153
f 4072 4153 3937
f 3937 3835 4072
f 3667 4070 4071
f 3835 4073 4072
f 4073 3837 4074
f 3837 4005 4074
f 4156 3940 4007
f 3843 3841 4157
f 3843 4159 3844
f 3844 4159 4160
f 4160 3941 3844
f 3941 4160 4076
f 3847 4161 3848
f 4009 4162 4163
f 4163 4010 4009
f 3943 4077 4161
f 4161 3847 3943
f 3852 4079 4164
f 3950 4165 3948
f 3948 4165 4084
f 4166 4086 3786
f 3858 4166 3786
f 4168 3858 3788
f 3949 4088 3859
f 3857 4169 3790
f 3790 4169 3954
f 3559 3953 4016
f 4171 3856 4015
f 3860 4017 4172
f 4016 4018 3559
f 3955 4019 4017
f 4019 3862 4174
f 4174 3862 4175
f 3861 4023 4173
f 4022 4090 4175
f 4022 4175 3862
f 3956 4176 3957
f 4177 3795 4021
f 3957 4093 3693
f 4093 4028 3693
f 4096 4094 3960
f 3868 3696 4178
f 3868 4178 3963
f 4096 3960 4097
f 4097 3961 4098
f 4098 4031 4100
f 4102 4036 4179
f 4180 4103 3873
f 3873 3968 4180
f 3878 4037 4181
f 3878 4181 3969
f 3885 3970 4183
f 4183 4041 3885
f 3972 4106 4184
f 4106 4108 4184
f 4107 4043 4186
f 3642 3975 4110
f 4043 3893 4047
f 4187 4045 3812
f 3976 4109 4111
f 3977 3976 4111
f 4046 4114 4047
f 4118 4114 4113
f 4048 4119 3724
f 3982 4115 4120
f 4114 4118 4188
f 4054 4189 4053
f 4051 3820 4125
f 4190 4051 4125
f 3908 4124 3987
f 4058 4128 4192
f 3913 4126 4193
f 4058 3919 4128
f 3920 4129 3919
f 3918 4130 3920
f 4193 3917 3913
f 4130 3917 4193
f 4057 3990 4131
f 4194 4057 4131
f 3912 4195 4133
f 3370 4133 3440
f 4196 4134 4135
f 3995 4139 4138
f 4139 3995 4059
f 3654 4137 4197
f 4140 4198 3997
f 4139 4060 4199
f 4197 4142 3654
f 3756 3999 4200
f 3756 4200 4141
f 4000 4143 3655
f 3758 4061 4062
f 4065 4201 4063
f 3760 3829 4065
f 3761 4202 3830
f 4203 4066 4067
f 4202 3931 3830
f 4203 4067 4147
f 4147 4146 4204
f 4068 4205 3763
f 4150 3765 4069
f 3834 4003 4150
f 4002 4151 4149
f 4004 4151 4002
f 4152 3936 3834
f 4004 4153 4151
f 4154 3774 3938
f 3939 4155 4006
f 4156 4007 3774
f 4008 4207 3939
f 4207 4155 3939
f 3940 4156 4208
f 3841 4208 4157
f 3841 3940 4208
f 4008 3842 4158
f 3843 4157 4159
f 4158 3842 4075
f 3846 3848 4075
f 4009 4076 4162
f 3944 4081 4078
f 4164 4077 3852
f 4010 4163 4209
f 4010 4209 4080
f 4210 3945 4211
f 4211 3946 4212
f 3853 4012 4213
f 3945 4210 4012
f 3946 4211 3945
f 4212 3946 3854
f 4082 4212 3854
f 4013 4083 4167
f 4213 4083 3853
f 3782 4214 4082
f 3782 4086 4214
f 3950 4085 4165
f 3952 4013 4167
f 3855 4216 4085
f 3952 4167 4169
f 4168 4166 3858
f 4215 4088 3949
f 4087 4215 3949
f 3855 3951 4217
f 4216 3855 4217
f 3952 4169 3857
f 3788 4218 4168
f 4014 4218 3788
f 3789 4088 4219
f 4170 3954 4169
f 3789 4219 3953
f 3951 3856 4171
f 4170 3956 3954
f 4220 4171 4015
f 4017 4019 4222
f 4222 4019 4223
f 3685 4018 4089
f 4015 3861 4173
f 4015 4173 4224
f 4174 4223 4019
f 4174 4175 4223
f 4090 4225 4175
f 4093 3957 4176
f 4091 4225 4090
f 4226 4225 4091
f 4226 4091 4228
f 4091 4094 4228
f 3692 4092 4026
f 4226 4228 4229
f 4228 4094 4096
f 4229 4228 4230
f 4230 4228 4096
f 4231 4229 4230
f 4093 4233 4028
f 4234 4231 4230
f 4232 4178 3696
f 4028 4233 4095
f 4235 4096 4097
f 4230 4096 4235
f 4235 4234 4230
f 4235 4097 4098
f 4098 4234 4235
f 4236 4030 4095
f 4100 4234 4098
f 3963 4178 3964
f 4236 3966 4030
f 4100 4031 4238
f 4099 3869 4237
f 4239 3966 4236
f 3869 4033 4237
f 4033 3802 4101
f 4238 4031 4102
f 3967 3966 4239
f 3967 4239 4035
f 4241 4035 4239
f 4238 4102 4242
f 4103 4240 4101
f 4037 4035 4241
f 3707 4034 4243
f 4244 4037 4241
f 4037 4244 4181
f 3968 4182 4180
f 4181 3970 3969
f 4039 4104 4245
f 3807 4182 3968
f 4182 3807 4105
f 4246 4182 4105
f 4104 4040 4245
f 4245 4040 4107
f 4184 4105 3972
f 4248 4245 4107
f 3971 4247 3975
f 4042 4041 4249
f 4108 4187 4184
f 4042 4249 4044
f 4248 4107 4250
f 3974 4044 4185
f 4045 4187 4108
f 4109 3974 4251
f 4043 4047 4252
f 3812 4112 4253
f 4253 4187 3812
f 4047 4114 4252
f 4111 4115 3977
f 3984 3985 4254
f 3984 4254 4112
f 4118 4121 4258
f 4118 4258 4188
f 4254 3985 4256
f 4120 4257 4122
f 4122 4259 4123
f 4123 4258 4121
f 4050 4260 4124
f 4260 4050 4119
f 4256 3985 4051
f 4122 4257 4261
f 4258 4123 4259
f 4052 4263 3986
f 3986 4263 4262
f 4052 4053 4263
f 4264 4189 4054
f 3986 4191 4056
f 4055 4264 4054
f 4127 4264 4055
f 4125 4192 4265
f 4190 4125 4265
f 4192 4128 4266
f 4191 4126 4056
f 4191 4267 4126
f 4058 4192 4125
f 4129 4266 4128
f 4268 4266 4129
f 4129 3920 4268
f 4268 3920 4130
f 4126 4267 4193
f 4057 4269 4127
f 3987 4195 3912
f 4131 4270 4194
f 4270 4131 4132
f 4270 4132 4271
f 4132 4134 4271
f 4271 4134 4196
f 4196 4135 4138
f 4272 4196 4138
f 4273 4272 4138
f 4138 4139 4273
f 4198 4199 3997
f 3997 4199 4060
f 4141 4274 4140
f 4198 4140 4274
f 3999 4276 4200
f 4276 3999 4143
f 4142 4275 3757
f 3757 4275 4144
f 3928 4144 4278
f 4061 3928 4279
f 4062 4280 4064
f 4064 4281 3761
f 3829 4066 4065
f 3761 4281 4202
f 4065 4066 4203
f 4203 4147 4283
f 4282 4203 4284
f 4284 4203 4283
f 4284 4283 4285
f 4147 4204 4283
f 4283 4204 4286
f 4285 4283 4286
f 4287 4285 4286
f 4287 4284 4285
f 4286 4204 4289
f 4289 4204 4288
f 4146 4148 4204
f 4290 4287 4289
f 4289 4287 4286
f 4204 4148 4288
f 4289 4288 4291
f 4291 4290 4289
f 3763 4205 4069
f 4291 4288 4292
f 4148 4149 4288
f 4292 4288 4149
f 4293 4291 4292
f 4292 4149 4294
f 4293 4292 4294
f 4294 4149 4151
f 4295 4293 4294
f 4295 4294 4151
f 4153 4295 4151
f 4153 4072 4296
f 4297 4296 4072
f 3836 4071 3938
f 4071 4154 3938
f 4206 3774 4154
f 4155 4298 4006
f 4206 4156 3774
f 4158 4207 4008
f 4159 4157 4208
f 4299 4160 4159
f 4299 4300 4160
f 3848 4161 4301
f 4076 4160 4300
f 4162 4076 4300
f 4081 4302 4078
f 4163 4303 4209
f 4211 4212 4304
f 4306 4087 3947
f 4084 4306 3947
f 4085 4307 4165
f 4085 4216 4307
f 3951 4171 4217
f 4308 4014 3860
f 3860 4172 4308
f 4170 4221 3956
f 4172 4017 4309
f 4016 4310 4018
f 4018 4311 4089
f 3956 4221 4176
f 4021 4312 4313
f 4020 4312 4021
f 4021 4313 4177
f 3795 4177 4092
f 4023 3959 4173
f 4173 3959 4227
f 4225 4226 4314
f 4315 4226 4229
f 3959 4024 4227
f 4232 3696 4026
f 4027 4029 4316
f 4233 4236 4095
f 3962 4317 4029
f 4318 4317 3962
f 3962 4099 4318
f 4099 4237 4318
f 4100 4238 4319
f 4321 4034 4032
f 4239 4320 4241
f 4242 4102 4179
f 4240 4103 4180
f 4325 4179 4036
f 4180 4182 4324
f 4036 4039 4325
f 4181 4326 3970
f 4325 4039 4245
f 4327 4325 4245
f 4248 4327 4245
f 4187 4329 4184
f 4250 4107 4186
f 4185 4251 3974
f 4252 4186 4043
f 4110 4330 3644
f 3644 4330 4048
f 4253 4112 4254
f 4109 4251 4111
f 4252 4114 4255
f 4111 4332 4115
f 4331 4254 4256
f 4114 4188 4255
f 4120 4115 4334
f 4257 4120 4334
f 4255 4188 4335
f 4256 4051 4336
f 4122 4261 4337
f 4259 4122 4337
f 4188 4258 4335
f 4124 4260 4338
f 4258 4259 4339
f 4053 4189 4263
f 4192 4266 4340
f 4127 4341 4264
f 4127 4269 4341
f 4342 4270 4343
f 4270 4271 4343
f 4344 4196 4272
f 4199 4346 4139
f 4347 4346 4199
f 4141 4200 4274
f 4274 4348 4198
f 4199 4198 4349
f 4000 4277 4143
f 4000 4145 4277
f 3928 4278 4279
f 4145 3656 4351
f 3656 4063 4351
f 4352 4351 4063
f 4061 4280 4062
f 4063 4201 4352
f 4353 4203 4282
f 4353 4282 4354
f 4202 4355 3931
f 4282 4284 4354
f 4284 4287 4356
f 3931 4357 3932
f 3932 4357 4068
f 4356 4287 4290
f 4358 4356 4290
f 4357 4205 4068
f 4290 4291 4358
f 4295 4153 4359
f 4296 4359 4153
f 4072 4073 4297
f 4073 4074 4361
f 4362 4074 4005
f 4005 4006 4362
f 4363 4207 4158
f 4364 4158 4075
f 4159 4208 4299
f 4301 4075 3848
f 4077 4365 4366
f 4161 4077 4366
f 4162 4300 4367
f 4162 4367 4163
f 4303 4163 4367
f 4012 4210 4368
f 4082 4305 4212
f 4213 4369 4083
f 4213 4012 4368
f 4214 4305 4082
f 4370 4165 4371
f 4167 4083 4369
f 4370 4084 4165
f 4165 4307 4371
f 4167 4372 4169
f 4169 4372 4373
f 4373 4170 4169
f 4088 4215 4219
f 4217 4374 4216
f 4014 4308 4218
f 4375 4374 4217
f 3953 4376 4016
f 4217 4220 4375
f 4217 4171 4220
f 4222 4377 4017
f 4017 4377 4309
f 4378 4018 4310
f 4015 4224 4220
f 4380 4223 4175
f 4381 4175 4225
f 4382 4177 4313
f 4386 4093 4176
f 4381 4225 4314
f 4173 4227 4385
f 4386 4387 4093
f 4314 4226 4315
f 4388 4385 4227
f 4093 4387 4233
f 4389 4315 4229
f 4231 4389 4229
f 4024 4027 4316
f 4231 4234 4389
f 4389 4234 4390
f 4390 4234 4391
f 4029 4317 4316
f 4100 4319 4234
f 4236 4320 4239
f 4033 4393 4237
f 4319 4238 4242
f 4393 4033 4101
f 4321 4322 4034
f 4320 4394 4241
f 4241 4394 4244
f 4179 4395 4242
f 4038 3707 4243
f 4180 4324 4323
f 4244 4326 4181
f 4182 4246 4324
f 4038 4328 3806
f 4396 4183 4326
f 4326 4183 3970
f 4328 3971 3806
f 4397 4246 4105
f 4396 4041 4183
f 4105 4184 4397
f 4397 4184 4329
f 4249 4041 4398
f 4110 3975 4399
f 4329 4187 4400
f 4401 4185 4044
f 4330 4110 4399
f 4187 4253 4400
f 4331 4253 4254
f 4111 4251 4332
f 4252 4255 4402
f 4403 4119 4048
f 4403 4333 4119
f 4334 4115 4332
f 4119 4333 4260
f 4258 4404 4335
f 4259 4337 4339
f 4258 4339 4404
f 4336 4051 4190
f 4262 4191 3986
f 4340 4406 4192
f 4267 4191 4408
f 4264 4341 4405
f 4130 4409 4268
f 4193 4409 4130
f 4057 4410 4269
f 4194 4410 4057
f 4270 4411 4194
f 4270 4342 4411
f 4342 4343 4412
f 4413 4412 4343
f 4271 4413 4343
f 4271 4196 4344
f 3440 4414 3827
f 4414 4136 3827
f 4344 4272 4345
f 4346 4273 4139
f 4273 4346 4415
f 4349 4198 4348
f 4349 4347 4199
f 4142 4197 4275
f 4416 4276 4143
f 4275 4278 4144
f 4277 4145 4350
f 4350 4145 4351
f 4352 4417 4351
f 4280 4061 4279
f 4352 4201 4418
f 4280 4419 4064
f 4065 4418 4201
f 4064 4419 4281
f 4065 4203 4418
f 4203 4353 4418
f 4281 4420 4202
f 4202 4420 4355
f 4421 4354 4284
f 4284 4356 4421
f 4358 4291 4424
f 4291 4293 4424
f 4295 4424 4293
f 4150 4152 3834
f 4295 4359 4426
f 4152 4070 3936
f 4071 4070 4360
f 4297 4073 4361
f 4298 4362 4006
f 4427 4156 4206
f 4158 4364 4363
f 4208 4156 4428
f 4075 4301 4364
f 4300 4299 4430
f 4077 4164 4365
f 4164 4431 4365
f 4431 4078 4302
f 4079 4078 4431
f 4164 4079 4431
f 4080 4209 4432
f 4080 4432 3851
f 4304 4212 4434
f 4210 4211 4368
f 4212 4305 4434
f 4214 4435 4305
f 4214 4436 4435
f 4214 4086 4436
f 4084 4370 4306
f 4306 4370 4437
f 4438 4371 4307
f 4086 4166 4436
f 4087 4439 4215
f 4087 4306 4439
f 4438 4216 4373
f 4438 4307 4216
f 4438 4373 4440
f 4373 4372 4440
f 4166 4168 4436
f 4216 4374 4373
f 4170 4373 4374
f 4170 4375 4221
f 4374 4375 4170
f 4375 4220 4442
f 4018 4378 4311
f 4220 4224 4442
f 4443 4375 4442
f 4222 4223 4379
f 4375 4443 4221
f 4223 4380 4379
f 4089 4312 4020
f 4173 4444 4224
f 4443 4384 4221
f 4384 4176 4221
f 4175 4381 4380
f 4444 4173 4383
f 4382 4092 4177
f 4173 4385 4383
f 4386 4176 4384
f 4445 4383 4385
f 4446 4386 4384
f 4388 4447 4385
f 4387 4386 4446
f 4448 4387 4446
f 4449 4315 4389
f 4024 4316 4450
f 4450 4227 4024
f 4390 4449 4389
f 4387 4451 4233
f 4452 4233 4451
f 4452 4453 4236
f 4233 4452 4236
f 4454 4453 4452
f 4453 4455 4236
f 4234 4319 4391
f 4456 4453 4454
f 4457 4391 4319
f 4453 4458 4455
f 4458 4453 4456
f 4455 4459 4236
f 4458 4459 4455
f 4236 4459 4320
f 4237 4393 4460
f 4462 4457 4319
f 4242 4462 4319
f 4393 4101 4463
f 4461 4464 4458
f 4464 4459 4458
f 4459 4394 4320
f 4464 4394 4459
f 4463 4101 4240
f 4395 4179 4465
f 4465 4466 4395
f 4323 4324 4467
f 4244 4394 4326
f 4465 4179 4325
f 4465 4325 4468
f 4243 4469 4038
f 4246 4470 4324
f 4470 4467 4324
f 4325 4327 4468
f 4041 4471 4398
f 4248 4472 4327
f 3971 4328 4247
f 4327 4472 4474
f 4474 4472 4473
f 4468 4327 4474
f 4474 4475 4468
f 3975 4247 4399
f 4250 4472 4248
f 4250 4476 4472
f 4476 4473 4472
f 4249 4401 4044
f 4473 4476 4477
f 4186 4476 4250
f 4185 4478 4251
f 4252 4476 4186
f 4477 4476 4479
f 4252 4480 4476
f 4479 4476 4480
f 4332 4251 4481
f 4252 4402 4480
f 4473 4477 4482
f 4474 4473 4484
f 4484 4473 4483
f 4479 4480 4486
f 4477 4479 4486
f 4331 4256 4485
f 4480 4402 4486
f 4483 4473 4482
f 4402 4255 4335
f 4486 4402 4335
f 4256 4336 4487
f 4486 4335 4488
f 4261 4489 4337
f 4404 4490 4335
f 4488 4335 4490
f 4477 4486 4482
f 4261 4257 4489
f 4489 4491 4337
f 4490 4404 4339
f 4339 4337 4491
f 4490 4339 4492
f 4486 4488 4493
f 4494 4486 4493
f 4482 4486 4494
f 4265 4336 4190
f 4495 4189 4264
f 4493 4488 4490
f 4483 4482 4494
f 3987 4124 4338
f 4265 4192 4406
f 4497 4191 4262
f 4493 4490 4496
f 4494 4493 4498
f 3987 4338 4499
f 4406 4340 4500
f 4266 4500 4340
f 4266 4501 4500
f 4268 4501 4266
f 4501 4268 4407
f 4497 4408 4191
f 4498 4493 4496
f 4496 4502 4498
f 4503 4494 4498
f 4503 4483 4494
f 4268 4504 4407
f 4409 4505 4268
f 4268 4505 4504
f 4408 4193 4267
f 4506 4341 4269
f 3987 4499 4195
f 4413 4271 4507
f 4344 4507 4271
f 4507 4344 4345
f 4507 4345 4508
f 4345 4272 4509
f 4508 4345 4509
f 4272 4273 4509
f 4273 4415 4509
f 4415 4346 4510
f 4509 4415 4511
f 4510 4346 4347
f 4200 4276 4512
f 4349 4348 4513
f 4347 4349 4513
f 4513 4510 4347
f 4513 4348 4514
f 4416 4143 4515
f 4143 4277 4515
f 4278 4516 4279
f 4517 4354 4421
f 4518 4517 4421
f 4518 4421 4519
f 4519 4421 4520
f 4520 4421 4356
f 4521 4519 4520
f 3931 4422 4357
f 4522 4521 4520
f 4524 4520 4523
f 4522 4520 4524
f 4520 4356 4358
f 4520 4358 4523
f 4523 4358 4424
f 4523 4424 4525
f 4205 4526 4069
f 4527 4525 4424
f 4424 4295 4527
f 4425 4150 4069
f 4426 4527 4295
f 4425 4528 4150
f 4528 4152 4150
f 4359 4296 4426
f 4074 4362 4361
f 4071 4529 4154
f 4207 4531 4155
f 4531 4207 4363
f 4427 4428 4156
f 4363 4364 4532
f 4299 4208 4429
f 4301 4161 4533
f 4299 4429 4430
f 4366 4365 4534
f 4533 4161 4366
f 4302 4535 4431
f 4300 4430 4536
f 4367 4300 4536
f 4302 4081 4537
f 4367 4536 4538
f 4367 4538 4303
f 3851 4433 4011
f 4011 4539 4081
f 4211 4304 4540
f 4368 4541 4213
f 4211 4542 4368
f 4542 4211 4540
f 4440 4167 4369
f 4440 4372 4167
f 4439 4219 4215
f 3953 4219 4376
f 4172 4543 4308
f 4309 4543 4172
f 4377 4544 4309
f 4376 4310 4016
f 4377 4222 4379
f 4442 4545 4443
f 4224 4444 4442
f 4311 4312 4089
f 4384 4443 4545
f 4444 4383 4445
f 4385 4447 4445
f 4314 4315 4449
f 4388 4227 4450
f 4232 4026 4546
f 4232 4546 4547
f 4547 4178 4232
f 4392 4178 4547
f 4316 4317 4548
f 4317 4318 4548
f 4456 4454 4549
f 4392 3964 4178
f 4318 4237 4550
f 4237 4460 4550
f 4458 4551 4461
f 4552 4321 4032
f 4242 4395 4462
f 4321 4553 4322
f 4240 4180 4555
f 4554 4394 4464
f 4462 4395 4466
f 4034 4322 4556
f 4180 4323 4555
f 4243 4034 4556
f 4557 4326 4394
f 4469 4243 4556
f 4465 4468 4475
f 4246 4397 4470
f 4470 4397 4558
f 4041 4396 4471
f 4397 4329 4558
f 4558 4329 4400
f 4559 4249 4398
f 4475 4474 4560
f 4249 4559 4401
f 4400 4253 4331
f 4185 4401 4478
f 4478 4481 4251
f 4560 4474 4561
f 4485 4256 4487
f 4474 4484 4561
f 4334 4332 4562
f 4564 4334 4562
f 4333 4563 4260
f 4334 4564 4565
f 4257 4334 4565
f 4489 4257 4566
f 4491 4489 4567
f 4339 4491 4492
f 4189 4495 4263
f 4492 4568 4490
f 4490 4568 4496
f 4484 4483 4561
f 4264 4569 4495
f 4569 4264 4405
f 4570 4569 4405
f 4496 4568 4571
f 4561 4483 4503
f 4496 4571 4502
f 4193 4572 4409
f 4572 4193 4408
f 4341 4506 4405
f 4573 4503 4498
f 4194 4411 4410
f 4574 4133 4195
f 4133 4414 3440
f 4412 4413 4575
f 4413 4507 4576
f 4137 4577 4197
f 4509 4511 4508
f 4415 4510 4511
f 4578 4275 4197
f 4200 4512 4274
f 4514 4348 4579
f 4275 4580 4278
f 4350 4351 4581
f 4516 4582 4279
f 4279 4582 4280
f 4353 4354 4583
f 4584 4355 4420
f 4422 3931 4355
f 4524 4523 4585
f 4357 4423 4205
f 4523 4586 4585
f 4523 4525 4586
f 4527 4426 4588
f 4589 4152 4528
f 4529 4071 4360
f 4361 4592 4297
f 4362 4298 4593
f 4594 4206 4154
f 4155 4531 4298
f 4595 4428 4427
f 4532 4364 4596
f 4596 4364 4301
f 4208 4428 4429
f 4430 4429 4597
f 4431 4535 4599
f 4599 4365 4431
f 4537 4535 4302
f 4209 4303 4432
f 3851 4432 4600
f 4081 4539 4601
f 4434 4602 4304
f 4435 4603 4305
f 4435 4436 4604
f 4371 4605 4370
f 4369 4605 4440
f 4436 4606 4604
f 4605 4438 4440
f 4371 4438 4605
f 4606 4168 4607
f 4436 4168 4606
f 4168 4218 4607
f 4441 4219 4439
f 4441 4376 4219
f 4309 4608 4543
f 4544 4608 4309
f 4609 4608 4544
f 4379 4544 4377
f 4611 4609 4544
f 4610 4609 4611
f 4379 4611 4544
f 4380 4611 4379
f 4380 4613 4611
f 4610 4611 4613
f 4614 4610 4613
f 4612 4610 4614
f 4442 4444 4545
f 4381 4613 4380
f 4615 4612 4614
f 4614 4613 4616
f 4381 4616 4613
f 4617 4615 4614
f 4545 4444 4445
f 4614 4616 4618
f 4617 4614 4618
f 4545 4445 4619
f 4314 4616 4381
f 4314 4618 4616
f 4384 4619 4446
f 4545 4619 4384
f 4617 4618 4620
f 4619 4445 4447
f 4619 4447 4622
f 4619 4622 4446
f 4314 4449 4618
f 4620 4618 4449
f 4622 4447 4624
f 4623 4620 4449
f 4388 4450 4625
f 4447 4388 4626
f 4626 4624 4447
f 4623 4449 4390
f 4626 4388 4625
f 4448 4451 4387
f 4450 4316 4548
f 4548 4627 4450
f 4390 4391 4628
f 4628 4623 4390
f 4452 4629 4454
f 4549 4454 4629
f 4628 4391 4457
f 4548 4318 4550
f 3964 4392 4630
f 4456 4551 4458
f 3964 4630 4032
f 4628 4457 4631
f 4032 4630 4552
f 4551 4632 4461
f 4457 4462 4633
f 4631 4457 4633
f 4321 4552 4553
f 4555 4463 4240
f 4461 4632 4464
f 4633 4462 4466
f 4632 4554 4464
f 4554 4557 4394
f 4554 4635 4557
f 4466 4636 4633
f 4323 4467 4634
f 4636 4466 4465
f 4635 4637 4557
f 4557 4637 4326
f 4638 4467 4470
f 4396 4326 4637
f 4639 4396 4637
f 4640 4636 4465
f 4469 4328 4038
f 4475 4640 4465
f 4639 4471 4396
f 4559 4398 4471
f 4560 4641 4475
f 4641 4640 4475
f 4399 4642 4643
f 4399 4247 4642
f 4559 4645 4401
f 4400 4331 4558
f 4331 4644 4558
f 4401 4645 4478
f 4330 4646 4403
f 4048 4330 4403
f 4647 4481 4478
f 4644 4331 4485
f 4641 4560 4561
f 4332 4481 4562
f 4648 4641 4561
f 4641 4648 4649
f 4649 4640 4641
f 4487 4336 4650
f 4257 4565 4566
f 4651 4489 4566
f 4489 4651 4567
f 4567 4652 4491
f 4652 4653 4491
f 4653 4492 4491
f 4336 4265 4650
f 4406 4650 4265
f 4263 4655 4262
f 4262 4655 4654
f 4651 4655 4263
f 4495 4651 4263
f 4567 4651 4495
f 4495 4652 4567
f 4656 4492 4653
f 4406 4500 4657
f 4262 4654 4497
f 4497 4654 4658
f 4569 4652 4495
f 4653 4652 4569
f 4656 4653 4570
f 4569 4570 4653
f 4648 4561 4503
f 4501 4407 4504
f 4648 4503 4573
f 4661 4505 4572
f 4572 4505 4409
f 4405 4506 4660
f 4571 4662 4502
f 4502 4663 4498
f 4663 4573 4498
f 4648 4573 4664
f 4649 4648 4665
f 4665 4648 4664
f 4269 4666 4506
f 4664 4573 4667
f 4667 4573 4663
f 4665 4664 4668
f 4269 4410 4666
f 4668 4664 4667
f 4411 4669 4410
f 4342 4575 4411
f 4575 4342 4412
f 4133 4574 4414
f 4576 4575 4413
f 4576 4507 4670
f 4507 4508 4670
f 4671 4670 4508
f 4672 4671 4508
f 4197 4577 4673
f 4511 4674 4508
f 4672 4508 4674
f 4197 4673 4578
f 4511 4510 4675
f 4675 4674 4511
f 4512 4676 4274
f 4274 4676 4348
f 4578 4677 4275
f 4348 4676 4579
f 4514 4579 4678
f 4513 4514 4679
f 4510 4513 4679
f 4680 4510 4679
f 4675 4510 4680
f 4677 4580 4275
f 4278 4681 4516
f 4581 4351 4417
f 4682 4417 4352
f 4683 4280 4582
f 4352 4418 4682
f 4682 4418 4583
f 4280 4683 4419
f 4418 4353 4583
f 4684 4583 4354
f 4354 4517 4685
f 4685 4517 4518
f 4686 4518 4687
f 4518 4519 4687
f 4355 4584 4422
f 4205 4423 4587
f 4587 4526 4205
f 4527 4689 4525
f 4689 4690 4525
f 4069 4526 4425
f 4689 4527 4588
f 4689 4588 4691
f 4692 4691 4588
f 4588 4426 4692
f 4692 4426 4590
f 4589 4693 4152
f 4426 4296 4590
f 4591 4070 4152
f 4590 4296 4694
f 4297 4592 4296
f 4070 4591 4360
f 4154 4529 4530
f 4154 4530 4594
f 4206 4594 4427
f 4695 4531 4363
f 4696 4363 4532
f 4301 4698 4596
f 4532 4596 4697
f 4301 4533 4699
f 4699 4698 4301
f 4366 4534 4700
f 4430 4597 4598
f 4365 4599 4701
f 4534 4365 4701
f 4430 4598 4536
f 4081 4601 4537
f 4538 4536 4702
f 4303 4538 4432
f 3851 4600 4433
f 4368 4540 4704
f 4304 4602 4540
f 4434 4706 4602
f 4305 4706 4434
f 4305 4603 4706
f 4213 4541 4707
f 4704 4541 4368
f 4540 4368 4542
f 4435 4604 4708
f 4369 4707 4605
f 4605 4707 4709
f 4707 4369 4213
f 4437 4370 4710
f 4605 4709 4370
f 4606 4607 4604
f 4437 4710 4711
f 4306 4711 4439
f 4711 4306 4437
f 4218 4712 4607
f 4712 4218 4308
f 4439 4713 4441
f 4712 4308 4714
f 4543 4714 4308
f 4376 4717 4310
f 4610 4718 4609
f 4610 4612 4718
f 4612 4615 4719
f 4615 4617 4720
f 4312 4721 4313
f 4617 4620 4722
f 4722 4620 4723
f 4621 4026 4092
f 4723 4620 4623
f 4724 4723 4623
f 4725 4546 4026
f 4446 4726 4448
f 4624 4626 4727
f 4625 4450 4728
f 4626 4625 4727
f 4625 4728 4727
f 4448 4729 4451
f 4452 4451 4729
f 4452 4729 4629
f 4623 4628 4724
f 4627 4548 4731
f 4730 4392 4547
f 4548 4550 4731
f 4628 4631 4732
f 4633 4734 4733
f 4733 4631 4633
f 4555 4323 4634
f 4633 4636 4734
f 4636 4735 4734
f 4469 4737 4328
f 4637 4736 4639
f 4640 4735 4636
f 4735 4640 4739
f 4642 4247 4328
f 4643 4330 4399
f 4558 4644 4741
f 4643 4646 4330
f 4478 4645 4647
f 4644 4485 4742
f 4743 4481 4647
f 4739 4640 4649
f 4333 4403 4563
f 4566 4565 4744
f 4744 4655 4566
f 4655 4651 4566
f 4492 4656 4659
f 4568 4492 4659
f 4657 4500 4746
f 4656 4747 4748
f 4570 4747 4656
f 4568 4659 4571
f 4746 4500 4501
f 4501 4504 4746
f 4658 4408 4497
f 4405 4660 4570
f 4572 4750 4661
f 4572 4408 4750
f 4649 4665 4745
f 4745 4665 4751
f 4752 4506 4666
f 4502 4662 4663
f 4751 4665 4668
f 4663 4753 4755
f 4667 4663 4755
f 4499 4756 4195
f 4411 4757 4669
f 4575 4758 4411
f 4759 4575 4576
f 4670 4671 4761
f 4136 4577 4137
f 4674 4675 4763
f 4763 4675 4762
f 4276 4416 4764
f 4276 4764 4512
f 4678 4679 4514
f 4762 4675 4680
f 4680 4679 4678
f 4580 4681 4278
f 4515 4277 4765
f 4350 4581 4277
f 4581 4417 4767
f 4766 4582 4516
f 4419 4768 4281
f 4684 4354 4685
f 4281 4768 4420
f 4685 4518 4686
f 4519 4521 4687
f 4521 4522 4688
f 4688 4522 4770
f 4769 4357 4422
f 4522 4524 4770
f 4770 4524 4771
f 4524 4585 4771
f 4690 4772 4586
f 4586 4525 4690
f 4425 4526 4773
f 4425 4774 4528
f 4591 4152 4693
f 4694 4296 4592
f 4592 4361 4775
f 4775 4361 4362
f 4594 4530 4776
f 4593 4298 4531
f 4594 4777 4427
f 4696 4695 4363
f 4532 4697 4696
f 4779 4597 4429
f 4533 4366 4780
f 4780 4699 4533
f 4535 4781 4599
f 4781 4782 4599
f 4782 4701 4599
f 4701 4700 4534
f 4537 4601 4783
f 4535 4537 4781
f 4432 4538 4784
f 4011 4433 4703
f 4011 4703 4539
f 4602 4705 4540
f 4435 4708 4603
f 4604 4607 4785
f 4370 4709 4710
f 4439 4786 4713
f 4439 4787 4786
f 4376 4441 4713
f 4543 4715 4714
f 4608 4715 4543
f 4376 4713 4788
f 4716 4715 4608
f 4608 4609 4716
f 4609 4718 4789
f 4718 4612 4719
f 4310 4790 4378
f 4378 4791 4311
f 4312 4311 4791
f 4720 4617 4722
f 4313 4721 4792
f 4792 4382 4313
f 4624 4793 4622
f 4622 4793 4446
f 4793 4726 4446
f 4728 4450 4627
f 4448 4726 4729
f 4794 4728 4627
f 4731 4794 4627
f 4795 4629 4729
f 4629 4796 4549
f 4550 4799 4731
f 4456 4549 4798
f 4724 4628 4732
f 4630 4392 4730
f 4798 4551 4456
f 4550 4460 4800
f 4800 4460 4393
f 4463 4802 4393
f 4632 4551 4801
f 4732 4631 4733
f 4803 4802 4463
f 4463 4555 4803
f 4554 4804 4635
f 4554 4632 4804
f 4634 4467 4805
f 4467 4638 4805
f 4737 4469 4556
f 4328 4737 4738
f 4470 4806 4638
f 4470 4558 4806
f 4559 4471 4740
f 4558 4741 4808
f 4740 4809 4559
f 4741 4644 4742
f 4809 4645 4559
f 4562 4481 4743
f 4739 4649 4745
f 4260 4563 4810
f 4260 4810 4811
f 4338 4260 4811
f 4813 4655 4744
f 4650 4406 4812
f 4654 4655 4814
f 4655 4813 4814
f 4654 4815 4658
f 4814 4815 4654
f 4656 4748 4659
f 4504 4749 4746
f 4747 4570 4660
f 4662 4571 4659
f 4817 4504 4505
f 4660 4818 4747
f 4505 4661 4817
f 4660 4506 4818
f 4663 4662 4753
f 4668 4819 4751
f 4666 4821 4820
f 4410 4821 4666
f 4411 4758 4757
f 4756 4574 4195
f 4575 4759 4758
f 4759 4576 4822
f 4576 4760 4822
f 4576 4670 4760
f 4671 4823 4761
f 4673 4824 4578
f 4674 4825 4672
f 4763 4825 4674
f 4578 4824 4677
f 4764 4416 4765
f 4579 4676 4826
f 4579 4826 4828
f 4678 4579 4828
f 4680 4678 4829
f 4580 4677 4827
f 4416 4515 4765
f 4827 4681 4580
f 4277 4830 4765
f 4277 4581 4830
f 4516 4681 4766
f 4417 4682 4831
f 4831 4682 4832
f 4682 4583 4832
f 4683 4833 4419
f 4832 4583 4684
f 4684 4685 4834
f 4420 4768 4584
f 4687 4521 4688
f 4687 4688 4835
f 4357 4769 4423
f 4585 4836 4771
f 4423 4837 4587
f 4585 4586 4772
f 4690 4689 4838
f 4773 4774 4425
f 4689 4691 4838
f 4691 4692 4838
f 4528 4774 4589
f 4839 4591 4693
f 4775 4362 4593
f 4841 4593 4531
f 4695 4696 4842
f 4778 4428 4595
f 4429 4428 4778
f 4779 4429 4778
f 4537 4783 4781
f 4538 4844 4784
f 4432 4784 4600
f 4844 4538 4702
f 4784 4844 4845
f 4704 4847 4541
f 4541 4847 4846
f 4540 4847 4704
f 4540 4705 4847
f 4706 4705 4602
f 4707 4846 4848
f 4541 4846 4707
f 4709 4848 4710
f 4707 4848 4709
f 4785 4708 4604
f 4785 4607 4849
f 4850 4849 4607
f 4710 4852 4711
f 4711 4852 4851
f 4850 4607 4853
f 4853 4607 4712
f 4711 4787 4439
f 4714 4853 4712
f 4853 4714 4715
f 4853 4715 4854
f 4789 4856 4855
f 4858 4854 4715
f 4859 4857 4856
f 4856 4860 4859
f 4861 4788 4713
f 4858 4715 4716
f 4789 4858 4716
f 4856 4789 4718
f 4862 4856 4718
f 4860 4856 4862
f 4860 4863 4859
f 4859 4863 4864
f 4376 4788 4717
f 4717 4788 4865
f 4716 4609 4789
f 4860 4862 4866
f 4863 4860 4866
f 4310 4717 4790
f 4719 4862 4718
f 4867 4866 4862
f 4867 4862 4719
f 4863 4866 4868
f 4868 4866 4867
f 4615 4867 4719
f 4615 4720 4867
f 4868 4867 4720
f 4868 4720 4870
f 4870 4720 4722
f 4870 4869 4868
f 4871 4869 4870
f 4382 4792 4092
f 4092 4792 4621
f 4026 4621 4725
f 4723 4724 4722
f 4870 4722 4724
f 4872 4871 4870
f 4873 4793 4624
f 4870 4724 4874
f 4875 4546 4725
f 4624 4727 4873
f 4870 4874 4872
f 4728 4873 4727
f 4793 4873 4876
f 4876 4726 4793
f 4724 4732 4874
f 4873 4728 4794
f 4729 4726 4795
f 4877 4873 4794
f 4872 4874 4879
f 4878 4872 4879
f 4794 4731 4797
f 4795 4796 4629
f 4731 4799 4797
f 4874 4732 4881
f 4879 4874 4881
f 4882 4878 4879
f 4730 4883 4630
f 4799 4550 4800
f 4798 4880 4551
f 4879 4881 4882
f 4802 4800 4393
f 4551 4880 4801
f 4882 4881 4884
f 4886 4884 4881
f 4630 4885 4552
f 4632 4887 4804
f 4887 4632 4801
f 4881 4732 4888
f 4888 4886 4881
f 4889 4803 4555
f 4732 4733 4888
f 4552 4890 4553
f 4555 4634 4889
f 4804 4891 4635
f 4888 4734 4892
f 4733 4734 4888
f 4553 4556 4322
f 4893 4556 4553
f 4634 4805 4894
f 4891 4736 4637
f 4635 4891 4637
f 4734 4735 4895
f 4734 4895 4892
f 4888 4892 4896
f 4892 4895 4896
f 4898 4888 4896
f 4897 4471 4639
f 4897 4639 4736
f 4735 4739 4895
f 4807 4895 4739
f 4807 4899 4895
f 4900 4895 4899
f 4896 4895 4900
f 4901 4642 4328
f 4806 4558 4808
f 4898 4896 4902
f 4896 4900 4903
f 4903 4902 4896
f 4742 4904 4741
f 4903 4900 4905
f 4900 4899 4906
f 4903 4905 4907
f 4807 4739 4745
f 4899 4807 4745
f 4646 4908 4403
f 4647 4909 4743
f 4403 4908 4563
f 4910 4742 4485
f 4899 4745 4906
f 4900 4906 4905
f 4564 4562 4911
f 4913 4485 4487
f 4913 4910 4485
f 4907 4905 4914
f 4914 4912 4907
f 4487 4650 4913
f 4915 4913 4650
f 4905 4906 4916
f 4914 4905 4916
f 4650 4812 4915
f 4914 4916 4917
f 4917 4912 4914
f 4406 4657 4812
f 4906 4745 4919
f 4916 4906 4919
f 4918 4921 4813
f 4813 4921 4814
f 4921 4918 4922
f 4918 4923 4922
f 4923 4924 4922
f 4748 4816 4659
f 4919 4917 4916
f 4920 4749 4504
f 4750 4408 4658
f 4922 4925 4921
f 4926 4922 4924
f 4748 4924 4816
f 4748 4747 4924
f 4747 4926 4924
f 4927 4816 4928
f 4816 4927 4659
f 4659 4927 4662
f 4919 4745 4751
f 4929 4917 4919
f 4930 4925 4922
f 4922 4926 4930
f 4747 4818 4926
f 4926 4818 4930
f 4919 4751 4929
f 4930 4818 4931
f 4818 4506 4931
f 4506 4752 4931
f 4932 4662 4927
f 4932 4933 4662
f 4929 4751 4819
f 4752 4820 4934
f 4666 4820 4752
f 4662 4933 4935
f 4753 4936 4755
f 4753 4662 4936
f 4929 4819 4937
f 4821 4669 4933
f 4821 4410 4669
f 4935 4933 4757
f 4669 4757 4933
f 4662 4935 4936
f 4755 4936 4938
f 4667 4755 4938
f 4667 4938 4939
f 4819 4668 4667
f 4819 4667 4939
f 4499 4754 4756
f 4758 4940 4757
f 4758 4759 4822
f 4760 4670 4761
f 4761 4941 4760
f 4941 4822 4760
f 4823 4942 4761
f 4941 4761 4942
f 4671 4672 4823
f 4943 4823 4672
f 4943 4672 4825
f 4944 4763 4762
f 4764 4945 4512
f 4512 4945 4676
f 4945 4826 4676
f 4763 4944 4946
f 4945 4764 4947
f 4948 4678 4828
f 4948 4829 4678
f 4829 4949 4680
f 4680 4944 4762
f 4680 4949 4944
f 4948 4950 4951
f 4948 4951 4829
f 4952 4829 4951
f 4949 4829 4952
f 4953 4946 4944
f 4944 4949 4954
f 4953 4944 4954
f 4955 4951 4950
f 4952 4951 4956
f 4957 4952 4956
f 4949 4952 4957
f 4946 4953 4958
f 4955 4956 4951
f 4954 4949 4957
f 4960 4958 4953
f 4960 4953 4954
f 4766 4681 4959
f 4956 4955 4961
f 4957 4956 4961
f 4954 4957 4962
f 4960 4954 4962
f 4962 4957 4961
f 4962 4961 4963
f 4831 4767 4417
f 4582 4964 4683
f 4968 4966 4965
f 4419 4833 4768
f 4967 4834 4970
f 4970 4834 4685
f 4965 4967 4970
f 4968 4965 4971
f 4971 4965 4970
f 4970 4685 4686
f 4968 4971 4973
f 4973 4972 4968
f 4686 4687 4970
f 4687 4835 4970
f 4971 4970 4835
f 4973 4971 4835
f 4768 4974 4584
f 4973 4835 4688
f 4975 4973 4688
f 4976 4972 4973
f 4975 4976 4973
f 4975 4688 4770
f 4422 4584 4769
f 4977 4770 4771
f 4977 4975 4770
f 4979 4977 4771
f 4769 4978 4837
f 4837 4423 4769
f 4771 4836 4979
f 4585 4772 4836
f 4772 4690 4836
f 4587 4980 4526
f 4836 4690 4981
f 4526 4980 4773
f 4690 4838 4981
f 4983 4692 4590
f 4694 4983 4590
f 4693 4589 4984
f 4591 4839 4840
f 4360 4591 4840
f 4840 4529 4360
f 4529 4985 4530
f 4985 4776 4530
f 4695 4841 4531
f 4696 4986 4842
f 4427 4777 4595
f 4696 4697 4987
f 4697 4596 4698
f 4597 4779 4988
f 4780 4366 4989
f 4597 4988 4843
f 4989 4366 4700
f 4843 4598 4597
f 4701 4990 4991
f 4782 4990 4701
f 4701 4991 4992
f 4701 4992 4700
f 4781 4783 4993
f 4782 4781 4990
f 4781 4993 4990
f 4784 4845 4600
f 4993 4783 4601
f 4539 4993 4601
f 4705 4994 4847
f 4705 4995 4994
f 4706 4995 4705
f 4603 4708 4996
f 4851 4787 4711
f 4850 4853 4997
f 4789 4855 4858
f 4855 4856 4857
f 4790 4717 4865
f 4863 4868 4998
f 4999 4791 4378
f 4999 4378 4790
f 4312 4791 4721
f 5000 4792 4721
f 4869 4871 5001
f 4871 4872 5002
f 5003 4546 4875
f 4873 4877 4876
f 4546 5003 4547
f 5003 4730 4547
f 5004 4796 4795
f 4549 4796 5005
f 5005 4798 4549
f 4878 4882 5006
f 5007 4800 4802
f 5007 4802 5008
f 4802 4803 5008
f 4552 4885 4890
f 5009 4803 4889
f 4891 5010 4736
f 4886 4888 4898
f 4738 4737 5011
f 4740 4471 4897
f 5012 4898 4902
f 5014 4642 4901
f 5014 4643 4642
f 4904 4808 4741
f 5013 5015 4740
f 5015 4809 4740
f 4902 4903 5016
f 4645 4809 4647
f 4809 4909 4647
f 5018 5017 5016
f 5016 4907 5018
f 4903 4907 5016
f 5019 4563 4908
f 4742 4910 5020
f 4563 5019 4810
f 4562 4743 4911
f 4907 4912 5018
f 4744 5021 4813
f 4657 4746 5022
f 5021 4918 4813
f 4917 5023 4912
f 4811 4754 4338
f 4814 5024 4815
f 4814 4921 5024
f 4754 4499 4338
f 4816 4924 4928
f 4920 4504 4817
f 4928 5025 4927
f 4750 4817 4661
f 4931 5026 4930
f 4752 4934 4931
f 5029 4934 4820
f 4932 4821 4933
f 5028 4929 4937
f 4821 5031 4820
f 4820 5031 5030
f 4939 4937 4819
f 5032 4935 4940
f 5032 4940 5033
f 4757 4940 4935
f 4936 4935 5032
f 5034 4936 5032
f 4938 4936 5034
f 4758 5035 4940
f 4758 4822 5035
f 5035 4822 5036
f 4414 5037 4136
f 4136 5037 4577
f 4942 4823 4943
f 4677 4824 4827
f 4828 4826 5040
f 4825 4763 5039
f 4764 4765 5041
f 4764 5041 4947
f 4946 4958 5039
f 5039 4763 4946
f 4581 4767 4830
f 4961 4955 5042
f 4960 5043 4958
f 5043 4960 4962
f 4766 5044 4582
f 5044 4964 4582
f 4833 4683 4964
f 5045 4833 4964
f 5046 4965 4966
f 4967 5046 4834
f 4965 5046 4967
f 4968 4969 4966
f 4969 4968 4972
f 4976 4975 5047
f 4975 4977 5047
f 4977 4979 5048
f 5049 4836 4981
f 4773 5050 4774
f 4981 4838 4982
f 5052 4982 4838
f 4838 4692 4983
f 4838 4983 5052
f 4589 4774 5053
f 4589 5053 4984
f 4984 4839 4693
f 5054 4592 4775
f 4593 4841 5055
f 5056 4777 4594
f 4842 5057 4695
f 4696 4987 4986
f 5058 4778 4595
f 4697 4698 5059
f 4779 4778 4988
f 4780 4989 4699
f 4700 4992 4989
f 4598 5060 4536
f 4702 4536 5061
f 4845 5062 4600
f 5062 4433 4600
f 4539 4703 5063
f 5064 4846 4847
f 4995 5065 4994
f 4603 4996 4706
f 5066 4848 4846
f 5064 5066 4846
f 4847 5067 5064
f 5068 4852 4710
f 4848 5068 4710
f 4997 4853 5069
f 4853 4854 5069
f 4858 5070 4854
f 4854 5070 5069
f 4858 4855 5070
f 5070 4855 5071
f 4855 5072 5071
f 4855 4857 5072
f 4864 4863 5073
f 4998 4869 5001
f 4869 4998 4868
f 4871 5075 5001
f 5075 5074 5001
f 4871 5002 5075
f 4621 5076 4725
f 5002 4872 5077
f 4876 4877 5079
f 5078 4876 5079
f 4876 5078 4726
f 4872 4878 5077
f 4726 5078 4795
f 4730 5003 4883
f 4797 5081 4794
f 4794 5081 5082
f 4877 4794 5082
f 5079 4877 5082
f 4795 5078 5004
f 5077 4878 5006
f 5006 5080 5077
f 5081 4797 4799
f 5081 4799 5083
f 4798 5005 4880
f 5006 4882 5084
f 5007 4799 4800
f 5007 5083 4799
f 4882 5085 5084
f 4884 5085 4882
f 4880 5087 4801
f 4884 4886 5085
f 5084 5085 5088
f 4630 5086 4885
f 5088 5085 5089
f 4801 5087 4887
f 5009 5008 4803
f 5009 5090 5008
f 5085 4886 5091
f 5089 5085 5091
f 4887 5093 4804
f 5089 5092 5088
f 4804 5093 4891
f 5091 4886 5094
f 4893 4553 4890
f 4634 4894 4889
f 5089 5091 5095
f 5092 5089 5095
f 4893 5096 4737
f 4556 4893 4737
f 5010 4897 4736
f 4886 4898 5094
f 4638 5097 4805
f 5095 5091 5094
f 5097 4638 5098
f 4638 4806 5098
f 5099 5095 5094
f 5094 4898 5012
f 4328 5100 4901
f 5100 4328 4738
f 5012 5099 5094
f 4806 4808 5098
f 4904 5098 4808
f 4643 5101 4646
f 5016 5103 4902
f 4742 5102 4904
f 4908 5104 5105
f 4908 4646 5104
f 5020 5102 4742
f 5106 4909 4809
f 4909 5107 5108
f 4909 5108 4743
f 4564 4911 4565
f 4746 5112 5022
f 4749 4920 4746
f 4746 4920 5112
f 4923 4918 5111
f 4924 4923 5111
f 4929 5113 4917
f 5023 4917 5113
f 4658 4815 5114
f 5024 5115 4815
f 4921 4925 5116
f 4921 5116 5024
f 4658 5117 4750
f 4925 5026 5116
f 4925 4930 5026
f 5113 4929 5028
f 4931 5027 5026
f 5030 5025 5118
f 4927 5025 5030
f 4927 5031 4932
f 5030 5031 4927
f 4820 5030 5118
f 4820 5118 5029
f 5029 5118 5120
f 5028 4937 5121
f 4931 4934 5119
f 4934 5029 5119
f 5120 5122 5029
f 4821 5123 5031
f 5124 4932 5031
f 5123 4821 5125
f 4932 5124 4821
f 5125 4821 5124
f 5121 4937 4939
f 5126 5119 5029
f 5029 5122 5126
f 5123 5127 5031
f 5128 5123 5125
f 5128 5033 5123
f 5033 5128 5032
f 5032 5128 5034
f 5129 5127 5123
f 5130 5127 5129
f 5033 5129 5123
f 5129 5033 5131
f 4940 5035 5131
f 4940 5131 5033
f 5036 4822 5132
f 4822 4941 5132
f 4942 5133 5134
f 4943 5133 4942
f 5135 4943 4825
f 4824 5038 4827
f 5135 4825 5039
f 5039 5138 5135
f 4945 5139 5140
f 4947 5139 4945
f 5136 4826 5140
f 5140 4826 4945
f 5137 4826 5136
f 5040 4826 5137
f 4948 4828 5141
f 4828 5040 5141
f 5038 4681 4827
f 5041 5139 4947
f 5141 4950 4948
f 5141 5142 4950
f 4950 5142 5143
f 5143 4955 4950
f 5143 5145 4955
f 4955 5145 5146
f 5146 5042 4955
f 4767 4831 5147
f 4963 5148 4962
f 5043 4962 5148
f 4831 5149 5147
f 4961 5042 5150
f 4963 4961 5150
f 5148 4963 5151
f 5152 5149 4831
f 4832 5152 4831
f 5153 5152 4832
f 5045 5154 4833
f 4684 5046 5155
f 4684 5155 5153
f 4684 5153 4832
f 5046 4966 5155
f 4684 4834 5046
f 5156 4966 4969
f 5154 5157 4833
f 4833 5157 4768
f 4972 5158 4969
f 5159 4976 5047
f 4584 4974 4769
f 4974 4978 4769
f 4977 5048 5160
f 4977 5160 5047
f 4979 4836 5049
f 4979 5049 5048
f 4981 5161 5049
f 5050 4773 4980
f 4981 4982 5161
f 4774 5050 5051
f 4983 4694 5054
f 5053 5162 4984
f 4694 4592 5054
f 4839 4984 4840
f 4593 5164 4775
f 4840 4985 4529
f 5055 5164 4593
f 4841 4695 5057
f 4986 5165 5166
f 5059 4987 4697
f 5168 5059 4698
f 4988 4778 5167
f 4699 5169 4698
f 4699 4989 5169
f 4991 5170 4992
f 4598 4843 5060
f 5170 4993 5171
f 4990 4993 5170
f 4991 4990 5170
f 4703 4433 5063
f 5063 4993 4539
f 4844 4702 5172
f 4844 5172 5173
f 4845 4844 5173
f 4845 5173 5174
f 4845 5174 5062
f 4994 5067 4847
f 4995 5175 5065
f 4706 4996 4995
f 4785 5176 4708
f 5068 4848 5066
f 4785 4849 5177
f 4852 5178 4851
f 4713 5179 4861
f 4713 4786 5179
f 4859 5181 4857
f 4859 4864 5181
f 5073 5181 4864
f 4788 4861 5182
f 4788 5182 4865
f 4863 4998 5073
f 5073 4998 5183
f 5183 4998 5185
f 5185 4998 5001
f 4721 4791 5000
f 5185 5001 5186
f 5074 5186 5001
f 5075 5002 5074
f 4725 5076 4875
f 5074 5002 5188
f 5002 5077 5188
f 5188 5077 5189
f 5077 5080 5189
f 5079 5082 5191
f 5078 5079 5191
f 5004 5078 5191
f 5190 5082 5081
f 5080 5006 5192
f 5193 4880 5005
f 5194 5006 5084
f 5083 5007 5196
f 5008 5196 5007
f 4880 5193 5087
f 5084 5088 5194
f 4885 5197 4890
f 5009 4889 4894
f 5010 4891 5093
f 5198 5092 5095
f 5200 5198 5095
f 4805 5199 4894
f 5097 5199 4805
f 5010 5201 4897
f 5095 5099 5200
f 5099 5202 5200
f 4738 5203 5100
f 5011 5203 4738
f 4897 5013 4740
f 5099 5012 5205
f 5098 4904 5204
f 4902 5206 5012
f 5206 5205 5012
f 5014 5101 4643
f 4646 5101 5104
f 4902 5103 5206
f 4809 5015 5106
f 5016 5017 5103
f 5107 4909 5106
f 5103 5017 5207
f 4908 5105 5019
f 5208 5207 5017
f 5017 5018 5208
f 4913 5020 4910
f 4743 5108 4911
f 4810 5019 5209
f 5018 4912 5208
f 5209 4811 4810
f 4915 5210 4913
f 5212 5210 4915
f 5208 4912 5213
f 4812 5212 4915
f 5022 5110 4657
f 4657 5110 4812
f 4565 5109 4744
f 5109 5021 4744
f 5023 5213 4912
f 4918 5021 5111
f 5213 5023 5214
f 4920 4817 5112
f 4658 5114 5117
f 5116 5216 5024
f 4924 5215 4928
f 4817 4750 5217
f 5217 4750 5117
f 5219 5113 5028
f 4931 5119 5027
f 5025 5220 5118
f 5220 5120 5118
f 4754 5218 4756
f 5122 5120 5221
f 5122 5124 5127
f 5221 5124 5122
f 5127 5124 5031
f 5125 5124 5222
f 5127 5130 5122
f 4938 5034 5223
f 4939 4938 5223
f 5122 5130 5126
f 5126 5130 5224
f 5131 5225 5129
f 5226 5131 5035
f 5036 5226 5035
f 5037 5227 4577
f 5132 4941 5228
f 4577 5227 4673
f 4941 4942 5228
f 5228 4942 5134
f 5040 5137 5141
f 5041 4765 5230
f 5039 5144 5231
f 5138 5039 5231
f 5230 4765 4830
f 5039 4958 5144
f 4958 5232 5144
f 4958 5043 5232
f 4963 5150 5151
f 4964 5233 5045
f 5155 5234 5153
f 5158 5156 4969
f 5158 4972 5235
f 5236 5235 4972
f 4768 5157 4974
f 4972 4976 5236
f 5159 5236 4976
f 4974 5238 4978
f 5237 5047 5160
f 5048 5049 5161
f 5054 4775 5163
f 5239 4840 4984
f 5163 4775 5164
f 4986 5057 4842
f 5165 4986 4987
f 4777 5058 4595
f 4698 5169 5168
f 5167 5241 4988
f 4989 4992 5169
f 4992 5242 5169
f 5170 5243 5244
f 4992 5170 5244
f 5245 5171 4993
f 5245 5246 5171
f 5060 5061 4536
f 4433 5062 5247
f 4433 5247 5248
f 5063 4433 5248
f 5063 5248 5245
f 4993 5063 5245
f 4702 5061 5172
f 5067 4994 5249
f 5249 4994 5250
f 4994 5065 5250
f 5065 5175 5250
f 5176 4996 4708
f 5176 4785 5177
f 4850 5177 4849
f 5178 4852 5068
f 4851 5252 4787
f 4851 5178 5252
f 5070 5071 5069
f 5072 5253 5071
f 4857 5180 5072
f 4857 5181 5180
f 4861 5254 5182
f 4790 4865 5182
f 4790 5184 4999
f 4791 4999 5000
f 5000 4999 5255
f 4792 5000 5256
f 5189 5080 5192
f 5190 5260 5082
f 5082 5260 5191
f 5261 5191 5260
f 5004 5191 5261
f 5004 5261 4796
f 4796 5261 5262
f 5005 4796 5262
f 4883 5003 5195
f 5005 5262 5193
f 5192 5006 5194
f 5194 5088 5264
f 5196 5008 5090
f 5087 5263 4887
f 4887 5263 5093
f 5088 5092 5264
f 5264 5092 5198
f 5009 4894 5265
f 5199 5266 4894
f 5203 5011 4737
f 5097 5098 5204
f 5099 5205 5202
f 5204 4904 5268
f 5014 4901 5101
f 5268 4904 5269
f 4904 5102 5269
f 5269 5102 5020
f 5019 5105 5209
f 5271 5108 5107
f 5020 4913 5272
f 5272 4913 5210
f 4565 4911 5211
f 5211 5109 4565
f 5212 4812 5110
f 5022 5273 5110
f 5112 5273 5022
f 4924 5111 5215
f 4815 5115 5114
f 5115 5024 5216
f 5023 5113 5214
f 4754 5275 5218
f 5026 5027 5116
f 5120 5220 5221
f 5124 5221 5222
f 5276 5121 4939
f 5126 5224 5119
f 5277 4574 4756
f 5129 5225 5130
f 5225 5131 5226
f 5279 5225 5226
f 4414 5280 5037
f 5281 5226 5036
f 5036 5132 5281
f 5281 5132 5228
f 4673 5227 5282
f 4673 5282 4824
f 5134 5133 5229
f 5133 5135 5229
f 4943 5135 5133
f 5038 5283 4681
f 5137 5284 5141
f 5284 5142 5141
f 5139 5286 5140
f 4681 5285 4959
f 5230 5139 5041
f 4830 5287 5230
f 5143 5289 5145
f 4959 5288 4766
f 5291 5043 5148
f 5233 4964 5044
f 5045 5293 5154
f 4966 5294 5155
f 5155 5294 5234
f 5295 5294 4966
f 4966 5156 5295
f 5156 5296 5295
f 5296 5156 5158
f 5157 5297 4974
f 5047 5237 5159
f 5160 5048 5298
f 5048 5161 5298
f 4837 5300 4587
f 5161 4982 5301
f 5301 4982 5302
f 5050 5303 5051
f 4774 5051 5053
f 5305 4840 5239
f 5306 5164 5055
f 5055 4841 5307
f 5056 4594 4776
f 5307 4841 5057
f 5166 5240 4986
f 5240 5057 4986
f 4777 5056 5309
f 4777 5309 5310
f 5310 5058 4777
f 4987 5311 5165
f 5312 4987 5059
f 5312 5311 4987
f 4778 5058 5167
f 5312 5168 5314
f 5059 5168 5312
f 5168 5242 5314
f 5242 5168 5169
f 4988 5241 5315
f 4843 4988 5315
f 5244 5242 4992
f 4843 5315 5060
f 5248 5316 5245
f 5316 5246 5245
f 5243 5171 5246
f 5170 5171 5243
f 5247 5317 5318
f 5319 5320 5173
f 5173 5320 5174
f 5062 5174 5317
f 5317 5247 5062
f 5172 5061 5321
f 5173 5172 5321
f 5319 5173 5321
f 5175 5322 5250
f 4996 5323 4995
f 4995 5323 5175
f 5176 5324 4996
f 5326 5325 5327
f 5327 5325 5328
f 5064 5330 5066
f 5331 5177 4850
f 5326 5332 5325
f 5328 5325 5333
f 5334 5329 5328
f 5334 5328 5333
f 5334 5335 5336
f 5068 5066 5337
f 5330 5337 5066
f 4850 5251 5331
f 5325 5332 5338
f 5333 5325 5338
f 5335 5334 5333
f 5178 5068 5337
f 5251 4850 4997
f 5341 5333 5338
f 5342 5333 5341
f 5335 5333 5342
f 5336 5335 5342
f 5343 5336 5342
f 5344 5339 5336
f 5343 5344 5336
f 5338 5332 5340
f 5341 5338 5345
f 5342 5341 5346
f 5347 4786 4787
f 4787 5252 5347
f 5348 5069 5071
f 5338 5340 5350
f 5347 5179 4786
f 5180 5253 5072
f 5340 5349 5350
f 5338 5350 5345
f 5341 5345 5351
f 5352 5341 5351
f 5346 5341 5352
f 5353 5342 5346
f 5343 5342 5353
f 5349 5354 5355
f 5350 5349 5355
f 5346 5352 5356
f 5353 5346 5356
f 5073 5354 5181
f 5073 5357 5354
f 5357 5355 5354
f 5345 5350 5355
f 5356 5352 5359
f 5353 5356 5359
f 5357 5073 5183
f 5355 5357 5183
f 5360 5345 5355
f 5359 5352 5351
f 5361 5355 5183
f 5351 5345 5360
f 5361 5183 5185
f 5355 5361 5360
f 5351 5360 5362
f 5363 5359 5351
f 5363 5351 5362
f 5186 5361 5185
f 5362 5360 5365
f 5364 5363 5362
f 5361 5186 5258
f 5360 5361 5258
f 5365 5364 5362
f 5257 5256 5000
f 5074 5258 5186
f 5365 5360 5258
f 4621 4792 5187
f 5076 4621 5187
f 5258 5074 5188
f 5365 5258 5188
f 5366 5364 5365
f 5365 5188 5368
f 5368 5366 5365
f 5368 5188 5189
f 5368 5189 5192
f 5195 5003 5259
f 5369 5192 5370
f 5081 5371 5190
f 5081 5083 5372
f 5193 5262 5373
f 5193 5373 5374
f 5196 5372 5083
f 5193 5374 5087
f 4883 5086 4630
f 5375 5370 5194
f 5264 5375 5194
f 5087 5374 5263
f 4885 5086 5197
f 5263 5267 5093
f 5264 5198 5376
f 5266 5265 4894
f 5093 5267 5010
f 5267 5201 5010
f 5376 5198 5200
f 4893 5378 5096
f 5266 5199 5379
f 5380 5376 5200
f 5378 4737 5096
f 5379 5199 5381
f 5381 5199 5097
f 4737 5382 5203
f 5200 5202 5383
f 5380 5200 5383
f 5381 5097 5204
f 5384 5100 5203
f 5381 5204 5385
f 5100 5386 4901
f 5385 5204 5268
f 5388 5380 5383
f 5013 5387 5015
f 4901 5389 5101
f 5270 5015 5387
f 5202 5205 5390
f 5383 5202 5390
f 5103 5205 5206
f 5103 5390 5205
f 5390 5388 5383
f 5101 5391 5104
f 5270 5106 5015
f 5388 5390 5392
f 5106 5393 5107
f 5390 5103 5207
f 5392 5390 5207
f 5394 5392 5207
f 5207 5208 5394
f 5395 4911 5108
f 5396 5211 4911
f 5208 5213 5394
f 4811 5397 4754
f 5214 5394 5213
f 5111 5021 5398
f 5111 5398 5215
f 5112 4817 5399
f 5114 5115 5400
f 5274 4928 5215
f 5214 5113 5401
f 5402 4817 5217
f 5400 5117 5114
f 5115 5216 5400
f 5116 5403 5216
f 5027 5404 5116
f 5025 5405 5220
f 5028 5406 5219
f 5218 5407 4756
f 5221 5220 5222
f 5028 5121 5406
f 5125 5278 5128
f 5224 5408 5119
f 5034 5128 5409
f 5128 5278 5409
f 5223 5034 5409
f 4574 5277 4414
f 5225 5279 5130
f 5279 5224 5130
f 5226 5410 5279
f 5410 5226 5281
f 5410 5281 5411
f 5229 5412 5134
f 4824 5282 5038
f 5140 5413 5136
f 5137 5136 5415
f 5136 5414 5415
f 5416 5284 5137
f 5135 5138 5417
f 4681 5283 5285
f 5285 5288 4959
f 5231 5144 5290
f 5143 5418 5289
f 4830 4767 5419
f 5290 5144 5232
f 5419 4767 5147
f 4766 5288 5044
f 5146 5145 5289
f 5232 5291 5420
f 5043 5291 5232
f 5289 5422 5421
f 5289 5421 5146
f 5146 5421 5423
f 5146 5423 5042
f 5423 5421 5424
f 5150 5042 5292
f 5042 5423 5292
f 5150 5425 5151
f 5426 5291 5151
f 5291 5148 5151
f 5150 5292 5425
f 5426 5151 5425
f 5429 5423 5424
f 5429 5425 5292
f 5429 5292 5423
f 5044 5427 5233
f 5424 5428 5429
f 5152 5153 5430
f 5430 5153 5234
f 5045 5233 5293
f 5159 5237 5433
f 4974 5297 5238
f 5237 5160 5433
f 5299 4837 4978
f 5160 5298 5434
f 5300 4980 4587
f 5301 5298 5161
f 5304 4982 5052
f 5435 5053 5051
f 4983 5054 5436
f 5053 5435 5162
f 4984 5162 5437
f 5239 4984 5437
f 4840 5305 4985
f 5308 4776 4985
f 5308 5056 4776
f 5438 5439 5165
f 5165 5439 5166
f 5165 5311 5438
f 5440 5311 5441
f 5438 5311 5440
f 5311 5314 5441
f 5058 5310 5313
f 5444 5442 5443
f 5312 5314 5311
f 5313 5167 5058
f 5447 5443 5446
f 5445 5443 5442
f 5441 5314 5442
f 5314 5445 5442
f 5446 5448 5447
f 5449 5450 5451
f 5451 5448 5452
f 5452 5448 5446
f 5443 5453 5446
f 5453 5452 5446
f 5445 5453 5443
f 5314 5242 5454
f 5314 5454 5445
f 5452 5455 5451
f 5445 5454 5453
f 5449 5316 5456
f 5451 5316 5449
f 5455 5316 5451
f 5457 5455 5452
f 5453 5457 5452
f 5242 5457 5454
f 5454 5457 5453
f 5246 5316 5455
f 5243 5246 5455
f 5457 5243 5455
f 5244 5243 5457
f 5242 5244 5457
f 5315 5458 5060
f 5456 5248 5459
f 5456 5316 5248
f 5060 5458 5061
f 5459 5247 5318
f 5248 5247 5459
f 5067 5249 5064
f 5249 5250 5461
f 5462 5326 5327
f 5328 5463 5327
f 5328 5329 5463
f 5336 5464 5334
f 5334 5464 5329
f 5332 5465 5340
f 5466 5252 5178
f 5467 5178 5337
f 4997 5348 5468
f 4997 5468 5251
f 5466 5347 5252
f 5178 5467 5466
f 4997 5069 5348
f 5340 5470 5349
f 5344 5343 5471
f 5253 5469 5071
f 5471 5343 5353
f 5181 5472 5180
f 5181 5354 5472
f 5471 5353 5358
f 5179 5254 4861
f 5353 5473 5358
f 5473 5353 5359
f 5363 5473 5359
f 5475 5473 5363
f 4999 5184 5255
f 5363 5364 5475
f 5255 5257 5000
f 4792 5476 5187
f 5476 4792 5256
f 4875 5076 5367
f 5003 4875 5259
f 5368 5192 5369
f 5192 5194 5370
f 5372 5196 5477
f 5196 5090 5477
f 5375 5264 5478
f 5090 5009 5479
f 4893 4890 5377
f 5009 5265 5479
f 5480 5265 5266
f 5264 5376 5481
f 5481 5478 5264
f 5481 5376 5380
f 5483 5481 5380
f 5378 5382 4737
f 5379 5381 5482
f 5482 5381 5484
f 5381 5385 5484
f 5485 5387 4897
f 5484 5385 5486
f 5387 5013 4897
f 5388 5483 5380
f 5385 5268 5269
f 5385 5269 5486
f 5391 5105 5104
f 5487 5269 5020
f 5105 5391 5209
f 5488 5209 5391
f 5107 5393 5271
f 5392 5394 5489
f 5108 5271 5395
f 4911 5395 5396
f 5209 5490 4811
f 5110 5491 5212
f 5492 5273 5112
f 5394 5214 5493
f 5397 5275 4754
f 5112 5399 5492
f 5400 5494 5117
f 5117 5494 5217
f 5403 5116 5404
f 5405 5025 5274
f 5025 4928 5274
f 5113 5219 5401
f 5406 5121 5496
f 4756 5407 5277
f 5027 5119 5495
f 5222 5220 5497
f 5222 5497 5498
f 5125 5222 5278
f 5222 5498 5278
f 5496 5121 5276
f 5276 4939 5223
f 5277 5280 4414
f 5224 5499 5408
f 5224 5279 5499
f 5279 5500 5499
f 5410 5500 5279
f 5037 5280 5227
f 5501 5411 5281
f 5281 5228 5501
f 5228 5134 5412
f 5038 5282 5503
f 5503 5283 5038
f 5135 5417 5229
f 5136 5413 5414
f 5413 5140 5286
f 5417 5138 5231
f 5286 5139 5230
f 5418 5422 5289
f 5290 5232 5420
f 5147 5149 5504
f 5426 5505 5291
f 5288 5427 5044
f 5429 5428 5506
f 5233 5431 5293
f 5427 5431 5233
f 5234 5507 5430
f 5294 5507 5234
f 5294 5432 5507
f 5432 5294 5295
f 5154 5293 5157
f 5235 5296 5158
f 5508 5157 5293
f 5157 5508 5297
f 5508 5510 5297
f 5236 5159 5509
f 5511 5159 5433
f 5297 5510 5238
f 5433 5160 5434
f 5238 5299 4978
f 5299 5300 4837
f 5512 4980 5300
f 4980 5512 5050
f 5302 4982 5304
f 5513 5051 5303
f 5513 5435 5051
f 4983 5436 5052
f 5435 5514 5162
f 5514 5437 5162
f 5163 5164 5515
f 4985 5305 5516
f 5516 5308 4985
f 5443 5447 5444
f 5447 5517 5444
f 5518 5519 5450
f 5450 5519 5448
f 5519 5447 5448
f 5167 5313 5520
f 5521 5450 5449
f 5448 5451 5450
f 5241 5167 5520
f 5520 5315 5241
f 5449 5456 5521
f 5523 5460 5061
f 5174 5320 5526
f 5524 5318 5317
f 5061 5460 5321
f 5319 5321 5320
f 5175 5323 5322
f 4996 5527 5323
f 5324 5527 4996
f 5528 5064 5249
f 5250 5529 5461
f 5250 5322 5530
f 5177 5531 5176
f 5177 5331 5531
f 5532 5326 5462
f 5329 5533 5463
f 5533 5329 5464
f 5330 5064 5528
f 5326 5532 5332
f 5336 5339 5534
f 5336 5534 5464
f 5339 5535 5534
f 5536 5331 5251
f 5532 5470 5465
f 5532 5465 5332
f 5537 5535 5339
f 5538 5535 5537
f 5537 5339 5344
f 5540 5538 5537
f 5539 5467 5337
f 5541 5470 5542
f 5465 5470 5340
f 5543 5344 5471
f 5537 5344 5543
f 5543 5540 5537
f 5348 5071 5469
f 5253 5545 5544
f 5470 5541 5349
f 5540 5543 5546
f 5180 5545 5253
f 5472 5545 5180
f 5472 5541 5545
f 5349 5541 5472
f 5543 5471 5547
f 5548 5543 5547
f 5546 5543 5548
f 5349 5472 5354
f 5358 5550 5471
f 5547 5471 5550
f 5179 5549 5254
f 5551 5548 5547
f 5550 5358 5553
f 5551 5547 5550
f 5473 5553 5358
f 5551 5550 5554
f 5555 5554 5550
f 5555 5550 5553
f 5556 4790 5182
f 5474 5556 5182
f 5553 5473 5557
f 5184 4790 5556
f 5557 5473 5475
f 5558 5553 5557
f 5555 5553 5558
f 5255 5559 5257
f 5475 5364 5560
f 5557 5475 5560
f 5561 5558 5557
f 5560 5561 5557
f 5560 5364 5366
f 5562 5561 5560
f 5560 5366 5562
f 5562 5366 5368
f 5562 5368 5369
f 5369 5563 5562
f 5564 5190 5371
f 5260 5190 5564
f 5261 5260 5565
f 5262 5261 5565
f 5371 5081 5567
f 5262 5568 5373
f 5369 5370 5569
f 5569 5563 5369
f 5569 5370 5375
f 5570 4883 5195
f 5569 5375 5571
f 5563 5569 5571
f 5563 5571 5572
f 5086 5573 5197
f 5478 5571 5375
f 5477 5090 5479
f 5374 5574 5263
f 5263 5574 5267
f 5571 5478 5481
f 5481 5572 5571
f 4890 5197 5377
f 5575 5572 5481
f 5576 4893 5377
f 5378 4893 5576
f 5267 5577 5201
f 5266 5379 5480
f 5483 5575 5481
f 5201 5485 4897
f 5578 5575 5483
f 5100 5384 5386
f 5578 5483 5579
f 5386 5389 4901
f 5388 5579 5483
f 5101 5389 5580
f 5487 5486 5269
f 5579 5388 5392
f 5270 5581 5106
f 5582 5487 5020
f 5106 5581 5393
f 5579 5392 5583
f 5582 5020 5584
f 5020 5272 5584
f 5583 5392 5585
f 5585 5392 5489
f 5210 5588 5272
f 5585 5489 5589
f 5587 5490 5209
f 5212 5588 5210
f 5589 5489 5493
f 5493 5489 5394
f 5493 5590 5589
f 5591 5110 5273
f 5021 5109 5592
f 5021 5592 5398
f 5593 5275 5397
f 5402 5399 4817
f 5594 5274 5215
f 5493 5214 5401
f 5218 5593 5595
f 5275 5593 5218
f 5217 5596 5402
f 5217 5494 5596
f 5216 5597 5400
f 5216 5598 5597
f 5403 5598 5216
f 5595 5407 5218
f 5220 5405 5599
f 5220 5599 5497
f 5408 5495 5119
f 5409 5278 5600
f 5601 5223 5409
f 5501 5228 5502
f 5228 5412 5502
f 5137 5415 5416
f 5284 5416 5602
f 5602 5142 5284
f 5603 5142 5602
f 5142 5603 5143
f 5286 5230 5604
f 5143 5603 5418
f 5605 5417 5231
f 5604 5230 5287
f 5419 5287 4830
f 5422 5418 5606
f 5422 5606 5607
f 5422 5607 5421
f 5505 5420 5291
f 5421 5608 5424
f 5607 5608 5421
f 5424 5608 5610
f 5424 5610 5428
f 5425 5429 5506
f 5505 5425 5506
f 5426 5425 5505
f 5149 5152 5609
f 5610 5608 5611
f 5612 5428 5611
f 5611 5428 5610
f 5430 5507 5613
f 5235 5236 5615
f 5615 5236 5509
f 5509 5159 5511
f 5510 5616 5238
f 5052 5436 5304
f 5513 5514 5435
f 5054 5163 5436
f 5163 5515 5617
f 5437 5305 5239
f 5306 5619 5164
f 5307 5620 5055
f 5620 5306 5055
f 5307 5057 5621
f 5056 5624 5309
f 5166 5439 5623
f 5240 5166 5623
f 5624 5310 5309
f 5626 5440 5441
f 5627 5313 5310
f 5441 5442 5626
f 5629 5628 5517
f 5517 5628 5444
f 5626 5444 5628
f 5442 5444 5626
f 5519 5518 5630
f 5630 5517 5519
f 5447 5519 5517
f 5450 5521 5518
f 5521 5631 5518
f 5521 5456 5522
f 5315 5520 5458
f 5459 5522 5456
f 5061 5458 5523
f 5174 5526 5632
f 5174 5632 5317
f 5632 5524 5317
f 5527 5633 5323
f 5324 5176 5531
f 5634 5327 5635
f 5249 5636 5528
f 5249 5461 5636
f 5250 5530 5529
f 5327 5634 5462
f 5463 5635 5327
f 5533 5635 5463
f 5536 5531 5331
f 5637 5532 5462
f 5470 5532 5639
f 5535 5538 5638
f 5330 5539 5337
f 5251 5468 5536
f 5542 5470 5639
f 5640 5538 5540
f 5539 5641 5467
f 5348 5642 5468
f 5540 5546 5640
f 5467 5643 5466
f 5467 5641 5643
f 5348 5469 5642
f 5542 5544 5545
f 5541 5542 5545
f 5253 5544 5469
f 5347 5549 5179
f 5552 5254 5549
f 5254 5552 5182
f 5474 5182 5552
f 5184 5644 5255
f 5646 5256 5257
f 5076 5187 5648
f 5561 5562 5647
f 5367 5259 4875
f 5260 5564 5565
f 5564 5371 5567
f 5262 5565 5568
f 5195 5566 5570
f 5081 5372 5567
f 5650 5373 5568
f 5477 5651 5372
f 5373 5650 5374
f 4883 5570 5573
f 5086 4883 5573
f 5652 5563 5572
f 5374 5650 5574
f 5479 5265 5653
f 5480 5653 5265
f 5267 5574 5577
f 5480 5379 5654
f 5201 5577 5655
f 5201 5655 5485
f 5482 5484 5656
f 5657 5387 5485
f 5484 5486 5658
f 5659 5387 5657
f 5486 5487 5658
f 5387 5659 5270
f 5270 5659 5581
f 5579 5661 5578
f 5580 5391 5101
f 5581 5662 5393
f 5586 5271 5393
f 5586 5393 5662
f 5661 5583 5585
f 5488 5587 5209
f 5664 5271 5586
f 5271 5664 5395
f 5663 5272 5588
f 5588 5212 5491
f 4811 5490 5397
f 5491 5110 5591
f 5591 5273 5492
f 5211 5666 5109
f 5215 5398 5594
f 5667 5274 5594
f 5494 5400 5597
f 5668 5494 5597
f 5598 5403 5404
f 5669 5401 5219
f 5027 5495 5404
f 5671 5219 5406
f 5407 5670 5277
f 5600 5278 5498
f 5409 5600 5673
f 5409 5673 5601
f 5276 5223 5601
f 5601 5496 5276
f 5277 5670 5280
f 5410 5674 5500
f 5674 5410 5411
f 5675 5674 5411
f 5501 5675 5411
f 5227 5676 5282
f 5677 5675 5501
f 5501 5502 5677
f 5282 5676 5503
f 5229 5417 5678
f 5286 5680 5413
f 5285 5679 5288
f 5231 5290 5605
f 5287 5419 5681
f 5681 5419 5147
f 5682 5681 5147
f 5504 5682 5147
f 5504 5149 5609
f 5607 5683 5608
f 5683 5684 5608
f 5288 5431 5427
f 5608 5684 5611
f 5685 5611 5684
f 5428 5612 5506
f 5507 5432 5613
f 5432 5686 5613
f 5295 5614 5432
f 5614 5295 5296
f 5687 5614 5296
f 5293 5688 5508
f 5296 5235 5687
f 5433 5689 5511
f 5434 5689 5433
f 5238 5616 5299
f 5050 5512 5303
f 5512 5690 5303
f 5513 5303 5690
f 5513 5691 5514
f 5163 5617 5436
f 5437 5692 5693
f 5437 5693 5305
f 5619 5515 5164
f 5305 5693 5618
f 5618 5516 5305
f 5306 5620 5619
f 5307 5621 5620
f 5057 5240 5621
f 5623 5439 5622
f 5056 5308 5624
f 5438 5694 5622
f 5622 5439 5438
f 5625 5694 5438
f 5627 5310 5624
f 5625 5626 5695
f 5625 5438 5440
f 5440 5626 5625
f 5517 5630 5696
f 5696 5629 5517
f 5631 5697 5518
f 5521 5522 5631
f 5522 5459 5700
f 5523 5458 5699
f 5318 5524 5525
f 5318 5525 5701
f 5701 5459 5318
f 5460 5702 5321
f 5321 5526 5320
f 5321 5702 5526
f 5533 5703 5635
f 5461 5529 5636
f 5462 5704 5637
f 5462 5634 5704
f 5464 5703 5533
f 5528 5636 5705
f 5534 5707 5706
f 5535 5707 5534
f 5535 5638 5707
f 5637 5639 5532
f 5542 5639 5709
f 5708 5538 5640
f 5710 5641 5539
f 5542 5709 5544
f 5711 5643 5641
f 5544 5642 5469
f 5466 5712 5347
f 5713 5712 5466
f 5643 5713 5466
f 5546 5548 5714
f 5347 5712 5549
f 5548 5715 5714
f 5551 5715 5548
f 5549 5716 5552
f 5718 5551 5554
f 5554 5555 5718
f 5558 5718 5555
f 5718 5558 5645
f 5559 5646 5257
f 5476 5256 5719
f 5558 5561 5645
f 5645 5561 5647
f 5187 5476 5648
f 5649 5647 5562
f 5720 5367 5076
f 5721 5649 5562
f 5563 5721 5562
f 5652 5721 5563
f 5722 5565 5564
f 5372 5651 5567
f 5477 5479 5653
f 5653 5480 5654
f 5574 5723 5577
f 5482 5725 5379
f 5725 5482 5656
f 5576 5382 5378
f 5203 5726 5384
f 5726 5203 5382
f 5575 5578 5728
f 5484 5658 5727
f 5660 5389 5386
f 5389 5660 5580
f 5578 5661 5728
f 5728 5661 5729
f 5661 5579 5583
f 5582 5584 5731
f 5391 5730 5488
f 5731 5584 5663
f 5272 5663 5584
f 5661 5585 5589
f 5665 5395 5664
f 5665 5396 5395
f 5590 5733 5589
f 5211 5396 5666
f 5734 5109 5666
f 5109 5734 5592
f 5736 5398 5592
f 5737 5590 5493
f 5399 5735 5492
f 5399 5402 5735
f 5493 5401 5737
f 5596 5738 5402
f 5274 5667 5740
f 5494 5668 5596
f 5404 5495 5741
f 5497 5599 5672
f 5497 5672 5498
f 5406 5496 5671
f 5408 5742 5495
f 5743 5408 5499
f 5227 5280 5744
f 5500 5743 5499
f 5744 5676 5227
f 5502 5412 5747
f 5503 5746 5283
f 5747 5412 5229
f 5283 5679 5285
f 5414 5413 5680
f 5748 5414 5680
f 5416 5415 5602
f 5679 5749 5288
f 5603 5751 5418
f 5750 5753 5288
f 5604 5287 5681
f 5290 5752 5605
f 5606 5418 5751
f 5290 5420 5754
f 5752 5290 5754
f 5288 5753 5431
f 5755 5607 5606
f 5756 5607 5755
f 5607 5756 5683
f 5420 5505 5757
f 5609 5152 5758
f 5430 5758 5152
f 5759 5758 5430
f 5430 5613 5759
f 5611 5685 5760
f 5761 5612 5760
f 5612 5611 5760
f 5762 5612 5761
f 5762 5506 5612
f 5432 5614 5686
f 5293 5431 5688
f 5508 5763 5510
f 5616 5764 5299
f 5300 5299 5765
f 5767 5690 5512
f 5304 5768 5302
f 5691 5513 5769
f 5436 5617 5304
f 5514 5692 5437
f 5516 5772 5308
f 5627 5773 5313
f 5630 5774 5696
f 5518 5775 5630
f 5520 5313 5698
f 5697 5631 5776
f 5631 5522 5700
f 5776 5631 5700
f 5458 5520 5777
f 5458 5778 5699
f 5459 5701 5700
f 5460 5523 5699
f 5460 5699 5702
f 5526 5702 5632
f 5527 5779 5633
f 5780 5322 5781
f 5323 5781 5322
f 5633 5781 5323
f 5324 5779 5527
f 5531 5779 5324
f 5635 5783 5634
f 5703 5783 5635
f 5636 5529 5785
f 5529 5530 5785
f 5322 5780 5530
f 5786 5782 5531
f 5784 5703 5464
f 5784 5464 5706
f 5534 5706 5464
f 5528 5705 5330
f 5705 5790 5330
f 5786 5531 5536
f 5639 5637 5788
f 5538 5789 5638
f 5538 5708 5789
f 5330 5790 5539
f 5468 5786 5536
f 5787 5786 5642
f 5642 5786 5468
f 5791 5787 5642
f 5544 5709 5791
f 5792 5708 5640
f 5791 5642 5544
f 5546 5793 5640
f 5793 5792 5640
f 5546 5714 5793
f 5549 5712 5794
f 5794 5712 5713
f 5793 5714 5795
f 5796 5549 5794
f 5714 5715 5795
f 5716 5549 5796
f 5551 5717 5715
f 5552 5797 5474
f 5551 5718 5717
f 5556 5644 5184
f 5255 5644 5559
f 5645 5798 5718
f 5645 5800 5798
f 5801 5798 5800
f 5256 5646 5719
f 5645 5647 5800
f 5649 5800 5647
f 5648 5720 5076
f 5259 5367 5720
f 5566 5195 5802
f 5564 5567 5803
f 5564 5803 5722
f 5565 5722 5804
f 5568 5565 5804
f 5568 5804 5805
f 5568 5805 5650
f 5651 5806 5567
f 5807 5806 5651
f 5650 5808 5574
f 5805 5808 5650
f 5572 5809 5652
f 5651 5477 5653
f 5807 5651 5653
f 5653 5810 5807
f 5377 5197 5812
f 5723 5808 5811
f 5808 5723 5574
f 5653 5654 5810
f 5724 5577 5723
f 5572 5575 5728
f 5379 5725 5654
f 5724 5655 5577
f 5813 5382 5576
f 5655 5814 5485
f 5656 5484 5815
f 5815 5484 5727
f 5814 5657 5485
f 5658 5487 5582
f 5581 5659 5662
f 5587 5488 5817
f 5661 5589 5732
f 5816 5661 5732
f 5588 5818 5663
f 5732 5589 5819
f 5588 5491 5820
f 5589 5733 5819
f 5821 5491 5591
f 5665 5666 5396
f 5821 5591 5492
f 5590 5737 5733
f 5735 5402 5738
f 5737 5401 5669
f 5274 5740 5405
f 5596 5739 5738
f 5668 5739 5596
f 5597 5598 5824
f 5404 5826 5598
f 5825 5669 5219
f 5825 5219 5671
f 5672 5828 5498
f 5496 5829 5671
f 5408 5830 5742
f 5830 5408 5743
f 5600 5831 5673
f 5601 5673 5832
f 5832 5829 5601
f 5496 5601 5829
f 5744 5280 5670
f 5832 5673 5831
f 5675 5677 5833
f 5503 5676 5834
f 5677 5502 5833
f 5502 5747 5745
f 5229 5678 5747
f 5283 5746 5679
f 5417 5836 5678
f 5836 5835 5678
f 5414 5748 5837
f 5415 5414 5837
f 5605 5836 5417
f 5749 5750 5288
f 5680 5286 5604
f 5752 5836 5605
f 5753 5750 5838
f 5755 5606 5751
f 5420 5839 5754
f 5753 5838 5840
f 5841 5683 5756
f 5420 5757 5839
f 5841 5842 5683
f 5753 5840 5431
f 5842 5841 5843
f 5840 5844 5431
f 5842 5843 5684
f 5683 5842 5684
f 5505 5845 5757
f 5684 5843 5846
f 5685 5684 5846
f 5845 5505 5847
f 5848 5846 5843
f 5685 5846 5760
f 5505 5506 5762
f 5762 5847 5505
f 5846 5848 5849
f 5760 5846 5849
f 5849 5850 5761
f 5849 5761 5760
f 5688 5431 5844
f 5851 5761 5850
f 5762 5761 5851
f 5688 5763 5508
f 5615 5687 5235
f 5509 5511 5852
f 5763 5616 5510
f 5511 5689 5852
f 5434 5298 5853
f 5853 5298 5301
f 5854 5512 5765
f 5765 5512 5300
f 5766 5301 5302
f 5854 5767 5512
f 5302 5768 5855
f 5690 5767 5769
f 5513 5690 5769
f 5768 5304 5617
f 5617 5856 5857
f 5856 5617 5515
f 5515 5619 5770
f 5619 5771 5858
f 5619 5620 5771
f 5618 5859 5516
f 5860 5771 5621
f 5620 5621 5771
f 5860 5240 5861
f 5621 5240 5860
f 5772 5624 5308
f 5622 5862 5623
f 5862 5861 5623
f 5240 5623 5861
f 5863 5695 5626
f 5863 5628 5864
f 5626 5628 5863
f 5628 5629 5865
f 5628 5865 5864
f 5313 5773 5698
f 5518 5697 5866
f 5866 5775 5518
f 5867 5520 5698
f 5520 5867 5777
f 5458 5777 5778
f 5776 5700 5868
f 5869 5699 5778
f 5524 5870 5871
f 5524 5871 5525
f 5632 5702 5870
f 5870 5524 5632
f 5782 5779 5531
f 5530 5873 5785
f 5530 5780 5873
f 5786 5874 5782
f 5875 5786 5787
f 5788 5637 5704
f 5638 5789 5707
f 5705 5876 5790
f 5709 5788 5878
f 5709 5639 5788
f 5787 5791 5877
f 5710 5539 5790
f 5711 5713 5643
f 5879 5793 5795
f 5880 5796 5794
f 5794 5713 5880
f 5881 5552 5716
f 5796 5881 5716
f 5881 5797 5552
f 5474 5797 5556
f 5717 5718 5882
f 5797 5883 5556
f 5882 5718 5798
f 5559 5799 5884
f 5559 5644 5799
f 5884 5646 5559
f 5567 5806 5803
f 5805 5886 5808
f 5886 5887 5808
f 5573 5570 5197
f 5808 5887 5811
f 5570 5812 5197
f 5377 5812 5888
f 5889 5723 5811
f 5377 5888 5576
f 5724 5723 5889
f 5891 5655 5724
f 5572 5728 5809
f 5725 5656 5890
f 5657 5892 5659
f 5727 5658 5582
f 5582 5893 5727
f 5894 5728 5729
f 5582 5731 5893
f 5895 5662 5659
f 5391 5580 5896
f 5896 5730 5391
f 5662 5895 5586
f 5661 5816 5729
f 5488 5730 5817
f 5895 5897 5586
f 5663 5818 5731
f 5664 5586 5897
f 5818 5588 5820
f 5587 5817 5490
f 5666 5665 5664
f 5490 5823 5397
f 5491 5821 5820
f 5733 5822 5819
f 5593 5397 5898
f 5898 5397 5823
f 5594 5398 5899
f 5594 5899 5667
f 5595 5670 5407
f 5668 5597 5824
f 5668 5900 5739
f 5824 5598 5826
f 5826 5404 5741
f 5599 5405 5827
f 5599 5827 5672
f 5495 5742 5741
f 5828 5600 5498
f 5831 5600 5902
f 5500 5903 5743
f 5675 5904 5674
f 5904 5675 5833
f 5502 5745 5833
f 5503 5834 5746
f 5747 5678 5905
f 5905 5678 5835
f 5906 5748 5680
f 5415 5837 5907
f 5415 5907 5602
f 5603 5602 5908
f 5909 5835 5836
f 5910 5680 5604
f 5603 5908 5751
f 5836 5911 5909
f 5911 5836 5752
f 5752 5754 5911
f 5913 5756 5755
f 5838 5912 5840
f 5914 5841 5756
f 5843 5841 5915
f 5759 5613 5686
f 5916 5847 5762
f 5614 5917 5686
f 5615 5918 5687
f 5615 5509 5919
f 5299 5764 5765
f 5301 5766 5853
f 5765 5920 5854
f 5302 5855 5766
f 5769 5921 5691
f 5617 5857 5768
f 5691 5922 5514
f 5514 5922 5692
f 5856 5515 5770
f 5923 5856 5770
f 5770 5619 5858
f 5924 5858 5771
f 5516 5859 5772
f 5862 5622 5694
f 5624 5926 5627
f 5625 5695 5927
f 5629 5696 5865
f 5775 5774 5630
f 5866 5697 5776
f 5868 5866 5776
f 5929 5700 5701
f 5699 5869 5930
f 5931 5871 5870
f 5702 5699 5930
f 5930 5931 5702
f 5870 5702 5931
f 5932 5781 5633
f 5633 5872 5932
f 5779 5872 5633
f 5779 5933 5872
f 5780 5781 5934
f 5932 5934 5781
f 5779 5874 5933
f 5782 5874 5779
f 5634 5783 5935
f 5783 5937 5936
f 5703 5937 5783
f 5703 5938 5937
f 5784 5938 5703
f 5704 5940 5788
f 5704 5941 5940
f 5941 5704 5634
f 5636 5942 5705
f 5943 5785 5873
f 5875 5874 5786
f 5875 5787 5939
f 5939 5787 5877
f 5789 5945 5707
f 5709 5877 5791
f 5944 5877 5709
f 5878 5944 5709
f 5708 5792 5946
f 5641 5947 5711
f 5947 5641 5710
f 5792 5793 5948
f 5792 5948 5946
f 5949 5713 5950
f 5950 5713 5711
f 5713 5949 5880
f 5796 5880 5881
f 5951 5795 5715
f 5715 5717 5952
f 5797 5881 5953
f 5952 5717 5882
f 5883 5644 5556
f 5798 5801 5882
f 5644 5954 5799
f 5882 5801 5955
f 5955 5801 5956
f 5800 5956 5801
f 5800 5957 5956
f 5955 5956 5958
f 5959 5955 5958
f 5476 5719 5960
f 5960 5648 5476
f 5648 5960 5720
f 5800 5649 5957
f 5956 5957 5961
f 5958 5956 5961
f 5649 5962 5957
f 5963 5959 5958
f 5720 5885 5259
f 5961 5957 5962
f 5963 5958 5965
f 5965 5958 5961
f 5962 5649 5966
f 5961 5962 5966
f 5965 5961 5966
f 5963 5965 5967
f 5649 5721 5966
f 5802 5195 5259
f 5965 5966 5968
f 5968 5967 5965
f 5966 5721 5968
f 5803 5969 5722
f 5722 5969 5804
f 5806 5970 5803
f 5969 5803 5970
f 5805 5804 5886
f 5967 5968 5971
f 5804 5969 5886
f 5968 5652 5971
f 5721 5652 5968
f 5807 5970 5806
f 5972 5969 5970
f 5886 5969 5972
f 5886 5972 5887
f 5652 5809 5971
f 5970 5807 5810
f 5972 5970 5810
f 5887 5972 5974
f 5887 5974 5811
f 5974 5972 5975
f 5889 5811 5974
f 5889 5974 5975
f 5654 5976 5810
f 5976 5972 5810
f 5976 5975 5972
f 5654 5725 5976
f 5890 5975 5976
f 5977 5576 5888
f 5976 5725 5890
f 5890 5656 5815
f 5891 5814 5655
f 5726 5382 5813
f 5814 5979 5657
f 5894 5973 5809
f 5813 5980 5384
f 5813 5384 5726
f 5978 5815 5727
f 5809 5728 5894
f 5980 5981 5384
f 5981 5386 5384
f 5660 5386 5981
f 5983 5982 5893
f 5982 5727 5893
f 5984 5983 5893
f 5893 5731 5984
f 5892 5895 5659
f 5986 5984 5731
f 5986 5731 5818
f 5987 5664 5897
f 5988 5729 5816
f 5818 5820 5989
f 5816 5732 5988
f 5990 5989 5820
f 5664 5987 5666
f 5666 5987 5991
f 5988 5732 5819
f 5988 5819 5992
f 5666 5991 5734
f 5992 5819 5822
f 5492 5993 5821
f 5592 5734 5736
f 5733 5737 5822
f 5492 5994 5993
f 5735 5994 5492
f 5737 5995 5822
f 5995 5992 5822
f 5735 5996 5994
f 5738 5996 5735
f 5737 5669 5997
f 5737 5997 5995
f 5595 5998 5670
f 5999 5738 5739
f 5405 5740 5827
f 5669 5825 5997
f 5824 5900 5668
f 5825 5671 5901
f 6000 5741 5742
f 5670 6001 5744
f 5600 5828 5902
f 5500 5674 5903
f 5905 5745 5747
f 6003 5679 5746
f 5910 5906 5680
f 5908 5602 6005
f 6004 5835 5909
f 5750 6006 5838
f 5751 6007 5755
f 6006 5912 5838
f 5681 5682 6008
f 5913 5914 5756
f 6009 5840 5912
f 5682 5504 6008
f 6010 5504 5609
f 5758 6010 5609
f 5844 5840 6011
f 5915 6012 5843
f 6013 5844 6011
f 5843 6012 5848
f 5845 5847 6014
f 5849 5848 6015
f 5849 6015 5850
f 5688 5844 6013
f 5916 5762 5851
f 5916 5851 6016
f 5918 5614 5687
f 5509 5852 5919
f 5763 6018 5616
f 6019 5855 5768
f 5691 5921 5922
f 5856 5923 6020
f 5856 6020 5857
f 5770 6021 5923
f 5770 5858 6021
f 5693 6023 5618
f 6022 5924 6024
f 6021 5858 6022
f 5858 5924 6022
f 6023 5859 5618
f 6024 5860 6025
f 5924 5860 6024
f 5924 5771 5860
f 6025 5861 6026
f 5860 5861 6025
f 5925 5862 6027
f 6026 5862 5925
f 5861 5862 6026
f 5624 5772 5926
f 6028 5862 5694
f 6028 5694 5927
f 5927 5694 5625
f 6029 5863 5864
f 5773 6030 5698
f 5696 5774 5865
f 5775 5866 6031
f 5867 6032 5928
f 5777 5867 5928
f 5778 5777 5928
f 5929 5701 6036
f 5929 5868 5700
f 5869 5778 5928
f 5869 5928 6033
f 6034 5869 6033
f 6035 5930 6034
f 6037 5931 6035
f 5931 6037 5871
f 5525 5871 6038
f 5701 5525 6036
f 5525 6038 6036
f 5930 5869 6034
f 5931 5930 6035
f 5780 5934 6039
f 5933 5874 6040
f 5783 5936 5935
f 5780 6039 5873
f 5875 6041 5874
f 5935 5941 5634
f 5707 6042 5706
f 5706 6042 5784
f 5877 6043 5939
f 5944 6043 5877
f 5944 5878 6043
f 5707 5945 6042
f 6044 5789 5708
f 5790 5876 5710
f 5708 6045 6044
f 5708 5946 6045
f 5711 5947 6046
f 5950 5711 6046
f 5948 5793 5879
f 5795 5951 5879
f 6047 5881 5880
f 5949 6047 5880
f 5715 5952 5951
f 6049 5797 5953
f 5952 5882 6050
f 5954 5644 5883
f 6050 5882 5955
f 6051 6050 5955
f 5719 5646 5884
f 6051 5955 5959
f 5720 5960 5885
f 5959 5963 6052
f 5885 5964 5259
f 5964 5802 5259
f 6053 5963 5967
f 5566 6055 6057
f 5570 5566 6057
f 5967 5971 6056
f 6058 5971 5973
f 5971 5809 5973
f 5975 5890 5815
f 5724 5889 6060
f 5724 6060 5891
f 5977 5813 5576
f 6061 5814 5891
f 6061 5979 5814
f 5982 5978 5727
f 5657 5979 5892
f 5979 6062 5892
f 5580 5660 5981
f 5983 5984 6063
f 5892 6062 5985
f 5985 5895 5892
f 6064 5984 5986
f 5986 5818 6065
f 5730 6067 5817
f 6066 5897 5895
f 5894 5729 5988
f 5990 5820 5821
f 5988 6069 6068
f 5992 6069 5988
f 5821 5993 5990
f 5593 5898 5998
f 5398 5736 5899
f 5992 5995 6070
f 5998 5595 5593
f 6071 5667 5899
f 5670 5998 6072
f 5670 6072 6001
f 5739 6073 5999
f 5900 6074 5739
f 5824 6075 5900
f 5824 5826 6075
f 5827 5740 6076
f 6077 5997 5825
f 6080 5828 5672
f 5901 5671 6082
f 6082 5671 5829
f 5743 6002 5830
f 5831 5902 6084
f 5832 5831 6085
f 5831 6084 6085
f 5829 5832 6086
f 5832 6085 6086
f 6082 5829 6086
f 5743 5903 6002
f 5744 6087 5676
f 6087 5834 5676
f 5833 5745 6088
f 5745 5905 6088
f 6003 6089 5679
f 5905 5835 6004
f 5837 5748 5907
f 5749 6006 5750
f 6005 5602 5907
f 6090 6004 5909
f 5681 6091 5604
f 6007 5913 5755
f 6092 6091 5681
f 5754 6093 5911
f 6092 5681 6008
f 6094 5754 5839
f 5914 6095 5915
f 5914 5915 5841
f 6010 5758 6098
f 5759 6098 5758
f 5759 6101 6098
f 5915 6099 6012
f 5845 6014 5757
f 5686 5917 5759
f 5847 5916 6014
f 5917 5614 6102
f 5851 5850 6103
f 6013 6017 5688
f 5918 5615 6104
f 5688 6105 5763
f 6017 6105 5688
f 5615 5919 6104
f 5763 6105 6018
f 5852 5689 6106
f 5434 5853 5689
f 6018 6107 5616
f 5616 6107 5764
f 6107 5765 5764
f 5765 6107 5920
f 6107 6108 5920
f 5766 5855 6109
f 5920 6108 6110
f 5854 5920 6110
f 5854 6110 5767
f 6110 6111 5767
f 5769 5767 5921
f 5768 5857 6019
f 5857 6112 6019
f 6113 5692 5922
f 6113 6114 5692
f 5923 6021 6115
f 6115 6020 5923
f 6114 5693 5692
f 6023 6117 5859
f 6024 6025 6116
f 6026 6118 6025
f 6119 5772 5859
f 6119 5926 5772
f 5862 6028 6027
f 5627 6030 5773
f 5695 5863 6120
f 6121 5864 5865
f 6122 5698 6030
f 5774 5775 6031
f 5698 6032 5867
f 6123 6031 5866
f 6123 5866 5868
f 5929 6123 5868
f 6038 5871 6037
f 5872 5933 6126
f 6039 5934 6127
f 6126 6128 5872
f 5933 6040 6126
f 5874 6130 6040
f 5874 6041 6130
f 6041 5875 5939
f 5940 5941 6131
f 5938 5784 6132
f 5784 6042 6132
f 5705 5942 6133
f 5636 6134 5942
f 5785 6134 5636
f 5785 5943 6134
f 5878 5940 6043
f 5788 5940 5878
f 6135 5945 5789
f 6133 6136 5876
f 5705 6133 5876
f 5789 6044 6135
f 6137 6045 5946
f 5950 6138 5949
f 6048 5881 6047
f 6048 5953 5881
f 6049 5883 5797
f 5799 5954 6139
f 6140 5884 5799
f 6140 5799 6139
f 5884 6141 5719
f 6140 6141 5884
f 6141 6142 5719
f 6143 6051 5959
f 5959 6052 6143
f 6052 5963 6053
f 5802 5964 6144
f 6053 5967 6054
f 5802 6144 6055
f 5566 5802 6055
f 5967 6056 6054
f 5570 6057 5812
f 5971 6058 6056
f 5975 6059 5889
f 5975 5815 6146
f 5975 6146 6059
f 5889 6059 6060
f 6061 5891 6060
f 6146 5815 5978
f 5978 6147 6146
f 6148 5580 5981
f 6063 5984 6064
f 5986 6065 6064
f 5895 5985 6066
f 5896 6067 5730
f 5985 6149 6066
f 6065 5818 5989
f 5894 5988 6068
f 5897 6066 6150
f 6150 5987 5897
f 6150 5991 5987
f 5490 6151 5823
f 5823 6151 6152
f 5989 5990 5993
f 6153 5734 5991
f 5734 6153 5736
f 6069 5992 6070
f 6154 5899 5736
f 6156 5994 5996
f 5995 6157 6070
f 6076 5667 6071
f 5738 6158 5996
f 5738 5999 6158
f 5995 6078 6157
f 6073 5739 6074
f 6074 5900 6075
f 6077 6078 5997
f 6078 5995 5997
f 5741 6000 5826
f 6000 6079 5826
f 5827 6159 6160
f 5672 5827 6160
f 5672 6160 6080
f 5825 5901 6077
f 6077 5901 6161
f 6000 6081 6079
f 5742 6081 6000
f 6087 5744 6001
f 5830 6083 5742
f 5830 6002 6083
f 5903 6162 6002
f 5903 5674 6162
f 5834 6163 5746
f 6088 6164 5904
f 5904 5833 6088
f 6163 6003 5746
f 6088 6166 6165
f 5905 6166 6088
f 5679 6089 5749
f 6167 6006 5749
f 5748 5906 6168
f 6169 5908 6005
f 5908 6169 5751
f 5751 6169 6007
f 6169 6171 6007
f 6090 5909 5911
f 6007 6171 5913
f 6172 5913 6171
f 5913 6172 5914
f 6093 5754 6094
f 6008 5504 6010
f 6100 6094 5839
f 6100 5839 5757
f 5840 6096 6011
f 5915 6097 6099
f 6100 5757 6014
f 5848 6012 6173
f 6173 6015 5848
f 6014 5916 6174
f 5850 6015 6175
f 5850 6175 6103
f 6016 5851 6176
f 5851 6103 6176
f 5916 6016 6176
f 6177 5614 5918
f 6178 6105 6017
f 5919 5852 6179
f 6105 6180 6018
f 6180 6181 6018
f 5689 5853 6106
f 6018 6181 6107
f 5853 5766 6183
f 6107 6181 6108
f 5766 6109 6183
f 6109 5855 6019
f 6111 6184 5767
f 5921 5767 6184
f 6184 6113 5921
f 5857 6185 6112
f 5921 6113 5922
f 5857 6020 6185
f 6186 6114 6113
f 6020 6115 6185
f 6115 6187 6188
f 6115 6021 6187
f 6114 6023 5693
f 6021 6022 6187
f 6187 6022 6116
f 6022 6024 6116
f 6025 6118 6116
f 5925 6118 6026
f 5925 6189 6118
f 6027 6189 5925
f 5926 6191 5627
f 5926 6190 6191
f 5695 6120 5927
f 6029 6120 5863
f 5864 6121 6029
f 6192 6121 5774
f 6031 6192 5774
f 5865 5774 6121
f 6032 6124 5928
f 6124 6033 5928
f 6037 6035 6194
f 6037 6195 6038
f 6195 6125 6038
f 6125 5929 6036
f 6036 6038 6125
f 5932 6127 5934
f 6127 5932 6196
f 5872 6196 5932
f 5872 6128 6196
f 6197 6126 6040
f 5936 6198 5935
f 6129 6199 5937
f 5937 6199 5936
f 5873 6039 6200
f 6039 6127 6200
f 6040 6130 6197
f 6201 5940 6131
f 5937 6132 6129
f 5938 6132 5937
f 5939 6201 6041
f 6043 6201 5939
f 5940 6201 6043
f 5945 6202 6042
f 6045 6137 6044
f 6204 6137 5946
f 6204 5946 5948
f 6204 5948 6205
f 6205 5948 5879
f 5950 6046 6138
f 6206 5879 5951
f 6205 5879 6206
f 6207 6205 6206
f 6206 5951 6208
f 5952 6208 5951
f 6209 6206 6208
f 6208 5952 6050
f 6208 6050 6210
f 6209 6208 6210
f 6212 6050 6051
f 6210 6050 6212
f 6143 6212 6051
f 6213 5719 6142
f 5719 6213 5960
f 6052 6214 6143
f 6216 6214 6052
f 6217 6216 6052
f 6217 6052 6053
f 5964 6218 6144
f 6145 6219 6054
f 6053 6054 6219
f 6220 6217 6053
f 6219 6220 6053
f 6054 6056 6145
f 6219 6145 6221
f 6221 6145 6222
f 6219 6221 6223
f 6224 6219 6223
f 6224 6220 6219
f 6056 6058 6145
f 6058 6222 6145
f 5812 6225 5888
f 6221 6222 6226
f 6060 6059 6227
f 6228 6220 6224
f 6146 6147 6059
f 6060 6227 6061
f 6229 5813 5977
f 6059 6147 6230
f 6227 6059 6230
f 6061 6227 6231
f 6061 6231 5979
f 6147 5978 5982
f 6230 6147 5982
f 6227 6230 6232
f 5973 5894 6058
f 6227 6232 6233
f 6231 6227 6233
f 6058 5894 6234
f 6222 6058 6234
f 5979 6231 6235
f 5979 6235 6062
f 5982 5983 6230
f 6226 6222 6234
f 6221 6226 6236
f 6223 6221 6236
f 6224 6223 6236
f 6230 5983 6063
f 6232 6230 6063
f 6231 6233 6235
f 6062 6235 6237
f 6224 6236 6238
f 6238 6228 6224
f 6064 6232 6063
f 6239 6228 6238
f 6148 5896 5580
f 6233 6232 6240
f 6240 6232 6064
f 6062 6237 5985
f 5985 6237 6149
f 6240 6064 6065
f 6235 6233 6240
f 6235 6240 6241
f 6237 6235 6241
f 6237 6241 6149
f 5894 6068 6234
f 6238 6236 6242
f 6242 6239 6238
f 5989 6240 6065
f 6149 6241 6243
f 6243 6241 6240
f 6226 6234 6244
f 6236 6226 6244
f 6242 6236 6244
f 6240 5989 6245
f 6149 6243 6066
f 5490 5817 6151
f 6243 6240 6246
f 6246 6240 6245
f 6066 6243 6150
f 6234 6068 6247
f 6248 6242 6244
f 6244 6234 6247
f 6244 6247 6248
f 5989 5993 6245
f 6150 6243 6249
f 6249 6243 6246
f 5991 6150 6153
f 6150 6249 6153
f 6068 6069 6247
f 5823 6152 5898
f 5993 6250 6245
f 6246 6245 6250
f 6248 6247 6069
f 6251 6246 6250
f 6251 6252 6249
f 6251 6249 6246
f 6153 6249 6252
f 5736 6153 6154
f 6253 6248 6070
f 6070 6248 6069
f 5994 6250 5993
f 5994 6156 6250
f 6254 6250 6156
f 6255 6251 6254
f 6254 6251 6250
f 6255 6254 6156
f 5998 6155 6072
f 6257 6070 6157
f 6156 5996 6258
f 5996 6158 6258
f 5740 5667 6076
f 6078 6257 6157
f 5826 6259 6075
f 5826 6079 6259
f 6161 5901 6082
f 6260 6080 6160
f 5742 6083 6081
f 6080 6260 6261
f 5828 6080 6261
f 5828 6261 5902
f 6082 6086 6263
f 6082 6263 6161
f 6084 5902 6262
f 5834 6087 6264
f 5674 5904 6162
f 5904 6164 6162
f 5905 6265 6166
f 6089 6167 5749
f 5905 6004 6265
f 5906 6267 6168
f 5748 6168 5907
f 6004 6090 6266
f 5910 6170 5906
f 6006 6268 5912
f 5604 6091 5910
f 6270 6090 5911
f 5912 6268 6009
f 6271 6092 6008
f 5840 6009 6096
f 6008 6010 6272
f 6272 6271 6008
f 5915 6095 6097
f 6010 6098 6272
f 6014 6274 6100
f 6013 6011 6273
f 5759 5917 6101
f 6012 6275 6173
f 6276 6013 6273
f 6017 6013 6276
f 6277 6102 5614
f 6175 6278 6103
f 6278 6176 6103
f 6277 5614 6177
f 6104 6177 5918
f 6104 5919 6280
f 6280 5919 6179
f 6178 6180 6105
f 6281 6179 5852
f 5852 6106 6281
f 6182 5853 6183
f 6108 6282 6110
f 6019 6283 6109
f 6282 6111 6110
f 6284 6111 6282
f 6284 6184 6111
f 6283 6286 6285
f 6112 6286 6283
f 6283 6019 6112
f 6284 6287 6184
f 6112 6185 6286
f 6287 6113 6184
f 6186 6113 6287
f 6286 6115 6188
f 6286 6185 6115
f 6289 6288 6290
f 6116 6290 6288
f 6187 6116 6288
f 6289 6118 6291
f 6290 6118 6289
f 6290 6116 6118
f 6292 6291 6189
f 6118 6189 6291
f 6292 6293 6294
f 6027 6293 6292
f 6189 6027 6292
f 6119 6190 5926
f 6027 6028 6293
f 6293 6028 6295
f 6028 5927 6295
f 6295 5927 6120
f 6191 6030 5627
f 6032 5698 6122
f 6031 6193 6192
f 6031 6123 6193
f 6298 6301 6297
f 6296 6301 6298
f 5929 6301 6296
f 6123 5929 6193
f 6193 5929 6296
f 6124 6299 6033
f 6033 6299 6034
f 6034 6299 6194
f 6301 6300 6297
f 6194 6035 6034
f 6037 6194 6195
f 6125 6195 6300
f 6301 6125 6300
f 5929 6125 6301
f 6198 5941 5935
f 5936 6199 6198
f 6041 6302 6130
f 6201 6303 6041
f 6201 6304 6303
f 6131 6304 6201
f 5941 6305 6131
f 6198 6305 5941
f 6042 6202 6132
f 5942 6134 6133
f 5943 6306 6134
f 5873 6200 5943
f 5945 6307 6202
f 6136 5710 5876
f 6136 6203 5710
f 6137 6308 6044
f 6203 5947 5710
f 6137 6204 6308
f 5949 6311 6047
f 6311 5949 6138
f 6048 6312 5953
f 6313 5883 6049
f 6314 5954 5883
f 6315 5954 6314
f 6209 6210 6211
f 6210 6212 6211
f 6316 6211 6212
f 6212 6143 6316
f 6316 6143 6214
f 5885 5960 6215
f 5885 6215 5964
f 5964 6215 6318
f 5964 6318 6319
f 5964 6319 6218
f 6217 6220 6320
f 6320 6220 6321
f 6321 6220 6324
f 6225 5977 5888
f 6220 6228 6324
f 6324 6228 6325
f 6229 5980 5813
f 5980 6326 5981
f 6326 6148 5981
f 6325 6228 6239
f 6242 6327 6239
f 6328 6242 6248
f 6248 6253 6330
f 5898 6152 5998
f 6252 6251 6331
f 6153 6252 6154
f 6070 6256 6253
f 6255 6331 6251
f 6255 6156 6258
f 6070 6257 6256
f 6074 6332 6073
f 6333 6259 6079
f 5827 6076 6159
f 6077 6161 6335
f 5902 6261 6262
f 6263 6336 6161
f 6002 6337 6083
f 6262 6338 6084
f 6084 6338 6085
f 6263 6085 6338
f 6263 6086 6085
f 6002 6162 6337
f 6164 6088 6165
f 6165 6166 6339
f 6265 6004 6266
f 5907 6168 6340
f 5907 6340 6005
f 5906 6170 6267
f 6341 6169 6005
f 6266 6090 6269
f 6270 5911 6093
f 5914 6342 6095
f 6272 6098 6101
f 6099 6275 6012
f 5917 6102 6101
f 6174 6274 6014
f 6343 6015 6173
f 6174 6176 6344
f 5916 6176 6174
f 6343 6175 6015
f 6278 6175 6345
f 6279 6178 6017
f 6346 6108 6181
f 6346 6347 6108
f 6347 6282 6108
f 6283 6348 6109
f 6282 6349 6284
f 6287 6351 6186
f 6186 6351 6114
f 6351 6352 6114
f 6188 6288 6353
f 6187 6288 6188
f 6114 6354 6023
f 6288 6289 6353
f 6117 6023 6354
f 6291 6292 6355
f 6117 6356 5859
f 6356 6119 5859
f 6293 6295 6294
f 6121 6358 6029
f 6122 6359 6032
f 6298 6297 6361
f 6296 6298 6361
f 6195 6363 6300
f 6196 6364 6127
f 6364 6196 6365
f 6128 6126 6197
f 6128 6365 6196
f 6197 6365 6128
f 6197 6130 6366
f 6041 6303 6302
f 6199 6368 6198
f 6129 6132 6202
f 6200 6369 5943
f 6127 6364 6200
f 6197 6366 6365
f 6367 6366 6130
f 6131 6370 6304
f 6371 6370 6131
f 6305 6371 6131
f 6202 6372 6129
f 6136 6133 6373
f 6375 6374 6133
f 6134 6375 6133
f 6135 6044 6376
f 6309 5947 6203
f 6204 6377 6308
f 6378 6377 6204
f 6138 6046 6379
f 5947 6379 6046
f 6205 6378 6204
f 6205 6207 6378
f 6378 6207 6381
f 6381 6382 6378
f 6047 6310 6383
f 6047 6311 6310
f 6048 6383 6312
f 6383 6048 6047
f 6381 6207 6384
f 6313 5953 6312
f 6209 6384 6206
f 6207 6206 6384
f 6313 6049 5953
f 6384 6209 6385
f 6314 5883 6313
f 6387 6384 6386
f 6381 6384 6387
f 6384 6385 6386
f 5954 6388 6139
f 5954 6315 6388
f 6140 6388 6141
f 6139 6388 6140
f 6209 6211 6316
f 6385 6209 6316
f 6386 6385 6390
f 6390 6385 6316
f 6141 6389 6142
f 6386 6390 6391
f 6393 6390 6316
f 5960 6213 6392
f 6316 6214 6317
f 6393 6316 6317
f 6392 6215 5960
f 6214 6216 6317
f 6216 6217 6394
f 6216 6394 6317
f 6217 6320 6394
f 6394 6320 6395
f 6057 6055 6322
f 6320 6321 6397
f 6395 6320 6397
f 6322 5812 6057
f 5812 6322 6323
f 6323 6225 5812
f 6321 6324 6397
f 6326 6398 6148
f 6148 6398 6399
f 5896 6148 6399
f 5896 6399 6067
f 6239 6327 6400
f 6067 6329 5817
f 6242 6328 6327
f 6329 6151 5817
f 6248 6330 6328
f 6328 6330 6401
f 6401 6402 6328
f 6152 6403 5998
f 6404 6330 6253
f 6401 6330 6404
f 6405 5998 6403
f 6331 6406 6252
f 6252 6407 6154
f 6407 6252 6406
f 6407 6408 6154
f 6408 5899 6154
f 6404 6253 6256
f 6401 6404 6409
f 6255 6258 6331
f 6410 5899 6408
f 5899 6410 6071
f 6410 6076 6071
f 6404 6256 6412
f 6412 6256 6411
f 6412 6413 6409
f 6412 6409 6404
f 6258 6158 6414
f 6257 6078 6415
f 6257 6415 6256
f 6415 6411 6256
f 5999 6414 6158
f 5999 6332 6414
f 6332 5999 6073
f 6074 6416 6332
f 6075 6416 6074
f 6259 6416 6075
f 6417 6415 6078
f 6418 6419 6411
f 6412 6411 6419
f 6420 6333 6079
f 6335 6417 6077
f 6077 6417 6078
f 6415 6417 6421
f 6418 6415 6421
f 6411 6415 6418
f 6079 6081 6334
f 6421 6417 6423
f 6424 6418 6421
f 6087 6001 6422
f 6423 6417 6335
f 6087 6422 6264
f 6083 6334 6081
f 5834 6264 6163
f 6337 6162 6425
f 6425 6162 6427
f 6162 6164 6427
f 6426 6003 6163
f 6003 6426 6089
f 6164 6165 6428
f 6165 6339 6428
f 6166 6265 6339
f 6167 6429 6006
f 6430 6340 6168
f 6005 6340 6341
f 6006 6429 6268
f 5910 6091 6431
f 5910 6431 6170
f 6429 6432 6268
f 6268 6432 6009
f 6009 6432 6433
f 5914 6172 6342
f 6271 6272 6434
f 6096 6009 6435
f 6435 6009 6433
f 6436 6097 6095
f 6096 6435 6011
f 6437 6272 6101
f 6011 6435 6273
f 6174 6344 6438
f 6439 6175 6343
f 6176 6440 6344
f 6278 6440 6176
f 6175 6439 6345
f 6278 6345 6440
f 6017 6276 6279
f 6441 6279 6276
f 6442 6279 6441
f 6279 6443 6178
f 6442 6443 6279
f 6178 6443 6180
f 6181 6180 6346
f 6347 6444 6282
f 6109 6348 6183
f 6445 6282 6444
f 6349 6282 6445
f 6447 6349 6445
f 6283 6446 6348
f 6447 6448 6349
f 6449 6283 6285
f 6349 6287 6284
f 6349 6450 6287
f 6448 6450 6349
f 6286 6451 6350
f 6286 6350 6285
f 6450 6452 6287
f 6452 6351 6287
f 6453 6454 6455
f 6451 6453 6455
f 6286 6188 6451
f 6456 6352 6351
f 6452 6456 6351
f 6451 6188 6453
f 6353 6454 6453
f 6188 6353 6453
f 6352 6456 6114
f 6114 6456 6354
f 6457 6353 6289
f 6289 6291 6457
f 6354 6458 6117
f 6457 6291 6355
f 6458 6356 6117
f 6292 6294 6459
f 6355 6292 6459
f 6119 6356 6357
f 6119 6357 6190
f 6294 6295 6460
f 6460 6295 6461
f 6461 6029 6462
f 6120 6029 6295
f 6295 6029 6461
f 6191 6463 6030
f 6464 6358 6192
f 6029 6358 6462
f 6030 6463 6122
f 6121 6192 6358
f 6193 6296 6360
f 6464 6193 6360
f 6192 6193 6464
f 6124 6032 6359
f 6359 6362 6124
f 6299 6124 6362
f 6299 6467 6194
f 6363 6195 6194
f 6303 6468 6302
f 6304 6468 6303
f 6371 6305 6469
f 6469 6305 6198
f 6198 6368 6469
f 6199 6470 6368
f 6129 6470 6199
f 5943 6369 6306
f 6365 6472 6364
f 6365 6366 6472
f 6304 6370 6473
f 6129 6372 6470
f 6307 5945 6135
f 6135 6474 6307
f 6376 6474 6135
f 6203 6136 6475
f 6044 6476 6376
f 6044 6477 6476
f 6044 6308 6477
f 5947 6309 6379
f 6138 6379 6380
f 6138 6380 6311
f 6478 6377 6378
f 6382 6478 6378
f 6382 6381 6479
f 6387 6479 6381
f 6386 6391 6480
f 6386 6480 6387
f 6389 6141 6388
f 6389 6481 6142
f 6392 6213 6482
f 6213 6142 6482
f 6391 6390 6393
f 6215 6483 6318
f 6144 6218 6484
f 6319 6484 6218
f 6144 6396 6055
f 6055 6396 6485
f 6055 6485 6322
f 5977 6225 6486
f 6397 6324 6487
f 6324 6325 6488
f 6400 6488 6325
f 6229 6326 5980
f 6325 6239 6400
f 6151 6329 6403
f 6327 6328 6402
f 6403 6152 6151
f 6401 6490 6402
f 6405 6155 5998
f 6401 6409 6490
f 6258 6491 6331
f 6406 6331 6491
f 6407 6406 6492
f 6408 6407 6492
f 6491 6258 6414
f 6490 6409 6413
f 6494 6001 6072
f 6076 6410 6495
f 6419 6413 6412
f 6259 6496 6416
f 6496 6259 6333
f 6076 6495 6159
f 6419 6418 6424
f 6424 6497 6419
f 6159 6495 6498
f 6499 6160 6159
f 6079 6334 6420
f 6500 6260 6160
f 6260 6501 6261
f 6083 6502 6334
f 6261 6501 6262
f 6161 6336 6503
f 6338 6262 6505
f 6262 6504 6505
f 6263 6338 6336
f 6163 6506 6426
f 6506 6163 6264
f 6425 6427 6507
f 6164 6508 6427
f 6164 6428 6508
f 6089 6509 6167
f 6267 6430 6168
f 6266 6269 6511
f 6341 6510 6169
f 6431 6267 6170
f 6510 6513 6169
f 6169 6513 6171
f 6090 6270 6269
f 6092 6514 6091
f 6514 6092 6271
f 6093 6094 6270
f 6270 6094 6516
f 6271 6434 6515
f 6437 6434 6272
f 6097 6436 6517
f 6097 6517 6099
f 6101 6518 6437
f 6099 6519 6275
f 6102 6277 6518
f 6102 6518 6101
f 6173 6275 6523
f 6523 6343 6173
f 6524 6343 6523
f 6273 6522 6276
f 6522 6441 6276
f 6277 6177 6521
f 6440 6345 6525
f 6177 6104 6280
f 6441 6527 6442
f 6280 6179 6526
f 6442 6527 6443
f 6527 6528 6443
f 6529 6106 5853
f 6529 5853 6182
f 6445 6531 6447
f 6446 6283 6449
f 6447 6531 6448
f 6350 6451 6532
f 6450 6533 6452
f 6532 6451 6455
f 6353 6534 6454
f 6457 6534 6353
f 6354 6535 6458
f 6458 6536 6356
f 6356 6536 6357
f 6191 6190 6357
f 6360 6296 6361
f 6359 6538 6362
f 6539 6297 6363
f 6465 6297 6539
f 6361 6297 6465
f 6362 6540 6466
f 6362 6466 6299
f 6299 6466 6467
f 6363 6194 6542
f 6297 6300 6363
f 6302 6543 6130
f 6134 6306 6375
f 6369 6471 6306
f 6200 6544 6369
f 6200 6364 6544
f 6366 6545 6472
f 6366 6543 6545
f 6367 6543 6366
f 6543 6367 6130
f 6304 6473 6468
f 6202 6546 6372
f 6307 6546 6202
f 6133 6374 6373
f 6369 6544 6471
f 6136 6373 6475
f 6475 6309 6203
f 6308 6377 6477
f 6377 6547 6477
f 6548 6547 6377
f 6380 6549 6311
f 6377 6478 6548
f 6383 6550 6312
f 6550 6383 6310
f 6551 6313 6312
f 6313 6551 6314
f 6388 6315 6552
f 6553 6389 6388
f 6481 6482 6142
f 6484 6319 6318
f 6554 6555 6394
f 6484 6396 6144
f 6395 6397 6556
f 5977 6486 6557
f 6487 6324 6558
f 6324 6488 6558
f 6488 6400 6559
f 6229 6398 6326
f 6399 6398 6489
f 6400 6327 6561
f 6327 6402 6561
f 6561 6402 6562
f 6402 6490 6562
f 6405 6563 6155
f 6406 6491 6492
f 6564 6490 6413
f 6493 6564 6413
f 6155 6494 6072
f 6414 6332 6566
f 6413 6419 6493
f 6001 6494 6422
f 6333 6567 6496
f 6567 6333 6420
f 6159 6498 6499
f 6568 6420 6334
f 6160 6499 6500
f 6424 6421 6569
f 6423 6335 6570
f 6335 6161 6503
f 6422 6571 6264
f 6262 6501 6504
f 6083 6572 6502
f 6337 6572 6083
f 6337 6425 6572
f 6426 6506 6509
f 6508 6507 6427
f 6426 6509 6089
f 6428 6339 6574
f 6265 6574 6339
f 6265 6266 6574
f 6266 6511 6574
f 6512 6267 6431
f 6513 6575 6171
f 6172 6171 6575
f 6432 6576 6433
f 6091 6514 6577
f 6271 6515 6514
f 6342 6579 6095
f 6433 6578 6435
f 6094 6580 6516
f 6580 6094 6100
f 6437 6518 6581
f 6099 6517 6519
f 6274 6438 6520
f 6277 6521 6518
f 6523 6275 6519
f 6438 6274 6174
f 6439 6343 6582
f 6345 6439 6525
f 6106 6529 6281
f 6443 6528 6180
f 6182 6183 6530
f 6347 6346 6444
f 6348 6584 6183
f 6531 6585 6448
f 6448 6585 6450
f 6586 6452 6533
f 6452 6586 6456
f 6587 6454 6534
f 6588 6534 6457
f 6456 6535 6354
f 6537 6589 6459
f 6459 6589 6355
f 6537 6459 6294
f 6357 6536 6590
f 6460 6461 6591
f 6462 6592 6461
f 6357 6593 6191
f 6191 6593 6463
f 6122 6463 6594
f 6122 6594 6359
f 6359 6594 6538
f 6360 6361 6465
f 6362 6538 6540
f 6542 6541 6363
f 6541 6539 6363
f 6466 6540 6596
f 6467 6466 6596
f 6194 6467 6542
f 6371 6469 6597
f 6597 6469 6368
f 6306 6598 6375
f 6544 6364 6472
f 6599 6543 6302
f 6468 6599 6302
f 6370 6600 6473
f 6470 6597 6368
f 6372 6603 6470
f 6372 6546 6604
f 6471 6598 6306
f 6597 6370 6371
f 6474 6546 6307
f 6375 6605 6374
f 6376 6606 6474
f 6476 6606 6376
f 6547 6607 6477
f 6379 6608 6380
f 6310 6549 6550
f 6311 6549 6310
f 6380 6609 6549
f 6478 6382 6610
f 6312 6550 6611
f 6382 6479 6610
f 6611 6551 6312
f 6551 6315 6314
f 6612 6315 6551
f 6613 6479 6387
f 6315 6614 6552
f 6315 6612 6614
f 6387 6480 6613
f 6614 6553 6388
f 6552 6614 6388
f 6615 6481 6389
f 6553 6615 6389
f 6480 6391 6616
f 6617 6616 6391
f 6618 6482 6481
f 6391 6393 6617
f 6393 6317 6619
f 6318 6483 6620
f 6621 6318 6620
f 6317 6394 6619
f 6619 6394 6555
f 6394 6395 6554
f 6485 6622 6322
f 6322 6622 6323
f 6323 6623 6225
f 6556 6397 6487
f 6398 6229 6624
f 6067 6625 6329
f 6560 6400 6561
f 6562 6490 6627
f 6628 6155 6563
f 6491 6630 6492
f 6629 6630 6491
f 6630 6408 6492
f 6490 6564 6627
f 6491 6414 6629
f 6566 6629 6414
f 6630 6629 6566
f 6631 6630 6566
f 6408 6630 6631
f 6408 6565 6410
f 6631 6566 6632
f 6565 6408 6631
f 6416 6566 6332
f 6632 6566 6416
f 6496 6632 6416
f 6567 6632 6496
f 6567 6631 6632
f 6565 6631 6633
f 6633 6631 6567
f 6495 6410 6565
f 6497 6493 6419
f 6633 6420 6634
f 6567 6420 6633
f 6499 6498 6635
f 6497 6424 6636
f 6420 6637 6634
f 6637 6420 6568
f 6638 6499 6635
f 6636 6424 6569
f 6423 6569 6421
f 6334 6502 6568
f 6639 6423 6570
f 6569 6423 6639
f 6502 6640 6568
f 6335 6503 6641
f 6570 6335 6641
f 6336 6338 6573
f 6573 6642 6336
f 6503 6336 6642
f 6506 6264 6571
f 6338 6505 6573
f 6425 6507 6572
f 6507 6508 6644
f 6509 6645 6167
f 6646 6508 6428
f 6428 6574 6646
f 6340 6430 6647
f 6340 6647 6510
f 6341 6340 6510
f 6431 6091 6577
f 6270 6648 6269
f 6172 6575 6579
f 6576 6578 6433
f 6172 6579 6342
f 6100 6650 6580
f 6650 6100 6274
f 6651 6522 6273
f 6274 6520 6650
f 6344 6440 6438
f 6522 6652 6441
f 6343 6524 6582
f 6439 6582 6525
f 6177 6583 6521
f 6177 6280 6583
f 6280 6526 6583
f 6179 6281 6526
f 6528 6654 6180
f 6529 6182 6530
f 6180 6654 6346
f 6183 6655 6530
f 6346 6656 6444
f 6183 6584 6655
f 6657 6444 6656
f 6657 6445 6444
f 6584 6348 6446
f 6445 6657 6531
f 6285 6659 6449
f 6350 6659 6285
f 6659 6350 6532
f 6450 6585 6533
f 6532 6455 6660
f 6586 6533 6661
f 6455 6454 6587
f 6535 6456 6586
f 6535 6586 6662
f 6588 6457 6663
f 6457 6355 6663
f 6535 6664 6458
f 6458 6664 6536
f 6536 6665 6590
f 6666 6537 6294
f 6665 6667 6590
f 6667 6593 6590
f 6666 6294 6591
f 6294 6460 6591
f 6357 6590 6593
f 6668 6593 6667
f 6669 6670 6668
f 6670 6593 6668
f 6671 6670 6669
f 6673 6592 6358
f 6592 6462 6358
f 6595 6670 6671
f 6672 6595 6671
f 6593 6670 6463
f 6595 6594 6670
f 6360 6674 6464
f 6358 6464 6673
f 6594 6463 6670
f 6675 6595 6672
f 6676 6674 6360
f 6595 6538 6594
f 6465 6539 6676
f 6676 6360 6465
f 6675 6540 6595
f 6540 6538 6595
f 6677 6540 6675
f 6675 6678 6677
f 6678 6596 6677
f 6596 6540 6677
f 6542 6467 6596
f 6679 6545 6543
f 6468 6473 6599
f 6600 6370 6601
f 6603 6602 6470
f 6471 6544 6598
f 6472 6681 6544
f 6370 6682 6601
f 6475 6373 6374
f 6685 6684 6379
f 6379 6684 6608
f 6550 6549 6686
f 6549 6609 6686
f 6380 6608 6609
f 6550 6686 6611
f 6611 6686 6687
f 6551 6611 6688
f 6611 6687 6688
f 6612 6551 6688
f 6689 6610 6479
f 6392 6482 6618
f 6215 6392 6483
f 6393 6619 6690
f 6318 6621 6484
f 6396 6691 6485
f 6395 6556 6554
f 6554 6556 6692
f 6623 6323 6622
f 6557 6486 6693
f 6557 6229 5977
f 6624 6229 6694
f 6696 6559 6400
f 6398 6697 6489
f 6698 6696 6400
f 6697 6399 6489
f 6400 6560 6698
f 6067 6399 6625
f 6626 6329 6625
f 6329 6626 6403
f 6626 6405 6403
f 6155 6628 6494
f 6493 6700 6564
f 6701 6700 6493
f 6495 6565 6498
f 6701 6493 6497
f 6634 6565 6633
f 6494 6702 6422
f 6702 6571 6422
f 6501 6260 6500
f 6641 6503 6642
f 6502 6704 6640
f 6572 6705 6502
f 6504 6706 6505
f 6508 6646 6644
f 6645 6707 6167
f 6167 6707 6429
f 6267 6708 6430
f 6430 6709 6647
f 6429 6707 6432
f 6512 6708 6267
f 6269 6710 6511
f 6710 6269 6648
f 6577 6514 6711
f 6270 6516 6649
f 6095 6712 6436
f 6579 6712 6095
f 6714 6651 6435
f 6436 6712 6517
f 6273 6435 6651
f 6520 6715 6650
f 6581 6518 6521
f 6717 6581 6521
f 6716 6652 6522
f 6523 6718 6524
f 6440 6653 6438
f 6521 6583 6719
f 6440 6525 6720
f 6525 6582 6720
f 6652 6721 6441
f 6583 6526 6722
f 6526 6281 6529
f 6527 6723 6528
f 6654 6656 6346
f 6584 6724 6655
f 6657 6658 6531
f 6658 6725 6531
f 6725 6585 6531
f 6585 6726 6533
f 6587 6534 6727
f 6586 6661 6662
f 6534 6588 6727
f 6662 6728 6664
f 6662 6664 6535
f 6589 6663 6355
f 6536 6664 6665
f 6669 6668 6667
f 6461 6592 6591
f 6671 6669 6729
f 6730 6672 6671
f 6674 6673 6464
f 6731 6675 6672
f 6675 6731 6678
f 6539 6732 6676
f 6734 6539 6541
f 6734 6732 6539
f 6733 6596 6678
f 6542 6596 6733
f 6734 6542 6733
f 6541 6542 6734
f 6473 6600 6735
f 6544 6681 6598
f 6545 6736 6472
f 6545 6679 6736
f 6599 6679 6543
f 6600 6601 6735
f 6597 6682 6370
f 6372 6604 6603
f 6474 6737 6546
f 6375 6680 6605
f 6680 6375 6598
f 6374 6683 6475
f 6475 6739 6309
f 6477 6607 6738
f 6379 6309 6685
f 6478 6740 6741
f 6478 6741 6548
f 6687 6686 6742
f 6609 6743 6686
f 6743 6742 6686
f 6740 6478 6610
f 6742 6745 6687
f 6745 6744 6687
f 6745 6742 6746
f 6743 6746 6742
f 6688 6747 6612
f 6687 6744 6688
f 6479 6613 6689
f 6612 6747 6614
f 6688 6744 6747
f 6745 6748 6744
f 6614 6747 6749
f 6613 6480 6750
f 6615 6553 6751
f 6553 6614 6751
f 6751 6614 6749
f 6751 6752 6615
f 6480 6616 6750
f 6481 6754 6618
f 6615 6754 6481
f 6752 6754 6615
f 6616 6617 6753
f 6392 6755 6483
f 6618 6755 6392
f 6393 6690 6617
f 6690 6619 6756
f 6756 6619 6555
f 6555 6554 6757
f 6396 6484 6691
f 6691 6622 6485
f 6692 6757 6554
f 6556 6487 6758
f 6623 6486 6225
f 6759 6486 6623
f 6487 6558 6758
f 6558 6488 6695
f 6488 6559 6695
f 6694 6760 6624
f 6761 6559 6696
f 6398 6624 6697
f 6762 6399 6697
f 6560 6561 6698
f 6698 6561 6699
f 6561 6562 6699
f 6562 6627 6763
f 6700 6627 6564
f 6498 6565 6765
f 6497 6766 6701
f 6634 6765 6565
f 6498 6765 6635
f 6497 6636 6766
f 6637 6765 6634
f 6767 6765 6637
f 6635 6765 6767
f 6638 6635 6767
f 6499 6638 6768
f 6500 6499 6768
f 6769 6636 6569
f 6637 6568 6767
f 6703 6569 6639
f 6568 6640 6770
f 6704 6770 6640
f 6501 6500 6771
f 6771 6504 6501
f 6641 6772 6570
f 6639 6570 6772
f 6704 6502 6705
f 6505 6706 6643
f 6505 6643 6573
f 6642 6573 6775
f 6641 6642 6775
f 6773 6776 6506
f 6506 6776 6509
f 6705 6777 6774
f 6572 6777 6705
f 6507 6777 6572
f 6507 6644 6777
f 6574 6778 6646
f 6430 6708 6709
f 6511 6710 6574
f 6574 6710 6778
f 6510 6779 6513
f 6780 6512 6431
f 6649 6648 6270
f 6514 6515 6711
f 6515 6781 6711
f 6578 6714 6435
f 6516 6580 6713
f 6515 6434 6781
f 6517 6712 6782
f 6651 6716 6522
f 6517 6782 6519
f 6519 6718 6523
f 6783 6524 6718
f 6783 6582 6524
f 6720 6582 6783
f 6653 6440 6720
f 6652 6784 6721
f 6721 6723 6441
f 6441 6723 6527
f 6529 6530 6785
f 6786 6785 6530
f 6786 6530 6655
f 6724 6584 6446
f 6724 6446 6449
f 6787 6725 6658
f 6585 6725 6726
f 6659 6532 6660
f 6660 6455 6789
f 6587 6789 6455
f 6790 6661 6533
f 6728 6662 6661
f 6588 6663 6727
f 6728 6792 6664
f 6791 6793 6728
f 6793 6792 6728
f 6795 6589 6537
f 6665 6664 6792
f 6794 6796 6793
f 6796 6792 6793
f 6796 6798 6792
f 6798 6665 6792
f 6667 6665 6798
f 6796 6800 6801
f 6802 6799 6591
f 6666 6591 6799
f 6796 6729 6798
f 6729 6667 6798
f 6801 6729 6796
f 6802 6803 6804
f 6729 6669 6667
f 6802 6592 6803
f 6591 6592 6802
f 6730 6729 6801
f 6805 6730 6801
f 6806 6730 6805
f 6730 6671 6729
f 6806 6805 6807
f 6805 6808 6807
f 6673 6674 6809
f 6592 6673 6803
f 6806 6731 6730
f 6807 6811 6810
f 6810 6811 6812
f 6731 6672 6730
f 6807 6731 6806
f 6813 6731 6807
f 6812 6732 6810
f 6810 6813 6807
f 6811 6676 6812
f 6674 6676 6811
f 6678 6731 6813
f 6810 6733 6813
f 6732 6733 6810
f 6676 6732 6812
f 6733 6678 6813
f 6732 6734 6733
f 6814 6598 6681
f 6472 6736 6681
f 6599 6735 6679
f 6473 6735 6599
f 6597 6470 6682
f 6682 6470 6816
f 6816 6470 6602
f 6817 6603 6604
f 6817 6604 6546
f 6374 6605 6819
f 6598 6814 6680
f 6606 6737 6474
f 6818 6683 6374
f 6819 6818 6374
f 6476 6821 6606
f 6477 6738 6476
f 6476 6738 6821
f 6739 6475 6683
f 6822 6607 6547
f 6309 6739 6685
f 6547 6548 6822
f 6684 6823 6608
f 6608 6824 6609
f 6823 6824 6608
f 6609 6824 6743
f 6610 6689 6740
f 6746 6825 6745
f 6689 6613 6826
f 6747 6744 6748
f 6748 6749 6747
f 6613 6750 6826
f 6753 6750 6616
f 6618 6828 6755
f 6830 6483 6755
f 6753 6617 6690
f 6830 6620 6483
f 6621 6831 6832
f 6831 6621 6620
f 6484 6621 6833
f 6832 6833 6621
f 6756 6555 6757
f 6692 6556 6758
f 6558 6695 6758
f 6229 6557 6834
f 6834 6694 6229
f 6695 6559 6761
f 6624 6835 6697
f 6762 6625 6399
f 6836 6625 6762
f 6563 6764 6628
f 6627 6700 6763
f 6628 6764 6494
f 6494 6764 6702
f 6636 6769 6766
f 6838 6638 6767
f 6770 6838 6767
f 6770 6767 6568
f 6638 6838 6839
f 6769 6569 6703
f 6703 6639 6772
f 6571 6773 6506
f 6704 6705 6774
f 6504 6771 6840
f 6504 6840 6706
f 6509 6776 6645
f 6841 6644 6646
f 6778 6710 6842
f 6843 6510 6647
f 6510 6843 6779
f 6648 6842 6710
f 6432 6707 6576
f 6708 6512 6844
f 6844 6512 6780
f 6842 6648 6846
f 6576 6845 6578
f 6846 6648 6649
f 6577 6711 6431
f 6516 6713 6649
f 6781 6434 6848
f 6712 6847 6782
f 6434 6849 6848
f 6437 6849 6434
f 6581 6849 6437
f 6782 6850 6519
f 6581 6717 6851
f 6519 6852 6718
f 6438 6653 6520
f 6653 6853 6520
f 6521 6719 6717
f 6783 6718 6854
f 6720 6783 6855
f 6783 6854 6855
f 6856 6722 6526
f 6526 6529 6856
f 6529 6785 6856
f 6723 6857 6528
f 6528 6857 6654
f 6858 6654 6857
f 6656 6654 6858
f 6655 6859 6786
f 6858 6657 6656
f 6655 6724 6859
f 6449 6860 6724
f 6787 6861 6725
f 6659 6660 6788
f 6725 6861 6726
f 6533 6726 6790
f 6862 6789 6587
f 6728 6661 6790
f 6862 6587 6727
f 6728 6863 6791
f 6663 6589 6865
f 6864 6793 6791
f 6795 6537 6797
f 6797 6537 6666
f 6666 6799 6797
f 6800 6796 6794
f 6866 6801 6800
f 6867 6805 6801
f 6867 6868 6805
f 6809 6803 6673
f 6808 6805 6868
f 6870 6871 6811
f 6674 6811 6809
f 6869 6807 6808
f 6811 6807 6869
f 6870 6811 6869
f 6736 6815 6681
f 6603 6817 6872
f 6605 6680 6819
f 6681 6815 6814
f 6682 6820 6601
f 6546 6873 6817
f 6822 6548 6874
f 6548 6741 6874
f 6824 6746 6743
f 6824 6875 6746
f 6876 6748 6745
f 6877 6749 6748
f 6749 6878 6751
f 6751 6878 6827
f 6827 6752 6751
f 6752 6827 6880
f 6752 6880 6754
f 6879 6750 6753
f 6618 6754 6828
f 6753 6829 6879
f 6829 6753 6690
f 6831 6620 6830
f 6881 6756 6757
f 6691 6484 6833
f 6757 6692 6882
f 6757 6882 6881
f 6883 6622 6691
f 6622 6884 6623
f 6692 6758 6885
f 6759 6693 6486
f 6885 6758 6886
f 6758 6695 6886
f 6834 6760 6694
f 6886 6695 6761
f 6887 6761 6696
f 6697 6835 6888
f 6696 6698 6889
f 6889 6887 6696
f 6698 6699 6889
f 6699 6890 6889
f 6626 6625 6836
f 6837 6405 6626
f 6699 6562 6763
f 6699 6763 6892
f 6837 6563 6405
f 6894 6702 6764
f 6895 6701 6766
f 6638 6839 6768
f 6896 6773 6571
f 6838 6770 6839
f 6500 6768 6771
f 6897 6703 6772
f 6704 6898 6770
f 6897 6772 6900
f 6704 6774 6898
f 6771 6899 6840
f 6772 6641 6901
f 6773 6902 6776
f 6706 6840 6903
f 6706 6903 6643
f 6573 6643 6775
f 6644 6905 6777
f 6644 6841 6905
f 6646 6778 6841
f 6906 6647 6709
f 6844 6907 6708
f 6707 6845 6576
f 6909 6780 6431
f 6513 6908 6575
f 6579 6910 6712
f 6580 6715 6911
f 6715 6580 6650
f 6651 6912 6716
f 6851 6849 6581
f 6652 6716 6784
f 6854 6718 6852
f 6583 6722 6914
f 6721 6915 6723
f 6915 6916 6723
f 6723 6916 6857
f 6724 6917 6859
f 6858 6918 6657
f 6918 6658 6657
f 6658 6918 6919
f 6919 6787 6658
f 6788 6860 6449
f 6788 6449 6659
f 6861 6920 6726
f 6788 6660 6789
f 6920 6790 6726
f 6790 6863 6728
f 6921 6862 6727
f 6922 6921 6727
f 6864 6791 6863
f 6663 6865 6922
f 6922 6727 6663
f 6793 6864 6923
f 6794 6793 6923
f 6866 6924 6801
f 6808 6868 6926
f 6869 6808 6926
f 6870 6869 6927
f 6871 6870 6927
f 6811 6871 6809
f 6736 6679 6928
f 6928 6679 6929
f 6679 6735 6929
f 6602 6603 6931
f 6931 6603 6872
f 6930 6929 6735
f 6601 6932 6735
f 6816 6820 6682
f 6737 6873 6546
f 6606 6821 6737
f 6739 6683 6933
f 6822 6934 6607
f 6935 6874 6741
f 6740 6935 6741
f 6936 6824 6823
f 6935 6740 6689
f 6825 6746 6875
f 6937 6875 6824
f 6935 6689 6938
f 6825 6876 6745
f 6939 6938 6689
f 6689 6826 6939
f 6940 6877 6748
f 6876 6940 6748
f 6877 6878 6749
f 6941 6826 6750
f 6941 6939 6826
f 6941 6750 6879
f 6829 6942 6879
f 6942 6941 6879
f 6880 6828 6754
f 6942 6829 6943
f 6755 6944 6830
f 6829 6756 6945
f 6690 6756 6829
f 6943 6829 6945
f 6946 6942 6943
f 6943 6945 6946
f 6946 6945 6947
f 6756 6881 6945
f 6947 6945 6881
f 6881 6882 6948
f 6947 6881 6948
f 6622 6883 6884
f 6882 6692 6885
f 6882 6885 6950
f 6948 6882 6950
f 6623 6952 6759
f 6693 6954 6557
f 6950 6885 6886
f 6950 6886 6955
f 6886 6761 6955
f 6887 6955 6761
f 6624 6956 6835
f 6956 6624 6760
f 6957 6955 6887
f 6762 6697 6888
f 6887 6889 6957
f 6957 6889 6890
f 6836 6891 6626
f 6890 6699 6892
f 6891 6837 6626
f 6893 6563 6837
f 6892 6763 6958
f 6893 6764 6563
f 6700 6701 6959
f 6701 6895 6959
f 6895 6766 6960
f 6769 6960 6766
f 6961 6895 6960
f 6702 6896 6571
f 6839 6962 6768
f 6769 6703 6897
f 6769 6897 6960
f 6961 6960 6963
f 6770 6898 6839
f 6898 6962 6839
f 6771 6768 6964
f 6963 6960 6897
f 6771 6964 6899
f 6897 6900 6966
f 6898 6967 6965
f 6774 6967 6898
f 6641 6775 6901
f 6901 6966 6772
f 6772 6966 6900
f 6968 6897 6966
f 6643 6903 6904
f 6775 6643 6904
f 6902 6969 6776
f 6967 6774 6777
f 6776 6969 6645
f 6841 6970 6905
f 6841 6971 6970
f 6841 6778 6971
f 6972 6709 6708
f 6778 6973 6971
f 6906 6843 6647
f 6842 6973 6778
f 6779 6908 6513
f 6973 6842 6846
f 6974 6578 6845
f 6846 6649 6975
f 6578 6974 6714
f 6431 6711 6909
f 6575 6910 6579
f 6649 6713 6975
f 6580 6911 6713
f 6651 6714 6912
f 6847 6976 6782
f 6913 6715 6520
f 6850 6977 6519
f 6912 6784 6716
f 6977 6852 6519
f 6852 6978 6854
f 6653 6720 6853
f 6583 6979 6719
f 6914 6979 6583
f 6784 6980 6721
f 6980 6915 6721
f 6915 6981 6916
f 6981 6982 6916
f 6982 6984 6916
f 6785 6786 6983
f 6916 6984 6857
f 6984 6858 6857
f 6986 6859 6987
f 6786 6859 6986
f 6917 6724 6988
f 6988 6724 6860
f 6991 6860 6788
f 6787 6989 6861
f 6992 6989 6990
f 6788 6993 6991
f 6992 6861 6989
f 6994 6861 6992
f 6994 6920 6861
f 6788 6789 6993
f 6993 6789 6995
f 6994 6863 6920
f 6996 6863 6994
f 6995 6862 6921
f 6789 6862 6995
f 6863 6790 6920
f 6997 6922 6998
f 6921 6922 6997
f 6864 6863 6999
f 6922 7000 6998
f 7001 6864 6999
f 6922 6865 7000
f 7002 6923 6864
f 6865 6795 7000
f 7004 7003 6795
f 7000 6795 7003
f 6865 6589 6795
f 7005 6923 7002
f 6795 7006 7004
f 7006 7007 7004
f 6795 6797 7006
f 6794 6923 7005
f 6800 6794 7005
f 6800 7005 6866
f 7008 7007 7009
f 7006 6799 7007
f 6797 6799 7006
f 7008 7009 7010
f 6799 6802 7009
f 6799 7009 7007
f 7009 7012 7010
f 6802 6804 7009
f 6801 6924 6867
f 6924 7014 6867
f 7011 7016 7013
f 7010 7012 7011
f 7012 7016 7011
f 7009 6804 7012
f 6867 7014 6925
f 7013 7015 7017
f 7016 7015 7013
f 6804 6803 7012
f 6868 6867 7018
f 6867 6925 7018
f 6868 7018 6926
f 6927 7015 6871
f 7016 6809 7015
f 7012 6809 7016
f 6803 6809 7012
f 6869 6926 6927
f 6809 6871 7015
f 6814 6815 7019
f 6736 6928 6815
f 6932 6601 6820
f 6602 6931 6816
f 7020 6818 6819
f 6680 7020 6819
f 6933 6683 6818
f 6738 7022 7021
f 7022 6738 6607
f 6607 6934 7022
f 6739 6933 6685
f 6822 6874 6934
f 6935 7023 6874
f 6684 7024 6823
f 6685 7024 6684
f 6937 6824 6936
f 7025 6935 6938
f 7026 6878 6877
f 6940 7026 6877
f 6878 7026 6827
f 7029 6827 7027
f 7029 6880 6827
f 7031 7030 6828
f 6880 7031 6828
f 6831 6830 6944
f 6942 6946 7032
f 6946 6947 7032
f 7032 6947 6949
f 6949 6947 6951
f 6947 6948 6951
f 6951 6948 6953
f 6948 6950 6953
f 6759 6952 6693
f 6952 6954 6693
f 6557 6954 7035
f 6834 6557 7035
f 6950 6955 6953
f 6762 7037 6836
f 6836 7038 6891
f 6890 6892 7039
f 7039 6892 6958
f 6893 7040 6764
f 6763 6700 6958
f 6958 6700 7041
f 6898 6965 6962
f 6768 6962 6964
f 6962 6965 6964
f 7042 6965 6967
f 7043 6968 6966
f 6963 6897 6968
f 6901 6775 6904
f 6966 6901 7044
f 6966 7044 7043
f 6905 6967 6777
f 6969 7045 6645
f 6645 7045 6707
f 7045 6845 6707
f 6709 6972 7047
f 7047 6906 6709
f 6907 6972 6708
f 6779 6843 7048
f 6973 6846 7049
f 7050 6780 6909
f 6908 7051 6575
f 7049 6846 6975
f 7051 6910 6575
f 6974 6912 6714
f 6711 6781 7052
f 7053 6712 6910
f 6713 6911 7054
f 6712 7053 6847
f 6782 6976 6850
f 6849 6851 7055
f 6976 6977 6850
f 6853 6913 6520
f 6912 7056 6784
f 6979 6717 6719
f 6854 6978 6855
f 6720 6855 7057
f 6853 6720 7057
f 6914 6722 7058
f 7058 6722 6856
f 6981 6915 7059
f 6785 6983 6856
f 6786 7061 6983
f 6984 7060 6985
f 7060 6984 6982
f 7061 6786 6986
f 6984 6985 6858
f 6985 6918 6858
f 6918 6985 7062
f 6987 6859 6917
f 6919 6990 6787
f 6787 6990 6989
f 6988 6860 6991
f 7063 6993 6995
f 6995 6921 6997
f 6999 6863 6996
f 7001 7002 6864
f 7065 7004 7007
f 7005 7064 6866
f 7064 6924 6866
f 7011 7066 7010
f 7013 7017 7068
f 6925 7014 7018
f 6926 7018 7069
f 7069 7070 6927
f 7070 7017 6927
f 7017 7015 6927
f 6927 6926 7069
f 6815 6928 7071
f 6928 6929 7072
f 6735 7073 6930
f 7073 6735 6932
f 6680 6814 7020
f 7019 7074 6814
f 6815 7071 7019
f 7072 7071 6928
f 6820 7073 6932
f 6817 7076 6872
f 6873 7077 6817
f 6817 7077 7076
f 6737 7078 6873
f 6821 7078 6737
f 6738 7021 6821
f 7079 6933 6818
f 6874 7023 6934
f 6933 7080 6685
f 6935 7025 7023
f 6823 7024 6936
f 6875 7081 6825
f 6937 7081 6875
f 6825 7082 6876
f 6825 7081 7082
f 6940 6876 7082
f 6938 6939 7028
f 6940 7082 7083
f 7084 7083 7082
f 7085 7084 7082
f 7026 6940 7083
f 7026 7027 6827
f 6939 6941 7028
f 7086 7027 7026
f 7083 7086 7026
f 7087 7083 7088
f 7084 7088 7083
f 7029 7027 7031
f 7083 7087 7086
f 7028 6941 7089
f 7090 7028 7089
f 7029 7031 6880
f 6942 7089 6941
f 7027 7091 7031
f 7091 7027 7086
f 7091 7092 7031
f 6942 7093 7089
f 6755 6828 7030
f 7031 7094 7030
f 7092 7094 7031
f 7095 7092 7091
f 7096 7090 7089
f 7093 7096 7089
f 6755 7097 6944
f 6755 7030 7097
f 7094 7098 7030
f 6942 7032 7093
f 6831 6944 7097
f 7030 7099 7097
f 7098 7099 7030
f 7093 7032 7100
f 6831 7101 6832
f 7097 7101 6831
f 7101 7097 7102
f 7099 7102 7097
f 7103 7096 7093
f 7100 7103 7093
f 7104 6833 6832
f 7032 6949 7100
f 6833 7033 6691
f 7104 7033 6833
f 7100 6949 7105
f 6883 6691 7033
f 6883 7106 6884
f 7107 7103 7100
f 7105 6949 6951
f 7107 7100 7108
f 7108 7100 7105
f 7105 6951 7109
f 7109 6951 7110
f 7108 7105 7111
f 6952 6623 7034
f 6951 6953 7112
f 7110 6951 7112
f 7113 7108 7111
f 7111 7105 7109
f 6954 6952 7114
f 7109 7110 7116
f 7117 6760 6834
f 6953 6955 7112
f 6760 7117 6956
f 7111 7109 7116
f 7113 7111 7118
f 7118 7115 7113
f 6956 7036 6835
f 7111 7116 7118
f 6835 7036 6888
f 7120 7115 7118
f 6888 7036 7119
f 7112 6955 7121
f 7110 7112 7121
f 6955 6957 7121
f 6762 7119 7037
f 6888 7119 6762
f 7116 7110 7121
f 7123 7120 7118
f 7037 7122 6836
f 6836 7122 7038
f 6890 7121 6957
f 7116 7121 7124
f 7125 7116 7124
f 7118 7116 7126
f 7126 7116 7125
f 7126 7123 7118
f 6890 7039 7127
f 7121 6890 7127
f 7128 7123 7126
f 7121 7127 7124
f 7039 7130 7127
f 7125 7124 7131
f 7126 7125 7132
f 7132 7125 7131
f 7039 6958 7133
f 7130 7039 7133
f 7124 7127 7131
f 7131 7127 7130
f 7134 7132 7131
f 7131 7130 7134
f 7135 7136 7134
f 7132 7134 7136
f 7137 7130 7133
f 7134 7130 7137
f 6958 7041 7133
f 7134 7137 7138
f 7135 7134 7138
f 7137 7133 7041
f 7139 7138 7137
f 6764 7040 6894
f 6700 6959 7041
f 7139 7137 7041
f 7139 7041 7140
f 6895 7041 6959
f 6895 6961 7041
f 6961 7140 7041
f 6702 6894 6896
f 7140 6961 7141
f 6773 6896 6902
f 7142 6961 6963
f 6965 7144 6964
f 7143 7141 7142
f 7142 7141 6961
f 7146 6963 6968
f 7142 6963 7146
f 6965 7042 7144
f 6899 7145 7147
f 7143 7142 7146
f 6899 7147 7149
f 6899 7149 6840
f 7150 6968 7043
f 7146 6968 7150
f 7150 7143 7146
f 6902 7151 6969
f 6967 7152 7042
f 6903 6840 7149
f 7154 6904 7153
f 6901 6904 7154
f 7044 6901 7154
f 7155 7043 7044
f 7150 7043 7155
f 7156 6905 6971
f 6971 6905 6970
f 6971 6973 7046
f 6907 6844 7157
f 6779 7048 6908
f 6844 6780 7050
f 6845 7159 6974
f 6711 7052 6909
f 6975 6713 7054
f 6974 7160 6912
f 6781 6848 7052
f 6847 7053 6976
f 6848 7055 7161
f 6848 6849 7055
f 6911 6715 6913
f 6977 6978 6852
f 6980 6784 7056
f 7059 6915 7164
f 7058 6856 7165
f 7059 6982 6981
f 7166 6982 7059
f 6856 6983 7165
f 7167 6982 7166
f 6983 7061 7168
f 7167 7060 6982
f 7166 7169 7167
f 7167 7171 7060
f 7169 7172 7167
f 7172 7171 7167
f 7170 6986 7173
f 7061 6986 7170
f 7172 7174 7171
f 7171 7175 7060
f 7173 6987 7176
f 6986 6987 7173
f 7060 7062 6985
f 7175 7062 7060
f 7171 7174 7175
f 7172 7177 7174
f 7177 7178 7174
f 7174 7178 7175
f 7176 7179 7173
f 7180 7178 7177
f 7062 6919 6918
f 7175 7181 7062
f 7181 6919 7062
f 7178 7181 7175
f 7182 7183 7179
f 7179 7176 7182
f 6917 7176 6987
f 7180 7181 7178
f 6917 6988 7176
f 7181 7185 6919
f 7183 7182 7186
f 7184 7186 7182
f 7176 7184 7182
f 6990 6919 7185
f 6988 7184 7176
f 7188 7187 7186
f 7184 7188 7186
f 7184 6991 7188
f 6988 6991 7184
f 6992 6990 7189
f 7190 7191 7187
f 6991 6993 7188
f 7189 6994 6992
f 7187 7188 7190
f 7188 7063 7190
f 6993 7063 7188
f 6994 7192 6996
f 7063 7193 7190
f 7063 6995 7193
f 7193 6995 6997
f 7194 6999 6996
f 7194 7197 6999
f 7196 7197 7194
f 7195 6998 7198
f 7195 6997 6998
f 7197 7001 6999
f 7200 7198 7000
f 6998 7000 7198
f 7201 7001 7197
f 7196 7202 7197
f 7199 7202 7196
f 7000 7003 7200
f 7204 7202 7199
f 7201 7002 7001
f 7205 7201 7197
f 7202 7205 7197
f 7204 7206 7202
f 7206 7205 7202
f 7207 7004 7065
f 7005 7002 7064
f 7064 7002 7201
f 7208 7205 7206
f 7209 7208 7206
f 7208 7209 7210
f 7205 7067 7201
f 7067 7064 7201
f 7208 7211 7205
f 7212 7208 7210
f 7213 7214 7065
f 7065 7007 7008
f 7212 7215 7208
f 7216 7215 7212
f 7215 7216 7217
f 7068 7217 7066
f 7008 7010 7213
f 7065 7008 7213
f 6924 7064 7067
f 7211 7067 7205
f 7218 7211 7208
f 7215 7218 7208
f 7219 7215 7217
f 7213 7010 7066
f 7211 7014 7067
f 7220 7218 7215
f 7219 7220 7215
f 7017 7219 7217
f 7068 7017 7217
f 7011 7013 7068
f 7066 7011 7068
f 7014 6924 7067
f 7218 7221 7211
f 7221 7014 7211
f 7222 7221 7218
f 7220 7222 7218
f 7018 7014 7221
f 7018 7221 7222
f 7220 7070 7222
f 7219 7070 7220
f 7017 7070 7219
f 7069 7018 7222
f 7070 7069 7222
f 7020 6814 7074
f 7075 7073 6820
f 6816 7075 6820
f 6931 7223 6816
f 6873 7078 7077
f 6821 7224 7078
f 6821 7021 7224
f 7020 7079 6818
f 6933 7079 7225
f 6934 7226 7022
f 6934 7023 7226
f 6685 7227 7024
f 7023 7025 7228
f 7025 6938 7229
f 7081 7085 7082
f 6938 7028 7232
f 7028 7090 7233
f 7087 7234 7086
f 7091 7086 7235
f 7234 7235 7086
f 7235 7095 7091
f 7092 7095 7236
f 7237 7098 7094
f 7094 7236 7237
f 7236 7094 7092
f 7237 7099 7098
f 7237 7238 7099
f 7099 7239 7102
f 7238 7239 7099
f 7096 7103 7240
f 7101 7104 6832
f 6883 7033 7106
f 6623 6884 7034
f 7107 7113 7115
f 7108 7113 7107
f 6952 7241 7114
f 6834 7035 7117
f 7242 7115 7120
f 7119 7244 7122
f 7037 7119 7122
f 7120 7123 7245
f 7128 7245 7123
f 7128 7126 7246
f 6891 7038 7129
f 7129 6837 6891
f 7126 7132 7246
f 6893 6837 7247
f 7040 6893 7247
f 7136 7246 7132
f 7040 7248 6894
f 7138 7139 7249
f 7249 7139 7140
f 7140 7141 7250
f 6896 7251 6902
f 7141 7143 7250
f 7252 7250 7143
f 7145 6899 6964
f 7144 7042 7253
f 7143 7150 7254
f 6902 7148 7151
f 6903 7149 7153
f 6904 6903 7153
f 7154 7153 7255
f 7155 7044 7154
f 7151 7256 6969
f 7152 6967 6905
f 6969 7256 7045
f 7156 7152 6905
f 7156 6971 7046
f 7045 7159 6845
f 7046 6973 7158
f 7157 6844 7257
f 7158 6973 7049
f 7258 6910 7051
f 7049 6975 7054
f 7159 7160 6974
f 7053 6910 7258
f 7052 6848 7161
f 7053 7260 6976
f 6911 6913 7259
f 7056 6912 7160
f 6976 7260 6977
f 6851 7162 7055
f 7163 6913 6853
f 7163 7261 6913
f 6977 7262 6978
f 7262 7264 6978
f 7264 7265 7057
f 7057 7265 6853
f 6853 7265 7163
f 7266 6980 7056
f 6851 6979 7263
f 6717 6979 6851
f 7264 6855 6978
f 7057 6855 7264
f 7266 6915 6980
f 6979 6914 7267
f 6915 7266 7164
f 6914 7058 7267
f 7165 6983 7268
f 7268 6983 7168
f 7166 7269 7169
f 7172 7270 7177
f 7177 7272 7180
f 7180 7272 7181
f 7272 7273 7181
f 7181 7273 7185
f 7273 6990 7185
f 7191 7186 7187
f 6990 7273 7189
f 7189 7192 6994
f 7275 7274 7193
f 7274 7190 7193
f 6997 7195 7275
f 7193 6997 7275
f 6996 7276 7194
f 7278 7196 7194
f 7196 7278 7199
f 7203 7200 7003
f 7199 7279 7204
f 7004 7203 7003
f 7280 7203 7004
f 7207 7280 7004
f 7207 7065 7280
f 7065 7214 7283
f 7212 7210 7284
f 7216 7285 7286
f 7286 7287 7066
f 7066 7214 7213
f 7217 7216 7286
f 7066 7217 7286
f 7019 7071 7288
f 7289 7072 6929
f 6930 7289 6929
f 7073 7289 6930
f 6816 7223 7075
f 7079 7020 7290
f 7019 7290 7074
f 7291 7288 7071
f 7072 7291 7071
f 7292 7021 7022
f 7226 7292 7022
f 7225 7293 6933
f 7294 7226 7023
f 6685 7080 7227
f 7294 7023 7228
f 7024 7227 7295
f 7228 7025 7229
f 6937 6936 7296
f 7295 6936 7024
f 7229 6938 7230
f 7081 6937 7231
f 6938 7232 7230
f 7081 7231 7085
f 7085 7297 7084
f 7232 7028 7233
f 7084 7298 7088
f 7298 7087 7088
f 7090 7096 7299
f 7299 7096 7300
f 7301 7236 7095
f 7236 7301 7237
f 7300 7096 7240
f 7239 7302 7102
f 7101 7303 7104
f 7102 7303 7101
f 7302 7303 7102
f 7104 7304 7033
f 7103 7107 7305
f 7106 7034 6884
f 7241 6952 7034
f 7107 7115 7305
f 7305 7115 7306
f 7306 7115 7242
f 7243 6954 7114
f 7035 6954 7308
f 7308 6954 7243
f 7117 7035 7309
f 7035 7308 7309
f 7310 7117 7309
f 7310 6956 7117
f 7036 6956 7311
f 7311 6956 7310
f 7036 7311 7119
f 7242 7120 7245
f 7245 7128 7313
f 7313 7128 7314
f 7129 7247 6837
f 7136 7315 7246
f 7135 7138 7316
f 7138 7249 7316
f 7248 7317 6894
f 7249 7140 7250
f 6896 7318 7251
f 6964 7144 7145
f 6902 7251 7148
f 7042 7320 7253
f 7254 7150 7155
f 7042 7152 7320
f 7322 7156 7046
f 7045 7323 7159
f 7157 6972 6907
f 7157 7324 6972
f 6972 7324 7047
f 6906 7047 7325
f 6844 7050 7257
f 7158 7049 7326
f 6909 7327 7050
f 7049 7054 7326
f 7159 7328 7160
f 7052 7329 6909
f 7053 7258 7330
f 6911 7331 7054
f 7052 7161 7329
f 7260 7053 7330
f 7055 7162 7161
f 6977 7260 7332
f 6913 7261 7334
f 7162 6851 7333
f 6977 7332 7262
f 6979 7335 7263
f 7335 6979 7267
f 7267 7058 7336
f 7336 7058 7165
f 7268 7336 7165
f 7059 7164 7269
f 7166 7059 7269
f 7170 7337 7061
f 7339 7169 7338
f 7339 7340 7169
f 7169 7340 7172
f 7172 7340 7270
f 7177 7270 7271
f 7177 7271 7272
f 7191 7183 7186
f 7191 7190 7342
f 7190 7274 7342
f 6996 7192 7276
f 7194 7276 7277
f 7194 7277 7278
f 7278 7343 7199
f 7344 7198 7200
f 7199 7343 7279
f 7200 7203 7344
f 7206 7204 7279
f 7209 7206 7281
f 7206 7279 7281
f 7283 7280 7065
f 7210 7209 7281
f 7210 7281 7282
f 7284 7210 7282
f 7216 7212 7284
f 7216 7284 7285
f 7287 7286 7345
f 7066 7287 7214
f 7073 7075 7289
f 7289 7075 7223
f 7223 6931 7346
f 6931 6872 7346
f 7074 7290 7020
f 7347 7019 7288
f 7072 7348 7291
f 7076 7346 6872
f 7224 7349 7078
f 7225 7079 7351
f 7290 7352 7079
f 7347 7290 7019
f 7021 7292 7350
f 7080 7353 7227
f 7354 7294 7228
f 7353 7295 7227
f 7228 7229 7355
f 7354 7228 7355
f 6936 7295 7296
f 7085 7231 7297
f 7357 7084 7297
f 7233 7090 7299
f 7233 7299 7232
f 7087 7358 7234
f 7358 7087 7298
f 7234 7358 7235
f 7235 7359 7301
f 7095 7235 7301
f 7300 7360 7299
f 7361 7238 7237
f 7301 7361 7237
f 7240 7360 7300
f 7238 7361 7239
f 7362 7360 7240
f 7104 7303 7363
f 7304 7104 7363
f 7305 7240 7103
f 7305 7362 7240
f 7364 7106 7365
f 7033 7365 7106
f 7106 7364 7034
f 7034 7364 7366
f 7241 7367 7114
f 7306 7242 7307
f 7367 7243 7114
f 7367 7368 7243
f 7242 7245 7307
f 7307 7245 7312
f 7119 7369 7244
f 7312 7245 7313
f 7122 7371 7038
f 7128 7246 7314
f 7315 7314 7246
f 7136 7135 7315
f 7135 7316 7315
f 7250 7374 7249
f 7375 7249 7374
f 7375 7316 7249
f 7317 7318 6894
f 6894 7318 6896
f 7374 7250 7252
f 7376 7374 7252
f 7145 7144 7377
f 7144 7253 7377
f 7145 7377 7147
f 7254 7319 7143
f 7252 7143 7319
f 7253 7320 7378
f 7377 7253 7378
f 7255 7379 7154
f 7155 7154 7321
f 7321 7254 7155
f 7149 7147 7377
f 7380 7153 7149
f 7381 7153 7380
f 7255 7153 7381
f 7382 7255 7381
f 7320 7152 7156
f 7383 7320 7156
f 7383 7156 7322
f 7256 7323 7045
f 7384 6906 7325
f 6906 7384 6843
f 7048 7385 6908
f 6908 7385 7051
f 7159 7323 7328
f 7050 7327 7386
f 7258 7051 7387
f 6909 7329 7388
f 7388 7327 6909
f 7258 7387 7330
f 7329 7161 7389
f 7331 6911 7259
f 7161 7162 7389
f 7330 7391 7260
f 7393 7392 7390
f 7390 7394 7393
f 7334 7259 6913
f 7395 7332 7391
f 7391 7332 7260
f 7392 7396 7390
f 7395 7398 7332
f 7398 7262 7332
f 7395 7396 7398
f 7261 7392 7393
f 7334 7261 7393
f 7265 7398 7396
f 7392 7265 7396
f 7163 7265 7392
f 7261 7163 7392
f 7056 7397 7266
f 6851 7263 7333
f 7398 7264 7262
f 7265 7264 7398
f 7267 7400 7335
f 7267 7402 7400
f 7266 7399 7164
f 7267 7336 7402
f 7402 7336 7403
f 7403 7336 7405
f 7336 7268 7405
f 7404 7164 7399
f 7269 7164 7404
f 7338 7269 7404
f 7337 7168 7061
f 7337 7406 7168
f 7169 7269 7338
f 7170 7407 7337
f 7408 7340 7339
f 7407 7173 7341
f 7170 7173 7407
f 7410 7340 7408
f 7340 7411 7270
f 7409 7411 7340
f 7409 7340 7410
f 7410 7412 7409
f 7341 7173 7179
f 7411 7271 7270
f 7411 7414 7271
f 7409 7414 7411
f 7179 7183 7413
f 7272 7271 7415
f 7414 7415 7271
f 7416 7413 7183
f 7415 7417 7272
f 7418 7415 7414
f 7409 7418 7414
f 7412 7419 7409
f 7419 7418 7409
f 7183 7191 7416
f 7272 7417 7273
f 7419 7420 7418
f 7415 7422 7417
f 7191 7342 7421
f 7273 7417 7189
f 7422 7189 7417
f 7415 7423 7422
f 7418 7423 7415
f 7420 7424 7418
f 7192 7189 7425
f 7425 7189 7422
f 7423 7425 7422
f 7426 7424 7420
f 7275 7427 7342
f 7342 7274 7275
f 7424 7423 7418
f 7275 7428 7427
f 7192 7425 7276
f 7276 7425 7423
f 7428 7275 7195
f 7277 7276 7423
f 7426 7429 7424
f 7430 7428 7195
f 7431 7277 7423
f 7424 7429 7423
f 7429 7431 7423
f 7278 7277 7431
f 7426 7433 7429
f 7432 7344 7434
f 7432 7430 7344
f 7195 7198 7430
f 7429 7278 7431
f 7343 7278 7429
f 7433 7435 7429
f 7435 7343 7429
f 7437 7434 7344
f 7198 7344 7430
f 7279 7343 7435
f 7436 7435 7433
f 7438 7435 7436
f 7438 7439 7435
f 7437 7203 7441
f 7344 7203 7437
f 7440 7439 7438
f 7442 7441 7280
f 7203 7280 7441
f 7279 7435 7281
f 7439 7281 7435
f 7440 7443 7439
f 7440 7445 7444
f 7280 7283 7442
f 7443 7281 7439
f 7440 7446 7443
f 7444 7446 7440
f 7442 7283 7448
f 7282 7281 7443
f 7282 7443 7284
f 7446 7284 7443
f 7447 7450 7285
f 7283 7214 7448
f 7444 7284 7446
f 7447 7284 7444
f 7451 7285 7450
f 7345 7448 7287
f 7447 7285 7284
f 7451 7286 7285
f 7345 7286 7451
f 7448 7214 7287
f 7291 7452 7288
f 7289 7348 7072
f 7223 7346 7289
f 7224 7350 7349
f 7224 7021 7350
f 7079 7352 7351
f 7454 7292 7226
f 6933 7293 7080
f 7226 7294 7454
f 7355 7229 7230
f 6937 7356 7231
f 7455 7356 6937
f 7455 6937 7296
f 7230 7232 7456
f 7457 7456 7232
f 7458 7457 7232
f 7232 7299 7458
f 7458 7299 7360
f 7302 7461 7303
f 7303 7461 7363
f 7304 7365 7033
f 7304 7462 7365
f 7305 7463 7362
f 7306 7463 7305
f 7034 7366 7241
f 7307 7463 7306
f 7366 7465 7241
f 7243 7368 7466
f 7243 7466 7308
f 7467 7310 7309
f 7311 7310 7467
f 7119 7311 7369
f 7468 7370 7244
f 7244 7370 7122
f 7371 7122 7370
f 7038 7371 7129
f 7247 7372 7040
f 7040 7372 7248
f 7315 7316 7373
f 7373 7316 7375
f 7252 7319 7376
f 7148 7469 7151
f 7377 7378 7470
f 7149 7377 7470
f 7149 7470 7380
f 7255 7382 7471
f 7255 7471 7379
f 7154 7379 7472
f 7321 7154 7472
f 7383 7322 7473
f 7384 7048 6843
f 7384 7385 7048
f 7046 7474 7322
f 7474 7046 7158
f 7158 7326 7474
f 7474 7326 7476
f 7257 7050 7386
f 7323 7475 7328
f 7051 7477 7387
f 7054 7476 7326
f 7388 7329 7389
f 7391 7330 7387
f 7390 7479 7480
f 7390 7480 7394
f 7394 7482 7393
f 7397 7056 7160
f 7162 7333 7389
f 7479 7396 7481
f 7479 7390 7396
f 7393 7482 7334
f 7481 7396 7395
f 7263 7483 7333
f 7263 7484 7483
f 7397 7399 7266
f 7335 7400 7263
f 7400 7402 7485
f 7399 7401 7404
f 7405 7268 7168
f 7406 7405 7168
f 7179 7413 7341
f 7486 7487 7412
f 7412 7487 7419
f 7416 7191 7421
f 7421 7342 7488
f 7487 7489 7419
f 7427 7488 7342
f 7419 7489 7420
f 7489 7426 7420
f 7428 7430 7432
f 7426 7490 7433
f 7436 7433 7491
f 7438 7436 7492
f 7438 7492 7493
f 7437 7441 7494
f 7493 7440 7438
f 7440 7495 7445
f 7444 7445 7449
f 7447 7444 7449
f 7450 7447 7449
f 7448 7345 7496
f 7452 7291 7497
f 7291 7348 7498
f 7348 7289 7346
f 7076 7077 7349
f 7077 7078 7349
f 7352 7290 7347
f 7452 7499 7288
f 7499 7347 7288
f 7498 7497 7291
f 7349 7346 7076
f 7292 7453 7350
f 7350 7453 7500
f 7501 7293 7225
f 7351 7501 7225
f 7292 7454 7453
f 7080 7293 7502
f 7454 7294 7354
f 7454 7354 7503
f 7080 7502 7353
f 7355 7505 7354
f 7354 7505 7503
f 7296 7295 7506
f 7355 7507 7505
f 7230 7507 7355
f 7230 7456 7507
f 7505 7507 7509
f 7509 7508 7505
f 7507 7456 7457
f 7510 7507 7457
f 7509 7507 7510
f 7511 7297 7231
f 7356 7511 7231
f 7511 7357 7297
f 7298 7084 7357
f 7510 7457 7512
f 7357 7358 7298
f 7457 7458 7512
f 7513 7510 7512
f 7514 7510 7513
f 7509 7510 7515
f 7515 7510 7514
f 7458 7360 7512
f 7235 7358 7459
f 7235 7459 7359
f 7514 7513 7516
f 7515 7514 7516
f 7301 7460 7361
f 7516 7513 7517
f 7516 7518 7515
f 7239 7519 7302
f 7239 7361 7519
f 7512 7360 7362
f 7512 7362 7463
f 7513 7512 7463
f 7518 7516 7520
f 7520 7516 7517
f 7518 7520 7521
f 7520 7517 7523
f 7522 7363 7461
f 7517 7513 7524
f 7521 7520 7525
f 7525 7520 7523
f 7304 7526 7462
f 7513 7463 7524
f 7365 7527 7364
f 7517 7524 7528
f 7523 7517 7529
f 7529 7517 7528
f 7525 7523 7530
f 7464 7364 7527
f 7366 7364 7464
f 7531 7365 7462
f 7531 7527 7365
f 7524 7463 7532
f 7530 7523 7529
f 7464 7465 7366
f 7527 7533 7464
f 7463 7307 7532
f 7533 7465 7464
f 7527 7531 7533
f 7529 7528 7534
f 7535 7530 7534
f 7534 7530 7529
f 7465 7536 7241
f 7533 7536 7465
f 7241 7536 7367
f 7539 7536 7533
f 7367 7536 7368
f 7538 7368 7536
f 7539 7538 7536
f 7538 7466 7368
f 7524 7540 7537
f 7528 7524 7537
f 7534 7528 7541
f 7541 7528 7537
f 7542 7534 7541
f 7542 7535 7534
f 7524 7532 7540
f 7543 7535 7542
f 7308 7544 7309
f 7545 7544 7308
f 7466 7545 7308
f 7532 7312 7546
f 7307 7312 7532
f 7540 7532 7546
f 7548 7543 7542
f 7548 7542 7541
f 7311 7547 7369
f 7537 7540 7549
f 7537 7549 7550
f 7541 7537 7550
f 7550 7548 7541
f 7369 7468 7244
f 7551 7548 7550
f 7312 7313 7546
f 7550 7549 7552
f 7552 7549 7540
f 7550 7552 7553
f 7553 7551 7550
f 7540 7546 7555
f 7552 7540 7555
f 7553 7552 7555
f 7371 7554 7129
f 7371 7556 7554
f 7553 7555 7557
f 7313 7314 7558
f 7313 7558 7546
f 7555 7546 7558
f 7129 7554 7247
f 7559 7557 7555
f 7314 7560 7558
f 7561 7558 7560
f 7555 7558 7559
f 7559 7558 7561
f 7562 7247 7554
f 7314 7315 7560
f 7559 7561 7563
f 7563 7564 7559
f 7247 7562 7372
f 7315 7373 7560
f 7563 7561 7565
f 7561 7560 7565
f 7565 7560 7566
f 7560 7373 7566
f 7567 7568 7565
f 7563 7565 7568
f 7567 7565 7566
f 7373 7375 7569
f 7566 7373 7569
f 7569 7567 7566
f 7375 7374 7570
f 7569 7375 7571
f 7567 7569 7572
f 7571 7375 7570
f 7573 7572 7569
f 7374 7376 7570
f 7575 7573 7569
f 7575 7569 7574
f 7574 7569 7571
f 7376 7576 7570
f 7571 7570 7577
f 7574 7571 7577
f 7376 7319 7578
f 7578 7576 7376
f 7570 7576 7577
f 7579 7577 7576
f 7580 7574 7579
f 7579 7574 7577
f 7575 7574 7580
f 7319 7254 7578
f 7576 7578 7579
f 7580 7579 7581
f 7379 7471 7582
f 7254 7321 7578
f 7583 7578 7321
f 7579 7578 7583
f 7581 7579 7583
f 7383 7584 7320
f 7584 7378 7320
f 7584 7470 7378
f 7380 7470 7585
f 7381 7380 7585
f 7586 7381 7585
f 7587 7382 7381
f 7588 7321 7472
f 7583 7321 7588
f 7584 7383 7589
f 7587 7381 7586
f 7383 7473 7589
f 7256 7590 7323
f 7473 7322 7591
f 7593 7592 7047
f 7593 7047 7324
f 7592 7325 7047
f 7257 7386 7594
f 7595 7477 7385
f 7385 7477 7051
f 7477 7596 7387
f 7597 7598 7477
f 7598 7596 7477
f 7054 7331 7476
f 7478 7388 7389
f 7598 7599 7596
f 7600 7598 7597
f 7600 7479 7598
f 7391 7387 7596
f 7391 7596 7599
f 7480 7479 7600
f 7480 7601 7394
f 7602 7397 7160
f 7389 7603 7478
f 7599 7395 7391
f 7598 7481 7599
f 7479 7481 7598
f 7389 7333 7603
f 7481 7395 7599
f 7333 7605 7603
f 7333 7483 7605
f 7399 7397 7604
f 7604 7401 7399
f 7400 7606 7263
f 7263 7606 7484
f 7607 7608 7401
f 7609 7485 7402
f 7401 7608 7404
f 7609 7402 7403
f 7610 7404 7608
f 7403 7405 7609
f 7609 7405 7611
f 7406 7611 7405
f 7404 7610 7338
f 7610 7612 7338
f 7337 7613 7406
f 7614 7337 7407
f 7616 7339 7338
f 7615 7407 7341
f 7408 7617 7410
f 7412 7410 7486
f 7618 7410 7617
f 7618 7486 7410
f 7620 7486 7618
f 7621 7620 7618
f 7413 7416 7619
f 7620 7487 7486
f 7622 7487 7620
f 7622 7620 7621
f 7623 7622 7621
f 7622 7624 7487
f 7624 7489 7487
f 7623 7625 7622
f 7625 7624 7622
f 7488 7626 7627
f 7488 7427 7626
f 7629 7489 7624
f 7628 7630 7631
f 7626 7427 7628
f 7625 7634 7624
f 7632 7634 7625
f 7633 7630 7635
f 7636 7635 7630
f 7628 7636 7630
f 7427 7428 7628
f 7490 7489 7629
f 7634 7629 7624
f 7637 7634 7632
f 7634 7637 7638
f 7628 7428 7636
f 7489 7490 7426
f 7634 7639 7629
f 7638 7640 7634
f 7637 7641 7638
f 7636 7642 7635
f 7629 7491 7490
f 7639 7491 7629
f 7635 7642 7643
f 7636 7644 7642
f 7428 7432 7636
f 7640 7639 7634
f 7642 7644 7646
f 7432 7434 7636
f 7491 7433 7490
f 7647 7639 7640
f 7648 7640 7638
f 7645 7648 7638
f 7649 7648 7645
f 7650 7651 7646
f 7434 7644 7636
f 7639 7492 7491
f 7644 7437 7646
f 7492 7436 7491
f 7647 7493 7639
f 7493 7492 7639
f 7640 7654 7647
f 7648 7654 7640
f 7652 7655 7649
f 7655 7648 7649
f 7652 7656 7655
f 7657 7653 7658
f 7653 7650 7658
f 7646 7659 7650
f 7494 7659 7646
f 7437 7494 7646
f 7434 7437 7644
f 7493 7647 7495
f 7654 7495 7647
f 7655 7654 7648
f 7656 7660 7655
f 7660 7656 7661
f 7656 7662 7661
f 7662 7657 7661
f 7658 7661 7657
f 7650 7659 7658
f 7655 7663 7654
f 7660 7663 7655
f 7658 7664 7661
f 7493 7495 7440
f 7445 7495 7654
f 7663 7445 7654
f 7660 7665 7663
f 7666 7665 7660
f 7661 7666 7660
f 7659 7667 7658
f 7667 7664 7658
f 7442 7667 7494
f 7494 7667 7659
f 7441 7442 7494
f 7449 7445 7663
f 7665 7449 7663
f 7664 7666 7661
f 7668 7449 7665
f 7666 7669 7665
f 7669 7668 7665
f 7496 7669 7666
f 7664 7496 7666
f 7448 7496 7664
f 7667 7448 7664
f 7442 7448 7667
f 7450 7449 7668
f 7496 7345 7669
f 7450 7668 7451
f 7669 7451 7668
f 7345 7451 7669
f 7452 7497 7499
f 7348 7670 7498
f 7348 7349 7670
f 7346 7349 7348
f 7350 7500 7349
f 7352 7672 7351
f 7347 7672 7352
f 7453 7454 7671
f 7673 7293 7501
f 7673 7502 7293
f 7353 7502 7504
f 7353 7504 7674
f 7506 7295 7674
f 7353 7674 7295
f 7506 7674 7675
f 7506 7675 7296
f 7296 7675 7455
f 7509 7515 7676
f 7358 7677 7459
f 7676 7515 7678
f 7459 7679 7359
f 7680 7460 7301
f 7359 7680 7301
f 7361 7460 7681
f 7678 7515 7518
f 7361 7681 7519
f 7682 7518 7683
f 7683 7518 7521
f 7302 7522 7461
f 7683 7521 7684
f 7363 7522 7304
f 7684 7521 7685
f 7522 7686 7304
f 7521 7525 7685
f 7686 7526 7304
f 7687 7530 7535
f 7544 7467 7309
f 7311 7467 7547
f 7548 7551 7690
f 7370 7692 7371
f 7370 7693 7692
f 7370 7468 7693
f 7692 7556 7371
f 7694 7551 7553
f 7695 7553 7557
f 7696 7695 7557
f 7696 7557 7559
f 7559 7564 7696
f 7563 7568 7564
f 7372 7697 7248
f 7248 7697 7317
f 7568 7567 7698
f 7567 7572 7698
f 7573 7699 7572
f 7318 7700 7251
f 7573 7575 7699
f 7575 7701 7699
f 7148 7251 7700
f 7471 7702 7582
f 7379 7582 7472
f 7583 7703 7581
f 7382 7587 7704
f 7471 7382 7704
f 7705 7588 7472
f 7588 7706 7583
f 7703 7583 7706
f 7151 7469 7256
f 7469 7707 7256
f 7470 7584 7708
f 7470 7708 7585
f 7585 7708 7709
f 7585 7709 7586
f 7587 7586 7710
f 7256 7707 7590
f 7593 7324 7711
f 7322 7712 7591
f 7157 7713 7711
f 7324 7157 7711
f 7322 7474 7712
f 7257 7713 7157
f 7590 7475 7323
f 7257 7594 7713
f 7327 7594 7386
f 7476 7714 7474
f 7597 7477 7595
f 7475 7602 7328
f 7388 7716 7327
f 7331 7715 7476
f 7716 7388 7478
f 7715 7259 7717
f 7331 7259 7715
f 7328 7602 7160
f 7394 7601 7482
f 7717 7259 7482
f 7718 7716 7478
f 7718 7478 7603
f 7259 7334 7482
f 7604 7397 7602
f 7400 7485 7606
f 7606 7485 7720
f 7611 7406 7613
f 7337 7614 7613
f 7338 7612 7616
f 7341 7722 7615
f 7339 7616 7408
f 7341 7413 7722
f 7724 7618 7617
f 7413 7619 7723
f 7725 7726 7619
f 7618 7727 7621
f 7728 7416 7421
f 7488 7729 7421
f 7626 7628 7627
f 7628 7631 7627
f 7731 7632 7625
f 7630 7633 7631
f 7635 7643 7633
f 7645 7638 7641
f 7641 7732 7645
f 7642 7646 7643
f 7646 7651 7643
f 7649 7733 7652
f 7733 7734 7652
f 7653 7657 7736
f 7670 7737 7498
f 7500 7738 7349
f 7453 7671 7500
f 7351 7672 7501
f 7347 7739 7672
f 7499 7739 7347
f 7739 7499 7497
f 7454 7740 7671
f 7740 7503 7741
f 7740 7454 7503
f 7505 7741 7503
f 7742 7741 7505
f 7508 7742 7505
f 7743 7742 7508
f 7676 7744 7509
f 7356 7745 7511
f 7357 7511 7746
f 7358 7357 7746
f 7358 7746 7677
f 7678 7747 7676
f 7681 7460 7680
f 7682 7747 7678
f 7678 7518 7682
f 7302 7519 7522
f 7525 7530 7685
f 7531 7462 7748
f 7749 7539 7533
f 7749 7533 7750
f 7531 7750 7533
f 7687 7535 7751
f 7539 7749 7538
f 7538 7688 7466
f 7535 7543 7751
f 7751 7543 7752
f 7467 7544 7689
f 7752 7543 7548
f 7369 7691 7468
f 7548 7690 7753
f 7468 7691 7693
f 7690 7551 7694
f 7553 7695 7694
f 7554 7556 7754
f 7562 7697 7372
f 7317 7697 7755
f 7698 7572 7756
f 7755 7318 7317
f 7572 7699 7756
f 7701 7757 7699
f 7575 7580 7701
f 7148 7700 7469
f 7581 7758 7580
f 7703 7759 7758
f 7758 7581 7703
f 7472 7582 7760
f 7703 7706 7759
f 7706 7761 7759
f 7709 7710 7586
f 7762 7587 7710
f 7704 7587 7762
f 7763 7588 7705
f 7588 7763 7706
f 7761 7706 7764
f 7584 7589 7765
f 7589 7473 7765
f 7473 7591 7765
f 7591 7712 7767
f 7325 7768 7384
f 7325 7766 7768
f 7325 7592 7766
f 7384 7768 7385
f 7712 7474 7714
f 7327 7770 7594
f 7714 7476 7715
f 7327 7716 7770
f 7770 7716 7771
f 7772 7600 7597
f 7480 7600 7773
f 7480 7773 7601
f 7602 7774 7604
f 7603 7719 7718
f 7603 7605 7719
f 7604 7776 7401
f 7483 7775 7605
f 7483 7484 7775
f 7401 7776 7607
f 7484 7777 7775
f 7606 7777 7484
f 7609 7720 7485
f 7609 7778 7720
f 7609 7611 7778
f 7611 7779 7778
f 7613 7721 7779
f 7611 7613 7779
f 7613 7614 7721
f 7615 7614 7407
f 7408 7616 7617
f 7722 7413 7723
f 7619 7726 7723
f 7727 7618 7724
f 7725 7416 7728
f 7619 7416 7725
f 7421 7729 7728
f 7621 7781 7623
f 7730 7729 7488
f 7623 7781 7782
f 7625 7623 7782
f 7627 7783 7730
f 7488 7627 7730
f 7625 7782 7731
f 7633 7784 7631
f 7633 7643 7785
f 7641 7786 7732
f 7787 7643 7651
f 7645 7732 7733
f 7649 7645 7733
f 7650 7735 7787
f 7787 7651 7650
f 7650 7653 7735
f 7656 7652 7788
f 7652 7734 7788
f 7656 7788 7736
f 7662 7736 7657
f 7653 7736 7789
f 7789 7735 7653
f 7662 7656 7736
f 7790 7497 7791
f 7497 7498 7791
f 7791 7498 7737
f 7670 7349 7792
f 7792 7349 7738
f 7738 7500 7671
f 7793 7501 7672
f 7794 7672 7739
f 7497 7790 7739
f 7670 7795 7737
f 7738 7797 7792
f 7671 7798 7738
f 7673 7501 7799
f 7793 7799 7501
f 7671 7800 7798
f 7740 7800 7671
f 7801 7793 7672
f 7504 7802 7674
f 7675 7674 7803
f 7802 7803 7674
f 7455 7675 7804
f 7803 7804 7675
f 7743 7509 7744
f 7508 7509 7743
f 7455 7805 7356
f 7806 7805 7455
f 7744 7676 7807
f 7745 7356 7805
f 7745 7805 7808
f 7746 7511 7745
f 7744 7807 7809
f 7745 7810 7746
f 7808 7810 7745
f 7809 7807 7811
f 7677 7746 7812
f 7676 7747 7807
f 7677 7812 7459
f 7459 7812 7813
f 7811 7807 7747
f 7814 7809 7811
f 7459 7813 7679
f 7359 7815 7816
f 7359 7679 7815
f 7359 7816 7680
f 7816 7681 7680
f 7817 7747 7682
f 7811 7747 7817
f 7814 7811 7817
f 7817 7818 7814
f 7681 7820 7519
f 7681 7821 7820
f 7819 7821 7681
f 7817 7682 7683
f 7820 7522 7519
f 7817 7683 7684
f 7684 7818 7817
f 7820 7822 7522
f 7823 7818 7684
f 7823 7684 7685
f 7686 7824 7526
f 7685 7530 7687
f 7687 7823 7685
f 7462 7526 7748
f 7748 7750 7531
f 7751 7826 7687
f 7688 7538 7749
f 7826 7751 7827
f 7749 7828 7688
f 7466 7688 7545
f 7688 7828 7545
f 7544 7829 7689
f 7544 7545 7829
f 7752 7548 7753
f 7753 7830 7752
f 7369 7831 7691
f 7691 7832 7693
f 7753 7690 7833
f 7692 7693 7834
f 7834 7693 7832
f 7690 7694 7833
f 7692 7754 7556
f 7754 7692 7834
f 7694 7695 7835
f 7696 7836 7695
f 7696 7564 7836
f 7554 7754 7837
f 7562 7554 7837
f 7564 7568 7838
f 7564 7838 7836
f 7562 7837 7697
f 7837 7839 7697
f 7568 7698 7838
f 7755 7697 7839
f 7838 7698 7756
f 7318 7755 7700
f 7699 7757 7756
f 7701 7580 7840
f 7840 7757 7701
f 7580 7758 7840
f 7702 7471 7841
f 7842 7582 7702
f 7843 7704 7762
f 7841 7471 7704
f 7841 7704 7843
f 7842 7702 7841
f 7582 7842 7844
f 7708 7584 7845
f 7843 7762 7846
f 7472 7760 7705
f 7763 7764 7706
f 7845 7584 7765
f 7708 7845 7709
f 7709 7845 7848
f 7710 7709 7848
f 7710 7848 7762
f 7765 7767 7847
f 7591 7767 7765
f 7590 7707 7849
f 7767 7712 7850
f 7851 7590 7849
f 7590 7851 7475
f 7768 7769 7385
f 7769 7595 7385
f 7714 7853 7850
f 7712 7714 7850
f 7769 7597 7595
f 7769 7772 7597
f 7855 7853 7854
f 7714 7715 7853
f 7715 7854 7853
f 7772 7773 7600
f 7854 7856 7855
f 7716 7857 7771
f 7854 7717 7856
f 7715 7717 7854
f 7482 7601 7856
f 7717 7482 7856
f 7774 7602 7858
f 7716 7718 7857
f 7719 7860 7859
f 7719 7859 7718
f 7860 7719 7605
f 7774 7776 7604
f 7605 7775 7860
f 7775 7862 7860
f 7862 7861 7860
f 7861 7859 7860
f 7777 7862 7775
f 7862 7777 7720
f 7777 7606 7720
f 7861 7865 7863
f 7862 7865 7861
f 7720 7865 7862
f 7866 7863 7865
f 7720 7866 7865
f 7778 7866 7720
f 7608 7607 7864
f 7868 7867 7863
f 7866 7868 7863
f 7778 7779 7866
f 7869 7610 7608
f 7866 7870 7868
f 7779 7870 7866
f 7868 7871 7867
f 7721 7871 7868
f 7870 7721 7868
f 7779 7721 7870
f 7610 7869 7612
f 7721 7614 7871
f 7614 7615 7871
f 7615 7722 7871
f 7616 7612 7780
f 7616 7780 7873
f 7873 7617 7616
f 7617 7874 7724
f 7725 7875 7726
f 7876 7875 7725
f 7878 7621 7727
f 7728 7729 7725
f 7725 7729 7876
f 7876 7729 7877
f 7878 7781 7621
f 7730 7880 7877
f 7729 7730 7877
f 7880 7730 7783
f 7782 7881 7731
f 7784 7783 7631
f 7783 7627 7631
f 7883 7731 7881
f 7632 7731 7883
f 7632 7883 7637
f 7784 7785 7882
f 7784 7633 7785
f 7883 7884 7637
f 7637 7884 7641
f 7641 7884 7786
f 7885 7785 7787
f 7733 7886 7887
f 7888 7885 7735
f 7643 7787 7785
f 7885 7787 7735
f 7734 7733 7887
f 7887 7889 7788
f 7890 7888 7789
f 7789 7888 7735
f 7788 7734 7887
f 7789 7736 7890
f 7792 7891 7796
f 7792 7797 7891
f 7738 7892 7797
f 7739 7893 7794
f 7894 7798 7800
f 7793 7801 7799
f 7799 7502 7673
f 7502 7802 7504
f 7799 7802 7502
f 7740 7741 7895
f 7896 7743 7744
f 7804 7806 7455
f 7805 7806 7808
f 7746 7898 7812
f 7810 7898 7746
f 7899 7813 7812
f 7809 7814 7897
f 7679 7813 7900
f 7813 7899 7900
f 7679 7900 7815
f 7816 7815 7819
f 7681 7816 7819
f 7821 7902 7820
f 7904 7901 7818
f 7903 7822 7820
f 7818 7823 7904
f 7905 7901 7904
f 7522 7822 7824
f 7686 7522 7824
f 7526 7824 7825
f 7823 7687 7906
f 7526 7825 7748
f 7906 7687 7826
f 7750 7907 7749
f 7908 7545 7828
f 7751 7752 7827
f 7827 7752 7909
f 7910 7467 7689
f 7752 7830 7909
f 7369 7547 7831
f 7831 7547 7911
f 7753 7833 7830
f 7832 7691 7831
f 7833 7694 7835
f 7912 7835 7695
f 7913 7837 7754
f 7914 7837 7913
f 7837 7914 7839
f 7836 7838 7915
f 7839 7916 7755
f 7838 7756 7917
f 7918 7757 7840
f 7700 7919 7469
f 7759 7920 7758
f 7920 7840 7758
f 7844 7760 7582
f 7759 7761 7920
f 7761 7922 7920
f 7469 7919 7707
f 7919 7849 7707
f 7760 7844 7921
f 7705 7760 7923
f 7764 7924 7761
f 7847 7925 7765
f 7845 7765 7925
f 7762 7848 7846
f 7705 7923 7763
f 7764 7763 7926
f 7764 7926 7924
f 7592 7593 7927
f 7711 7713 7928
f 7928 7593 7711
f 7929 7847 7767
f 7767 7850 7930
f 7849 7931 7851
f 7766 7769 7768
f 7713 7594 7852
f 7850 7932 7930
f 7850 7853 7932
f 7852 7594 7770
f 7932 7853 7855
f 7602 7475 7933
f 7601 7935 7856
f 7934 7935 7601
f 7856 7935 7855
f 7858 7602 7933
f 7601 7773 7934
f 7936 7718 7859
f 7936 7859 7937
f 7937 7859 7938
f 7859 7861 7938
f 7776 7864 7607
f 7861 7863 7938
f 7863 7867 7939
f 7864 7869 7608
f 7867 7871 7940
f 7780 7612 7872
f 7871 7722 7940
f 7941 7942 7723
f 7942 7722 7723
f 7723 7726 7941
f 7873 7874 7617
f 7724 7943 7727
f 7877 7879 7876
f 7944 7878 7727
f 7877 7880 7879
f 7882 7783 7784
f 7945 7882 7785
f 7946 7732 7786
f 7732 7946 7733
f 7733 7946 7886
f 7887 7886 7889
f 7788 7889 7890
f 7736 7788 7890
f 7795 7670 7792
f 7794 7947 7672
f 7739 7790 7949
f 7952 7951 7791
f 7737 7952 7791
f 7953 7795 7792
f 7954 7796 7891
f 7955 7891 7797
f 7738 7956 7892
f 7798 7956 7738
f 7957 7956 7798
f 7801 7672 7947
f 7794 7893 7947
f 7739 7948 7893
f 7798 7894 7957
f 7801 7958 7799
f 7948 7947 7893
f 7959 7800 7740
f 7961 7960 7802
f 7799 7961 7802
f 7958 7961 7799
f 7959 7740 7895
f 7803 7802 7960
f 7961 7962 7960
f 7895 7741 7742
f 7803 7960 7963
f 7964 7895 7742
f 7804 7803 7963
f 7960 7965 7963
f 7962 7965 7960
f 7742 7743 7896
f 7896 7964 7742
f 7804 7963 7966
f 7967 7963 7965
f 7806 7804 7966
f 7968 7806 7966
f 7969 7966 7963
f 7969 7963 7967
f 7969 7970 7966
f 7744 7809 7896
f 7809 7897 7896
f 7896 7897 7971
f 7808 7806 7968
f 7966 7970 7968
f 7968 7972 7808
f 7973 7968 7970
f 7898 7810 7974
f 7810 7808 7974
f 7972 7974 7808
f 7968 7975 7972
f 7973 7975 7968
f 7812 7977 7899
f 7812 7898 7977
f 7977 7898 7978
f 7974 7978 7898
f 7973 7979 7975
f 7976 7897 7814
f 7900 7899 7977
f 7978 7980 7977
f 7981 7978 7974
f 7972 7981 7974
f 7815 7900 7982
f 7982 7900 7983
f 7980 7983 7900
f 7977 7980 7900
f 7981 7984 7978
f 7972 7975 7981
f 7979 7985 7975
f 7819 7815 7982
f 7986 7819 7982
f 7983 7987 7982
f 7988 7983 7980
f 7978 7988 7980
f 7984 7988 7978
f 7975 7985 7981
f 7976 7814 7901
f 7989 7819 7986
f 7987 7986 7982
f 7983 7988 7987
f 7981 7990 7984
f 7985 7990 7981
f 7814 7818 7901
f 7821 7819 7989
f 7986 7991 7989
f 7987 7991 7986
f 7988 7991 7987
f 7984 7992 7988
f 7821 7989 7993
f 7993 7989 7991
f 7985 7994 7990
f 7902 7821 7993
f 7991 7995 7993
f 7996 7995 7991
f 7988 7996 7991
f 7992 7996 7988
f 7990 7992 7984
f 7903 7820 7902
f 7903 7902 7997
f 7993 7997 7902
f 7995 7997 7993
f 7992 7998 7996
f 7990 8000 7992
f 8000 7999 7992
f 8000 7990 7994
f 7903 8001 7822
f 8001 7903 7997
f 7999 8002 7992
f 7997 8003 8001
f 7995 8003 7997
f 7822 8001 7824
f 7995 7996 8003
f 8002 8004 7992
f 8005 8002 7999
f 7824 8001 8006
f 8006 8001 8007
f 8003 8007 8001
f 8008 8007 8003
f 7996 8008 8003
f 8004 7998 7992
f 8002 8005 8004
f 7904 7823 7906
f 7904 7906 7905
f 8004 8009 7998
f 8005 8009 8004
f 7824 8006 7825
f 7825 8006 8010
f 8007 8010 8006
f 7998 8011 7996
f 8013 7905 7906
f 8007 8008 8010
f 7996 8011 8008
f 7998 8012 8011
f 8012 7998 8009
f 7825 8014 7748
f 8010 8014 7825
f 8009 8015 8012
f 8010 8016 8014
f 8011 8017 8008
f 8012 8018 8011
f 8013 7906 8019
f 8013 8019 8020
f 7748 8014 7750
f 8010 8021 8016
f 8008 8017 8010
f 8022 8017 8011
f 8018 8022 8011
f 8012 8015 8018
f 8023 7906 7826
f 8019 7906 8023
f 8017 8021 8010
f 8018 8024 8022
f 7907 7750 8014
f 7907 8014 8025
f 8016 8025 8014
f 8021 8025 8016
f 8026 8017 8022
f 8024 8026 8022
f 8027 7749 7907
f 8017 8028 8021
f 8026 8028 8017
f 8029 7907 8025
f 8028 8029 8025
f 8021 8028 8025
f 7827 8023 7826
f 8030 8019 8023
f 7749 8027 7828
f 8032 8027 7907
f 8029 8032 7907
f 8032 8031 8027
f 8023 7827 8033
f 8033 8030 8023
f 8034 8027 8035
f 8034 7828 8027
f 8031 8035 8027
f 8033 7827 7909
f 8036 7829 7545
f 7908 8036 7545
f 8034 7908 7828
f 8030 8033 8037
f 8033 7909 7830
f 7830 8037 8033
f 8038 8037 7830
f 7910 7547 7467
f 7830 7833 8038
f 7831 8039 7832
f 7834 7913 7754
f 7917 7915 7838
f 8041 7755 7916
f 7917 7756 7757
f 8042 7917 7757
f 7755 8041 7700
f 7700 8041 8043
f 7700 8044 7919
f 7849 7919 8045
f 7841 7843 8047
f 7843 8046 8047
f 7842 7841 8047
f 8048 8046 7846
f 8046 7843 7846
f 7761 7924 7922
f 8049 7845 7925
f 7848 7845 8049
f 7848 8049 8050
f 7848 8050 8048
f 8048 7846 7848
f 7763 7923 7926
f 8045 7931 7849
f 7593 8051 7927
f 7592 7927 8052
f 8052 8053 8054
f 7927 8053 8052
f 8053 8055 8054
f 7925 7929 8056
f 7847 7929 7925
f 7592 8052 7766
f 8055 8057 8058
f 8058 8059 7930
f 7930 8059 7929
f 8052 8060 7766
f 8054 8060 8052
f 8061 8060 8054
f 8062 8061 8054
f 8055 8062 8054
f 8058 8062 8055
f 7930 8062 8058
f 7929 7767 7930
f 7713 7852 8063
f 7766 8060 7769
f 7930 7932 8062
f 7932 8064 8062
f 8062 8065 8061
f 8064 8065 8062
f 7772 7769 8060
f 7772 8060 8066
f 8061 8066 8060
f 8065 8066 8061
f 7855 8064 7932
f 7851 7933 7475
f 8064 7935 8065
f 7855 7935 8064
f 8067 7770 7771
f 7772 8066 7773
f 7934 7773 8066
f 8065 7934 8066
f 7935 7934 8065
f 7771 7857 8068
f 8069 8068 7857
f 7718 8069 7857
f 7936 8069 7718
f 8070 7776 7774
f 8071 7936 7937
f 7938 8073 8071
f 8071 7937 7938
f 8072 7864 7776
f 8074 8073 7938
f 8075 8073 8074
f 7938 7863 7939
f 8077 8074 7938
f 7939 8077 7938
f 7864 8076 7869
f 8075 8074 8078
f 7939 7867 8077
f 7869 7872 7612
f 8074 8080 8078
f 8077 8080 8074
f 7867 7940 8077
f 7942 8080 8077
f 7940 7942 8077
f 8081 7780 7872
f 8078 8083 8079
f 8080 8083 8078
f 8082 8079 8084
f 8083 8084 8079
f 8080 7941 8083
f 7942 7941 8080
f 7940 7722 7942
f 7873 7780 7874
f 8082 8084 8085
f 8084 8083 8085
f 8083 8088 8085
f 8086 7875 8087
f 8085 7875 8086
f 8088 7875 8085
f 7726 8088 7941
f 7941 8088 8083
f 7724 7874 7943
f 8088 7726 7875
f 8087 7876 8089
f 7875 7876 8087
f 7876 7879 8089
f 7878 7944 8091
f 8089 7879 8090
f 8090 8093 8092
f 7878 8091 7781
f 8094 8095 8091
f 7879 8093 8090
f 7879 7880 8093
f 8095 7781 8091
f 8093 8096 8092
f 8095 7782 7781
f 7881 7782 8095
f 8097 8096 7945
f 8093 7945 8096
f 7880 7783 8093
f 8098 7881 8095
f 7882 7945 8093
f 7783 7882 8093
f 7883 7881 8098
f 8100 7883 8098
f 8097 8102 8099
f 7945 8102 8097
f 7884 7883 8100
f 8101 7946 8100
f 7946 7884 8100
f 8099 8107 8104
f 8102 8107 8099
f 7945 7785 8102
f 8103 7946 8101
f 8108 8106 8109
f 8106 8104 8109
f 8104 8107 8109
f 7946 7786 7884
f 7886 7946 8103
f 8110 8105 8108
f 8102 7885 8107
f 7785 7885 8102
f 8105 7886 8103
f 7889 7886 8105
f 8110 7889 8105
f 8109 8110 8108
f 8107 7888 8109
f 7885 7888 8107
f 7890 7889 8110
f 8109 7890 8110
f 7888 7890 8109
f 7950 7790 7951
f 7790 7791 7951
f 7737 7795 7952
f 7792 8111 7953
f 7796 8111 7792
f 7948 7739 7949
f 7790 7950 7949
f 7796 7954 8111
f 8113 7954 7891
f 8112 8113 7891
f 7955 8112 7891
f 7892 7955 7797
f 7947 8114 7801
f 7947 8115 8114
f 7948 8115 7947
f 7894 7800 7959
f 7801 8114 7958
f 7958 7962 7961
f 7895 7964 8118
f 8119 7965 7962
f 8120 7967 7965
f 7971 7964 7896
f 7969 8121 7970
f 7970 8121 8122
f 7970 8122 7973
f 7897 7976 7971
f 8123 7979 7973
f 7979 8124 7985
f 7976 7901 8125
f 8125 7901 8127
f 7994 8128 8000
f 8000 8129 7999
f 7901 7905 8130
f 8132 8015 8009
f 8015 8133 8018
f 8026 8134 8028
f 8028 8134 8135
f 8019 8030 8020
f 8028 8135 8029
f 8029 8136 8032
f 8032 8137 8031
f 7829 8138 7689
f 7910 7689 8138
f 7547 7910 7911
f 8038 7833 8140
f 7832 8040 7834
f 8039 8040 7832
f 7833 7835 8140
f 8140 7835 8141
f 7835 8142 8141
f 7834 8040 7913
f 7912 8142 7835
f 7836 7912 7695
f 8143 7914 7913
f 7836 7915 7912
f 7839 7914 8144
f 7839 8144 7916
f 8042 7757 7918
f 7700 8043 8044
f 7840 7920 7918
f 7842 8047 8146
f 7842 8146 7844
f 7920 7922 8145
f 8050 8147 8048
f 7844 8146 8148
f 7921 7844 8148
f 7760 7921 8149
f 7921 8148 8149
f 8149 7923 7760
f 7924 8150 7922
f 7926 8150 7924
f 7928 8051 7593
f 7925 8056 8049
f 8059 8058 8153
f 8045 8151 7931
f 7713 8063 7928
f 7931 8154 7851
f 8155 7852 7770
f 7851 8154 7933
f 7933 8156 7858
f 8067 7771 8068
f 7858 8156 7774
f 8157 7936 8071
f 8070 8158 7776
f 8158 8072 7776
f 8073 8159 8071
f 8160 8073 8075
f 8075 8161 8160
f 8075 8078 8161
f 7872 7869 8076
f 8161 8078 8079
f 8081 7874 7780
f 8163 8082 8085
f 8163 8085 8164
f 8164 8085 8086
f 8087 8089 8165
f 7727 7943 8166
f 7727 8166 7944
f 8168 8089 8090
f 7944 8167 8169
f 7944 8169 8091
f 8092 8170 8090
f 8091 8169 8094
f 8092 8096 8171
f 8096 8097 8171
f 8098 8172 8100
f 8098 8095 8172
f 8172 8173 8100
f 8174 8097 8099
f 8099 8104 8177
f 8105 8103 8178
f 8108 8105 8178
f 7953 7952 7795
f 8116 7949 7950
f 7951 8180 7950
f 7954 8181 8111
f 7894 8182 7957
f 7957 8182 8179
f 7949 8116 7948
f 7894 7959 8182
f 8114 8117 7958
f 7958 8117 8119
f 7895 8118 7959
f 8119 7962 7958
f 8120 7965 8119
f 7964 7971 8118
f 7967 8120 8121
f 7967 8121 7969
f 7973 8122 8123
f 7971 7976 8184
f 7979 8123 8186
f 8186 8124 7979
f 7976 8125 8185
f 7994 7985 8126
f 8126 7985 8124
f 8126 8128 7994
f 8129 8000 8128
f 7901 8130 8127
f 8005 7999 8187
f 7999 8129 8187
f 8130 7905 8188
f 8187 8131 8005
f 8005 8131 8009
f 7905 8013 8188
f 8131 8132 8009
f 8013 8020 8188
f 8015 8132 8133
f 8188 8020 8189
f 8190 8024 8133
f 8133 8024 8018
f 8026 8024 8134
f 8190 8134 8024
f 8020 8030 8191
f 8032 8136 8137
f 8136 8029 8135
f 8031 8137 8035
f 8036 7908 8034
f 8035 8192 8034
f 8192 8036 8034
f 8037 8038 8139
f 7831 7911 8193
f 8038 8140 8139
f 8040 8039 8194
f 7913 8040 8195
f 8143 8144 7914
f 8041 7916 8196
f 7920 8145 7918
f 8044 8045 7919
f 8045 8044 8198
f 8047 8046 8199
f 7922 8200 8145
f 8151 8045 8198
f 8050 8201 8147
f 7922 8150 8200
f 8049 8152 8050
f 7923 8149 8202
f 7926 7923 8202
f 7926 8202 8150
f 8203 8051 7928
f 8053 7927 8204
f 8055 8053 8204
f 8055 8204 8205
f 8205 8057 8055
f 8056 8059 8206
f 7929 8059 8056
f 8049 8056 8152
f 8203 7928 8207
f 8058 8057 8208
f 8059 8153 8206
f 8151 8209 7931
f 8154 7931 8209
f 8210 8154 8209
f 8154 8156 7933
f 8156 8154 8210
f 8069 8211 8068
f 8070 7774 8156
f 8069 7936 8211
f 8211 7936 8157
f 7864 8213 8076
f 7864 8072 8213
f 8073 8160 8159
f 8076 8214 7872
f 8161 8079 8162
f 8082 8162 8079
f 8082 8163 8162
f 7874 8081 8216
f 8087 8165 8164
f 8164 8086 8087
f 7943 7874 8217
f 7874 8216 8217
f 8168 8165 8089
f 8166 8167 7944
f 8090 8170 8168
f 8092 8171 8170
f 8172 8095 8094
f 8174 8171 8097
f 8175 8174 8099
f 8101 8100 8173
f 8173 8176 8101
f 8103 8101 8176
f 8099 8177 8175
f 8103 8176 8178
f 8219 8220 8218
f 8220 8177 8106
f 8177 8104 8106
f 8218 8108 8178
f 8106 8108 8218
f 8220 8106 8218
f 7952 8221 7951
f 7952 7953 8222
f 7953 8111 8222
f 8223 7892 8224
f 7892 7956 8224
f 7956 7957 8179
f 8224 7956 8179
f 7950 8180 8225
f 8180 7951 8221
f 8111 8181 8222
f 8181 8226 8222
f 8112 7955 8113
f 7955 7892 8223
f 7948 8116 8183
f 8225 8116 7950
f 8227 8221 7952
f 8222 8227 7952
f 8226 8227 8222
f 8181 7954 8113
f 8229 8228 8113
f 7955 8229 8113
f 8223 8229 7955
f 8224 8229 8223
f 8230 8229 8224
f 8179 8230 8224
f 8114 8115 8231
f 8182 8233 8179
f 8233 8230 8179
f 8182 7959 8233
f 8117 8114 8234
f 8231 8235 8114
f 8236 8228 8229
f 8230 8236 8229
f 7959 8237 8233
f 8234 8238 8117
f 8114 8235 8234
f 8118 8237 7959
f 8238 8119 8117
f 8120 8119 8239
f 8238 8239 8119
f 8242 8241 8120
f 8239 8242 8120
f 8118 8184 8240
f 7971 8184 8118
f 8121 8120 8241
f 8122 8121 8243
f 8241 8243 8121
f 8244 8241 8242
f 8245 8122 8246
f 8243 8246 8122
f 8122 8245 8123
f 8243 8247 8246
f 8246 8248 8245
f 8249 8248 8246
f 8247 8249 8246
f 8250 8241 8244
f 8250 8247 8241
f 8247 8243 8241
f 7976 8185 8184
f 8186 8123 8245
f 8245 8251 8186
f 8248 8251 8245
f 8252 8249 8247
f 8124 8186 8253
f 8251 8253 8186
f 8248 8254 8251
f 8249 8254 8248
f 8126 8124 8253
f 8253 8255 8126
f 8251 8255 8253
f 8256 8249 8252
f 8128 8126 8255
f 8254 8257 8251
f 8259 8258 8254
f 8259 8249 8256
f 8259 8254 8249
f 8255 8260 8128
f 8251 8261 8255
f 8257 8261 8251
f 8254 8258 8257
f 8262 8129 8128
f 8255 8261 8260
f 8263 8258 8259
f 8260 8262 8128
f 8129 8262 8187
f 8260 8264 8262
f 8261 8264 8260
f 8262 8265 8187
f 8264 8265 8262
f 8257 8266 8261
f 8131 8187 8267
f 8267 8187 8265
f 8268 8266 8257
f 8268 8258 8263
f 8268 8257 8258
f 8266 8264 8261
f 8132 8131 8269
f 8131 8267 8269
f 8132 8269 8270
f 8270 8269 8271
f 8267 8271 8269
f 8265 8271 8267
f 8264 8266 8265
f 8272 8266 8268
f 8132 8270 8133
f 8271 8273 8270
f 8266 8274 8265
f 8272 8275 8266
f 8133 8270 8276
f 8276 8270 8273
f 8274 8271 8265
f 8275 8274 8266
f 8133 8276 8190
f 8274 8277 8271
f 8278 8274 8275
f 8190 8276 8279
f 8273 8279 8276
f 8271 8280 8273
f 8277 8280 8271
f 8274 8281 8277
f 8278 8281 8274
f 8282 8134 8283
f 8134 8190 8279
f 8134 8279 8283
f 8273 8280 8279
f 8280 8284 8279
f 8020 8191 8189
f 8135 8134 8282
f 8285 8135 8282
f 8279 8286 8283
f 8284 8286 8279
f 8136 8135 8285
f 8287 8282 8283
f 8286 8287 8283
f 8280 8288 8284
f 8285 8289 8136
f 8282 8289 8285
f 8191 8030 8290
f 8291 8137 8136
f 8289 8291 8136
f 8287 8289 8282
f 8286 8292 8287
f 8137 8293 8035
f 8294 8291 8289
f 8287 8294 8289
f 8294 8287 8295
f 8030 8037 8290
f 8296 7829 8036
f 8296 8036 8192
f 8035 8297 8192
f 8293 8297 8035
f 8293 8137 8291
f 8290 8037 8298
f 8297 8296 8192
f 8297 8299 8296
f 8138 8300 7910
f 8037 8139 8298
f 8139 8140 8301
f 7831 8193 8039
f 8142 8302 8141
f 8303 8302 8142
f 8142 7912 8304
f 8304 8303 8142
f 8305 8303 8304
f 7913 8195 8143
f 7912 7915 8304
f 8306 8304 7915
f 8307 8144 8143
f 7915 7917 8306
f 7916 8144 8196
f 8308 7917 8309
f 8309 7917 8042
f 8310 8309 8042
f 8042 7918 8311
f 7918 8197 8311
f 8043 8198 8044
f 8198 8043 8312
f 7918 8145 8313
f 8046 8314 8199
f 8315 8047 8199
f 8046 8048 8314
f 8048 8147 8314
f 8146 8047 8315
f 8146 8315 8316
f 8146 8316 8317
f 8146 8317 8148
f 8149 8148 8319
f 8148 8317 8319
f 8149 8319 8202
f 8319 8320 8202
f 8321 8200 8150
f 8198 8322 8151
f 8208 8324 8153
f 8056 8318 8152
f 8206 8318 8056
f 8201 8050 8318
f 8318 8050 8152
f 8150 8202 8321
f 8204 7927 8323
f 8205 8208 8057
f 8153 8325 8206
f 8153 8058 8208
f 8207 7928 8063
f 8151 8322 8209
f 8322 8328 8209
f 8328 8322 8327
f 7852 8155 8063
f 8328 8210 8209
f 7770 8067 8155
f 8329 8155 8067
f 8067 8068 8329
f 8328 8330 8210
f 8330 8328 8327
f 8330 8156 8210
f 8332 8330 8327
f 8331 8211 8333
f 8331 8068 8211
f 8330 8332 8070
f 8156 8330 8070
f 8333 8211 8157
f 8158 8070 8332
f 8157 8212 8333
f 8157 8071 8212
f 8071 8159 8212
f 8334 8072 8158
f 8159 8335 8212
f 8334 8213 8072
f 8213 8334 8336
f 8159 8160 8335
f 8335 8338 8337
f 8213 8214 8076
f 8160 8338 8335
f 8160 8161 8338
f 8214 8340 7872
f 8337 8163 8339
f 8338 8163 8337
f 8161 8162 8338
f 8081 7872 8340
f 8162 8163 8338
f 8339 8342 8341
f 8163 8342 8339
f 8164 8342 8163
f 8215 8216 8081
f 8344 8216 8215
f 8343 8341 8345
f 8341 8347 8345
f 8342 8347 8341
f 8164 8165 8342
f 8345 8346 8348
f 8347 8346 8345
f 8217 8166 7943
f 8346 8349 8348
f 8347 8350 8346
f 8342 8165 8347
f 8346 8351 8349
f 8165 8168 8347
f 8350 8352 8346
f 8168 8350 8347
f 8346 8352 8351
f 8357 8354 8356
f 8351 8352 8354
f 8170 8352 8350
f 8168 8170 8350
f 8354 8359 8356
f 8352 8359 8354
f 8170 8171 8352
f 8094 8169 8353
f 8094 8353 8172
f 8172 8353 8355
f 8360 8172 8355
f 8361 8358 8356
f 8359 8362 8356
f 8364 8361 8356
f 8362 8364 8356
f 8171 8174 8359
f 8352 8171 8359
f 8363 8173 8360
f 8173 8172 8360
f 8366 8361 8365
f 8174 8362 8359
f 8367 8369 8368
f 8369 8370 8368
f 8361 8371 8365
f 8364 8371 8361
f 8174 8175 8364
f 8174 8364 8362
f 8176 8173 8363
f 8367 8176 8363
f 8368 8219 8367
f 8371 8370 8365
f 8219 8176 8367
f 8370 8220 8368
f 8220 8219 8368
f 8371 8220 8370
f 8175 8177 8371
f 8364 8175 8371
f 8219 8178 8176
f 8218 8178 8219
f 8371 8177 8220
f 8225 8180 8221
f 8227 8226 8372
f 8115 8373 8232
f 8115 7948 8373
f 8225 8374 8116
f 8181 8375 8226
f 8113 8376 8181
f 8376 8113 8228
f 8232 8231 8115
f 8230 8377 8236
f 8233 8378 8230
f 8230 8378 8377
f 8233 8237 8378
f 8379 8237 8118
f 8118 8380 8379
f 8380 8118 8240
f 8239 8381 8242
f 8244 8383 8250
f 8184 8185 8384
f 8247 8250 8385
f 8384 8185 8386
f 8185 8125 8386
f 8247 8387 8252
f 8252 8387 8256
f 8125 8127 8388
f 8256 8389 8259
f 8263 8259 8389
f 8263 8391 8268
f 8130 8188 8393
f 8272 8268 8392
f 8394 8275 8272
f 8394 8272 8392
f 8394 8395 8278
f 8275 8394 8278
f 8281 8396 8277
f 8281 8395 8396
f 8278 8395 8281
f 8277 8396 8280
f 8280 8396 8288
f 8288 8397 8284
f 8189 8191 8398
f 8286 8284 8292
f 8287 8292 8399
f 8295 8287 8399
f 8191 8290 8398
f 8294 8400 8291
f 8293 8401 8297
f 8293 8291 8401
f 7829 8300 8138
f 7829 8296 8300
f 7911 7910 8402
f 8139 8403 8298
f 7911 8402 8193
f 8139 8301 8403
f 8140 8141 8301
f 8194 8404 8040
f 8141 8302 8301
f 8404 8405 8040
f 8040 8405 8195
f 8304 8306 8305
f 8305 8306 8406
f 7917 8308 8306
f 8196 8407 8041
f 8310 8042 8311
f 8041 8407 8043
f 7918 8313 8197
f 8317 8408 8319
f 8316 8408 8317
f 8200 8321 8409
f 8205 8204 8410
f 8204 8323 8410
f 8202 8320 8411
f 8321 8202 8411
f 8323 7927 8051
f 8205 8410 8208
f 8207 8063 8326
f 8212 8412 8333
f 8335 8413 8212
f 8336 8214 8213
f 8339 8415 8337
f 8214 8414 8340
f 8340 8215 8081
f 8345 8348 8343
f 8216 8344 8217
f 8167 8166 8416
f 8351 8417 8349
f 8169 8167 8416
f 8416 8353 8169
f 8354 8357 8417
f 8351 8354 8417
f 8353 8418 8355
f 8356 8358 8357
f 8361 8366 8420
f 8420 8358 8361
f 8369 8367 8421
f 8369 8366 8370
f 8365 8370 8366
f 8373 7948 8183
f 8183 8116 8374
f 8422 8374 8225
f 8221 8423 8225
f 8227 8424 8221
f 8221 8424 8423
f 8373 8426 8232
f 8374 8427 8183
f 8372 8226 8375
f 8376 8375 8181
f 8376 8228 8428
f 8228 8236 8429
f 8428 8228 8429
f 8429 8236 8430
f 8236 8377 8430
f 8235 8231 8232
f 8428 8375 8376
f 8431 8234 8235
f 8232 8431 8235
f 8237 8379 8378
f 8432 8238 8234
f 8381 8239 8238
f 8184 8382 8240
f 8184 8384 8382
f 8250 8383 8433
f 8250 8433 8385
f 8385 8387 8247
f 8386 8125 8388
f 8434 8256 8387
f 8389 8256 8435
f 8434 8435 8256
f 8127 8130 8388
f 8388 8130 8390
f 8389 8391 8263
f 8435 8391 8389
f 8435 8436 8391
f 8437 8435 8434
f 8390 8130 8393
f 8436 8438 8391
f 8392 8268 8391
f 8392 8391 8438
f 8436 8439 8438
f 8435 8440 8436
f 8440 8435 8437
f 8439 8441 8438
f 8393 8188 8189
f 8438 8441 8392
f 8439 8436 8440
f 8394 8392 8442
f 8441 8442 8392
f 8439 8443 8441
f 8443 8442 8441
f 8394 8444 8395
f 8445 8444 8394
f 8442 8445 8394
f 8440 8446 8439
f 8395 8444 8396
f 8444 8447 8396
f 8443 8448 8442
f 8446 8443 8439
f 8396 8449 8288
f 8447 8449 8396
f 8450 8447 8444
f 8445 8450 8444
f 8448 8445 8442
f 8284 8397 8292
f 8288 8449 8397
f 8449 8451 8397
f 8450 8449 8447
f 8452 8443 8446
f 8292 8397 8453
f 8399 8292 8453
f 8451 8453 8397
f 8450 8454 8449
f 8445 8455 8450
f 8448 8455 8445
f 8443 8456 8448
f 8452 8456 8443
f 8458 8295 8399
f 8451 8449 8459
f 8450 8460 8454
f 8455 8460 8450
f 8398 8290 8457
f 8461 8291 8400
f 8295 8462 8294
f 8454 8459 8449
f 8290 8298 8457
f 8401 8291 8461
f 8400 8463 8461
f 8464 8463 8400
f 8294 8462 8400
f 8459 8454 8465
f 8460 8465 8454
f 8466 8456 8452
f 8300 8296 8467
f 8296 8299 8468
f 8299 8297 8401
f 8469 8401 8461
f 8463 8469 8461
f 8462 8464 8400
f 8465 8470 8459
f 8455 8471 8460
f 8448 8472 8455
f 8456 8472 8448
f 8468 8467 8296
f 8299 8473 8468
f 8401 8474 8299
f 8475 8469 8463
f 8464 8475 8463
f 8471 8465 8460
f 8455 8476 8471
f 8472 8476 8455
f 8466 8472 8456
f 8300 8402 7910
f 8474 8473 8299
f 8477 8474 8401
f 8469 8477 8401
f 8471 8478 8465
f 8479 8478 8471
f 8479 8471 8476
f 8466 8480 8472
f 8481 8479 8476
f 8480 8481 8476
f 8472 8480 8476
f 8039 8193 8482
f 8039 8482 8194
f 8302 8483 8301
f 8405 8404 8484
f 8484 8485 8405
f 8302 8303 8483
f 8483 8303 8486
f 8486 8303 8305
f 8405 8487 8195
f 8487 8405 8485
f 8143 8195 8487
f 8143 8490 8307
f 8489 8490 8143
f 8144 8307 8196
f 8492 8494 8493
f 8496 8492 8493
f 8408 8496 8493
f 8497 8495 8494
f 8199 8314 8491
f 8199 8491 8315
f 8492 8496 8491
f 8496 8315 8491
f 8494 8495 8493
f 8497 8500 8495
f 8409 8501 8200
f 8501 8498 8200
f 8200 8498 8145
f 8498 8313 8145
f 8312 8502 8198
f 8503 8499 8201
f 8201 8499 8147
f 8314 8147 8499
f 8316 8315 8496
f 8408 8316 8496
f 8504 8408 8493
f 8495 8504 8493
f 8500 8504 8495
f 8409 8500 8497
f 8505 8503 8318
f 8318 8503 8201
f 8320 8319 8408
f 8320 8408 8504
f 8409 8321 8500
f 8198 8502 8322
f 8208 8410 8324
f 8153 8324 8325
f 8324 8506 8325
f 8206 8505 8318
f 8411 8320 8504
f 8500 8411 8504
f 8321 8411 8500
f 8206 8325 8505
f 8502 8327 8322
f 8326 8063 8155
f 8331 8508 8068
f 8508 8329 8068
f 8509 8327 8507
f 8332 8327 8509
f 8333 8510 8508
f 8331 8333 8508
f 8412 8511 8510
f 8510 8333 8412
f 8332 8334 8158
f 8332 8512 8334
f 8412 8212 8511
f 8513 8511 8413
f 8511 8212 8413
f 8513 8413 8514
f 8335 8337 8413
f 8414 8214 8336
f 8515 8414 8336
f 8413 8337 8514
f 8514 8337 8415
f 8516 8414 8515
f 8339 8341 8415
f 8215 8340 8414
f 8415 8343 8517
f 8341 8343 8415
f 8215 8414 8344
f 8344 8414 8516
f 8517 8348 8519
f 8518 8344 8516
f 8343 8348 8517
f 8518 8521 8344
f 8521 8217 8344
f 8522 8521 8518
f 8348 8349 8523
f 8523 8520 8348
f 8166 8217 8521
f 8522 8166 8521
f 8416 8166 8522
f 8524 8416 8522
f 8417 8525 8349
f 8418 8416 8524
f 8526 8525 8417
f 8353 8416 8418
f 8526 8417 8357
f 8527 8526 8357
f 8419 8355 8418
f 8527 8358 8530
f 8357 8358 8527
f 8355 8419 8360
f 8528 8363 8419
f 8363 8360 8419
f 8529 8363 8528
f 8358 8420 8530
f 8367 8363 8529
f 8367 8529 8531
f 8421 8533 8369
f 8366 8369 8532
f 8420 8366 8532
f 8421 8367 8531
f 8225 8423 8422
f 8227 8534 8424
f 8372 8534 8227
f 8183 8427 8373
f 8427 8374 8422
f 8372 8425 8534
f 8375 8535 8372
f 8232 8426 8431
f 8375 8428 8535
f 8379 8537 8378
f 8431 8538 8234
f 8381 8238 8539
f 8539 8238 8432
f 8381 8539 8540
f 8540 8242 8381
f 8541 8242 8540
f 8541 8244 8242
f 8541 8383 8244
f 8433 8383 8542
f 8544 8386 8388
f 8387 8545 8434
f 8388 8390 8547
f 8434 8546 8437
f 8390 8393 8548
f 8393 8189 8548
f 8548 8189 8550
f 8440 8437 8551
f 8437 8549 8551
f 8189 8398 8550
f 8552 8446 8440
f 8550 8398 8553
f 8446 8554 8452
f 8553 8398 8457
f 8459 8555 8451
f 8462 8295 8556
f 8295 8458 8556
f 8459 8558 8555
f 8470 8558 8459
f 8457 8298 8557
f 8300 8467 8559
f 8560 8402 8300
f 8559 8560 8300
f 8469 8475 8561
f 8403 8557 8298
f 8469 8561 8477
f 8193 8402 8563
f 8193 8563 8482
f 8403 8301 8564
f 8301 8483 8564
f 8565 8483 8486
f 8305 8488 8486
f 8305 8406 8488
f 8489 8143 8487
f 8406 8306 8308
f 8567 8406 8308
f 8490 8568 8307
f 8567 8308 8309
f 8569 8567 8309
f 8307 8407 8196
f 8407 8570 8312
f 8043 8407 8312
f 8492 8491 8571
f 8492 8571 8572
f 8494 8492 8572
f 8197 8313 8573
f 8314 8574 8571
f 8491 8314 8571
f 8497 8494 8572
f 8576 8312 8570
f 8574 8314 8499
f 8409 8497 8575
f 8409 8575 8501
f 8502 8312 8576
f 8506 8578 8505
f 8051 8579 8323
f 8577 8323 8579
f 8577 8580 8323
f 8410 8323 8580
f 8506 8324 8581
f 8581 8324 8410
f 8505 8325 8506
f 8582 8203 8207
f 8207 8326 8582
f 8583 8502 8576
f 8502 8583 8327
f 8155 8585 8584
f 8155 8329 8585
f 8585 8329 8508
f 8512 8332 8509
f 8513 8587 8511
f 8336 8334 8512
f 8589 8336 8512
f 8513 8514 8588
f 8515 8336 8589
f 8516 8515 8591
f 8592 8590 8415
f 8514 8415 8590
f 8592 8415 8519
f 8519 8415 8517
f 8518 8516 8593
f 8519 8348 8520
f 8518 8593 8522
f 8523 8349 8525
f 8524 8594 8595
f 8524 8595 8418
f 8528 8419 8596
f 8529 8528 8597
f 8529 8597 8531
f 8598 8599 8531
f 8421 8531 8599
f 8420 8532 8530
f 8369 8533 8532
f 8423 8424 8534
f 8422 8423 8534
f 8373 8427 8426
f 8535 8425 8372
f 8428 8600 8535
f 8429 8536 8428
f 8430 8601 8429
f 8378 8537 8377
f 8538 8432 8234
f 8602 8380 8240
f 8382 8602 8240
f 8603 8602 8382
f 8383 8604 8542
f 8383 8541 8604
f 8543 8382 8384
f 8543 8384 8386
f 8543 8386 8544
f 8387 8605 8545
f 8434 8545 8546
f 8546 8549 8437
f 8390 8548 8547
f 8440 8551 8552
f 8446 8552 8554
f 8553 8457 8557
f 8458 8399 8607
f 8399 8453 8607
f 8453 8451 8555
f 8556 8608 8462
f 8554 8609 8452
f 8462 8608 8464
f 8466 8452 8609
f 8612 8611 8470
f 8466 8609 8613
f 8614 8610 8557
f 8559 8615 8560
f 8467 8615 8559
f 8467 8616 8615
f 8468 8616 8467
f 8473 8616 8468
f 8617 8473 8474
f 8618 8561 8475
f 8470 8465 8612
f 8619 8465 8478
f 8478 8479 8620
f 8480 8466 8613
f 8557 8403 8614
f 8474 8621 8617
f 8622 8621 8474
f 8478 8620 8619
f 8481 8620 8479
f 8481 8480 8623
f 8403 8562 8614
f 8560 8563 8402
f 8624 8474 8477
f 8561 8624 8477
f 8618 8624 8561
f 8403 8564 8562
f 8194 8626 8404
f 8483 8627 8564
f 8484 8404 8626
f 8627 8483 8565
f 8565 8486 8628
f 8484 8629 8485
f 8486 8630 8628
f 8629 8566 8485
f 8488 8630 8486
f 8487 8485 8631
f 8631 8485 8566
f 8488 8632 8633
f 8487 8631 8489
f 8488 8406 8632
f 8632 8406 8567
f 8634 8567 8569
f 8307 8568 8407
f 8635 8569 8310
f 8310 8569 8309
f 8636 8635 8311
f 8310 8311 8635
f 8568 8637 8407
f 8311 8638 8636
f 8311 8197 8638
f 8197 8573 8638
f 8572 8575 8497
f 8498 8501 8573
f 8313 8498 8573
f 8499 8640 8574
f 8578 8640 8642
f 8640 8503 8642
f 8499 8503 8640
f 8577 8643 8580
f 8506 8581 8641
f 8641 8578 8506
f 8505 8578 8642
f 8503 8505 8642
f 8051 8644 8579
f 8410 8580 8581
f 8644 8051 8203
f 8326 8645 8646
f 8646 8582 8326
f 8155 8584 8645
f 8645 8326 8155
f 8647 8327 8583
f 8327 8647 8507
f 8507 8647 8509
f 8586 8585 8508
f 8508 8510 8586
f 8648 8511 8587
f 8648 8510 8511
f 8587 8513 8588
f 8590 8588 8514
f 8515 8589 8649
f 8649 8591 8515
f 8650 8592 8519
f 8516 8591 8593
f 8519 8520 8650
f 8651 8522 8593
f 8522 8651 8524
f 8525 8652 8523
f 8652 8525 8526
f 8526 8653 8654
f 8419 8418 8595
f 8595 8596 8419
f 8653 8526 8527
f 8528 8596 8655
f 8597 8528 8655
f 8527 8656 8653
f 8531 8597 8598
f 8657 8656 8530
f 8656 8527 8530
f 8533 8658 8532
f 8658 8659 8532
f 8659 8657 8532
f 8532 8657 8530
f 8599 8658 8421
f 8533 8421 8658
f 8426 8427 8661
f 8660 8426 8661
f 8661 8427 8422
f 8662 8422 8663
f 8422 8534 8663
f 8431 8426 8664
f 8660 8664 8426
f 8662 8661 8422
f 8425 8663 8534
f 8536 8429 8601
f 8538 8431 8664
f 8665 8664 8660
f 8666 8665 8660
f 8661 8666 8660
f 8667 8666 8661
f 8662 8667 8661
f 8663 8668 8662
f 8669 8425 8535
f 8600 8669 8535
f 8536 8600 8428
f 8430 8377 8670
f 8670 8377 8537
f 8664 8671 8538
f 8672 8664 8665
f 8670 8673 8430
f 8379 8674 8537
f 8671 8432 8538
f 8672 8671 8664
f 8379 8675 8674
f 8380 8675 8379
f 8539 8432 8676
f 8380 8602 8675
f 8433 8605 8385
f 8385 8605 8387
f 8677 8544 8388
f 8388 8547 8677
f 8546 8545 8678
f 8679 8546 8678
f 8679 8680 8546
f 8680 8549 8546
f 8680 8681 8549
f 8681 8683 8549
f 8684 8681 8680
f 8548 8682 8547
f 8683 8551 8549
f 8685 8681 8684
f 8683 8686 8551
f 8685 8683 8681
f 8685 8687 8683
f 8687 8686 8683
f 8552 8551 8688
f 8686 8688 8551
f 8685 8689 8687
f 8687 8690 8686
f 8688 8606 8554
f 8552 8688 8554
f 8686 8692 8688
f 8690 8692 8686
f 8688 8693 8606
f 8692 8693 8688
f 8690 8694 8692
f 8689 8695 8687
f 8695 8690 8687
f 8556 8458 8696
f 8696 8458 8607
f 8453 8697 8607
f 8555 8697 8453
f 8697 8555 8698
f 8554 8606 8609
f 8609 8606 8693
f 8556 8699 8608
f 8696 8699 8556
f 8555 8611 8698
f 8611 8555 8558
f 8695 8700 8690
f 8699 8701 8608
f 8558 8470 8611
f 8693 8702 8609
f 8692 8703 8693
f 8694 8703 8692
f 8700 8694 8690
f 8464 8618 8475
f 8618 8464 8608
f 8613 8609 8702
f 8703 8702 8693
f 8704 8703 8694
f 8700 8705 8694
f 8473 8617 8616
f 8706 8618 8608
f 8701 8706 8608
f 8619 8612 8465
f 8702 8707 8613
f 8705 8704 8694
f 8615 8708 8560
f 8703 8707 8702
f 8704 8707 8703
f 8710 8704 8705
f 8560 8711 8563
f 8474 8624 8622
f 8481 8625 8620
f 8481 8623 8625
f 8613 8623 8480
f 8613 8712 8623
f 8707 8712 8613
f 8704 8710 8707
f 8562 8713 8614
f 8714 8482 8563
f 8711 8714 8563
f 8562 8564 8713
f 8713 8564 8717
f 8718 8482 8714
f 8716 8719 8715
f 8716 8721 8720
f 8482 8718 8194
f 8719 8723 8715
f 8716 8724 8719
f 8720 8724 8716
f 8718 8626 8194
f 8715 8723 8722
f 8720 8721 8627
f 8721 8725 8627
f 8725 8717 8627
f 8627 8717 8564
f 8724 8723 8719
f 8720 8726 8724
f 8724 8727 8723
f 8726 8727 8724
f 8720 8728 8726
f 8565 8728 8627
f 8627 8728 8720
f 8565 8628 8728
f 8484 8626 8629
f 8723 8730 8722
f 8730 8729 8722
f 8727 8730 8723
f 8726 8731 8727
f 8732 8731 8726
f 8628 8732 8728
f 8728 8732 8726
f 8628 8630 8732
f 8566 8629 8734
f 8729 8730 8733
f 8727 8735 8730
f 8731 8633 8727
f 8630 8488 8633
f 8630 8633 8732
f 8732 8633 8731
f 8631 8566 8734
f 8631 8734 8737
f 8629 8738 8734
f 8738 8629 8736
f 8730 8740 8733
f 8727 8741 8735
f 8633 8741 8727
f 8734 8738 8737
f 8733 8740 8739
f 8730 8742 8740
f 8735 8742 8730
f 8633 8632 8741
f 8631 8743 8489
f 8737 8743 8631
f 8738 8744 8737
f 8741 8746 8735
f 8489 8743 8490
f 8738 8747 8744
f 8748 8745 8739
f 8746 8742 8735
f 8567 8746 8741
f 8632 8567 8741
f 8490 8743 8749
f 8737 8744 8743
f 8750 8751 8748
f 8751 8745 8748
f 8739 8740 8748
f 8746 8634 8742
f 8490 8749 8568
f 8744 8752 8743
f 8754 8750 8753
f 8748 8753 8750
f 8634 8755 8742
f 8567 8634 8746
f 8752 8749 8743
f 8752 8744 8747
f 8756 8754 8757
f 8754 8753 8757
f 8758 8753 8748
f 8740 8758 8748
f 8759 8758 8740
f 8742 8759 8740
f 8760 8759 8742
f 8755 8760 8742
f 8634 8569 8755
f 8747 8761 8752
f 8766 8756 8765
f 8765 8756 8767
f 8757 8767 8756
f 8753 8768 8757
f 8758 8768 8753
f 8635 8760 8755
f 8569 8635 8755
f 8749 8752 8568
f 8771 8762 8770
f 8770 8762 8772
f 8763 8772 8762
f 8764 8773 8763
f 8765 8775 8766
f 8758 8769 8768
f 8760 8776 8759
f 8635 8636 8760
f 8752 8637 8568
f 8773 8772 8763
f 8774 8778 8773
f 8768 8767 8757
f 8758 8779 8769
f 8759 8779 8758
f 8760 8636 8776
f 8761 8780 8752
f 8777 8770 8781
f 8765 8782 8775
f 8767 8782 8765
f 8768 8782 8767
f 8783 8782 8768
f 8769 8783 8768
f 8779 8784 8769
f 8776 8779 8759
f 8636 8638 8776
f 8407 8637 8570
f 8752 8780 8637
f 8777 8781 8785
f 8773 8786 8772
f 8778 8787 8773
f 8775 8788 8778
f 8782 8788 8775
f 8783 8789 8782
f 8769 8639 8783
f 8790 8784 8779
f 8638 8790 8776
f 8776 8790 8779
f 8781 8791 8785
f 8792 8781 8770
f 8786 8792 8770
f 8772 8786 8770
f 8787 8786 8773
f 8788 8787 8778
f 8782 8789 8788
f 8572 8571 8789
f 8783 8572 8789
f 8639 8572 8783
f 8784 8639 8769
f 8638 8573 8790
f 8637 8793 8570
f 8780 8793 8637
f 8795 8794 8786
f 8787 8795 8786
f 8788 8795 8787
f 8789 8574 8788
f 8571 8574 8789
f 8575 8572 8639
f 8796 8575 8639
f 8784 8796 8639
f 8790 8796 8784
f 8573 8501 8790
f 8570 8793 8576
f 8791 8797 8798
f 8792 8791 8781
f 8786 8794 8792
f 8788 8640 8795
f 8574 8640 8788
f 8501 8575 8796
f 8790 8501 8796
f 8791 8801 8797
f 8792 8802 8791
f 8802 8801 8791
f 8794 8802 8792
f 8578 8641 8794
f 8795 8578 8794
f 8640 8578 8795
f 8799 8576 8793
f 8577 8579 8801
f 8643 8577 8801
f 8802 8643 8801
f 8581 8643 8802
f 8641 8581 8802
f 8794 8641 8802
f 8797 8579 8644
f 8801 8579 8797
f 8581 8580 8643
f 8203 8582 8644
f 8803 8576 8804
f 8799 8804 8576
f 8576 8803 8583
f 8645 8584 8805
f 8586 8648 8807
f 8510 8648 8586
f 8648 8808 8807
f 8806 8809 8509
f 8811 8812 8810
f 8808 8811 8810
f 8648 8587 8808
f 8509 8809 8512
f 8814 8812 8811
f 8808 8587 8811
f 8589 8512 8809
f 8813 8589 8809
f 8811 8815 8814
f 8587 8816 8811
f 8588 8816 8587
f 8813 8649 8589
f 8814 8817 8812
f 8815 8818 8814
f 8811 8816 8815
f 8820 8817 8814
f 8820 8821 8817
f 8822 8820 8814
f 8818 8822 8814
f 8815 8816 8818
f 8588 8590 8816
f 8819 8823 8813
f 8823 8649 8813
f 8816 8590 8818
f 8823 8591 8649
f 8820 8825 8821
f 8822 8825 8820
f 8818 8592 8822
f 8590 8592 8818
f 8825 8824 8821
f 8822 8650 8825
f 8592 8650 8822
f 8826 8591 8823
f 8651 8591 8826
f 8828 8651 8826
f 8824 8829 8827
f 8825 8829 8824
f 8593 8591 8651
f 8830 8831 8827
f 8829 8830 8827
f 8825 8832 8829
f 8650 8520 8832
f 8650 8832 8825
f 8828 8834 8833
f 8833 8651 8828
f 8829 8835 8830
f 8833 8594 8651
f 8833 8834 8836
f 8830 8835 8831
f 8520 8523 8829
f 8520 8829 8832
f 8594 8524 8651
f 8835 8654 8831
f 8523 8652 8835
f 8829 8523 8835
f 8838 8833 8836
f 8837 8840 8841
f 8831 8654 8837
f 8835 8652 8654
f 8838 8594 8833
f 8839 8838 8836
f 8844 8840 8843
f 8837 8845 8840
f 8654 8845 8837
f 8526 8654 8652
f 8595 8594 8838
f 8596 8595 8838
f 8839 8655 8838
f 8842 8655 8839
f 8842 8843 8846
f 8840 8847 8843
f 8654 8653 8845
f 8655 8596 8838
f 8843 8848 8846
f 8847 8849 8843
f 8845 8847 8840
f 8653 8847 8845
f 8597 8655 8842
f 8598 8597 8842
f 8846 8598 8842
f 8849 8848 8843
f 8847 8657 8849
f 8653 8656 8847
f 8846 8599 8598
f 8599 8846 8658
f 8848 8658 8846
f 8849 8659 8848
f 8657 8659 8849
f 8847 8656 8657
f 8659 8658 8848
f 8663 8850 8668
f 8663 8851 8850
f 8425 8851 8663
f 8425 8669 8851
f 8600 8852 8669
f 8600 8853 8852
f 8666 8854 8665
f 8430 8673 8601
f 8671 8676 8432
f 8602 8603 8856
f 8857 8604 8541
f 8858 8382 8543
f 8858 8603 8382
f 8433 8542 8859
f 8859 8860 8433
f 8433 8860 8605
f 8858 8543 8544
f 8860 8545 8605
f 8858 8544 8677
f 8547 8682 8861
f 8685 8684 8862
f 8682 8548 8550
f 8685 8862 8689
f 8550 8553 8691
f 8553 8863 8691
f 8553 8557 8863
f 8863 8557 8610
f 8695 8865 8700
f 8865 8705 8700
f 8615 8616 8866
f 8610 8614 8713
f 8868 8708 8615
f 8866 8868 8615
f 8616 8621 8866
f 8617 8621 8616
f 8620 8709 8619
f 8705 8867 8710
f 8625 8709 8620
f 8623 8712 8625
f 8707 8870 8712
f 8707 8871 8870
f 8710 8871 8707
f 8716 8715 8873
f 8715 8872 8873
f 8722 8874 8715
f 8722 8875 8874
f 8722 8729 8875
f 8875 8729 8876
f 8626 8877 8629
f 8733 8876 8729
f 8733 8878 8876
f 8878 8733 8739
f 8879 8878 8739
f 8745 8879 8739
f 8880 8881 8745
f 8751 8750 8882
f 8745 8751 8880
f 8750 8754 8882
f 8754 8883 8882
f 8756 8884 8754
f 8763 8762 8885
f 8764 8763 8885
f 8773 8764 8774
f 8775 8886 8766
f 8770 8777 8771
f 8778 8774 8887
f 8778 8887 8775
f 8775 8887 8886
f 8791 8888 8785
f 8780 8799 8793
f 8888 8791 8798
f 8798 8797 8800
f 8797 8889 8800
f 8797 8582 8889
f 8797 8644 8582
f 8890 8889 8646
f 8889 8582 8646
f 8646 8805 8890
f 8646 8645 8805
f 8804 8891 8583
f 8803 8804 8583
f 8584 8892 8805
f 8583 8891 8647
f 8893 8892 8585
f 8585 8892 8584
f 8647 8891 8509
f 8891 8806 8509
f 8893 8585 8894
f 8585 8586 8894
f 8586 8807 8894
f 8808 8810 8895
f 8895 8807 8808
f 8809 8896 8813
f 8810 8812 8897
f 8817 8821 8899
f 8819 8898 8823
f 8826 8823 8900
f 8824 8827 8901
f 8826 8902 8828
f 8902 8834 8828
f 8903 8831 8904
f 8904 8831 8837
f 8836 8905 8839
f 8841 8904 8837
f 8842 8839 8906
f 8906 8907 8842
f 8842 8907 8844
f 8840 8844 8841
f 8843 8842 8844
f 8669 8852 8909
f 8536 8853 8600
f 8665 8855 8672
f 8855 8665 8910
f 8911 8854 8666
f 8667 8911 8666
f 8908 8911 8667
f 8850 8851 8912
f 8909 8851 8669
f 8670 8537 8914
f 8537 8674 8914
f 8672 8915 8671
f 8672 8855 8915
f 8854 8910 8665
f 8914 8673 8670
f 8675 8916 8674
f 8915 8676 8671
f 8917 8539 8676
f 8918 8916 8856
f 8916 8675 8856
f 8675 8602 8856
f 8542 8604 8919
f 8919 8604 8857
f 8920 8860 8859
f 8545 8860 8920
f 8921 8545 8920
f 8858 8677 8922
f 8921 8923 8545
f 8923 8678 8545
f 8678 8923 8679
f 8677 8547 8861
f 8679 8924 8680
f 8691 8682 8550
f 8689 8862 8925
f 8864 8689 8925
f 8689 8864 8695
f 8926 8864 8925
f 8928 8929 8927
f 8929 8930 8927
f 8931 8930 8929
f 8931 8932 8933
f 8929 8932 8931
f 8607 8697 8935
f 8865 8695 8864
f 8926 8865 8864
f 8936 8865 8926
f 8927 8938 8937
f 8930 8938 8927
f 8931 8933 8939
f 8699 8696 8940
f 8696 8607 8935
f 8696 8935 8940
f 8697 8698 8935
f 8931 8941 8930
f 8939 8941 8931
f 8933 8942 8939
f 8934 8863 8943
f 8701 8699 8944
f 8944 8699 8945
f 8940 8945 8699
f 8935 8946 8940
f 8698 8946 8935
f 8698 8611 8946
f 8936 8947 8865
f 8938 8948 8937
f 8941 8938 8930
f 8942 8949 8939
f 8943 8869 8949
f 8863 8610 8943
f 8950 8701 8944
f 8940 8951 8945
f 8946 8951 8940
f 8611 8612 8946
f 8865 8867 8705
f 8947 8867 8865
f 8937 8948 8952
f 8954 8953 8938
f 8941 8954 8938
f 8949 8941 8939
f 8610 8869 8943
f 8706 8701 8950
f 8612 8955 8946
f 8612 8619 8955
f 8947 8956 8867
f 8957 8954 8941
f 8949 8958 8941
f 8869 8958 8949
f 8610 8713 8869
f 8868 8866 8959
f 8866 8621 8959
f 8960 8618 8950
f 8618 8706 8950
f 8945 8961 8944
f 8962 8961 8945
f 8951 8962 8945
f 8946 8963 8951
f 8955 8963 8946
f 8619 8709 8955
f 8955 8709 8964
f 8710 8867 8965
f 8956 8965 8867
f 8948 8967 8952
f 8869 8713 8958
f 8959 8968 8868
f 8621 8969 8959
f 8621 8622 8970
f 8618 8971 8624
f 8971 8618 8960
f 8944 8972 8950
f 8961 8972 8944
f 8951 8973 8962
f 8964 8963 8955
f 8709 8974 8964
f 8974 8709 8975
f 8709 8625 8975
f 8625 8712 8975
f 8871 8710 8976
f 8976 8710 8965
f 8938 8953 8948
f 8954 8977 8953
f 8957 8977 8954
f 8978 8957 8941
f 8958 8978 8941
f 8711 8560 8708
f 8711 8708 8979
f 8968 8708 8868
f 8980 8968 8959
f 8980 8969 8981
f 8980 8959 8969
f 8970 8969 8621
f 8970 8622 8971
f 8622 8624 8971
f 8950 8982 8960
f 8972 8982 8950
f 8963 8973 8951
f 8974 8963 8964
f 8712 8983 8975
f 8712 8870 8983
f 8983 8870 8984
f 8871 8985 8870
f 8985 8984 8870
f 8986 8985 8871
f 8966 8952 8987
f 8952 8967 8987
f 8957 8873 8977
f 8873 8872 8977
f 8978 8873 8957
f 8958 8988 8978
f 8958 8713 8988
f 8979 8714 8711
f 8968 8979 8708
f 8980 8989 8968
f 8969 8970 8990
f 8960 8982 8971
f 8991 8972 8992
f 8961 8992 8972
f 8993 8992 8961
f 8993 8961 8962
f 8974 8994 8963
f 8975 8994 8974
f 8995 8994 8975
f 8983 8995 8975
f 8984 8995 8983
f 8976 8986 8871
f 8977 8996 8953
f 8872 8996 8977
f 8713 8717 8988
f 8971 8997 8970
f 8997 8990 8970
f 8972 8991 8982
f 8998 8993 8962
f 8999 8998 8962
f 8973 8999 8962
f 9000 8999 8973
f 8963 9000 8973
f 8994 9000 8963
f 9001 8995 8984
f 9002 9001 8984
f 8985 9002 8984
f 8967 9003 8987
f 8721 8716 8873
f 8721 8873 8978
f 8717 8725 8988
f 9004 8714 8979
f 8990 8997 9005
f 9006 8997 8971
f 8982 9006 8971
f 8991 9006 8982
f 8999 9000 9007
f 9008 9000 8994
f 8995 9008 8994
f 8986 9002 8985
f 8976 9009 8986
f 8987 9003 9010
f 8996 8875 8953
f 8874 8875 8996
f 8872 8874 8996
f 8715 8874 8872
f 8721 8978 8988
f 8718 8714 8626
f 9006 9005 8997
f 9008 9007 9000
f 9008 8995 9011
f 9001 9011 8995
f 9009 9002 8986
f 9010 9003 9012
f 8725 8721 8988
f 8626 8714 9014
f 9004 9014 8714
f 9011 9001 9015
f 9002 9015 9001
f 9016 9015 9002
f 9016 9002 9009
f 8953 9013 8948
f 8967 9012 9003
f 8953 9017 9013
f 8875 9017 8953
f 8876 9017 8875
f 9010 9012 9018
f 8877 8626 9014
f 9019 9018 9012
f 8948 9013 8967
f 9020 9019 9012
f 8967 9020 9012
f 8876 8878 9017
f 9021 8877 9014
f 9022 9018 9019
f 9013 9020 8967
f 9017 9023 9013
f 8736 8629 8877
f 8736 8877 9021
f 9019 9024 9022
f 9023 9025 9013
f 9017 8878 9023
f 9022 9024 9026
f 9020 9024 9019
f 9013 9025 9020
f 8878 8879 9023
f 9021 9027 8736
f 9022 9026 9028
f 9023 8879 9025
f 8736 9027 8738
f 9024 8882 9026
f 9020 8882 9024
f 8880 8882 9020
f 9025 8880 9020
f 8881 8880 9025
f 8879 8745 8881
f 8879 8881 9025
f 9028 8883 9030
f 9026 8883 9028
f 8882 8883 9026
f 8751 8882 8880
f 8747 8738 9029
f 9030 8884 9031
f 8883 8884 9030
f 8883 8754 8884
f 9033 9029 9034
f 9033 8747 9029
f 8762 9035 8885
f 9035 9036 8885
f 8761 8747 9033
f 8886 8887 9039
f 9031 8766 9032
f 8756 8766 9031
f 8884 8756 9031
f 9041 9042 8771
f 8762 8771 9035
f 8774 9043 8887
f 9038 9043 8774
f 9032 8766 8886
f 8771 8777 9041
f 8761 9033 8780
f 9044 8780 9033
f 9045 9041 8888
f 8777 8785 9041
f 8785 8888 9041
f 9045 9048 9046
f 8780 9044 8799
f 9047 9046 9049
f 9048 9049 9046
f 9045 8798 9048
f 8888 8798 9045
f 9044 9050 8799
f 9051 9047 9049
f 9051 9049 9053
f 9048 9052 9049
f 9053 9054 9051
f 9049 9052 9053
f 9048 9055 9052
f 8800 9055 8798
f 8798 9055 9048
f 9054 9053 9056
f 9054 9056 9057
f 9058 9056 9053
f 9052 9058 9053
f 8800 8889 9055
f 9050 8804 8799
f 9055 9058 9052
f 9059 9054 9057
f 9058 9060 9056
f 9055 8890 9058
f 9055 8889 8890
f 8890 9060 9058
f 9061 9062 9059
f 9059 9057 9061
f 9056 9060 9057
f 8890 9063 9060
f 8805 9063 8890
f 9050 9064 8804
f 9063 9065 9060
f 9064 8891 8804
f 9061 9066 9062
f 9060 9067 9057
f 9065 9067 9060
f 8805 8892 9063
f 9057 9067 9061
f 8892 8893 9063
f 9063 8893 9065
f 9065 9068 9067
f 8893 9068 9065
f 8893 8894 9068
f 9066 9061 9070
f 9061 9069 9070
f 9061 9067 9069
f 8894 8807 9069
f 8894 9069 9068
f 9068 9069 9067
f 9064 8806 8891
f 9069 8810 9070
f 8807 8895 9069
f 9070 8810 9071
f 9069 8895 8810
f 9064 9072 8806
f 8810 8897 9071
f 8806 9072 8809
f 8809 9072 8896
f 8897 8812 9073
f 9073 8817 8899
f 8812 8817 9073
f 8819 8813 8898
f 8898 8813 8896
f 8899 8821 9074
f 8898 8900 8823
f 9074 8901 9076
f 8821 8824 9074
f 9075 8900 8898
f 8824 8901 9074
f 9075 8826 8900
f 8902 8826 9075
f 9078 8902 9075
f 9076 8901 9077
f 9077 8903 9080
f 8901 8903 9077
f 9084 9082 9083
f 9079 9083 9082
f 9085 9083 9079
f 9080 8903 9079
f 8901 8831 8903
f 8827 8831 8901
f 9086 9083 9087
f 9084 9083 9086
f 9085 9088 9083
f 8903 9085 9079
f 8834 9089 8905
f 8905 9091 9090
f 9090 9091 9092
f 9091 9086 9092
f 9083 9093 9087
f 9088 9093 9083
f 9090 8906 8905
f 9087 9094 9086
f 9085 8904 9088
f 8903 8904 9085
f 8834 8905 8836
f 9092 8907 9090
f 9094 8907 9092
f 9086 9094 9092
f 9093 9094 9087
f 8904 9093 9088
f 8839 8905 8906
f 8907 8906 9090
f 8841 9094 9093
f 8904 8841 9093
f 8844 8907 9094
f 8841 8844 9094
f 8667 8662 9095
f 8662 8668 9096
f 9095 8662 9096
f 9095 8908 8667
f 8668 9097 9096
f 8850 9097 8668
f 8852 8853 8913
f 8536 9098 8853
f 8601 9098 8536
f 8911 9099 8854
f 8850 8912 9097
f 8851 9100 8912
f 8909 9101 8851
f 8909 8913 9101
f 8852 8913 8909
f 8674 9103 8914
f 8916 9103 8674
f 8915 9104 8676
f 8676 9104 8917
f 8915 9105 9104
f 8855 9105 8915
f 8916 8918 9106
f 8540 9108 8857
f 8541 8540 8857
f 8539 9108 8540
f 8917 9107 8539
f 8539 9107 9108
f 8856 8603 8918
f 9110 8918 8603
f 8919 8859 8542
f 8859 8919 9111
f 9112 8603 8858
f 9112 9110 8603
f 8859 9111 8920
f 8922 9112 8858
f 9113 9112 8922
f 8922 8677 8861
f 8923 8924 8679
f 9114 8922 8861
f 9115 8680 8924
f 9115 8684 8680
f 9115 9116 8684
f 8684 9117 8862
f 9117 9118 8862
f 8861 8682 9119
f 8862 9120 8925
f 8682 8691 9119
f 9119 8691 9121
f 8863 9121 8691
f 8926 8925 9122
f 8929 8928 9124
f 8934 9121 8863
f 8926 9122 8936
f 9122 9125 8936
f 8937 9126 9123
f 8927 8937 9123
f 8943 8949 9131
f 8936 9129 8947
f 8952 9132 8937
f 8952 8966 9132
f 9134 8965 8956
f 8956 9133 9134
f 9135 8980 8981
f 8965 9134 8976
f 8969 8990 8981
f 9137 8976 9134
f 8968 9139 8979
f 8968 8989 9139
f 8990 9140 9136
f 8990 9136 8981
f 9141 8991 8992
f 8993 9141 8992
f 9142 9141 8993
f 8998 9142 8993
f 8990 9005 9140
f 9141 9006 8991
f 8998 9143 9142
f 9144 9145 9010
f 9145 8987 9010
f 9006 9146 9005
f 9008 9147 9007
f 9148 9008 9011
f 9011 9015 9148
f 9004 9152 9014
f 9016 9153 9015
f 9018 9151 9010
f 9154 9014 9152
f 9018 9155 9151
f 9022 9156 9155
f 9022 9155 9018
f 9021 9014 9154
f 9156 9028 9157
f 9022 9028 9156
f 9027 9021 9154
f 9027 9158 8738
f 9159 9160 9030
f 9158 9029 8738
f 9161 9029 9158
f 9159 9030 9031
f 9029 9161 9034
f 9032 9162 9031
f 9163 8885 9036
f 9040 9033 9034
f 9037 9035 8771
f 8764 8885 9163
f 8774 8764 9163
f 9163 9038 8774
f 8886 9039 9162
f 9162 9032 8886
f 9037 8771 9042
f 9043 9039 8887
f 9045 9165 9041
f 9164 9165 9045
f 9040 9166 9033
f 9046 9164 9045
f 9167 9164 9046
f 9050 9044 9169
f 9170 9047 9051
f 9171 9050 9169
f 9054 9170 9051
f 9064 9050 9171
f 9059 9174 9173
f 9059 9062 9174
f 9062 9175 9174
f 9066 9175 9062
f 9066 9071 9175
f 9066 9070 9071
f 9071 9176 9175
f 9178 9064 9177
f 8897 9179 9071
f 9064 9178 9072
f 9178 8896 9072
f 9178 9180 8896
f 9181 8897 9073
f 9179 8897 9181
f 8899 9182 9073
f 9182 9181 9073
f 9183 8896 9180
f 8896 9183 8898
f 8899 9074 9182
f 9078 8898 9183
f 9184 9182 9074
f 9075 8898 9078
f 9184 9074 9076
f 9076 9077 9185
f 9186 8902 9078
f 9080 9079 9187
f 9185 9077 9080
f 9186 9081 8902
f 9082 9188 9079
f 8834 8902 9081
f 8834 9081 9089
f 9091 9190 9086
f 9189 9084 9086
f 8905 9089 9191
f 8905 9191 9091
f 9098 9193 8853
f 9098 8601 8673
f 8911 8908 9099
f 9100 8851 9194
f 8851 9101 9194
f 9193 8913 8853
f 8673 9102 9098
f 8914 9102 8673
f 9101 9195 9194
f 8913 9195 9101
f 8914 9103 9102
f 8855 9196 9105
f 8910 9196 8855
f 9103 8916 9106
f 9109 8857 9108
f 8919 8857 9197
f 8857 9109 9197
f 9111 9198 8920
f 8920 9198 8921
f 8921 9198 8923
f 9113 8922 9199
f 8922 9114 9199
f 8684 9116 9117
f 9114 8861 9119
f 9120 8862 9118
f 8925 9120 9122
f 8927 9123 9201
f 9201 8928 8927
f 9124 8928 9201
f 9202 8929 9124
f 9202 8932 8929
f 9121 8934 9200
f 8933 8932 9127
f 8933 9127 9128
f 8943 9131 8934
f 8936 9125 9129
f 9126 8937 9132
f 8942 8933 9130
f 8933 9128 9130
f 8949 9130 9131
f 9130 8949 8942
f 9129 9203 8947
f 8947 9203 8956
f 8966 9138 9132
f 8956 9203 9133
f 9138 8966 8987
f 8987 9145 9138
f 9004 8979 9204
f 9139 9204 8979
f 8998 8999 9206
f 9143 8998 9206
f 8976 9149 9009
f 8976 9137 9149
f 9005 9207 9140
f 9141 9146 9006
f 9007 9208 9206
f 9007 9206 8999
f 9208 9007 9147
f 9008 9148 9147
f 9009 9149 9209
f 9144 9010 9151
f 9204 9152 9004
f 9148 9015 9150
f 9009 9153 9016
f 9009 9209 9153
f 9015 9153 9150
f 9154 9210 9027
f 9160 9157 9028
f 9210 9158 9027
f 9028 9030 9160
f 9159 9031 9162
f 9035 9037 9211
f 9036 9035 9211
f 9038 9212 9043
f 9212 9039 9043
f 9165 9042 9041
f 9033 9166 9044
f 9046 9168 9167
f 9166 9169 9044
f 9047 9168 9046
f 9170 9168 9047
f 9054 9172 9170
f 9054 9213 9172
f 9059 9213 9054
f 9059 9173 9213
f 9171 9177 9064
f 9071 9179 9176
f 9179 9181 9214
f 9076 9185 9184
f 9080 9187 9185
f 9187 9079 9188
f 9084 9189 9215
f 9082 9084 9215
f 9188 9082 9215
f 9192 9190 9091
f 9189 9086 9190
f 9091 9191 9192
f 9216 9193 9217
f 9217 9193 9218
f 9193 9098 9218
f 9220 9219 8908
f 9095 9220 8908
f 9221 9220 9095
f 9096 9221 9095
f 9097 9221 9096
f 8912 9222 9097
f 8912 9100 9222
f 8913 9193 9216
f 9218 9098 9102
f 8854 9099 9223
f 9195 8913 9216
f 9195 9216 9225
f 9217 9225 9216
f 9226 9225 9217
f 9218 9226 9217
f 9102 9226 9218
f 9102 9227 9226
f 9227 9102 9103
f 9104 9228 8917
f 9228 9104 9229
f 9104 9105 9229
f 9196 8910 9223
f 8854 9223 8910
f 9194 9230 9100
f 9195 9230 9194
f 9225 9231 9195
f 9226 9232 9225
f 9103 9106 9233
f 9227 9103 9233
f 9234 9107 9228
f 9107 8917 9228
f 9235 9229 9105
f 9196 9235 9105
f 9237 9231 9225
f 9232 9237 9225
f 9227 9238 9226
f 9233 9238 9227
f 9106 8918 9233
f 9108 9107 9239
f 9239 9107 9234
f 9240 9234 9228
f 9229 9240 9228
f 9241 9232 9226
f 9238 9241 9226
f 9109 9108 9239
f 9232 9242 9243
f 9241 9244 9232
f 9244 9242 9232
f 9245 9238 9233
f 8918 9245 9233
f 8918 9110 9245
f 9109 9239 9246
f 9234 9247 9239
f 9240 9247 9234
f 9248 9241 9238
f 9245 9248 9238
f 9197 9249 8919
f 9249 9197 9246
f 9197 9109 9246
f 9250 9246 9239
f 9247 9250 9239
f 9251 9248 9245
f 9245 9110 9251
f 8919 9249 9111
f 9253 9244 9252
f 9241 9252 9244
f 9251 9254 9248
f 9111 9249 9255
f 9250 9249 9246
f 9250 9256 9249
f 9252 9241 9257
f 9110 9112 9251
f 9112 9113 9251
f 9111 9255 9198
f 9248 9257 9241
f 9256 9255 9249
f 9113 9199 9251
f 9256 9258 9255
f 9254 9260 9248
f 9251 9260 9254
f 8923 9198 9261
f 9255 9258 9198
f 9258 9261 9198
f 9257 9259 9252
f 9248 9262 9257
f 9251 9199 9260
f 9263 9264 9265
f 8924 8923 9261
f 9263 9267 9264
f 9260 9262 9248
f 9199 9269 9260
f 8924 9261 9115
f 9264 9270 9266
f 9267 9270 9264
f 9268 9267 9263
f 9257 9271 9259
f 9272 9262 9260
f 9269 9272 9260
f 9199 9114 9269
f 9261 9116 9115
f 9270 9273 9266
f 9267 9274 9270
f 9275 9267 9268
f 9276 9277 9268
f 9262 9278 9257
f 9270 9274 9273
f 9277 9275 9268
f 9257 9278 9271
f 9117 9281 9118
f 9283 9275 9277
f 9271 9278 9280
f 9272 9284 9262
f 9269 9284 9272
f 9273 9274 9282
f 9287 9288 9289
f 9280 9287 9289
f 9278 9287 9280
f 9114 9119 9269
f 9285 9290 9118
f 9290 9120 9118
f 9283 9293 9275
f 9262 9296 9278
f 9284 9296 9262
f 9297 9291 9282
f 9274 9297 9282
f 9267 9293 9292
f 9275 9293 9267
f 9298 9294 9299
f 9295 9299 9294
f 9300 9288 9301
f 9287 9301 9288
f 9278 9301 9287
f 9296 9301 9278
f 9285 9302 9290
f 9291 9302 9285
f 9267 9292 9274
f 9292 9297 9274
f 9283 9303 9293
f 9294 9298 9304
f 9305 9299 9295
f 9300 9305 9295
f 9301 9305 9300
f 9290 9122 9120
f 9297 9302 9291
f 9305 9308 9299
f 9301 9306 9305
f 9269 9200 9284
f 9269 9119 9200
f 9302 9309 9290
f 9309 9122 9290
f 9303 9310 9293
f 9311 9310 9303
f 9304 9298 9307
f 9296 9306 9301
f 9119 9121 9200
f 9314 9310 9311
f 9298 9317 9307
f 9299 9318 9298
f 9318 9317 9298
f 9308 9318 9299
f 9124 9308 9305
f 9306 9124 9305
f 9202 9124 9306
f 9319 9202 9306
f 9296 9313 9306
f 9284 9320 9296
f 9321 9122 9309
f 9302 9321 9309
f 9315 9310 9314
f 9312 9323 9316
f 9317 9323 9312
f 9307 9317 9312
f 9201 9324 9308
f 9124 9201 9308
f 9313 9319 9306
f 9200 9320 9284
f 9125 9122 9321
f 9292 9321 9302
f 9297 9292 9302
f 9310 9292 9293
f 9325 9310 9315
f 9322 9325 9315
f 9316 9325 9322
f 9323 9325 9316
f 9308 9324 9318
f 9201 9123 9324
f 9319 8932 9202
f 8932 9319 9127
f 9128 9127 9319
f 9313 9128 9319
f 9296 9327 9313
f 9327 9128 9313
f 9320 9327 9296
f 9131 9327 9320
f 8934 9131 9200
f 9200 9131 9320
f 9129 9125 9321
f 9292 9328 9321
f 9318 9323 9317
f 9318 9329 9326
f 9324 9329 9318
f 9123 9126 9324
f 9327 9130 9128
f 9321 9328 9129
f 9326 9330 9318
f 9126 9329 9324
f 9131 9130 9327
f 9328 9203 9129
f 9325 9330 9310
f 9323 9330 9325
f 9318 9330 9323
f 9292 9331 9328
f 9132 9329 9126
f 9328 9332 9203
f 9331 9332 9328
f 9329 9333 9326
f 9132 9138 9329
f 9133 9203 9334
f 9334 9203 9332
f 9329 9336 9333
f 9138 9336 9329
f 9337 9134 9334
f 9134 9133 9334
f 9331 9338 9332
f 9330 9339 9310
f 9333 9340 9326
f 9341 8980 9135
f 9338 9337 9334
f 9332 9338 9334
f 9292 9335 9331
f 9310 9339 9292
f 9326 9340 9330
f 9139 8989 9341
f 8989 8980 9341
f 9137 9134 9337
f 9137 9337 9342
f 9343 9342 9337
f 9338 9343 9337
f 9336 9145 9333
f 9336 9138 9145
f 9341 9344 9139
f 9338 9331 9343
f 9204 9139 9344
f 9204 9344 9346
f 9347 9346 9344
f 9141 9349 9345
f 9142 9350 9141
f 9350 9349 9141
f 9142 9143 9205
f 9142 9205 9350
f 9342 9149 9137
f 9343 9351 9342
f 9339 9335 9292
f 9330 9352 9339
f 9333 9353 9340
f 9144 9353 9145
f 9145 9353 9333
f 9140 9207 9348
f 9354 9146 9345
f 9146 9141 9345
f 9205 9355 9350
f 9143 9206 9205
f 9205 9206 9356
f 9206 9208 9356
f 9342 9351 9149
f 9340 9357 9330
f 9353 9357 9340
f 9144 9151 9353
f 9346 9152 9204
f 9347 9358 9346
f 9005 9359 9207
f 9146 9359 9005
f 9349 9360 9345
f 9360 9354 9345
f 9355 9349 9350
f 9356 9355 9205
f 9356 9208 9361
f 9208 9147 9361
f 9361 9147 9362
f 9362 9147 9148
f 9149 9363 9209
f 9351 9363 9149
f 9331 9364 9343
f 9355 9360 9349
f 9148 9365 9362
f 9366 9365 9148
f 9150 9366 9148
f 9150 9153 9366
f 9366 9153 9367
f 9153 9209 9367
f 9367 9209 9363
f 9335 9368 9331
f 9369 9352 9330
f 9357 9369 9330
f 9151 9357 9353
f 9346 9370 9152
f 9372 9371 9360
f 9355 9372 9360
f 9373 9372 9355
f 9356 9373 9355
f 9361 9373 9356
f 9374 9361 9362
f 9374 9362 9365
f 9366 9375 9365
f 9363 9376 9367
f 9351 9364 9363
f 9364 9376 9363
f 9343 9364 9351
f 9152 9210 9154
f 9370 9210 9152
f 9376 9375 9366
f 9367 9376 9366
f 9331 9368 9364
f 9369 9378 9352
f 9155 9378 9369
f 9357 9155 9369
f 9357 9151 9155
f 9377 9370 9346
f 9365 9375 9379
f 9364 9368 9376
f 9352 9380 9339
f 9155 9156 9378
f 9376 9381 9375
f 9368 9381 9376
f 9382 9380 9352
f 9378 9382 9352
f 9381 9379 9375
f 9378 9383 9382
f 9157 9383 9378
f 9156 9157 9378
f 9379 9381 9384
f 9382 9385 9380
f 9383 9385 9382
f 9157 9160 9383
f 9158 9210 9370
f 9335 9386 9368
f 9383 9388 9385
f 9160 9388 9383
f 9389 9158 9370
f 9390 9387 9335
f 9380 9391 9339
f 9392 9391 9380
f 9385 9392 9380
f 9388 9392 9385
f 9160 9159 9388
f 9158 9393 9161
f 9393 9158 9394
f 9394 9158 9389
f 9384 9381 9395
f 9368 9395 9381
f 9387 9396 9335
f 9397 9396 9387
f 9390 9397 9387
f 9335 9398 9390
f 9339 9398 9335
f 9391 9398 9339
f 9034 9161 9393
f 9396 9386 9335
f 9397 9399 9396
f 9400 9399 9397
f 9390 9400 9397
f 9401 9400 9390
f 9398 9401 9390
f 9392 9402 9391
f 9159 9162 9402
f 9159 9402 9388
f 9388 9402 9392
f 9393 9403 9034
f 9399 9406 9396
f 9211 9037 9400
f 9036 9211 9400
f 9401 9036 9400
f 9163 9036 9401
f 9163 9401 9398
f 9212 9163 9398
f 9402 9212 9398
f 9391 9402 9398
f 9034 9403 9040
f 9368 9386 9405
f 9396 9407 9386
f 9408 9407 9396
f 9406 9408 9396
f 9037 9042 9399
f 9400 9037 9399
f 9212 9038 9163
f 9402 9039 9212
f 9162 9039 9402
f 9409 9403 9393
f 9409 9393 9394
f 9406 9164 9408
f 9165 9164 9406
f 9399 9165 9406
f 9042 9165 9399
f 9166 9040 9403
f 9166 9403 9410
f 9409 9410 9403
f 9411 9404 9395
f 9368 9411 9395
f 9386 9412 9405
f 9407 9412 9386
f 9408 9167 9407
f 9164 9167 9408
f 9405 9411 9368
f 9407 9413 9412
f 9167 9413 9407
f 9169 9166 9410
f 9409 9414 9410
f 9167 9168 9413
f 9404 9411 9415
f 9411 9416 9415
f 9417 9405 9412
f 9418 9417 9412
f 9413 9418 9412
f 9419 9418 9413
f 9168 9419 9413
f 9410 9420 9169
f 9414 9420 9410
f 9418 9422 9417
f 9419 9422 9418
f 9168 9170 9419
f 9420 9171 9169
f 9416 9421 9415
f 9419 9170 9422
f 9405 9416 9411
f 9417 9423 9405
f 9170 9172 9422
f 9416 9425 9421
f 9405 9426 9416
f 9423 9426 9405
f 9422 9423 9417
f 9427 9171 9420
f 9172 9213 9422
f 9422 9213 9423
f 9425 9424 9421
f 9423 9428 9426
f 9213 9428 9423
f 9171 9427 9429
f 9416 9430 9425
f 9426 9430 9416
f 9213 9173 9428
f 9424 9433 9432
f 9425 9433 9424
f 9174 9430 9426
f 9173 9174 9428
f 9428 9174 9426
f 9171 9431 9177
f 9171 9429 9431
f 9430 9435 9425
f 9432 9433 9434
f 9435 9433 9425
f 9175 9436 9174
f 9174 9436 9430
f 9436 9435 9430
f 9433 9437 9434
f 9429 9438 9431
f 9435 9439 9433
f 9440 9439 9435
f 9441 9440 9435
f 9175 9441 9436
f 9436 9441 9435
f 9431 9178 9177
f 9433 9442 9437
f 9439 9442 9433
f 9175 9176 9441
f 9431 9443 9178
f 9438 9443 9431
f 9437 9442 9444
f 9440 9441 9439
f 9441 9445 9439
f 9438 9446 9443
f 9439 9445 9442
f 9441 9214 9445
f 9176 9179 9214
f 9441 9176 9214
f 9444 9442 9447
f 9445 9449 9442
f 9214 9449 9445
f 9443 9180 9178
f 9442 9449 9447
f 9181 9451 9214
f 9214 9451 9449
f 9452 9180 9443
f 9446 9450 9443
f 9450 9452 9443
f 9449 9453 9447
f 9454 9453 9449
f 9451 9454 9449
f 9447 9453 9448
f 9182 9454 9451
f 9181 9182 9451
f 9448 9456 9455
f 9453 9456 9448
f 9450 9457 9452
f 9457 9180 9452
f 9456 9461 9455
f 9454 9182 9453
f 9078 9183 9180
f 9078 9180 9457
f 9458 9457 9450
f 9455 9461 9460
f 9184 9462 9453
f 9453 9462 9456
f 9182 9184 9453
f 9456 9462 9461
f 9465 9457 9458
f 9459 9463 9458
f 9460 9461 9464
f 9184 9185 9468
f 9184 9468 9462
f 9462 9468 9461
f 9186 9078 9457
f 9463 9465 9458
f 9467 9188 9470
f 9471 9188 9467
f 9464 9471 9467
f 9461 9471 9464
f 9468 9471 9461
f 9472 9465 9463
f 9474 9475 9215
f 9475 9470 9215
f 9185 9471 9468
f 9466 9472 9463
f 9474 9476 9473
f 9189 9474 9215
f 9470 9188 9215
f 9471 9187 9188
f 9185 9187 9471
f 9081 9186 9457
f 9477 9472 9466
f 9469 9477 9466
f 9473 9477 9469
f 9476 9477 9473
f 9189 9476 9474
f 9081 9457 9465
f 9472 9478 9465
f 9478 9081 9465
f 9189 9190 9476
f 9478 9089 9081
f 9477 9478 9472
f 9192 9478 9477
f 9476 9192 9477
f 9190 9192 9476
f 9089 9478 9191
f 9192 9191 9478
f 9099 8908 9224
f 9224 8908 9219
f 9097 9479 9221
f 9097 9222 9479
f 9099 9224 9223
f 9100 9480 9222
f 9480 9100 9230
f 9195 9236 9230
f 9231 9236 9195
f 9240 9229 9481
f 9229 9235 9481
f 9231 9482 9236
f 9237 9482 9231
f 9232 9482 9237
f 9232 9243 9482
f 9484 9242 9244
f 9485 9247 9483
f 9483 9247 9240
f 9244 9253 9484
f 9250 9247 9485
f 9486 9250 9485
f 9487 9253 9252
f 9256 9250 9486
f 9486 9488 9256
f 9252 9259 9487
f 9487 9259 9489
f 9256 9488 9258
f 9264 9490 9265
f 9263 9265 9491
f 9490 9264 9492
f 9492 9264 9266
f 9268 9263 9493
f 9263 9491 9493
f 9258 9494 9261
f 9259 9271 9495
f 9261 9494 9116
f 9273 9492 9266
f 9494 9279 9116
f 9273 9496 9492
f 9495 9271 9280
f 9495 9280 9498
f 9117 9116 9279
f 9279 9281 9117
f 9282 9499 9496
f 9282 9496 9273
f 9500 9277 9497
f 9283 9277 9500
f 9285 9118 9281
f 9281 9286 9285
f 9283 9500 9501
f 9291 9285 9286
f 9282 9291 9286
f 9282 9286 9499
f 9295 9294 9503
f 9294 9502 9503
f 9295 9503 9300
f 9503 9504 9300
f 9504 9289 9288
f 9288 9300 9504
f 9283 9501 9303
f 9294 9304 9502
f 9304 9307 9506
f 9311 9303 9505
f 9311 9507 9314
f 9311 9505 9507
f 9307 9312 9508
f 9307 9508 9506
f 9314 9507 9509
f 9315 9314 9509
f 9315 9509 9322
f 9316 9322 9510
f 9316 9510 9511
f 9341 9512 9344
f 8981 9513 9135
f 8981 9514 9513
f 9136 9514 8981
f 9140 9348 9136
f 9354 9359 9146
f 9358 9377 9346
f 9373 9516 9372
f 9372 9516 9515
f 9361 9517 9373
f 9361 9374 9517
f 9365 9518 9374
f 9365 9519 9518
f 9365 9379 9519
f 9370 9377 9520
f 9384 9519 9379
f 9521 9519 9384
f 9370 9520 9389
f 9395 9521 9384
f 9522 9521 9395
f 9389 9523 9394
f 9395 9404 9522
f 9524 9522 9404
f 9523 9409 9394
f 9525 9409 9523
f 9415 9524 9404
f 9415 9527 9524
f 9415 9421 9527
f 9526 9414 9409
f 9421 9424 9527
f 9414 9427 9420
f 9528 9424 9432
f 9427 9529 9429
f 9529 9438 9429
f 9437 9444 9531
f 9444 9533 9531
f 9532 9534 9438
f 9447 9533 9444
f 9438 9534 9446
f 9450 9446 9534
f 9447 9448 9535
f 9535 9533 9447
f 9448 9455 9535
f 9536 9458 9450
f 9536 9450 9534
f 9459 9458 9536
f 9538 9455 9460
f 9463 9459 9539
f 9459 9536 9539
f 9460 9464 9538
f 9466 9463 9539
f 9540 9464 9467
f 9538 9464 9540
f 9469 9466 9539
f 9539 9541 9469
f 9470 9542 9467
f 9469 9541 9473
f 9474 9473 9475
f 9475 9542 9470
f 9220 9221 9479
f 9543 9220 9479
f 9223 9224 9544
f 9224 9219 9544
f 9544 9219 9545
f 9219 9220 9543
f 9219 9543 9545
f 9545 9543 9546
f 9547 9546 9543
f 9479 9547 9543
f 9479 9548 9547
f 9479 9222 9548
f 9548 9222 9480
f 9196 9223 9549
f 9549 9223 9544
f 9235 9196 9549
f 9550 9235 9549
f 9544 9551 9549
f 9545 9551 9544
f 9552 9551 9545
f 9546 9552 9545
f 9547 9553 9546
f 9553 9552 9546
f 9548 9553 9547
f 9480 9230 9548
f 9481 9235 9550
f 9549 9554 9550
f 9551 9554 9549
f 9555 9553 9548
f 9230 9555 9548
f 9236 9556 9230
f 9556 9555 9230
f 9550 9557 9481
f 9554 9557 9550
f 9558 9557 9554
f 9551 9558 9554
f 9552 9558 9551
f 9236 9482 9556
f 9483 9240 9559
f 9240 9481 9559
f 9557 9559 9481
f 9560 9552 9553
f 9555 9560 9553
f 9556 9561 9555
f 9561 9560 9555
f 9562 9561 9556
f 9482 9562 9556
f 9243 9562 9482
f 9243 9242 9484
f 9559 9563 9483
f 9552 9564 9558
f 9560 9564 9552
f 9565 9562 9243
f 9484 9565 9243
f 9483 9563 9485
f 9559 9566 9563
f 9557 9566 9559
f 9564 9566 9557
f 9558 9564 9557
f 9560 9567 9564
f 9565 9561 9562
f 9253 9568 9484
f 9568 9565 9484
f 9563 9569 9485
f 9486 9485 9569
f 9566 9569 9563
f 9565 9570 9561
f 9566 9571 9569
f 9564 9572 9566
f 9560 9570 9567
f 9561 9570 9560
f 9568 9570 9565
f 9489 9570 9568
f 9253 9487 9568
f 9487 9489 9568
f 9569 9488 9486
f 9571 9573 9569
f 9574 9572 9564
f 9569 9573 9488
f 9572 9575 9566
f 9574 9490 9572
f 9491 9490 9574
f 9491 9265 9490
f 9576 9491 9574
f 9488 9578 9258
f 9573 9578 9488
f 9490 9579 9572
f 9576 9493 9491
f 9577 9567 9570
f 9571 9580 9573
f 9566 9575 9571
f 9572 9579 9575
f 9490 9492 9579
f 9489 9581 9570
f 9495 9581 9489
f 9489 9259 9495
f 9258 9578 9494
f 9575 9580 9571
f 9579 9582 9575
f 9583 9576 9574
f 9564 9583 9574
f 9570 9581 9577
f 9573 9580 9578
f 9276 9268 9493
f 9583 9497 9576
f 9497 9493 9576
f 9578 9279 9494
f 9582 9584 9575
f 9579 9492 9582
f 9276 9493 9497
f 9585 9583 9564
f 9577 9587 9567
f 9581 9588 9577
f 9578 9589 9279
f 9580 9589 9578
f 9575 9584 9580
f 9492 9496 9582
f 9497 9277 9276
f 9588 9587 9577
f 9495 9588 9581
f 9281 9279 9589
f 9584 9589 9580
f 9582 9499 9584
f 9496 9499 9582
f 9500 9497 9583
f 9585 9500 9583
f 9588 9590 9587
f 9495 9498 9588
f 9564 9591 9585
f 9586 9592 9567
f 9593 9586 9567
f 9587 9590 9567
f 9590 9593 9567
f 9588 9498 9590
f 9286 9281 9589
f 9584 9286 9589
f 9499 9286 9584
f 9585 9501 9500
f 9591 9594 9585
f 9567 9591 9564
f 9592 9591 9567
f 9590 9502 9593
f 9503 9502 9590
f 9504 9503 9590
f 9289 9504 9590
f 9498 9289 9590
f 9280 9289 9498
f 9586 9595 9592
f 9586 9596 9595
f 9593 9596 9586
f 9585 9594 9501
f 9502 9596 9593
f 9501 9505 9303
f 9594 9505 9501
f 9597 9591 9592
f 9598 9597 9592
f 9595 9598 9592
f 9506 9595 9596
f 9304 9506 9596
f 9502 9304 9596
f 9594 9507 9505
f 9591 9509 9594
f 9509 9507 9594
f 9599 9509 9591
f 9597 9599 9591
f 9595 9508 9598
f 9506 9508 9595
f 9597 9511 9599
f 9598 9511 9597
f 9508 9511 9598
f 9599 9510 9509
f 9511 9510 9599
f 9312 9316 9511
f 9312 9511 9508
f 9509 9510 9322
f 9135 9600 9341
f 9341 9600 9512
f 9135 9513 9600
f 9344 9601 9347
f 9344 9512 9601
f 9136 9348 9514
f 9603 9348 9207
f 9359 9603 9207
f 9605 9604 9359
f 9359 9354 9605
f 9354 9360 9605
f 9360 9606 9605
f 9360 9371 9606
f 9607 9516 9373
f 9373 9517 9607
f 9372 9606 9371
f 9372 9610 9606
f 9515 9610 9372
f 9518 9611 9612
f 9518 9519 9611
f 9519 9614 9611
f 9614 9615 9611
f 9616 9520 9613
f 9611 9617 9612
f 9615 9617 9611
f 9614 9618 9615
f 9519 9521 9614
f 9521 9618 9614
f 9616 9389 9520
f 9615 9619 9617
f 9618 9620 9615
f 9615 9622 9619
f 9620 9622 9615
f 9521 9522 9618
f 9622 9623 9619
f 9624 9619 9623
f 9522 9620 9618
f 9522 9524 9620
f 9624 9623 9626
f 9623 9627 9626
f 9622 9627 9623
f 9620 9627 9622
f 9409 9525 9526
f 9626 9628 9629
f 9627 9628 9626
f 9620 9630 9627
f 9526 9525 9632
f 9628 9633 9629
f 9620 9631 9630
f 9527 9631 9620
f 9524 9527 9620
f 9634 9633 9628
f 9627 9635 9628
f 9628 9635 9634
f 9627 9630 9635
f 9414 9526 9427
f 9427 9526 9636
f 9632 9637 9526
f 9633 9634 9638
f 9631 9527 9630
f 9527 9639 9630
f 9637 9636 9526
f 9527 9424 9639
f 9636 9640 9427
f 9638 9634 9641
f 9635 9642 9634
f 9630 9643 9635
f 9641 9634 9644
f 9634 9642 9644
f 9639 9424 9528
f 9637 9645 9636
f 9646 9645 9637
f 9644 9647 9641
f 9635 9648 9642
f 9643 9648 9635
f 9639 9649 9630
f 9528 9649 9639
f 9644 9650 9647
f 9642 9650 9644
f 9649 9643 9630
f 9528 9432 9649
f 9640 9529 9427
f 9432 9434 9649
f 9636 9652 9640
f 9652 9529 9640
f 9647 9650 9654
f 9642 9655 9650
f 9643 9651 9648
f 9649 9530 9643
f 9649 9434 9530
f 9645 9652 9636
f 9646 9656 9645
f 9656 9646 9653
f 9650 9655 9654
f 9643 9530 9651
f 9645 9657 9652
f 9642 9648 9655
f 9434 9437 9530
f 9438 9529 9532
f 9652 9532 9529
f 9656 9657 9645
f 9658 9657 9656
f 9655 9659 9654
f 9648 9660 9655
f 9530 9531 9651
f 9530 9437 9531
f 9652 9661 9532
f 9654 9659 9662
f 9651 9531 9648
f 9659 9663 9662
f 9531 9533 9648
f 9534 9532 9661
f 9658 9664 9657
f 9655 9660 9659
f 9648 9533 9660
f 9657 9665 9652
f 9663 9659 9666
f 9659 9667 9666
f 9660 9668 9659
f 9533 9668 9660
f 9665 9661 9652
f 9664 9669 9657
f 9670 9669 9664
f 9533 9535 9668
f 9669 9665 9657
f 9670 9672 9671
f 9673 9674 9666
f 9666 9667 9673
f 9668 9675 9659
f 9676 9675 9668
f 9671 9669 9670
f 9659 9675 9667
f 9668 9535 9676
f 9661 9677 9534
f 9665 9677 9661
f 9678 9671 9672
f 9671 9678 9679
f 9678 9680 9679
f 9680 9674 9679
f 9673 9679 9674
f 9667 9679 9673
f 9677 9536 9534
f 9681 9669 9671
f 9679 9681 9671
f 9667 9682 9679
f 9675 9682 9667
f 9537 9682 9675
f 9676 9537 9675
f 9535 9455 9537
f 9535 9537 9676
f 9681 9665 9669
f 9679 9683 9681
f 9682 9683 9679
f 9684 9677 9665
f 9685 9684 9665
f 9681 9685 9665
f 9683 9685 9681
f 9537 9538 9682
f 9538 9540 9682
f 9455 9538 9537
f 9536 9677 9539
f 9684 9539 9677
f 9683 9686 9685
f 9687 9686 9683
f 9682 9687 9683
f 9540 9687 9682
f 9688 9684 9685
f 9686 9688 9685
f 9541 9539 9684
f 9688 9541 9684
f 9686 9689 9688
f 9542 9689 9686
f 9687 9542 9686
f 9467 9542 9540
f 9540 9542 9687
f 9689 9475 9688
f 9475 9541 9688
f 9542 9475 9689
f 9475 9473 9541
f 9348 9602 9514
f 9514 9602 9513
f 9348 9603 9602
f 9347 9690 9358
f 9691 9603 9359
f 9517 9374 9608
f 9358 9690 9377
f 9690 9613 9377
f 9605 9692 9604
f 9606 9692 9605
f 9517 9694 9607
f 9695 9608 9374
f 9695 9374 9518
f 9520 9377 9613
f 9606 9609 9692
f 9606 9610 9609
f 9516 9693 9515
f 9696 9695 9518
f 9696 9518 9612
f 9612 9617 9697
f 9389 9616 9621
f 9621 9625 9389
f 9523 9389 9625
f 9625 9525 9523
f 9700 9525 9625
f 9626 9629 9624
f 9700 9632 9525
f 9701 9632 9700
f 9637 9632 9701
f 9641 9647 9704
f 9637 9703 9646
f 9653 9646 9703
f 9653 9705 9656
f 9705 9658 9656
f 9658 9706 9664
f 9706 9709 9664
f 9662 9663 9708
f 9664 9709 9670
f 9663 9666 9708
f 9670 9710 9672
f 9680 9712 9674
f 9512 9713 9601
f 9600 9713 9512
f 9600 9714 9713
f 9513 9714 9600
f 9714 9513 9602
f 9347 9601 9690
f 9601 9715 9690
f 9603 9691 9602
f 9691 9359 9604
f 9690 9716 9613
f 9607 9694 9516
f 9516 9694 9717
f 9608 9718 9517
f 9608 9695 9718
f 9609 9719 9692
f 9693 9610 9515
f 9516 9717 9693
f 9720 9719 9609
f 9721 9720 9609
f 9610 9721 9609
f 9693 9721 9610
f 9612 9697 9696
f 9722 9697 9617
f 9617 9619 9722
f 9619 9698 9722
f 9619 9699 9698
f 9619 9624 9699
f 9624 9723 9699
f 9624 9629 9723
f 9629 9724 9723
f 9629 9633 9724
f 9724 9638 9702
f 9633 9638 9724
f 9701 9703 9637
f 9641 9725 9702
f 9641 9702 9638
f 9725 9641 9704
f 9704 9647 9726
f 9726 9654 9727
f 9726 9647 9654
f 9705 9706 9658
f 9662 9707 9727
f 9654 9662 9727
f 9707 9662 9708
f 9670 9709 9710
f 9712 9666 9674
f 9708 9666 9712
f 9678 9672 9710
f 9678 9710 9728
f 9678 9728 9711
f 9680 9678 9711
f 9712 9680 9711
f 9713 9714 9729
f 9601 9713 9730
f 9730 9713 9731
f 9729 9731 9713
f 9714 9602 9729
f 9729 9602 9732
f 9601 9730 9715
f 9732 9602 9691
f 9729 9733 9731
f 9732 9733 9729
f 9690 9715 9716
f 9731 9734 9730
f 9733 9734 9731
f 9735 9732 9736
f 9735 9733 9732
f 9691 9736 9732
f 9730 9738 9715
f 9734 9738 9730
f 9739 9733 9735
f 9740 9737 9691
f 9604 9741 9691
f 9741 9604 9692
f 9517 9742 9694
f 9718 9742 9517
f 9738 9716 9715
f 9739 9734 9733
f 9741 9740 9691
f 9692 9719 9741
f 9743 9693 9717
f 9744 9742 9745
f 9742 9718 9745
f 9695 9745 9718
f 9695 9696 9745
f 9738 9734 9739
f 9740 9741 9746
f 9721 9693 9743
f 9721 9743 9747
f 9749 9745 9696
f 9750 9741 9719
f 9720 9750 9719
f 9751 9750 9720
f 9721 9751 9720
f 9747 9751 9721
f 9747 9743 9752
f 9745 9753 9744
f 9749 9753 9745
f 9716 9754 9613
f 9738 9755 9716
f 9749 9756 9753
f 9696 9756 9749
f 9696 9697 9756
f 9613 9754 9616
f 9755 9754 9716
f 9741 9750 9757
f 9751 9758 9750
f 9747 9759 9751
f 9759 9758 9751
f 9697 9722 9756
f 9758 9757 9750
f 9756 9760 9753
f 9722 9761 9756
f 9756 9761 9760
f 9764 9760 9763
f 9761 9763 9760
f 9722 9698 9761
f 9616 9754 9621
f 9698 9699 9761
f 9754 9765 9621
f 9762 9765 9754
f 9699 9766 9763
f 9761 9699 9763
f 9621 9765 9625
f 9765 9768 9767
f 9762 9768 9765
f 9723 9766 9699
f 9625 9765 9769
f 9769 9765 9767
f 9625 9769 9700
f 9768 9770 9767
f 9723 9724 9771
f 9700 9769 9701
f 9770 9769 9767
f 9703 9701 9769
f 9703 9769 9772
f 9770 9773 9769
f 9773 9772 9769
f 9774 9775 9702
f 9775 9724 9702
f 9704 9777 9776
f 9774 9704 9776
f 9702 9725 9774
f 9773 9779 9772
f 9779 9778 9772
f 9774 9725 9704
f 9704 9726 9777
f 9703 9772 9653
f 9726 9780 9781
f 9777 9726 9781
f 9772 9782 9653
f 9778 9782 9772
f 9779 9783 9778
f 9726 9784 9780
f 9653 9782 9705
f 9785 9782 9778
f 9783 9786 9778
f 9726 9727 9784
f 9786 9785 9778
f 9783 9789 9786
f 9787 9789 9783
f 9705 9782 9706
f 9786 9790 9785
f 9791 9789 9787
f 9792 9793 9788
f 9788 9784 9792
f 9727 9707 9784
f 9794 9789 9791
f 9796 9793 9795
f 9795 9793 9792
f 9784 9707 9792
f 9785 9798 9782
f 9798 9706 9782
f 9790 9798 9785
f 9789 9799 9786
f 9799 9789 9794
f 9707 9797 9792
f 9798 9709 9706
f 9786 9799 9790
f 9801 9799 9794
f 9801 9803 9802
f 9803 9800 9802
f 9800 9795 9802
f 9708 9797 9707
f 9801 9804 9799
f 9802 9804 9801
f 9795 9805 9802
f 9806 9805 9795
f 9792 9806 9795
f 9797 9806 9792
f 9807 9709 9798
f 9790 9807 9798
f 9808 9807 9790
f 9799 9804 9790
f 9804 9808 9790
f 9802 9805 9804
f 9807 9710 9709
f 9805 9808 9804
f 9708 9712 9806
f 9797 9708 9806
f 9808 9710 9807
f 9728 9710 9808
f 9711 9728 9808
f 9805 9711 9808
f 9712 9711 9805
f 9806 9712 9805
f 9694 9809 9717
f 9809 9694 9742
f 9743 9717 9748
f 9743 9748 9752
f 9738 9739 9810
f 9753 9811 9744
f 9812 9746 9741
f 9812 9741 9757
f 9753 9760 9811
f 9811 9760 9764
f 9755 9813 9754
f 9815 9812 9757
f 9757 9758 9815
f 9814 9759 9747
f 9758 9816 9815
f 9759 9816 9758
f 9754 9813 9762
f 9764 9763 9817
f 9763 9766 9817
f 9762 9813 9768
f 9813 9818 9768
f 9766 9723 9817
f 9817 9723 9771
f 9818 9770 9768
f 9774 9776 9820
f 9775 9774 9820
f 9819 9773 9770
f 9776 9821 9820
f 9776 9777 9821
f 9821 9777 9781
f 9779 9773 9822
f 9823 9783 9779
f 9784 9788 9824
f 9824 9780 9784
f 9788 9825 9824
f 9793 9825 9788
f 9794 9791 9826
f 9796 9800 9827
f 9795 9800 9796
f 9801 9794 9826
f 9801 9826 9828
f 9803 9801 9828
f 9800 9803 9827
f 9736 9691 9829
f 9829 9691 9737
f 9748 9717 9809
f 9735 9830 9739
f 9736 9830 9735
f 9831 9830 9736
f 9809 9832 9748
f 9809 9833 9832
f 9809 9742 9833
f 9833 9742 9744
f 9834 9737 9835
f 9740 9835 9737
f 9752 9748 9836
f 9832 9836 9748
f 9810 9837 9738
f 9746 9835 9740
f 9832 9838 9836
f 9833 9839 9832
f 9839 9838 9832
f 9744 9811 9833
f 9811 9839 9833
f 9755 9738 9837
f 9746 9840 9835
f 9838 9841 9836
f 9746 9812 9840
f 9836 9841 9752
f 9839 9842 9838
f 9755 9843 9813
f 9837 9843 9755
f 9835 9840 9844
f 9845 9840 9812
f 9747 9752 9814
f 9841 9814 9752
f 9842 9846 9838
f 9845 9844 9840
f 9838 9846 9841
f 9811 9847 9839
f 9764 9847 9811
f 9843 9848 9813
f 9812 9815 9845
f 9816 9759 9814
f 9839 9850 9842
f 9847 9850 9839
f 9845 9851 9844
f 9851 9849 9844
f 9815 9852 9845
f 9816 9852 9815
f 9814 9852 9816
f 9841 9846 9814
f 9854 9851 9845
f 9846 9845 9852
f 9814 9846 9852
f 9842 9855 9853
f 9851 9856 9849
f 9846 9854 9845
f 9764 9817 9847
f 9813 9857 9818
f 9848 9857 9813
f 9853 9854 9846
f 9842 9853 9846
f 9850 9855 9842
f 9858 9857 9848
f 9859 9856 9851
f 9851 9854 9859
f 9817 9850 9847
f 9859 9854 9860
f 9853 9860 9854
f 9860 9853 9861
f 9850 9862 9855
f 9771 9863 9817
f 9817 9863 9850
f 9864 9861 9853
f 9855 9865 9853
f 9862 9865 9855
f 9850 9863 9862
f 9771 9724 9863
f 9818 9819 9770
f 9819 9818 9857
f 9865 9864 9853
f 9821 9866 9864
f 9865 9821 9864
f 9820 9821 9865
f 9775 9820 9865
f 9862 9775 9865
f 9863 9775 9862
f 9857 9858 9819
f 9724 9775 9863
f 9821 9867 9866
f 9866 9867 9868
f 9773 9819 9822
f 9822 9819 9858
f 9821 9781 9867
f 9823 9822 9858
f 9869 9868 9867
f 9779 9822 9823
f 9781 9780 9867
f 9780 9869 9867
f 9780 9824 9869
f 9783 9823 9787
f 9869 9824 9825
f 9791 9871 9826
f 9870 9872 9873
f 9825 9793 9870
f 9796 9827 9872
f 9827 9875 9872
f 9872 9870 9796
f 9793 9796 9870
f 9828 9876 9803
f 9876 9875 9803
f 9803 9875 9827
f 9829 9831 9736
f 9737 9834 9829
f 9739 9877 9810
f 9810 9877 9837
f 9844 9879 9835
f 9837 9880 9843
f 9844 9849 9881
f 9881 9849 9882
f 9884 9849 9856
f 9848 9883 9858
f 9856 9859 9884
f 9860 9885 9859
f 9860 9861 9886
f 9861 9864 9886
f 9883 9887 9858
f 9866 9868 9888
f 9858 9887 9823
f 9890 9787 9823
f 9869 9825 9889
f 9787 9890 9891
f 9787 9891 9791
f 9892 9825 9870
f 9791 9891 9871
f 9826 9871 9874
f 9828 9826 9874
f 9828 9874 9876
f 9829 9834 9831
f 9830 9893 9877
f 9739 9830 9877
f 9831 9893 9830
f 9835 9878 9834
f 9879 9878 9835
f 9877 9880 9837
f 9844 9881 9879
f 9843 9880 9848
f 9880 9883 9848
f 9884 9882 9849
f 9885 9884 9859
f 9860 9886 9885
f 9888 9886 9864
f 9864 9866 9888
f 9868 9894 9888
f 9868 9869 9894
f 9894 9869 9889
f 9890 9823 9887
f 9889 9825 9892
f 9892 9870 9873
f 9874 9871 9895
f 9874 9896 9876
f 9895 9896 9874
f 9896 9897 9876
f 9876 9897 9875
f 9872 9875 9897
f 9877 9893 9898
f 9899 9893 9831
f 9834 9900 9831
f 9834 9878 9900
f 9899 9831 9900
f 9900 9878 9901
f 9902 9898 9893
f 9899 9902 9893
f 9877 9898 9880
f 9878 9879 9901
f 9880 9898 9903
f 9903 9898 9904
f 9879 9881 9905
f 9880 9903 9883
f 9898 9906 9904
f 9906 9898 9902
f 9882 9905 9881
f 9905 9882 9907
f 9909 9904 9906
f 9884 9908 9882
f 9884 9910 9908
f 9909 9911 9904
f 9912 9910 9884
f 9884 9885 9912
f 9913 9910 9912
f 9914 9910 9913
f 9915 9913 9912
f 9885 9886 9916
f 9912 9885 9916
f 9911 9917 9904
f 9918 9917 9911
f 9916 9915 9912
f 9903 9919 9887
f 9883 9903 9887
f 9904 9917 9903
f 9917 9919 9903
f 9913 9920 9914
f 9915 9920 9913
f 9916 9921 9915
f 9922 9921 9916
f 9886 9922 9916
f 9886 9888 9922
f 9923 9920 9915
f 9921 9923 9915
f 9922 9894 9921
f 9894 9924 9921
f 9888 9894 9922
f 9918 9925 9917
f 9914 9920 9926
f 9924 9923 9921
f 9924 9927 9923
f 9894 9889 9924
f 9919 9890 9887
f 9917 9928 9919
f 9925 9928 9917
f 9929 9928 9925
f 9925 9930 9929
f 9920 9932 9926
f 9923 9932 9920
f 9889 9927 9924
f 9928 9890 9919
f 9932 9931 9926
f 9923 9933 9932
f 9934 9933 9923
f 9927 9934 9923
f 9889 9934 9927
f 9932 9936 9931
f 9889 9892 9934
f 9891 9890 9928
f 9929 9937 9928
f 9930 9937 9929
f 9936 9935 9931
f 9933 9936 9932
f 9934 9939 9933
f 9935 9897 9938
f 9939 9936 9933
f 9934 9892 9939
f 9937 9895 9928
f 9895 9891 9928
f 9940 9895 9937
f 9938 9896 9940
f 9936 9897 9935
f 9895 9871 9891
f 9896 9895 9940
f 9897 9896 9938
f 9939 9872 9936
f 9873 9872 9939
f 9892 9873 9939
f 9872 9897 9936
f 9900 9941 9899
f 9900 9901 9941
f 9901 9905 9942
f 9879 9905 9901
f 9882 9908 9907
f 9909 9906 9944
f 9910 9914 9945
f 9945 9914 9947
f 9911 9946 9918
f 9914 9948 9947
f 9948 9914 9926
f 9918 9949 9925
f 9948 9926 9950
f 9949 9930 9925
f 9931 9950 9926
f 9951 9937 9930
f 9938 9952 9935
f 9952 9931 9935
f 9940 9937 9951
f 9940 9951 9938
f 9901 9954 9941
f 9955 9954 9901
f 9901 9942 9955
f 9902 9899 9941
f 9902 9941 9943
f 9953 9943 9941
f 9954 9953 9941
f 9905 9956 9942
f 9943 9906 9902
f 9953 9957 9943
f 9943 9957 9906
f 9905 9907 9958
f 9906 9957 9944
f 9908 9959 9907
f 9908 9945 9959
f 9908 9910 9945
f 9911 9909 9946
f 9944 9946 9909
f 9960 9959 9961
f 9947 9961 9959
f 9945 9947 9959
f 9946 9962 9918
f 9963 9918 9962
f 9964 9963 9962
f 9947 9948 9961
f 9961 9948 9965
f 9963 9949 9918
f 9966 9968 9964
f 9968 9963 9964
f 9967 9965 9969
f 9966 9970 9968
f 9968 9970 9969
f 9967 9969 9970
f 9950 9969 9965
f 9948 9950 9965
f 9950 9971 9969
f 9963 9972 9949
f 9968 9972 9963
f 9969 9973 9968
f 9971 9973 9969
f 9972 9930 9949
f 9968 9973 9972
f 9950 9931 9971
f 9971 9952 9973
f 9931 9952 9971
f 9951 9930 9972
f 9973 9952 9972
f 9952 9951 9972
f 9938 9951 9952
f 9955 9975 9954
f 9942 9956 9955
f 9955 9956 9975
f 9953 9954 9974
f 9956 9905 9958
f 9953 9976 9957
f 9977 9958 9907
f 9960 9907 9959
f 9960 9977 9907
f 9944 9978 9946
f 9961 9979 9960
f 9946 9980 9962
f 9962 9980 9964
f 9981 9966 9964
f 9974 9954 9975
f 9953 9974 9976
f 9958 9975 9956
f 9976 9982 9957
f 9957 9982 9944
f 9977 9960 9979
f 9982 9978 9944
f 9978 9980 9946
f 9965 9983 9979
f 9961 9965 9979
f 9980 9981 9964
f 9965 9967 9983
f 9984 9966 9981
f 9967 9984 9983
f 9970 9966 9984
f 9984 9967 9970
f 9976 9974 9985
f 9975 9985 9974
f 9986 9985 9975
f 9975 9958 9986
f 9985 9987 9976
f 9986 9988 9985
f 9958 9977 9986
f 9987 9982 9976
f 9988 9987 9985
f 9986 9989 9988
f 9977 9979 9986
f 9988 9990 9987
f 9989 9990 9988
f 9979 9989 9986
f 9987 9991 9982
f 9990 9991 9987
f 9978 9982 9980
f 9991 9980 9982
f 9992 9991 9990
f 9989 9979 9983
f 9989 9992 9990
f 9991 9981 9980
f 9989 9983 9992
f 9981 9991 9984
f 9984 9991 9992
f 9983 9984 9992
