# CentVoxTetrahedralizerHybrid tetrahedral mesh
# Detection mode: HYBRID
# Grid: 20^3
# Merge block size: 1
# Protection layers: 1
# Smoothed: No
# Vertices: 1833
# Tetrahedra: 6285

VERTICES
0.154079 -0.275321 0.834067
0.196207 -0.275321 0.834067
0.154079 -0.233193 0.834067
0.196207 -0.233193 0.834067
0.154079 -0.275321 0.876196
0.196207 -0.275321 0.876196
0.154079 -0.233193 0.876196
0.196207 -0.233193 0.876196
0.238336 -0.275321 0.834067
0.238336 -0.233193 0.834067
0.238336 -0.275321 0.876196
0.238336 -0.233193 0.876196
0.111950 -0.233193 0.834067
0.111950 -0.191064 0.834067
0.154079 -0.191064 0.834067
0.111950 -0.233193 0.876196
0.111950 -0.191064 0.876196
0.154079 -0.191064 0.876196
0.196207 -0.191064 0.834067
0.196207 -0.191064 0.876196
0.238336 -0.191064 0.834067
0.238336 -0.191064 0.876196
0.111950 -0.148936 0.834067
0.154079 -0.148936 0.834067
0.111950 -0.148936 0.876196
0.154079 -0.148936 0.876196
0.196207 -0.148936 0.834067
0.196207 -0.148936 0.876196
0.111950 -0.106807 0.834067
0.154079 -0.106807 0.834067
0.111950 -0.106807 0.876196
0.154079 -0.106807 0.876196
0.196207 -0.106807 0.834067
0.196207 -0.106807 0.876196
0.111950 -0.064679 0.834067
0.154079 -0.064679 0.834067
0.111950 -0.064679 0.876196
0.154079 -0.064679 0.876196
0.196207 -0.359578 0.876196
0.238336 -0.359578 0.876196
0.196207 -0.317449 0.876196
0.238336 -0.317449 0.876196
0.196207 -0.359578 0.918324
0.238336 -0.359578 0.918324
0.196207 -0.317449 0.918324
0.238336 -0.317449 0.918324
0.280464 -0.359578 0.876196
0.280464 -0.317449 0.876196
0.280464 -0.359578 0.918324
0.280464 -0.317449 0.918324
0.196207 -0.275321 0.918324
0.238336 -0.275321 0.918324
0.280464 -0.275321 0.876196
0.280464 -0.275321 0.918324
0.154079 -0.275321 0.918324
0.154079 -0.233193 0.918324
0.196207 -0.233193 0.918324
0.238336 -0.233193 0.918324
0.280464 -0.233193 0.876196
0.280464 -0.233193 0.918324
0.111950 -0.233193 0.918324
0.111950 -0.191064 0.918324
0.154079 -0.191064 0.918324
0.196207 -0.191064 0.918324
0.238336 -0.191064 0.918324
0.280464 -0.191064 0.876196
0.280464 -0.191064 0.918324
0.111950 -0.148936 0.918324
0.154079 -0.148936 0.918324
0.196207 -0.148936 0.918324
0.238336 -0.148936 0.876196
0.238336 -0.148936 0.918324
0.280464 -0.148936 0.876196
0.280464 -0.148936 0.918324
0.069822 -0.148936 0.876196
0.069822 -0.106807 0.876196
0.069822 -0.148936 0.918324
0.069822 -0.106807 0.918324
0.111950 -0.106807 0.918324
0.154079 -0.106807 0.918324
0.196207 -0.106807 0.918324
0.238336 -0.106807 0.876196
0.238336 -0.106807 0.918324
0.280464 -0.106807 0.876196
0.280464 -0.106807 0.918324
0.069822 -0.064679 0.876196
0.069822 -0.064679 0.918324
0.111950 -0.064679 0.918324
0.154079 -0.064679 0.918324
0.196207 -0.064679 0.876196
0.196207 -0.064679 0.918324
0.238336 -0.064679 0.876196
0.238336 -0.064679 0.918324
0.027694 -0.064679 0.876196
0.027694 -0.022551 0.876196
0.069822 -0.022551 0.876196
0.027694 -0.064679 0.918324
0.027694 -0.022551 0.918324
0.069822 -0.022551 0.918324
0.111950 -0.022551 0.876196
0.111950 -0.022551 0.918324
0.154079 -0.022551 0.876196
0.154079 -0.022551 0.918324
0.196207 -0.022551 0.876196
0.196207 -0.022551 0.918324
0.238336 -0.022551 0.876196
0.238336 -0.022551 0.918324
0.027694 0.019578 0.876196
0.069822 0.019578 0.876196
0.027694 0.019578 0.918324
0.069822 0.019578 0.918324
0.111950 0.019578 0.876196
0.111950 0.019578 0.918324
0.154079 0.019578 0.876196
0.154079 0.019578 0.918324
0.196207 0.019578 0.876196
0.196207 0.019578 0.918324
0.238336 0.019578 0.876196
0.238336 0.019578 0.918324
0.154079 0.061706 0.876196
0.196207 0.061706 0.876196
0.154079 0.061706 0.918324
0.196207 0.061706 0.918324
0.238336 -0.401706 0.918324
0.280464 -0.401706 0.918324
0.238336 -0.401706 0.960452
0.280464 -0.401706 0.960452
0.238336 -0.359578 0.960452
0.280464 -0.359578 0.960452
0.196207 -0.359578 0.960452
0.196207 -0.317449 0.960452
0.238336 -0.317449 0.960452
0.280464 -0.317449 0.960452
0.322592 -0.359578 0.918324
0.322592 -0.317449 0.918324
0.322592 -0.359578 0.960452
0.322592 -0.317449 0.960452
0.154079 -0.317449 0.918324
0.154079 -0.317449 0.960452
0.154079 -0.275321 0.960452
0.196207 -0.275321 0.960452
0.238336 -0.275321 0.960452
0.280464 -0.275321 0.960452
0.322592 -0.275321 0.918324
0.322592 -0.275321 0.960452
0.154079 -0.233193 0.960452
0.196207 -0.233193 0.960452
0.238336 -0.233193 0.960452
0.280464 -0.233193 0.960452
0.322592 -0.233193 0.918324
0.322592 -0.233193 0.960452
0.111950 -0.233193 0.960452
0.111950 -0.191064 0.960452
0.154079 -0.191064 0.960452
0.196207 -0.191064 0.960452
0.238336 -0.191064 0.960452
0.280464 -0.191064 0.960452
0.322592 -0.191064 0.918324
0.322592 -0.191064 0.960452
0.111950 -0.148936 0.960452
0.154079 -0.148936 0.960452
0.196207 -0.148936 0.960452
0.238336 -0.148936 0.960452
0.280464 -0.148936 0.960452
0.322592 -0.148936 0.918324
0.322592 -0.148936 0.960452
0.069822 -0.148936 0.960452
0.069822 -0.106807 0.960452
0.111950 -0.106807 0.960452
0.154079 -0.106807 0.960452
0.196207 -0.106807 0.960452
0.238336 -0.106807 0.960452
0.280464 -0.106807 0.960452
0.322592 -0.106807 0.918324
0.322592 -0.106807 0.960452
0.069822 -0.064679 0.960452
0.111950 -0.064679 0.960452
0.154079 -0.064679 0.960452
0.196207 -0.064679 0.960452
0.238336 -0.064679 0.960452
0.280464 -0.064679 0.918324
0.280464 -0.064679 0.960452
0.322592 -0.064679 0.918324
0.322592 -0.064679 0.960452
0.027694 -0.064679 0.960452
0.027694 -0.022551 0.960452
0.069822 -0.022551 0.960452
0.111950 -0.022551 0.960452
0.154079 -0.022551 0.960452
0.196207 -0.022551 0.960452
0.238336 -0.022551 0.960452
0.280464 -0.022551 0.918324
0.280464 -0.022551 0.960452
0.322592 -0.022551 0.918324
0.322592 -0.022551 0.960452
-0.014435 -0.022551 0.918324
-0.014435 0.019578 0.918324
-0.014435 -0.022551 0.960452
-0.014435 0.019578 0.960452
0.027694 0.019578 0.960452
0.069822 0.019578 0.960452
0.111950 0.019578 0.960452
0.154079 0.019578 0.960452
0.196207 0.019578 0.960452
0.238336 0.019578 0.960452
0.280464 0.019578 0.918324
0.280464 0.019578 0.960452
0.322592 0.019578 0.918324
0.322592 0.019578 0.960452
-0.056563 0.019578 0.918324
-0.056563 0.061706 0.918324
-0.014435 0.061706 0.918324
-0.056563 0.019578 0.960452
-0.056563 0.061706 0.960452
-0.014435 0.061706 0.960452
0.027694 0.061706 0.918324
0.027694 0.061706 0.960452
0.069822 0.061706 0.918324
0.069822 0.061706 0.960452
0.111950 0.061706 0.918324
0.111950 0.061706 0.960452
0.154079 0.061706 0.960452
0.196207 0.061706 0.960452
0.238336 0.061706 0.918324
0.238336 0.061706 0.960452
0.280464 0.061706 0.918324
0.280464 0.061706 0.960452
-0.056563 0.103835 0.918324
-0.014435 0.103835 0.918324
-0.056563 0.103835 0.960452
-0.014435 0.103835 0.960452
0.027694 0.103835 0.918324
0.027694 0.103835 0.960452
0.069822 0.103835 0.918324
0.069822 0.103835 0.960452
0.111950 0.103835 0.918324
0.111950 0.103835 0.960452
0.154079 0.103835 0.918324
0.154079 0.103835 0.960452
0.196207 0.103835 0.918324
0.196207 0.103835 0.960452
0.238336 0.103835 0.918324
0.238336 0.103835 0.960452
0.280464 0.103835 0.918324
0.280464 0.103835 0.960452
-0.014435 0.145963 0.918324
0.027694 0.145963 0.918324
-0.014435 0.145963 0.960452
0.027694 0.145963 0.960452
0.069822 0.145963 0.918324
0.069822 0.145963 0.960452
0.111950 0.145963 0.918324
0.111950 0.145963 0.960452
0.154079 0.145963 0.918324
0.154079 0.145963 0.960452
0.196207 0.145963 0.918324
0.196207 0.145963 0.960452
0.238336 0.145963 0.918324
0.238336 0.145963 0.960452
0.027694 0.188091 0.918324
0.069822 0.188091 0.918324
0.027694 0.188091 0.960452
0.069822 0.188091 0.960452
0.111950 0.188091 0.918324
0.111950 0.188091 0.960452
0.154079 0.188091 0.918324
0.154079 0.188091 0.960452
0.196207 0.188091 0.918324
0.196207 0.188091 0.960452
0.196207 -0.401706 0.960452
0.196207 -0.401706 1.002581
0.238336 -0.401706 1.002581
0.196207 -0.359578 1.002581
0.238336 -0.359578 1.002581
0.280464 -0.401706 1.002581
0.280464 -0.359578 1.002581
0.196207 -0.317449 1.002581
0.238336 -0.317449 1.002581
0.280464 -0.317449 1.002581
0.322592 -0.359578 1.002581
0.322592 -0.317449 1.002581
0.154079 -0.317449 1.002581
0.154079 -0.275321 1.002581
0.196207 -0.275321 1.002581
0.238336 -0.275321 1.002581
0.280464 -0.275321 1.002581
0.322592 -0.275321 1.002581
0.154079 -0.233193 1.002581
0.196207 -0.233193 1.002581
0.238336 -0.233193 1.002581
0.280464 -0.233193 1.002581
0.322592 -0.233193 1.002581
0.111950 -0.233193 1.002581
0.111950 -0.191064 1.002581
0.154079 -0.191064 1.002581
0.196207 -0.191064 1.002581
0.238336 -0.191064 1.002581
0.280464 -0.191064 1.002581
0.322592 -0.191064 1.002581
0.111950 -0.148936 1.002581
0.154079 -0.148936 1.002581
0.196207 -0.148936 1.002581
0.238336 -0.148936 1.002581
0.280464 -0.148936 1.002581
0.322592 -0.148936 1.002581
0.364721 -0.191064 0.960452
0.364721 -0.148936 0.960452
0.364721 -0.191064 1.002581
0.364721 -0.148936 1.002581
0.111950 -0.106807 1.002581
0.154079 -0.106807 1.002581
0.196207 -0.106807 1.002581
0.238336 -0.106807 1.002581
0.280464 -0.106807 1.002581
0.322592 -0.106807 1.002581
0.364721 -0.106807 0.960452
0.364721 -0.106807 1.002581
0.069822 -0.106807 1.002581
0.069822 -0.064679 1.002581
0.111950 -0.064679 1.002581
0.154079 -0.064679 1.002581
0.196207 -0.064679 1.002581
0.238336 -0.064679 1.002581
0.280464 -0.064679 1.002581
0.322592 -0.064679 1.002581
0.364721 -0.064679 0.960452
0.364721 -0.064679 1.002581
0.027694 -0.064679 1.002581
0.027694 -0.022551 1.002581
0.069822 -0.022551 1.002581
0.111950 -0.022551 1.002581
0.154079 -0.022551 1.002581
0.196207 -0.022551 1.002581
0.238336 -0.022551 1.002581
0.280464 -0.022551 1.002581
0.322592 -0.022551 1.002581
0.364721 -0.022551 0.960452
0.364721 -0.022551 1.002581
-0.014435 -0.022551 1.002581
-0.014435 0.019578 1.002581
0.027694 0.019578 1.002581
0.069822 0.019578 1.002581
0.111950 0.019578 1.002581
0.154079 0.019578 1.002581
0.196207 0.019578 1.002581
0.238336 0.019578 1.002581
0.280464 0.019578 1.002581
0.322592 0.019578 1.002581
0.364721 0.019578 0.960452
0.364721 0.019578 1.002581
-0.056563 0.019578 1.002581
-0.056563 0.061706 1.002581
-0.014435 0.061706 1.002581
0.027694 0.061706 1.002581
0.069822 0.061706 1.002581
0.111950 0.061706 1.002581
0.154079 0.061706 1.002581
0.196207 0.061706 1.002581
0.238336 0.061706 1.002581
0.280464 0.061706 1.002581
0.322592 0.061706 0.960452
0.322592 0.061706 1.002581
-0.098692 0.061706 0.960452
-0.098692 0.103835 0.960452
-0.098692 0.061706 1.002581
-0.098692 0.103835 1.002581
-0.056563 0.103835 1.002581
-0.014435 0.103835 1.002581
0.027694 0.103835 1.002581
0.069822 0.103835 1.002581
0.111950 0.103835 1.002581
0.154079 0.103835 1.002581
0.196207 0.103835 1.002581
0.238336 0.103835 1.002581
0.280464 0.103835 1.002581
0.322592 0.103835 0.960452
0.322592 0.103835 1.002581
-0.098692 0.145963 0.960452
-0.056563 0.145963 0.960452
-0.098692 0.145963 1.002581
-0.056563 0.145963 1.002581
-0.014435 0.145963 1.002581
0.027694 0.145963 1.002581
0.069822 0.145963 1.002581
0.111950 0.145963 1.002581
0.154079 0.145963 1.002581
0.196207 0.145963 1.002581
0.238336 0.145963 1.002581
0.280464 0.145963 0.960452
0.280464 0.145963 1.002581
-0.056563 0.188091 0.960452
-0.014435 0.188091 0.960452
-0.056563 0.188091 1.002581
-0.014435 0.188091 1.002581
0.027694 0.188091 1.002581
0.069822 0.188091 1.002581
0.111950 0.188091 1.002581
0.154079 0.188091 1.002581
0.196207 0.188091 1.002581
0.238336 0.188091 0.960452
0.238336 0.188091 1.002581
-0.014435 0.230220 0.960452
0.027694 0.230220 0.960452
-0.014435 0.230220 1.002581
0.027694 0.230220 1.002581
0.069822 0.230220 0.960452
0.069822 0.230220 1.002581
0.111950 0.230220 0.960452
0.111950 0.230220 1.002581
0.154079 0.230220 0.960452
0.154079 0.230220 1.002581
0.196207 0.230220 0.960452
0.196207 0.230220 1.002581
0.196207 -0.401706 1.044709
0.238336 -0.401706 1.044709
0.196207 -0.359578 1.044709
0.238336 -0.359578 1.044709
0.280464 -0.401706 1.044709
0.280464 -0.359578 1.044709
0.196207 -0.317449 1.044709
0.238336 -0.317449 1.044709
0.280464 -0.317449 1.044709
0.322592 -0.359578 1.044709
0.322592 -0.317449 1.044709
0.154079 -0.317449 1.044709
0.154079 -0.275321 1.044709
0.196207 -0.275321 1.044709
0.238336 -0.275321 1.044709
0.280464 -0.275321 1.044709
0.322592 -0.275321 1.044709
0.154079 -0.233193 1.044709
0.196207 -0.233193 1.044709
0.238336 -0.233193 1.044709
0.280464 -0.233193 1.044709
0.322592 -0.233193 1.044709
0.364721 -0.275321 1.002581
0.364721 -0.233193 1.002581
0.364721 -0.275321 1.044709
0.364721 -0.233193 1.044709
0.111950 -0.233193 1.044709
0.111950 -0.191064 1.044709
0.154079 -0.191064 1.044709
0.196207 -0.191064 1.044709
0.238336 -0.191064 1.044709
0.280464 -0.191064 1.044709
0.322592 -0.191064 1.044709
0.364721 -0.191064 1.044709
0.111950 -0.148936 1.044709
0.154079 -0.148936 1.044709
0.196207 -0.148936 1.044709
0.238336 -0.148936 1.044709
0.280464 -0.148936 1.044709
0.322592 -0.148936 1.044709
0.364721 -0.148936 1.044709
0.069822 -0.148936 1.002581
0.069822 -0.148936 1.044709
0.069822 -0.106807 1.044709
0.111950 -0.106807 1.044709
0.154079 -0.106807 1.044709
0.196207 -0.106807 1.044709
0.238336 -0.106807 1.044709
0.280464 -0.106807 1.044709
0.322592 -0.106807 1.044709
0.364721 -0.106807 1.044709
0.069822 -0.064679 1.044709
0.111950 -0.064679 1.044709
0.154079 -0.064679 1.044709
0.196207 -0.064679 1.044709
0.238336 -0.064679 1.044709
0.280464 -0.064679 1.044709
0.322592 -0.064679 1.044709
0.364721 -0.064679 1.044709
0.406849 -0.106807 1.002581
0.406849 -0.064679 1.002581
0.406849 -0.106807 1.044709
0.406849 -0.064679 1.044709
0.027694 -0.064679 1.044709
0.027694 -0.022551 1.044709
0.069822 -0.022551 1.044709
0.111950 -0.022551 1.044709
0.154079 -0.022551 1.044709
0.196207 -0.022551 1.044709
0.238336 -0.022551 1.044709
0.280464 -0.022551 1.044709
0.322592 -0.022551 1.044709
0.364721 -0.022551 1.044709
0.406849 -0.022551 1.002581
0.406849 -0.022551 1.044709
-0.014435 -0.022551 1.044709
-0.014435 0.019578 1.044709
0.027694 0.019578 1.044709
0.069822 0.019578 1.044709
0.111950 0.019578 1.044709
0.154079 0.019578 1.044709
0.196207 0.019578 1.044709
0.238336 0.019578 1.044709
0.280464 0.019578 1.044709
0.322592 0.019578 1.044709
0.364721 0.019578 1.044709
0.406849 0.019578 1.002581
0.406849 0.019578 1.044709
-0.056563 0.019578 1.044709
-0.056563 0.061706 1.044709
-0.014435 0.061706 1.044709
0.027694 0.061706 1.044709
0.069822 0.061706 1.044709
0.111950 0.061706 1.044709
0.154079 0.061706 1.044709
0.196207 0.061706 1.044709
0.238336 0.061706 1.044709
0.280464 0.061706 1.044709
0.322592 0.061706 1.044709
0.364721 0.061706 1.002581
0.364721 0.061706 1.044709
-0.098692 0.061706 1.044709
-0.098692 0.103835 1.044709
-0.056563 0.103835 1.044709
-0.014435 0.103835 1.044709
0.027694 0.103835 1.044709
0.069822 0.103835 1.044709
0.111950 0.103835 1.044709
0.154079 0.103835 1.044709
0.196207 0.103835 1.044709
0.238336 0.103835 1.044709
0.280464 0.103835 1.044709
0.322592 0.103835 1.044709
0.364721 0.103835 1.002581
0.364721 0.103835 1.044709
-0.140820 0.103835 1.002581
-0.140820 0.145963 1.002581
-0.140820 0.103835 1.044709
-0.140820 0.145963 1.044709
-0.098692 0.145963 1.044709
-0.056563 0.145963 1.044709
-0.014435 0.145963 1.044709
0.027694 0.145963 1.044709
0.069822 0.145963 1.044709
0.111950 0.145963 1.044709
0.154079 0.145963 1.044709
0.196207 0.145963 1.044709
0.238336 0.145963 1.044709
0.280464 0.145963 1.044709
0.322592 0.145963 1.002581
0.322592 0.145963 1.044709
-0.098692 0.188091 1.002581
-0.098692 0.188091 1.044709
-0.056563 0.188091 1.044709
-0.014435 0.188091 1.044709
0.027694 0.188091 1.044709
0.069822 0.188091 1.044709
0.111950 0.188091 1.044709
0.154079 0.188091 1.044709
0.196207 0.188091 1.044709
0.238336 0.188091 1.044709
0.280464 0.188091 1.002581
0.280464 0.188091 1.044709
-0.098692 0.230220 1.002581
-0.056563 0.230220 1.002581
-0.098692 0.230220 1.044709
-0.056563 0.230220 1.044709
-0.014435 0.230220 1.044709
0.027694 0.230220 1.044709
0.069822 0.230220 1.044709
0.111950 0.230220 1.044709
0.154079 0.230220 1.044709
0.196207 0.230220 1.044709
0.196207 -0.359578 1.086838
0.238336 -0.359578 1.086838
0.196207 -0.317449 1.086838
0.238336 -0.317449 1.086838
0.280464 -0.359578 1.086838
0.280464 -0.317449 1.086838
0.322592 -0.359578 1.086838
0.322592 -0.317449 1.086838
0.196207 -0.275321 1.086838
0.238336 -0.275321 1.086838
0.280464 -0.275321 1.086838
0.322592 -0.275321 1.086838
0.364721 -0.317449 1.044709
0.364721 -0.317449 1.086838
0.364721 -0.275321 1.086838
0.154079 -0.275321 1.086838
0.154079 -0.233193 1.086838
0.196207 -0.233193 1.086838
0.238336 -0.233193 1.086838
0.280464 -0.233193 1.086838
0.322592 -0.233193 1.086838
0.364721 -0.233193 1.086838
0.111950 -0.233193 1.086838
0.111950 -0.191064 1.086838
0.154079 -0.191064 1.086838
0.196207 -0.191064 1.086838
0.238336 -0.191064 1.086838
0.280464 -0.191064 1.086838
0.322592 -0.191064 1.086838
0.364721 -0.191064 1.086838
0.406849 -0.233193 1.044709
0.406849 -0.191064 1.044709
0.406849 -0.233193 1.086838
0.406849 -0.191064 1.086838
0.069822 -0.191064 1.044709
0.069822 -0.191064 1.086838
0.069822 -0.148936 1.086838
0.111950 -0.148936 1.086838
0.154079 -0.148936 1.086838
0.196207 -0.148936 1.086838
0.238336 -0.148936 1.086838
0.280464 -0.148936 1.086838
0.322592 -0.148936 1.086838
0.364721 -0.148936 1.086838
0.406849 -0.148936 1.044709
0.406849 -0.148936 1.086838
0.069822 -0.106807 1.086838
0.111950 -0.106807 1.086838
0.154079 -0.106807 1.086838
0.196207 -0.106807 1.086838
0.238336 -0.106807 1.086838
0.280464 -0.106807 1.086838
0.322592 -0.106807 1.086838
0.364721 -0.106807 1.086838
0.406849 -0.106807 1.086838
0.069822 -0.064679 1.086838
0.111950 -0.064679 1.086838
0.154079 -0.064679 1.086838
0.196207 -0.064679 1.086838
0.238336 -0.064679 1.086838
0.280464 -0.064679 1.086838
0.322592 -0.064679 1.086838
0.364721 -0.064679 1.086838
0.406849 -0.064679 1.086838
0.027694 -0.064679 1.086838
0.027694 -0.022551 1.086838
0.069822 -0.022551 1.086838
0.111950 -0.022551 1.086838
0.154079 -0.022551 1.086838
0.196207 -0.022551 1.086838
0.238336 -0.022551 1.086838
0.280464 -0.022551 1.086838
0.322592 -0.022551 1.086838
0.364721 -0.022551 1.086838
0.406849 -0.022551 1.086838
-0.014435 -0.022551 1.086838
-0.014435 0.019578 1.086838
0.027694 0.019578 1.086838
0.069822 0.019578 1.086838
0.111950 0.019578 1.086838
0.154079 0.019578 1.086838
0.196207 0.019578 1.086838
0.238336 0.019578 1.086838
0.280464 0.019578 1.086838
0.322592 0.019578 1.086838
0.364721 0.019578 1.086838
0.406849 0.019578 1.086838
-0.056563 0.019578 1.086838
-0.056563 0.061706 1.086838
-0.014435 0.061706 1.086838
0.027694 0.061706 1.086838
0.069822 0.061706 1.086838
0.111950 0.061706 1.086838
0.154079 0.061706 1.086838
0.196207 0.061706 1.086838
0.238336 0.061706 1.086838
0.280464 0.061706 1.086838
0.322592 0.061706 1.086838
0.364721 0.061706 1.086838
0.406849 0.061706 1.044709
0.406849 0.061706 1.086838
-0.098692 0.061706 1.086838
-0.098692 0.103835 1.086838
-0.056563 0.103835 1.086838
-0.014435 0.103835 1.086838
0.027694 0.103835 1.086838
0.069822 0.103835 1.086838
0.111950 0.103835 1.086838
0.154079 0.103835 1.086838
0.196207 0.103835 1.086838
0.238336 0.103835 1.086838
0.280464 0.103835 1.086838
0.322592 0.103835 1.086838
0.364721 0.103835 1.086838
-0.267205 0.103835 1.044709
-0.225077 0.103835 1.044709
-0.267205 0.145963 1.044709
-0.225077 0.145963 1.044709
-0.267205 0.103835 1.086838
-0.225077 0.103835 1.086838
-0.267205 0.145963 1.086838
-0.225077 0.145963 1.086838
-0.182948 0.103835 1.044709
-0.182948 0.145963 1.044709
-0.182948 0.103835 1.086838
-0.182948 0.145963 1.086838
-0.140820 0.103835 1.086838
-0.140820 0.145963 1.086838
-0.098692 0.145963 1.086838
-0.056563 0.145963 1.086838
-0.014435 0.145963 1.086838
0.027694 0.145963 1.086838
0.069822 0.145963 1.086838
0.111950 0.145963 1.086838
0.154079 0.145963 1.086838
0.196207 0.145963 1.086838
0.238336 0.145963 1.086838
0.280464 0.145963 1.086838
0.322592 0.145963 1.086838
-0.267205 0.188091 1.044709
-0.225077 0.188091 1.044709
-0.267205 0.188091 1.086838
-0.225077 0.188091 1.086838
-0.182948 0.188091 1.044709
-0.182948 0.188091 1.086838
-0.140820 0.188091 1.044709
-0.140820 0.188091 1.086838
-0.098692 0.188091 1.086838
-0.056563 0.188091 1.086838
-0.014435 0.188091 1.086838
0.027694 0.188091 1.086838
0.069822 0.188091 1.086838
0.111950 0.188091 1.086838
0.154079 0.188091 1.086838
0.196207 0.188091 1.086838
0.238336 0.188091 1.086838
0.280464 0.188091 1.086838
-0.140820 0.230220 1.044709
-0.140820 0.230220 1.086838
-0.098692 0.230220 1.086838
-0.056563 0.230220 1.086838
-0.014435 0.230220 1.086838
0.027694 0.230220 1.086838
0.069822 0.230220 1.086838
0.111950 0.230220 1.086838
0.154079 0.230220 1.086838
0.196207 0.230220 1.086838
0.238336 -0.359578 1.128966
0.280464 -0.359578 1.128966
0.238336 -0.317449 1.128966
0.280464 -0.317449 1.128966
0.322592 -0.359578 1.128966
0.322592 -0.317449 1.128966
0.196207 -0.317449 1.128966
0.196207 -0.275321 1.128966
0.238336 -0.275321 1.128966
0.280464 -0.275321 1.128966
0.322592 -0.275321 1.128966
0.364721 -0.317449 1.128966
0.364721 -0.275321 1.128966
0.196207 -0.233193 1.128966
0.238336 -0.233193 1.128966
0.280464 -0.233193 1.128966
0.322592 -0.233193 1.128966
0.364721 -0.233193 1.128966
0.111950 -0.233193 1.128966
0.154079 -0.233193 1.128966
0.111950 -0.191064 1.128966
0.154079 -0.191064 1.128966
0.196207 -0.191064 1.128966
0.238336 -0.191064 1.128966
0.280464 -0.191064 1.128966
0.322592 -0.191064 1.128966
0.364721 -0.191064 1.128966
0.406849 -0.233193 1.128966
0.406849 -0.191064 1.128966
0.069822 -0.191064 1.128966
0.069822 -0.148936 1.128966
0.111950 -0.148936 1.128966
0.154079 -0.148936 1.128966
0.196207 -0.148936 1.128966
0.238336 -0.148936 1.128966
0.280464 -0.148936 1.128966
0.322592 -0.148936 1.128966
0.364721 -0.148936 1.128966
0.406849 -0.148936 1.128966
0.027694 -0.148936 1.086838
0.027694 -0.106807 1.086838
0.027694 -0.148936 1.128966
0.027694 -0.106807 1.128966
0.069822 -0.106807 1.128966
0.111950 -0.106807 1.128966
0.154079 -0.106807 1.128966
0.196207 -0.106807 1.128966
0.238336 -0.106807 1.128966
0.280464 -0.106807 1.128966
0.322592 -0.106807 1.128966
0.364721 -0.106807 1.128966
0.406849 -0.106807 1.128966
0.027694 -0.064679 1.128966
0.069822 -0.064679 1.128966
0.111950 -0.064679 1.128966
0.154079 -0.064679 1.128966
0.196207 -0.064679 1.128966
0.238336 -0.064679 1.128966
0.280464 -0.064679 1.128966
0.322592 -0.064679 1.128966
0.364721 -0.064679 1.128966
0.406849 -0.064679 1.128966
0.027694 -0.022551 1.128966
0.069822 -0.022551 1.128966
0.111950 -0.022551 1.128966
0.154079 -0.022551 1.128966
0.196207 -0.022551 1.128966
0.238336 -0.022551 1.128966
0.280464 -0.022551 1.128966
0.322592 -0.022551 1.128966
0.364721 -0.022551 1.128966
0.406849 -0.022551 1.128966
-0.014435 -0.022551 1.128966
-0.014435 0.019578 1.128966
0.027694 0.019578 1.128966
0.069822 0.019578 1.128966
0.111950 0.019578 1.128966
0.154079 0.019578 1.128966
0.196207 0.019578 1.128966
0.238336 0.019578 1.128966
0.280464 0.019578 1.128966
0.322592 0.019578 1.128966
0.364721 0.019578 1.128966
0.406849 0.019578 1.128966
-0.056563 0.019578 1.128966
-0.056563 0.061706 1.128966
-0.014435 0.061706 1.128966
0.027694 0.061706 1.128966
0.069822 0.061706 1.128966
0.111950 0.061706 1.128966
0.154079 0.061706 1.128966
0.196207 0.061706 1.128966
0.238336 0.061706 1.128966
0.280464 0.061706 1.128966
0.322592 0.061706 1.128966
0.364721 0.061706 1.128966
0.406849 0.061706 1.128966
-0.140820 0.061706 1.086838
-0.140820 0.061706 1.128966
-0.098692 0.061706 1.128966
-0.140820 0.103835 1.128966
-0.098692 0.103835 1.128966
-0.056563 0.103835 1.128966
-0.014435 0.103835 1.128966
0.027694 0.103835 1.128966
0.069822 0.103835 1.128966
0.111950 0.103835 1.128966
0.154079 0.103835 1.128966
0.196207 0.103835 1.128966
0.238336 0.103835 1.128966
0.280464 0.103835 1.128966
0.322592 0.103835 1.128966
0.364721 0.103835 1.128966
-0.309334 0.103835 1.086838
-0.309334 0.145963 1.086838
-0.309334 0.103835 1.128966
-0.267205 0.103835 1.128966
-0.309334 0.145963 1.128966
-0.267205 0.145963 1.128966
-0.225077 0.103835 1.128966
-0.225077 0.145963 1.128966
-0.182948 0.103835 1.128966
-0.182948 0.145963 1.128966
-0.140820 0.145963 1.128966
-0.098692 0.145963 1.128966
-0.056563 0.145963 1.128966
-0.014435 0.145963 1.128966
0.027694 0.145963 1.128966
0.069822 0.145963 1.128966
0.111950 0.145963 1.128966
0.154079 0.145963 1.128966
0.196207 0.145963 1.128966
0.238336 0.145963 1.128966
0.280464 0.145963 1.128966
0.322592 0.145963 1.128966
-0.309334 0.188091 1.086838
-0.309334 0.188091 1.128966
-0.267205 0.188091 1.128966
-0.225077 0.188091 1.128966
-0.182948 0.188091 1.128966
-0.140820 0.188091 1.128966
-0.098692 0.188091 1.128966
-0.056563 0.188091 1.128966
-0.014435 0.188091 1.128966
0.027694 0.188091 1.128966
0.069822 0.188091 1.128966
0.111950 0.188091 1.128966
0.154079 0.188091 1.128966
0.196207 0.188091 1.128966
0.238336 0.188091 1.128966
0.280464 0.188091 1.128966
-0.267205 0.230220 1.086838
-0.225077 0.230220 1.086838
-0.267205 0.230220 1.128966
-0.225077 0.230220 1.128966
-0.182948 0.230220 1.086838
-0.182948 0.230220 1.128966
-0.140820 0.230220 1.128966
-0.098692 0.230220 1.128966
-0.056563 0.230220 1.128966
-0.014435 0.230220 1.128966
0.027694 0.230220 1.128966
0.069822 0.230220 1.128966
0.111950 0.230220 1.128966
0.154079 0.230220 1.128966
0.196207 0.230220 1.128966
-0.182948 0.272348 1.086838
-0.140820 0.272348 1.086838
-0.182948 0.272348 1.128966
-0.140820 0.272348 1.128966
-0.098692 0.272348 1.086838
-0.098692 0.272348 1.128966
-0.056563 0.272348 1.086838
-0.056563 0.272348 1.128966
0.027694 0.272348 1.086838
0.069822 0.272348 1.086838
0.027694 0.272348 1.128966
0.069822 0.272348 1.128966
0.111950 0.272348 1.086838
0.111950 0.272348 1.128966
0.238336 -0.317449 1.171094
0.280464 -0.317449 1.171094
0.238336 -0.275321 1.171094
0.280464 -0.275321 1.171094
0.322592 -0.317449 1.171094
0.322592 -0.275321 1.171094
0.364721 -0.317449 1.171094
0.364721 -0.275321 1.171094
0.196207 -0.275321 1.171094
0.196207 -0.233193 1.171094
0.238336 -0.233193 1.171094
0.280464 -0.233193 1.171094
0.322592 -0.233193 1.171094
0.364721 -0.233193 1.171094
0.154079 -0.233193 1.171094
0.154079 -0.191064 1.171094
0.196207 -0.191064 1.171094
0.238336 -0.191064 1.171094
0.280464 -0.191064 1.171094
0.322592 -0.191064 1.171094
0.364721 -0.191064 1.171094
0.406849 -0.233193 1.171094
0.406849 -0.191064 1.171094
0.069822 -0.191064 1.171094
0.111950 -0.191064 1.171094
0.069822 -0.148936 1.171094
0.111950 -0.148936 1.171094
0.154079 -0.148936 1.171094
0.196207 -0.148936 1.171094
0.238336 -0.148936 1.171094
0.280464 -0.148936 1.171094
0.322592 -0.148936 1.171094
0.364721 -0.148936 1.171094
0.406849 -0.148936 1.171094
-0.014435 -0.148936 1.128966
-0.014435 -0.106807 1.128966
-0.014435 -0.148936 1.171094
0.027694 -0.148936 1.171094
-0.014435 -0.106807 1.171094
0.027694 -0.106807 1.171094
0.069822 -0.106807 1.171094
0.111950 -0.106807 1.171094
0.154079 -0.106807 1.171094
0.196207 -0.106807 1.171094
0.238336 -0.106807 1.171094
0.280464 -0.106807 1.171094
0.322592 -0.106807 1.171094
0.364721 -0.106807 1.171094
0.406849 -0.106807 1.171094
0.448978 -0.148936 1.128966
0.448978 -0.106807 1.128966
0.448978 -0.148936 1.171094
0.448978 -0.106807 1.171094
-0.014435 -0.064679 1.128966
-0.014435 -0.064679 1.171094
0.027694 -0.064679 1.171094
0.069822 -0.064679 1.171094
0.111950 -0.064679 1.171094
0.154079 -0.064679 1.171094
0.196207 -0.064679 1.171094
0.238336 -0.064679 1.171094
0.280464 -0.064679 1.171094
0.322592 -0.064679 1.171094
0.364721 -0.064679 1.171094
0.406849 -0.064679 1.171094
0.448978 -0.064679 1.128966
0.448978 -0.064679 1.171094
-0.014435 -0.022551 1.171094
0.027694 -0.022551 1.171094
0.069822 -0.022551 1.171094
0.111950 -0.022551 1.171094
0.154079 -0.022551 1.171094
0.196207 -0.022551 1.171094
0.238336 -0.022551 1.171094
0.280464 -0.022551 1.171094
0.322592 -0.022551 1.171094
0.364721 -0.022551 1.171094
0.406849 -0.022551 1.171094
0.448978 -0.022551 1.128966
0.448978 -0.022551 1.171094
-0.014435 0.019578 1.171094
0.027694 0.019578 1.171094
0.069822 0.019578 1.171094
0.111950 0.019578 1.171094
0.154079 0.019578 1.171094
0.196207 0.019578 1.171094
0.238336 0.019578 1.171094
0.280464 0.019578 1.171094
0.322592 0.019578 1.171094
0.364721 0.019578 1.171094
0.406849 0.019578 1.171094
-0.098692 0.019578 1.128966
-0.098692 0.019578 1.171094
-0.056563 0.019578 1.171094
-0.098692 0.061706 1.171094
-0.056563 0.061706 1.171094
-0.014435 0.061706 1.171094
0.027694 0.061706 1.171094
0.069822 0.061706 1.171094
0.111950 0.061706 1.171094
0.154079 0.061706 1.171094
0.196207 0.061706 1.171094
0.238336 0.061706 1.171094
0.280464 0.061706 1.171094
0.322592 0.061706 1.171094
0.364721 0.061706 1.171094
0.406849 0.061706 1.171094
-0.182948 0.061706 1.128966
-0.182948 0.061706 1.171094
-0.140820 0.061706 1.171094
-0.182948 0.103835 1.171094
-0.140820 0.103835 1.171094
-0.098692 0.103835 1.171094
-0.056563 0.103835 1.171094
-0.014435 0.103835 1.171094
0.027694 0.103835 1.171094
0.069822 0.103835 1.171094
0.111950 0.103835 1.171094
0.154079 0.103835 1.171094
0.196207 0.103835 1.171094
0.238336 0.103835 1.171094
0.280464 0.103835 1.171094
0.322592 0.103835 1.171094
0.364721 0.103835 1.171094
-0.267205 0.103835 1.171094
-0.225077 0.103835 1.171094
-0.267205 0.145963 1.171094
-0.225077 0.145963 1.171094
-0.182948 0.145963 1.171094
-0.140820 0.145963 1.171094
-0.098692 0.145963 1.171094
-0.056563 0.145963 1.171094
-0.014435 0.145963 1.171094
0.027694 0.145963 1.171094
0.069822 0.145963 1.171094
0.111950 0.145963 1.171094
0.154079 0.145963 1.171094
0.196207 0.145963 1.171094
0.238336 0.145963 1.171094
0.280464 0.145963 1.171094
0.322592 0.145963 1.171094
-0.351462 0.145963 1.128966
-0.351462 0.188091 1.128966
-0.351462 0.145963 1.171094
-0.309334 0.145963 1.171094
-0.351462 0.188091 1.171094
-0.309334 0.188091 1.171094
-0.267205 0.188091 1.171094
-0.225077 0.188091 1.171094
-0.182948 0.188091 1.171094
-0.140820 0.188091 1.171094
-0.098692 0.188091 1.171094
-0.056563 0.188091 1.171094
-0.014435 0.188091 1.171094
0.027694 0.188091 1.171094
0.069822 0.188091 1.171094
0.111950 0.188091 1.171094
0.154079 0.188091 1.171094
0.196207 0.188091 1.171094
0.238336 0.188091 1.171094
0.280464 0.188091 1.171094
-0.351462 0.230220 1.128966
-0.309334 0.230220 1.128966
-0.351462 0.230220 1.171094
-0.309334 0.230220 1.171094
-0.267205 0.230220 1.171094
-0.225077 0.230220 1.171094
-0.182948 0.230220 1.171094
-0.140820 0.230220 1.171094
-0.098692 0.230220 1.171094
-0.056563 0.230220 1.171094
-0.014435 0.230220 1.171094
0.027694 0.230220 1.171094
0.069822 0.230220 1.171094
0.111950 0.230220 1.171094
0.154079 0.230220 1.171094
0.196207 0.230220 1.171094
-0.267205 0.272348 1.128966
-0.225077 0.272348 1.128966
-0.267205 0.272348 1.171094
-0.225077 0.272348 1.171094
-0.182948 0.272348 1.171094
-0.140820 0.272348 1.171094
-0.098692 0.272348 1.171094
-0.056563 0.272348 1.171094
0.027694 0.272348 1.171094
0.069822 0.272348 1.171094
0.238336 -0.317449 1.213223
0.280464 -0.317449 1.213223
0.238336 -0.275321 1.213223
0.280464 -0.275321 1.213223
0.322592 -0.317449 1.213223
0.322592 -0.275321 1.213223
0.238336 -0.233193 1.213223
0.280464 -0.233193 1.213223
0.322592 -0.233193 1.213223
0.364721 -0.275321 1.213223
0.364721 -0.233193 1.213223
0.196207 -0.233193 1.213223
0.196207 -0.191064 1.213223
0.238336 -0.191064 1.213223
0.280464 -0.191064 1.213223
0.322592 -0.191064 1.213223
0.364721 -0.191064 1.213223
0.406849 -0.233193 1.213223
0.406849 -0.191064 1.213223
0.069822 -0.191064 1.213223
0.111950 -0.191064 1.213223
0.069822 -0.148936 1.213223
0.111950 -0.148936 1.213223
0.154079 -0.191064 1.213223
0.154079 -0.148936 1.213223
0.196207 -0.148936 1.213223
0.238336 -0.148936 1.213223
0.280464 -0.148936 1.213223
0.322592 -0.148936 1.213223
0.364721 -0.148936 1.213223
0.406849 -0.148936 1.213223
-0.014435 -0.148936 1.213223
0.027694 -0.148936 1.213223
-0.014435 -0.106807 1.213223
0.027694 -0.106807 1.213223
0.069822 -0.106807 1.213223
0.111950 -0.106807 1.213223
0.154079 -0.106807 1.213223
0.196207 -0.106807 1.213223
0.238336 -0.106807 1.213223
0.280464 -0.106807 1.213223
0.322592 -0.106807 1.213223
0.364721 -0.106807 1.213223
0.406849 -0.106807 1.213223
0.448978 -0.148936 1.213223
0.448978 -0.106807 1.213223
-0.056563 -0.106807 1.171094
-0.056563 -0.064679 1.171094
-0.056563 -0.106807 1.213223
-0.056563 -0.064679 1.213223
-0.014435 -0.064679 1.213223
0.027694 -0.064679 1.213223
0.069822 -0.064679 1.213223
0.111950 -0.064679 1.213223
0.154079 -0.064679 1.213223
0.196207 -0.064679 1.213223
0.238336 -0.064679 1.213223
0.280464 -0.064679 1.213223
0.322592 -0.064679 1.213223
0.364721 -0.064679 1.213223
0.406849 -0.064679 1.213223
0.448978 -0.064679 1.213223
-0.098692 -0.064679 1.171094
-0.098692 -0.022551 1.171094
-0.056563 -0.022551 1.171094
-0.098692 -0.064679 1.213223
-0.098692 -0.022551 1.213223
-0.056563 -0.022551 1.213223
-0.014435 -0.022551 1.213223
0.027694 -0.022551 1.213223
0.069822 -0.022551 1.213223
0.111950 -0.022551 1.213223
0.154079 -0.022551 1.213223
0.196207 -0.022551 1.213223
0.238336 -0.022551 1.213223
0.280464 -0.022551 1.213223
0.322592 -0.022551 1.213223
0.364721 -0.022551 1.213223
0.406849 -0.022551 1.213223
-0.098692 0.019578 1.213223
-0.056563 0.019578 1.213223
-0.014435 0.019578 1.213223
0.027694 0.019578 1.213223
0.069822 0.019578 1.213223
0.111950 0.019578 1.213223
0.154079 0.019578 1.213223
0.196207 0.019578 1.213223
0.238336 0.019578 1.213223
0.280464 0.019578 1.213223
0.322592 0.019578 1.213223
0.364721 0.019578 1.213223
0.406849 0.019578 1.213223
-0.140820 0.019578 1.171094
-0.140820 0.019578 1.213223
-0.140820 0.061706 1.213223
-0.098692 0.061706 1.213223
-0.056563 0.061706 1.213223
-0.014435 0.061706 1.213223
0.027694 0.061706 1.213223
0.069822 0.061706 1.213223
0.111950 0.061706 1.213223
0.154079 0.061706 1.213223
0.196207 0.061706 1.213223
0.238336 0.061706 1.213223
0.280464 0.061706 1.213223
0.322592 0.061706 1.213223
0.364721 0.061706 1.213223
0.406849 0.061706 1.213223
-0.267205 0.061706 1.171094
-0.225077 0.061706 1.171094
-0.267205 0.061706 1.213223
-0.225077 0.061706 1.213223
-0.267205 0.103835 1.213223
-0.225077 0.103835 1.213223
-0.182948 0.061706 1.213223
-0.182948 0.103835 1.213223
-0.140820 0.103835 1.213223
-0.098692 0.103835 1.213223
-0.056563 0.103835 1.213223
-0.014435 0.103835 1.213223
0.027694 0.103835 1.213223
0.069822 0.103835 1.213223
0.111950 0.103835 1.213223
0.154079 0.103835 1.213223
0.196207 0.103835 1.213223
0.238336 0.103835 1.213223
0.280464 0.103835 1.213223
0.322592 0.103835 1.213223
0.364721 0.103835 1.213223
-0.351462 0.103835 1.171094
-0.309334 0.103835 1.171094
-0.351462 0.103835 1.213223
-0.309334 0.103835 1.213223
-0.351462 0.145963 1.213223
-0.309334 0.145963 1.213223
-0.267205 0.145963 1.213223
-0.225077 0.145963 1.213223
-0.182948 0.145963 1.213223
-0.140820 0.145963 1.213223
-0.098692 0.145963 1.213223
-0.056563 0.145963 1.213223
-0.014435 0.145963 1.213223
0.027694 0.145963 1.213223
0.069822 0.145963 1.213223
0.111950 0.145963 1.213223
0.154079 0.145963 1.213223
0.196207 0.145963 1.213223
0.238336 0.145963 1.213223
0.280464 0.145963 1.213223
0.322592 0.145963 1.213223
-0.393591 0.145963 1.171094
-0.393591 0.188091 1.171094
-0.393591 0.145963 1.213223
-0.393591 0.188091 1.213223
-0.351462 0.188091 1.213223
-0.309334 0.188091 1.213223
-0.267205 0.188091 1.213223
-0.225077 0.188091 1.213223
-0.182948 0.188091 1.213223
-0.140820 0.188091 1.213223
-0.098692 0.188091 1.213223
-0.056563 0.188091 1.213223
-0.014435 0.188091 1.213223
0.027694 0.188091 1.213223
0.069822 0.188091 1.213223
0.111950 0.188091 1.213223
0.154079 0.188091 1.213223
0.196207 0.188091 1.213223
0.238336 0.188091 1.213223
0.280464 0.188091 1.213223
-0.351462 0.230220 1.213223
-0.309334 0.230220 1.213223
-0.267205 0.230220 1.213223
-0.225077 0.230220 1.213223
-0.182948 0.230220 1.213223
-0.140820 0.230220 1.213223
-0.098692 0.230220 1.213223
-0.056563 0.230220 1.213223
-0.014435 0.230220 1.213223
0.027694 0.230220 1.213223
0.069822 0.230220 1.213223
0.111950 0.230220 1.213223
0.154079 0.230220 1.213223
0.196207 0.230220 1.213223
-0.267205 0.272348 1.213223
-0.225077 0.272348 1.213223
-0.182948 0.272348 1.213223
-0.140820 0.272348 1.213223
-0.098692 0.272348 1.213223
-0.056563 0.272348 1.213223
0.238336 -0.275321 1.255351
0.280464 -0.275321 1.255351
0.238336 -0.233193 1.255351
0.280464 -0.233193 1.255351
0.322592 -0.275321 1.255351
0.322592 -0.233193 1.255351
0.364721 -0.275321 1.255351
0.364721 -0.233193 1.255351
0.196207 -0.233193 1.255351
0.196207 -0.191064 1.255351
0.238336 -0.191064 1.255351
0.280464 -0.191064 1.255351
0.322592 -0.191064 1.255351
0.364721 -0.191064 1.255351
0.406849 -0.233193 1.255351
0.406849 -0.191064 1.255351
0.111950 -0.191064 1.255351
0.154079 -0.191064 1.255351
0.111950 -0.148936 1.255351
0.154079 -0.148936 1.255351
0.196207 -0.148936 1.255351
0.238336 -0.148936 1.255351
0.280464 -0.148936 1.255351
0.322592 -0.148936 1.255351
0.364721 -0.148936 1.255351
0.406849 -0.148936 1.255351
0.027694 -0.148936 1.255351
0.069822 -0.148936 1.255351
0.027694 -0.106807 1.255351
0.069822 -0.106807 1.255351
0.111950 -0.106807 1.255351
0.154079 -0.106807 1.255351
0.196207 -0.106807 1.255351
0.238336 -0.106807 1.255351
0.280464 -0.106807 1.255351
0.322592 -0.106807 1.255351
0.364721 -0.106807 1.255351
0.406849 -0.106807 1.255351
-0.098692 -0.106807 1.213223
-0.098692 -0.106807 1.255351
-0.056563 -0.106807 1.255351
-0.098692 -0.064679 1.255351
-0.056563 -0.064679 1.255351
-0.014435 -0.106807 1.255351
-0.014435 -0.064679 1.255351
0.027694 -0.064679 1.255351
0.069822 -0.064679 1.255351
0.111950 -0.064679 1.255351
0.154079 -0.064679 1.255351
0.196207 -0.064679 1.255351
0.238336 -0.064679 1.255351
0.280464 -0.064679 1.255351
0.322592 -0.064679 1.255351
0.364721 -0.064679 1.255351
0.406849 -0.064679 1.255351
-0.098692 -0.022551 1.255351
-0.056563 -0.022551 1.255351
-0.014435 -0.022551 1.255351
0.027694 -0.022551 1.255351
0.069822 -0.022551 1.255351
0.111950 -0.022551 1.255351
0.154079 -0.022551 1.255351
0.196207 -0.022551 1.255351
0.238336 -0.022551 1.255351
0.280464 -0.022551 1.255351
0.322592 -0.022551 1.255351
0.364721 -0.022551 1.255351
0.406849 -0.022551 1.255351
-0.140820 -0.022551 1.213223
-0.140820 -0.022551 1.255351
-0.140820 0.019578 1.255351
-0.098692 0.019578 1.255351
-0.056563 0.019578 1.255351
-0.014435 0.019578 1.255351
0.027694 0.019578 1.255351
0.069822 0.019578 1.255351
0.111950 0.019578 1.255351
0.154079 0.019578 1.255351
0.196207 0.019578 1.255351
0.238336 0.019578 1.255351
0.280464 0.019578 1.255351
0.322592 0.019578 1.255351
0.364721 0.019578 1.255351
0.406849 0.019578 1.255351
-0.267205 0.019578 1.213223
-0.225077 0.019578 1.213223
-0.267205 0.019578 1.255351
-0.225077 0.019578 1.255351
-0.267205 0.061706 1.255351
-0.225077 0.061706 1.255351
-0.182948 0.019578 1.213223
-0.182948 0.019578 1.255351
-0.182948 0.061706 1.255351
-0.140820 0.061706 1.255351
-0.098692 0.061706 1.255351
-0.056563 0.061706 1.255351
-0.014435 0.061706 1.255351
0.027694 0.061706 1.255351
0.069822 0.061706 1.255351
0.111950 0.061706 1.255351
0.154079 0.061706 1.255351
0.196207 0.061706 1.255351
0.238336 0.061706 1.255351
0.280464 0.061706 1.255351
0.322592 0.061706 1.255351
0.364721 0.061706 1.255351
-0.351462 0.061706 1.213223
-0.309334 0.061706 1.213223
-0.351462 0.061706 1.255351
-0.309334 0.061706 1.255351
-0.351462 0.103835 1.255351
-0.309334 0.103835 1.255351
-0.267205 0.103835 1.255351
-0.225077 0.103835 1.255351
-0.182948 0.103835 1.255351
-0.140820 0.103835 1.255351
-0.098692 0.103835 1.255351
-0.056563 0.103835 1.255351
-0.014435 0.103835 1.255351
0.027694 0.103835 1.255351
0.069822 0.103835 1.255351
0.111950 0.103835 1.255351
0.154079 0.103835 1.255351
0.196207 0.103835 1.255351
0.238336 0.103835 1.255351
0.280464 0.103835 1.255351
0.322592 0.103835 1.255351
-0.351462 0.145963 1.255351
-0.309334 0.145963 1.255351
-0.267205 0.145963 1.255351
-0.225077 0.145963 1.255351
-0.182948 0.145963 1.255351
-0.140820 0.145963 1.255351
-0.098692 0.145963 1.255351
-0.056563 0.145963 1.255351
-0.014435 0.145963 1.255351
0.027694 0.145963 1.255351
0.069822 0.145963 1.255351
0.111950 0.145963 1.255351
0.154079 0.145963 1.255351
0.196207 0.145963 1.255351
0.238336 0.145963 1.255351
0.280464 0.145963 1.255351
0.322592 0.145963 1.255351
-0.351462 0.188091 1.255351
-0.309334 0.188091 1.255351
-0.267205 0.188091 1.255351
-0.225077 0.188091 1.255351
-0.182948 0.188091 1.255351
-0.140820 0.188091 1.255351
-0.098692 0.188091 1.255351
-0.056563 0.188091 1.255351
-0.014435 0.188091 1.255351
0.027694 0.188091 1.255351
0.069822 0.188091 1.255351
0.111950 0.188091 1.255351
0.154079 0.188091 1.255351
0.196207 0.188091 1.255351
0.238336 0.188091 1.255351
-0.351462 0.230220 1.255351
-0.309334 0.230220 1.255351
-0.267205 0.230220 1.255351
-0.225077 0.230220 1.255351
-0.182948 0.230220 1.255351
-0.140820 0.230220 1.255351
-0.098692 0.230220 1.255351
-0.056563 0.230220 1.255351
-0.014435 0.230220 1.255351
0.027694 0.230220 1.255351
0.069822 0.230220 1.255351
0.111950 0.230220 1.255351
0.154079 0.230220 1.255351
-0.182948 0.272348 1.255351
-0.140820 0.272348 1.255351
-0.098692 0.272348 1.255351
0.196207 -0.275321 1.255351
0.196207 -0.275321 1.297480
0.238336 -0.275321 1.297480
0.196207 -0.233193 1.297480
0.238336 -0.233193 1.297480
0.280464 -0.275321 1.297480
0.280464 -0.233193 1.297480
0.322592 -0.275321 1.297480
0.322592 -0.233193 1.297480
0.364721 -0.275321 1.297480
0.364721 -0.233193 1.297480
0.154079 -0.233193 1.255351
0.154079 -0.233193 1.297480
0.154079 -0.191064 1.297480
0.196207 -0.191064 1.297480
0.238336 -0.191064 1.297480
0.280464 -0.191064 1.297480
0.322592 -0.191064 1.297480
0.364721 -0.191064 1.297480
0.111950 -0.191064 1.297480
0.111950 -0.148936 1.297480
0.154079 -0.148936 1.297480
0.196207 -0.148936 1.297480
0.238336 -0.148936 1.297480
0.280464 -0.148936 1.297480
0.322592 -0.148936 1.297480
0.364721 -0.148936 1.297480
0.406849 -0.191064 1.297480
0.406849 -0.148936 1.297480
0.027694 -0.148936 1.297480
0.069822 -0.148936 1.297480
0.027694 -0.106807 1.297480
0.069822 -0.106807 1.297480
0.111950 -0.106807 1.297480
0.154079 -0.106807 1.297480
0.196207 -0.106807 1.297480
0.238336 -0.106807 1.297480
0.280464 -0.106807 1.297480
0.322592 -0.106807 1.297480
0.364721 -0.106807 1.297480
0.406849 -0.106807 1.297480
-0.056563 -0.106807 1.297480
-0.014435 -0.106807 1.297480
-0.056563 -0.064679 1.297480
-0.014435 -0.064679 1.297480
0.027694 -0.064679 1.297480
0.069822 -0.064679 1.297480
0.111950 -0.064679 1.297480
0.154079 -0.064679 1.297480
0.196207 -0.064679 1.297480
0.238336 -0.064679 1.297480
0.280464 -0.064679 1.297480
0.322592 -0.064679 1.297480
0.364721 -0.064679 1.297480
0.406849 -0.064679 1.297480
-0.098692 -0.064679 1.297480
-0.098692 -0.022551 1.297480
-0.056563 -0.022551 1.297480
-0.014435 -0.022551 1.297480
0.027694 -0.022551 1.297480
0.069822 -0.022551 1.297480
0.111950 -0.022551 1.297480
0.154079 -0.022551 1.297480
0.196207 -0.022551 1.297480
0.238336 -0.022551 1.297480
0.280464 -0.022551 1.297480
0.322592 -0.022551 1.297480
0.364721 -0.022551 1.297480
0.406849 -0.022551 1.297480
-0.140820 -0.022551 1.297480
-0.140820 0.019578 1.297480
-0.098692 0.019578 1.297480
-0.056563 0.019578 1.297480
-0.014435 0.019578 1.297480
0.027694 0.019578 1.297480
0.069822 0.019578 1.297480
0.111950 0.019578 1.297480
0.154079 0.019578 1.297480
0.196207 0.019578 1.297480
0.238336 0.019578 1.297480
0.280464 0.019578 1.297480
0.322592 0.019578 1.297480
0.364721 0.019578 1.297480
-0.267205 0.019578 1.297480
-0.225077 0.019578 1.297480
-0.267205 0.061706 1.297480
-0.225077 0.061706 1.297480
-0.182948 0.019578 1.297480
-0.182948 0.061706 1.297480
-0.140820 0.061706 1.297480
-0.098692 0.061706 1.297480
-0.056563 0.061706 1.297480
-0.014435 0.061706 1.297480
0.027694 0.061706 1.297480
0.069822 0.061706 1.297480
0.111950 0.061706 1.297480
0.154079 0.061706 1.297480
0.196207 0.061706 1.297480
0.238336 0.061706 1.297480
0.280464 0.061706 1.297480
0.322592 0.061706 1.297480
-0.351462 0.061706 1.297480
-0.309334 0.061706 1.297480
-0.351462 0.103835 1.297480
-0.309334 0.103835 1.297480
-0.267205 0.103835 1.297480
-0.225077 0.103835 1.297480
-0.182948 0.103835 1.297480
-0.140820 0.103835 1.297480
-0.098692 0.103835 1.297480
-0.056563 0.103835 1.297480
-0.014435 0.103835 1.297480
0.027694 0.103835 1.297480
0.069822 0.103835 1.297480
0.111950 0.103835 1.297480
0.154079 0.103835 1.297480
0.196207 0.103835 1.297480
0.238336 0.103835 1.297480
0.280464 0.103835 1.297480
0.322592 0.103835 1.297480
-0.351462 0.145963 1.297480
-0.309334 0.145963 1.297480
-0.267205 0.145963 1.297480
-0.225077 0.145963 1.297480
-0.182948 0.145963 1.297480
-0.140820 0.145963 1.297480
-0.098692 0.145963 1.297480
-0.056563 0.145963 1.297480
-0.014435 0.145963 1.297480
0.027694 0.145963 1.297480
0.069822 0.145963 1.297480
0.111950 0.145963 1.297480
0.154079 0.145963 1.297480
0.196207 0.145963 1.297480
0.238336 0.145963 1.297480
0.280464 0.145963 1.297480
-0.351462 0.188091 1.297480
-0.309334 0.188091 1.297480
-0.267205 0.188091 1.297480
-0.225077 0.188091 1.297480
-0.182948 0.188091 1.297480
-0.140820 0.188091 1.297480
-0.098692 0.188091 1.297480
-0.056563 0.188091 1.297480
-0.014435 0.188091 1.297480
0.027694 0.188091 1.297480
0.069822 0.188091 1.297480
0.111950 0.188091 1.297480
0.154079 0.188091 1.297480
0.196207 0.188091 1.297480
-0.182948 0.230220 1.297480
-0.140820 0.230220 1.297480
-0.098692 0.230220 1.297480
-0.056563 0.230220 1.297480
-0.014435 0.230220 1.297480
0.027694 0.230220 1.297480
0.069822 0.230220 1.297480
0.238336 -0.275321 1.339608
0.280464 -0.275321 1.339608
0.238336 -0.233193 1.339608
0.280464 -0.233193 1.339608
0.322592 -0.275321 1.339608
0.322592 -0.233193 1.339608
0.154079 -0.233193 1.339608
0.196207 -0.233193 1.339608
0.154079 -0.191064 1.339608
0.196207 -0.191064 1.339608
0.238336 -0.191064 1.339608
0.280464 -0.191064 1.339608
0.322592 -0.191064 1.339608
0.364721 -0.233193 1.339608
0.364721 -0.191064 1.339608
0.111950 -0.191064 1.339608
0.111950 -0.148936 1.339608
0.154079 -0.148936 1.339608
0.196207 -0.148936 1.339608
0.238336 -0.148936 1.339608
0.280464 -0.148936 1.339608
0.322592 -0.148936 1.339608
0.364721 -0.148936 1.339608
0.069822 -0.148936 1.339608
0.069822 -0.106807 1.339608
0.111950 -0.106807 1.339608
0.154079 -0.106807 1.339608
0.196207 -0.106807 1.339608
0.238336 -0.106807 1.339608
0.280464 -0.106807 1.339608
0.322592 -0.106807 1.339608
0.364721 -0.106807 1.339608
0.027694 -0.106807 1.339608
0.027694 -0.064679 1.339608
0.069822 -0.064679 1.339608
0.111950 -0.064679 1.339608
0.154079 -0.064679 1.339608
0.196207 -0.064679 1.339608
0.238336 -0.064679 1.339608
0.280464 -0.064679 1.339608
0.322592 -0.064679 1.339608
0.364721 -0.064679 1.339608
-0.056563 -0.064679 1.339608
-0.014435 -0.064679 1.339608
-0.056563 -0.022551 1.339608
-0.014435 -0.022551 1.339608
0.027694 -0.022551 1.339608
0.069822 -0.022551 1.339608
0.111950 -0.022551 1.339608
0.154079 -0.022551 1.339608
0.196207 -0.022551 1.339608
0.238336 -0.022551 1.339608
0.280464 -0.022551 1.339608
0.322592 -0.022551 1.339608
0.364721 -0.022551 1.339608
-0.098692 -0.022551 1.339608
-0.098692 0.019578 1.339608
-0.056563 0.019578 1.339608
-0.014435 0.019578 1.339608
0.027694 0.019578 1.339608
0.069822 0.019578 1.339608
0.111950 0.019578 1.339608
0.154079 0.019578 1.339608
0.196207 0.019578 1.339608
0.238336 0.019578 1.339608
0.280464 0.019578 1.339608
0.322592 0.019578 1.339608
-0.351462 0.019578 1.297480
-0.309334 0.019578 1.297480
-0.351462 0.019578 1.339608
-0.309334 0.019578 1.339608
-0.351462 0.061706 1.339608
-0.309334 0.061706 1.339608
-0.267205 0.019578 1.339608
-0.267205 0.061706 1.339608
-0.225077 0.019578 1.339608
-0.225077 0.061706 1.339608
-0.182948 0.019578 1.339608
-0.182948 0.061706 1.339608
-0.140820 0.019578 1.339608
-0.140820 0.061706 1.339608
-0.098692 0.061706 1.339608
-0.056563 0.061706 1.339608
-0.014435 0.061706 1.339608
0.027694 0.061706 1.339608
0.069822 0.061706 1.339608
0.111950 0.061706 1.339608
0.154079 0.061706 1.339608
0.196207 0.061706 1.339608
0.238336 0.061706 1.339608
0.280464 0.061706 1.339608
-0.351462 0.103835 1.339608
-0.309334 0.103835 1.339608
-0.267205 0.103835 1.339608
-0.225077 0.103835 1.339608
-0.182948 0.103835 1.339608
-0.140820 0.103835 1.339608
-0.098692 0.103835 1.339608
-0.056563 0.103835 1.339608
-0.014435 0.103835 1.339608
0.027694 0.103835 1.339608
0.069822 0.103835 1.339608
0.111950 0.103835 1.339608
0.154079 0.103835 1.339608
0.196207 0.103835 1.339608
0.238336 0.103835 1.339608
-0.351462 0.145963 1.339608
-0.309334 0.145963 1.339608
-0.267205 0.145963 1.339608
-0.225077 0.145963 1.339608
-0.182948 0.145963 1.339608
-0.140820 0.145963 1.339608
-0.098692 0.145963 1.339608
-0.056563 0.145963 1.339608
-0.014435 0.145963 1.339608
0.027694 0.145963 1.339608
0.069822 0.145963 1.339608
0.111950 0.145963 1.339608
0.154079 0.145963 1.339608
-0.225077 0.188091 1.339608
-0.182948 0.188091 1.339608
-0.140820 0.188091 1.339608
-0.098692 0.188091 1.339608
-0.056563 0.188091 1.339608
-0.014435 0.188091 1.339608
0.027694 0.188091 1.339608
0.069822 0.188091 1.339608
0.111950 0.188091 1.339608
-0.056563 0.230220 1.339608
-0.014435 0.230220 1.339608
0.027694 0.230220 1.339608
0.196207 -0.233193 1.381736
0.238336 -0.233193 1.381736
0.196207 -0.191064 1.381736
0.238336 -0.191064 1.381736
0.111950 -0.191064 1.381736
0.154079 -0.191064 1.381736
0.111950 -0.148936 1.381736
0.154079 -0.148936 1.381736
0.196207 -0.148936 1.381736
0.238336 -0.148936 1.381736
0.280464 -0.191064 1.381736
0.280464 -0.148936 1.381736
0.069822 -0.148936 1.381736
0.069822 -0.106807 1.381736
0.111950 -0.106807 1.381736
0.154079 -0.106807 1.381736
0.196207 -0.106807 1.381736
0.238336 -0.106807 1.381736
0.280464 -0.106807 1.381736
0.069822 -0.064679 1.381736
0.111950 -0.064679 1.381736
0.154079 -0.064679 1.381736
0.196207 -0.064679 1.381736
0.238336 -0.064679 1.381736
0.280464 -0.064679 1.381736
0.069822 -0.022551 1.381736
0.111950 -0.022551 1.381736
0.154079 -0.022551 1.381736
0.196207 -0.022551 1.381736
0.238336 -0.022551 1.381736
0.280464 -0.022551 1.381736
0.027694 -0.022551 1.381736
0.027694 0.019578 1.381736
0.069822 0.019578 1.381736
0.111950 0.019578 1.381736
0.154079 0.019578 1.381736
0.196207 0.019578 1.381736
0.238336 0.019578 1.381736
-0.351462 0.019578 1.381736
-0.309334 0.019578 1.381736
-0.351462 0.061706 1.381736
-0.309334 0.061706 1.381736
-0.267205 0.019578 1.381736
-0.267205 0.061706 1.381736
-0.225077 0.019578 1.381736
-0.225077 0.061706 1.381736
-0.182948 0.019578 1.381736
-0.182948 0.061706 1.381736
-0.140820 0.019578 1.381736
-0.140820 0.061706 1.381736
-0.056563 0.019578 1.381736
-0.014435 0.019578 1.381736
-0.056563 0.061706 1.381736
-0.014435 0.061706 1.381736
0.027694 0.061706 1.381736
-0.351462 0.103835 1.381736
-0.309334 0.103835 1.381736
-0.267205 0.103835 1.381736
-0.225077 0.103835 1.381736
-0.182948 0.103835 1.381736
-0.140820 0.103835 1.381736
-0.098692 0.061706 1.381736
-0.098692 0.103835 1.381736
-0.056563 0.103835 1.381736
-0.014435 0.103835 1.381736
0.027694 0.103835 1.381736
-0.225077 0.145963 1.381736
-0.182948 0.145963 1.381736
-0.140820 0.145963 1.381736
-0.098692 0.145963 1.381736
-0.309334 0.019578 1.423865
-0.267205 0.019578 1.423865
-0.309334 0.061706 1.423865
-0.267205 0.061706 1.423865
-0.225077 0.019578 1.423865
-0.225077 0.061706 1.423865
-0.182948 0.019578 1.423865
-0.182948 0.061706 1.423865
-0.309334 0.103835 1.423865
-0.267205 0.103835 1.423865

TETRAHEDRA
0 1 3 5
0 3 2 6
0 4 5 6
3 5 7 6
0 5 3 6
1 8 3 5
8 9 3 11
8 3 5 11
8 5 10 11
3 5 11 7
12 2 14 6
12 14 13 16
12 15 6 16
14 6 17 16
12 6 14 16
2 3 14 6
3 18 14 19
3 14 6 19
3 6 7 19
14 6 19 17
3 9 20 11
3 20 18 19
3 7 11 19
20 11 21 19
3 11 20 19
13 14 22 16
14 23 22 25
14 22 16 25
14 16 17 25
22 16 25 24
14 18 26 19
14 26 23 25
14 17 19 25
26 19 27 25
14 19 26 25
22 23 29 25
22 29 28 30
22 24 25 30
29 25 31 30
22 25 29 30
23 26 29 25
26 32 29 33
26 29 25 33
26 25 27 33
29 25 33 31
28 29 34 30
29 35 34 37
29 34 30 37
29 30 31 37
34 30 37 36
38 39 41 43
38 41 40 44
38 42 43 44
41 43 45 44
38 43 41 44
39 46 41 43
46 47 41 49
46 41 43 49
46 43 48 49
41 43 49 45
40 41 5 44
41 10 5 51
41 5 44 51
41 44 45 51
5 44 51 50
41 47 52 49
41 52 10 51
41 45 49 51
52 49 53 51
41 49 52 51
4 5 6 54
5 7 6 56
5 6 54 56
5 54 50 56
6 54 56 55
5 10 11 51
5 11 7 56
5 50 51 56
11 51 57 56
5 51 11 56
10 52 11 51
52 58 11 59
52 11 51 59
52 51 53 59
11 51 59 57
15 6 16 60
6 17 16 62
6 16 60 62
6 60 55 62
16 60 62 61
6 7 19 56
6 19 17 62
6 55 56 62
19 56 63 62
6 56 19 62
7 11 19 56
11 21 19 64
11 19 56 64
11 56 57 64
19 56 64 63
11 58 65 59
11 65 21 64
11 57 59 64
65 59 66 64
11 59 65 64
16 17 25 62
16 25 24 67
16 61 62 67
25 62 68 67
16 62 25 67
17 19 25 62
19 27 25 69
19 25 62 69
19 62 63 69
25 62 69 68
19 21 70 64
19 70 27 69
19 63 64 69
70 64 71 69
19 64 70 69
21 65 70 64
65 72 70 73
65 70 64 73
65 64 66 73
70 64 73 71
74 24 30 67
74 30 75 77
74 76 67 77
30 67 78 77
74 67 30 77
24 25 30 67
25 31 30 79
25 30 67 79
25 67 68 79
30 67 79 78
25 27 33 69
25 33 31 79
25 68 69 79
33 69 80 79
25 69 33 79
27 70 33 69
70 81 33 82
70 33 69 82
70 69 71 82
33 69 82 80
70 72 83 73
70 83 81 82
70 71 73 82
83 73 84 82
70 73 83 82
75 30 85 77
30 36 85 87
30 85 77 87
30 77 78 87
85 77 87 86
30 31 37 79
30 37 36 87
30 78 79 87
37 79 88 87
30 79 37 87
31 33 37 79
33 89 37 90
33 37 79 90
33 79 80 90
37 79 90 88
33 81 91 82
33 91 89 90
33 80 82 90
91 82 92 90
33 82 91 90
93 85 94 96
85 95 94 98
85 94 96 98
85 96 86 98
94 96 98 97
85 36 99 87
85 99 95 98
85 86 87 98
99 87 100 98
85 87 99 98
36 37 99 87
37 101 99 102
37 99 87 102
37 87 88 102
99 87 102 100
37 89 103 90
37 103 101 102
37 88 90 102
103 90 104 102
37 90 103 102
89 91 103 90
91 105 103 106
91 103 90 106
91 90 92 106
103 90 106 104
94 95 108 98
94 108 107 109
94 97 98 109
108 98 110 109
94 98 108 109
95 99 108 98
99 111 108 112
99 108 98 112
99 98 100 112
108 98 112 110
99 101 113 102
99 113 111 112
99 100 102 112
113 102 114 112
99 102 113 112
101 103 113 102
103 115 113 116
103 113 102 116
103 102 104 116
113 102 116 114
103 105 117 106
103 117 115 116
103 104 106 116
117 106 118 116
103 106 117 116
113 115 120 116
113 120 119 121
113 114 116 121
120 116 122 121
113 116 120 121
123 124 43 125
124 48 43 128
124 43 125 128
124 125 126 128
43 125 128 127
42 43 44 129
43 45 44 131
43 44 129 131
43 129 127 131
44 129 131 130
43 48 49 128
43 49 45 131
43 127 128 131
49 128 132 131
43 128 49 131
48 133 49 128
133 134 49 136
133 49 128 136
133 128 135 136
49 128 136 132
137 44 54 138
44 50 54 140
44 54 138 140
44 138 130 140
54 138 140 139
44 45 51 131
44 51 50 140
44 130 131 140
51 131 141 140
44 131 51 140
45 49 51 131
49 53 51 142
49 51 131 142
49 131 132 142
51 131 142 141
49 134 143 136
49 143 53 142
49 132 136 142
143 136 144 142
49 136 143 142
54 50 56 140
54 56 55 145
54 139 140 145
56 140 146 145
54 140 56 145
50 51 56 140
51 57 56 147
51 56 140 147
51 140 141 147
56 140 147 146
51 53 59 142
51 59 57 147
51 141 142 147
59 142 148 147
51 142 59 147
53 143 59 142
143 149 59 150
143 59 142 150
143 142 144 150
59 142 150 148
60 55 62 145
60 62 61 152
60 151 145 152
62 145 153 152
60 145 62 152
55 56 62 145
56 63 62 154
56 62 145 154
56 145 146 154
62 145 154 153
56 57 64 147
56 64 63 154
56 146 147 154
64 147 155 154
56 147 64 154
57 59 64 147
59 66 64 156
59 64 147 156
59 147 148 156
64 147 156 155
59 149 157 150
59 157 66 156
59 148 150 156
157 150 158 156
59 150 157 156
61 62 67 152
62 68 67 160
62 67 152 160
62 152 153 160
67 152 160 159
62 63 69 154
62 69 68 160
62 153 154 160
69 154 161 160
62 154 69 160
63 64 69 154
64 71 69 162
64 69 154 162
64 154 155 162
69 154 162 161
64 66 73 156
64 73 71 162
64 155 156 162
73 156 163 162
64 156 73 162
66 157 73 156
157 164 73 165
157 73 156 165
157 156 158 165
73 156 165 163
76 67 77 166
67 78 77 168
67 77 166 168
67 166 159 168
77 166 168 167
67 68 79 160
67 79 78 168
67 159 160 168
79 160 169 168
67 160 79 168
68 69 79 160
69 80 79 170
69 79 160 170
69 160 161 170
79 160 170 169
69 71 82 162
69 82 80 170
69 161 162 170
82 162 171 170
69 162 82 170
71 73 82 162
73 84 82 172
73 82 162 172
73 162 163 172
82 162 172 171
73 164 173 165
73 173 84 172
73 163 165 172
173 165 174 172
73 165 173 172
77 78 87 168
77 87 86 175
77 167 168 175
87 168 176 175
77 168 87 175
78 79 87 168
79 88 87 177
79 87 168 177
79 168 169 177
87 168 177 176
79 80 90 170
79 90 88 177
79 169 170 177
90 170 178 177
79 170 90 177
80 82 90 170
82 92 90 179
82 90 170 179
82 170 171 179
90 170 179 178
82 84 180 172
82 180 92 179
82 171 172 179
180 172 181 179
82 172 180 179
84 173 180 172
173 182 180 183
173 180 172 183
173 172 174 183
180 172 183 181
96 86 98 175
96 98 97 185
96 184 175 185
98 175 186 185
96 175 98 185
86 87 98 175
87 100 98 187
87 98 175 187
87 175 176 187
98 175 187 186
87 88 102 177
87 102 100 187
87 176 177 187
102 177 188 187
87 177 102 187
88 90 102 177
90 104 102 189
90 102 177 189
90 177 178 189
102 177 189 188
90 92 106 179
90 106 104 189
90 178 179 189
106 179 190 189
90 179 106 189
92 180 106 179
180 191 106 192
180 106 179 192
180 179 181 192
106 179 192 190
180 182 193 183
180 193 191 192
180 181 183 192
193 183 194 192
180 183 193 192
195 97 109 185
195 109 196 198
195 197 185 198
109 185 199 198
195 185 109 198
97 98 109 185
98 110 109 200
98 109 185 200
98 185 186 200
109 185 200 199
98 100 112 187
98 112 110 200
98 186 187 200
112 187 201 200
98 187 112 200
100 102 112 187
102 114 112 202
102 112 187 202
102 187 188 202
112 187 202 201
102 104 116 189
102 116 114 202
102 188 189 202
116 189 203 202
102 189 116 202
104 106 116 189
106 118 116 204
106 116 189 204
106 189 190 204
116 189 204 203
106 191 205 192
106 205 118 204
106 190 192 204
205 192 206 204
106 192 205 204
191 193 205 192
193 207 205 208
193 205 192 208
193 192 194 208
205 192 208 206
209 196 211 198
209 211 210 213
209 212 198 213
211 198 214 213
209 198 211 213
196 109 211 198
109 215 211 216
109 211 198 216
109 198 199 216
211 198 216 214
109 110 217 200
109 217 215 216
109 199 200 216
217 200 218 216
109 200 217 216
110 112 217 200
112 219 217 220
112 217 200 220
112 200 201 220
217 200 220 218
112 114 121 202
112 121 219 220
112 201 202 220
121 202 221 220
112 202 121 220
114 116 121 202
116 122 121 222
116 121 202 222
116 202 203 222
121 202 222 221
116 118 223 204
116 223 122 222
116 203 204 222
223 204 224 222
116 204 223 222
118 205 223 204
205 225 223 226
205 223 204 226
205 204 206 226
223 204 226 224
210 211 227 213
211 228 227 230
211 227 213 230
211 213 214 230
227 213 230 229
211 215 231 216
211 231 228 230
211 214 216 230
231 216 232 230
211 216 231 230
215 217 231 216
217 233 231 234
217 231 216 234
217 216 218 234
231 216 234 232
217 219 235 220
217 235 233 234
217 218 220 234
235 220 236 234
217 220 235 234
219 121 235 220
121 237 235 238
121 235 220 238
121 220 221 238
235 220 238 236
121 122 239 222
121 239 237 238
121 221 222 238
239 222 240 238
121 222 239 238
122 223 239 222
223 241 239 242
223 239 222 242
223 222 224 242
239 222 242 240
223 225 243 226
223 243 241 242
223 224 226 242
243 226 244 242
223 226 243 242
228 231 245 230
231 246 245 248
231 245 230 248
231 230 232 248
245 230 248 247
231 233 249 234
231 249 246 248
231 232 234 248
249 234 250 248
231 234 249 248
233 235 249 234
235 251 249 252
235 249 234 252
235 234 236 252
249 234 252 250
235 237 253 238
235 253 251 252
235 236 238 252
253 238 254 252
235 238 253 252
237 239 253 238
239 255 253 256
239 253 238 256
239 238 240 256
253 238 256 254
239 241 257 242
239 257 255 256
239 240 242 256
257 242 258 256
239 242 257 256
246 249 259 248
249 260 259 262
249 259 248 262
249 248 250 262
259 248 262 261
249 251 263 252
249 263 260 262
249 250 252 262
263 252 264 262
249 252 263 262
251 253 263 252
253 265 263 266
253 263 252 266
253 252 254 266
263 252 266 264
253 255 267 256
253 267 265 266
253 254 256 266
267 256 268 266
253 256 267 266
269 125 129 270
125 127 129 273
125 129 270 273
125 270 271 273
129 270 273 272
125 126 128 274
125 128 127 273
125 271 274 273
128 274 275 273
125 274 128 273
129 127 131 273
129 131 130 276
129 272 273 276
131 273 277 276
129 273 131 276
127 128 131 273
128 132 131 278
128 131 273 278
128 273 275 278
131 273 278 277
128 135 136 279
128 136 132 278
128 275 279 278
136 279 280 278
128 279 136 278
138 130 140 276
138 140 139 282
138 281 276 282
140 276 283 282
138 276 140 282
130 131 140 276
131 141 140 284
131 140 276 284
131 276 277 284
140 276 284 283
131 132 142 278
131 142 141 284
131 277 278 284
142 278 285 284
131 278 142 284
132 136 142 278
136 144 142 286
136 142 278 286
136 278 280 286
142 278 286 285
139 140 145 282
140 146 145 288
140 145 282 288
140 282 283 288
145 282 288 287
140 141 147 284
140 147 146 288
140 283 284 288
147 284 289 288
140 284 147 288
141 142 147 284
142 148 147 290
142 147 284 290
142 284 285 290
147 284 290 289
142 144 150 286
142 150 148 290
142 285 286 290
150 286 291 290
142 286 150 290
151 145 152 292
145 153 152 294
145 152 292 294
145 292 287 294
152 292 294 293
145 146 154 288
145 154 153 294
145 287 288 294
154 288 295 294
145 288 154 294
146 147 154 288
147 155 154 296
147 154 288 296
147 288 289 296
154 288 296 295
147 148 156 290
147 156 155 296
147 289 290 296
156 290 297 296
147 290 156 296
148 150 156 290
150 158 156 298
150 156 290 298
150 290 291 298
156 290 298 297
152 153 160 294
152 160 159 299
152 293 294 299
160 294 300 299
152 294 160 299
153 154 160 294
154 161 160 301
154 160 294 301
154 294 295 301
160 294 301 300
154 155 162 296
154 162 161 301
154 295 296 301
162 296 302 301
154 296 162 301
155 156 162 296
156 163 162 303
156 162 296 303
156 296 297 303
162 296 303 302
156 158 165 298
156 165 163 303
156 297 298 303
165 298 304 303
156 298 165 303
158 305 165 298
305 306 165 308
305 165 298 308
305 298 307 308
165 298 308 304
159 160 168 299
160 169 168 310
160 168 299 310
160 299 300 310
168 299 310 309
160 161 170 301
160 170 169 310
160 300 301 310
170 301 311 310
160 301 170 310
161 162 170 301
162 171 170 312
162 170 301 312
162 301 302 312
170 301 312 311
162 163 172 303
162 172 171 312
162 302 303 312
172 303 313 312
162 303 172 312
163 165 172 303
165 174 172 314
165 172 303 314
165 303 304 314
172 303 314 313
165 306 315 308
165 315 174 314
165 304 308 314
315 308 316 314
165 308 315 314
167 168 175 317
168 176 175 319
168 175 317 319
168 317 309 319
175 317 319 318
168 169 177 310
168 177 176 319
168 309 310 319
177 310 320 319
168 310 177 319
169 170 177 310
170 178 177 321
170 177 310 321
170 310 311 321
177 310 321 320
170 171 179 312
170 179 178 321
170 311 312 321
179 312 322 321
170 312 179 321
171 172 179 312
172 181 179 323
172 179 312 323
172 312 313 323
179 312 323 322
172 174 183 314
172 183 181 323
172 313 314 323
183 314 324 323
172 314 183 323
174 315 183 314
315 325 183 326
315 183 314 326
315 314 316 326
183 314 326 324
184 175 185 327
175 186 185 329
175 185 327 329
175 327 318 329
185 327 329 328
175 176 187 319
175 187 186 329
175 318 319 329
187 319 330 329
175 319 187 329
176 177 187 319
177 188 187 331
177 187 319 331
177 319 320 331
187 319 331 330
177 178 189 321
177 189 188 331
177 320 321 331
189 321 332 331
177 321 189 331
178 179 189 321
179 190 189 333
179 189 321 333
179 321 322 333
189 321 333 332
179 181 192 323
179 192 190 333
179 322 323 333
192 323 334 333
179 323 192 333
181 183 192 323
183 194 192 335
183 192 323 335
183 323 324 335
192 323 335 334
183 325 336 326
183 336 194 335
183 324 326 335
336 326 337 335
183 326 336 335
197 185 198 338
185 199 198 340
185 198 338 340
185 338 328 340
198 338 340 339
185 186 200 329
185 200 199 340
185 328 329 340
200 329 341 340
185 329 200 340
186 187 200 329
187 201 200 342
187 200 329 342
187 329 330 342
200 329 342 341
187 188 202 331
187 202 201 342
187 330 331 342
202 331 343 342
187 331 202 342
188 189 202 331
189 203 202 344
189 202 331 344
189 331 332 344
202 331 344 343
189 190 204 333
189 204 203 344
189 332 333 344
204 333 345 344
189 333 204 344
190 192 204 333
192 206 204 346
192 204 333 346
192 333 334 346
204 333 346 345
192 194 208 335
192 208 206 346
192 334 335 346
208 335 347 346
192 335 208 346
194 336 208 335
336 348 208 349
336 208 335 349
336 335 337 349
208 335 349 347
212 198 213 350
198 214 213 352
198 213 350 352
198 350 339 352
213 350 352 351
198 199 216 340
198 216 214 352
198 339 340 352
216 340 353 352
198 340 216 352
199 200 216 340
200 218 216 354
200 216 340 354
200 340 341 354
216 340 354 353
200 201 220 342
200 220 218 354
200 341 342 354
220 342 355 354
200 342 220 354
201 202 220 342
202 221 220 356
202 220 342 356
202 342 343 356
220 342 356 355
202 203 222 344
202 222 221 356
202 343 344 356
222 344 357 356
202 344 222 356
203 204 222 344
204 224 222 358
204 222 344 358
204 344 345 358
222 344 358 357
204 206 226 346
204 226 224 358
204 345 346 358
226 346 359 358
204 346 226 358
206 208 226 346
208 360 226 361
208 226 346 361
208 346 347 361
226 346 361 359
362 213 363 364
213 229 363 366
213 363 364 366
213 364 351 366
363 364 366 365
213 214 230 352
213 230 229 366
213 351 352 366
230 352 367 366
213 352 230 366
214 216 230 352
216 232 230 368
216 230 352 368
216 352 353 368
230 352 368 367
216 218 234 354
216 234 232 368
216 353 354 368
234 354 369 368
216 354 234 368
218 220 234 354
220 236 234 370
220 234 354 370
220 354 355 370
234 354 370 369
220 221 238 356
220 238 236 370
220 355 356 370
238 356 371 370
220 356 238 370
221 222 238 356
222 240 238 372
222 238 356 372
222 356 357 372
238 356 372 371
222 224 242 358
222 242 240 372
222 357 358 372
242 358 373 372
222 358 242 372
224 226 242 358
226 244 242 374
226 242 358 374
226 358 359 374
242 358 374 373
226 360 375 361
226 375 244 374
226 359 361 374
375 361 376 374
226 361 375 374
363 229 378 366
363 378 377 379
363 365 366 379
378 366 380 379
363 366 378 379
229 230 378 366
230 247 378 381
230 378 366 381
230 366 367 381
378 366 381 380
230 232 248 368
230 248 247 381
230 367 368 381
248 368 382 381
230 368 248 381
232 234 248 368
234 250 248 383
234 248 368 383
234 368 369 383
248 368 383 382
234 236 252 370
234 252 250 383
234 369 370 383
252 370 384 383
234 370 252 383
236 238 252 370
238 254 252 385
238 252 370 385
238 370 371 385
252 370 385 384
238 240 256 372
238 256 254 385
238 371 372 385
256 372 386 385
238 372 256 385
240 242 256 372
242 258 256 387
242 256 372 387
242 372 373 387
256 372 387 386
242 244 388 374
242 388 258 387
242 373 374 387
388 374 389 387
242 374 388 387
378 247 391 381
378 391 390 392
378 380 381 392
391 381 393 392
378 381 391 392
247 248 391 381
248 261 391 394
248 391 381 394
248 381 382 394
391 381 394 393
248 250 262 383
248 262 261 394
248 382 383 394
262 383 395 394
248 383 262 394
250 252 262 383
252 264 262 396
252 262 383 396
252 383 384 396
262 383 396 395
252 254 266 385
252 266 264 396
252 384 385 396
266 385 397 396
252 385 266 396
254 256 266 385
256 268 266 398
256 266 385 398
256 385 386 398
266 385 398 397
256 258 399 387
256 399 268 398
256 386 387 398
399 387 400 398
256 387 399 398
391 261 402 394
391 402 401 403
391 393 394 403
402 394 404 403
391 394 402 403
261 262 402 394
262 405 402 406
262 402 394 406
262 394 395 406
402 394 406 404
262 264 407 396
262 407 405 406
262 395 396 406
407 396 408 406
262 396 407 406
264 266 407 396
266 409 407 410
266 407 396 410
266 396 397 410
407 396 410 408
266 268 411 398
266 411 409 410
266 397 398 410
411 398 412 410
266 398 411 410
270 271 273 414
270 273 272 415
270 413 414 415
273 414 416 415
270 414 273 415
271 274 273 414
274 275 273 418
274 273 414 418
274 414 417 418
273 414 418 416
272 273 276 415
273 277 276 420
273 276 415 420
273 415 416 420
276 415 420 419
273 275 278 418
273 278 277 420
273 416 418 420
278 418 421 420
273 418 278 420
275 279 278 418
279 280 278 423
279 278 418 423
279 418 422 423
278 418 423 421
281 276 282 424
276 283 282 426
276 282 424 426
276 424 419 426
282 424 426 425
276 277 284 420
276 284 283 426
276 419 420 426
284 420 427 426
276 420 284 426
277 278 284 420
278 285 284 428
278 284 420 428
278 420 421 428
284 420 428 427
278 280 286 423
278 286 285 428
278 421 423 428
286 423 429 428
278 423 286 428
282 283 288 426
282 288 287 430
282 425 426 430
288 426 431 430
282 426 288 430
283 284 288 426
284 289 288 432
284 288 426 432
284 426 427 432
288 426 432 431
284 285 290 428
284 290 289 432
284 427 428 432
290 428 433 432
284 428 290 432
285 286 290 428
286 291 290 434
286 290 428 434
286 428 429 434
290 428 434 433
286 435 436 437
286 436 291 434
286 429 437 434
436 437 438 434
286 437 436 434
292 287 294 430
292 294 293 440
292 439 430 440
294 430 441 440
292 430 294 440
287 288 294 430
288 295 294 442
288 294 430 442
288 430 431 442
294 430 442 441
288 289 296 432
288 296 295 442
288 431 432 442
296 432 443 442
288 432 296 442
289 290 296 432
290 297 296 444
290 296 432 444
290 432 433 444
296 432 444 443
290 291 298 434
290 298 297 444
290 433 434 444
298 434 445 444
290 434 298 444
291 436 298 434
436 307 298 446
436 298 434 446
436 434 438 446
298 434 446 445
293 294 299 440
294 300 299 448
294 299 440 448
294 440 441 448
299 440 448 447
294 295 301 442
294 301 300 448
294 441 442 448
301 442 449 448
294 442 301 448
295 296 301 442
296 302 301 450
296 301 442 450
296 442 443 450
301 442 450 449
296 297 303 444
296 303 302 450
296 443 444 450
303 444 451 450
296 444 303 450
297 298 303 444
298 304 303 452
298 303 444 452
298 444 445 452
303 444 452 451
298 307 308 446
298 308 304 452
298 445 446 452
308 446 453 452
298 446 308 452
454 299 317 455
299 309 317 457
299 317 455 457
299 455 447 457
317 455 457 456
299 300 310 448
299 310 309 457
299 447 448 457
310 448 458 457
299 448 310 457
300 301 310 448
301 311 310 459
301 310 448 459
301 448 449 459
310 448 459 458
301 302 312 450
301 312 311 459
301 449 450 459
312 450 460 459
301 450 312 459
302 303 312 450
303 313 312 461
303 312 450 461
303 450 451 461
312 450 461 460
303 304 314 452
303 314 313 461
303 451 452 461
314 452 462 461
303 452 314 461
304 308 314 452
308 316 314 463
308 314 452 463
308 452 453 463
314 452 463 462
317 309 319 457
317 319 318 464
317 456 457 464
319 457 465 464
317 457 319 464
309 310 319 457
310 320 319 466
310 319 457 466
310 457 458 466
319 457 466 465
310 311 321 459
310 321 320 466
310 458 459 466
321 459 467 466
310 459 321 466
311 312 321 459
312 322 321 468
312 321 459 468
312 459 460 468
321 459 468 467
312 313 323 461
312 323 322 468
312 460 461 468
323 461 469 468
312 461 323 468
313 314 323 461
314 324 323 470
314 323 461 470
314 461 462 470
323 461 470 469
314 316 326 463
314 326 324 470
314 462 463 470
326 463 471 470
314 463 326 470
316 472 326 463
472 473 326 475
472 326 463 475
472 463 474 475
326 463 475 471
327 318 329 464
327 329 328 477
327 476 464 477
329 464 478 477
327 464 329 477
318 319 329 464
319 330 329 479
319 329 464 479
319 464 465 479
329 464 479 478
319 320 331 466
319 331 330 479
319 465 466 479
331 466 480 479
319 466 331 479
320 321 331 466
321 332 331 481
321 331 466 481
321 466 467 481
331 466 481 480
321 322 333 468
321 333 332 481
321 467 468 481
333 468 482 481
321 468 333 481
322 323 333 468
323 334 333 483
323 333 468 483
323 468 469 483
333 468 483 482
323 324 335 470
323 335 334 483
323 469 470 483
335 470 484 483
323 470 335 483
324 326 335 470
326 337 335 485
326 335 470 485
326 470 471 485
335 470 485 484
326 473 486 475
326 486 337 485
326 471 475 485
486 475 487 485
326 475 486 485
338 328 340 477
338 340 339 489
338 488 477 489
340 477 490 489
338 477 340 489
328 329 340 477
329 341 340 491
329 340 477 491
329 477 478 491
340 477 491 490
329 330 342 479
329 342 341 491
329 478 479 491
342 479 492 491
329 479 342 491
330 331 342 479
331 343 342 493
331 342 479 493
331 479 480 493
342 479 493 492
331 332 344 481
331 344 343 493
331 480 481 493
344 481 494 493
331 481 344 493
332 333 344 481
333 345 344 495
333 344 481 495
333 481 482 495
344 481 495 494
333 334 346 483
333 346 345 495
333 482 483 495
346 483 496 495
333 483 346 495
334 335 346 483
335 347 346 497
335 346 483 497
335 483 484 497
346 483 497 496
335 337 349 485
335 349 347 497
335 484 485 497
349 485 498 497
335 485 349 497
337 486 349 485
486 499 349 500
486 349 485 500
486 485 487 500
349 485 500 498
350 339 352 489
350 352 351 502
350 501 489 502
352 489 503 502
350 489 352 502
339 340 352 489
340 353 352 504
340 352 489 504
340 489 490 504
352 489 504 503
340 341 354 491
340 354 353 504
340 490 491 504
354 491 505 504
340 491 354 504
341 342 354 491
342 355 354 506
342 354 491 506
342 491 492 506
354 491 506 505
342 343 356 493
342 356 355 506
342 492 493 506
356 493 507 506
342 493 356 506
343 344 356 493
344 357 356 508
344 356 493 508
344 493 494 508
356 493 508 507
344 345 358 495
344 358 357 508
344 494 495 508
358 495 509 508
344 495 358 508
345 346 358 495
346 359 358 510
346 358 495 510
346 495 496 510
358 495 510 509
346 347 361 497
346 361 359 510
346 496 497 510
361 497 511 510
346 497 361 510
347 349 361 497
349 512 361 513
349 361 497 513
349 497 498 513
361 497 513 511
364 351 366 502
364 366 365 515
364 514 502 515
366 502 516 515
364 502 366 515
351 352 366 502
352 367 366 517
352 366 502 517
352 502 503 517
366 502 517 516
352 353 368 504
352 368 367 517
352 503 504 517
368 504 518 517
352 504 368 517
353 354 368 504
354 369 368 519
354 368 504 519
354 504 505 519
368 504 519 518
354 355 370 506
354 370 369 519
354 505 506 519
370 506 520 519
354 506 370 519
355 356 370 506
356 371 370 521
356 370 506 521
356 506 507 521
370 506 521 520
356 357 372 508
356 372 371 521
356 507 508 521
372 508 522 521
356 508 372 521
357 358 372 508
358 373 372 523
358 372 508 523
358 508 509 523
372 508 523 522
358 359 374 510
358 374 373 523
358 509 510 523
374 510 524 523
358 510 374 523
359 361 374 510
361 376 374 525
361 374 510 525
361 510 511 525
374 510 525 524
361 512 526 513
361 526 376 525
361 511 513 525
526 513 527 525
361 513 526 525
528 365 379 515
528 379 529 531
528 530 515 531
379 515 532 531
528 515 379 531
365 366 379 515
366 380 379 533
366 379 515 533
366 515 516 533
379 515 533 532
366 367 381 517
366 381 380 533
366 516 517 533
381 517 534 533
366 517 381 533
367 368 381 517
368 382 381 535
368 381 517 535
368 517 518 535
381 517 535 534
368 369 383 519
368 383 382 535
368 518 519 535
383 519 536 535
368 519 383 535
369 370 383 519
370 384 383 537
370 383 519 537
370 519 520 537
383 519 537 536
370 371 385 521
370 385 384 537
370 520 521 537
385 521 538 537
370 521 385 537
371 372 385 521
372 386 385 539
372 385 521 539
372 521 522 539
385 521 539 538
372 373 387 523
372 387 386 539
372 522 523 539
387 523 540 539
372 523 387 539
373 374 387 523
374 389 387 541
374 387 523 541
374 523 524 541
387 523 541 540
374 376 542 525
374 542 389 541
374 524 525 541
542 525 543 541
374 525 542 541
379 380 392 533
379 392 544 545
379 532 533 545
392 533 546 545
379 533 392 545
380 381 392 533
381 393 392 547
381 392 533 547
381 533 534 547
392 533 547 546
381 382 394 535
381 394 393 547
381 534 535 547
394 535 548 547
381 535 394 547
382 383 394 535
383 395 394 549
383 394 535 549
383 535 536 549
394 535 549 548
383 384 396 537
383 396 395 549
383 536 537 549
396 537 550 549
383 537 396 549
384 385 396 537
385 397 396 551
385 396 537 551
385 537 538 551
396 537 551 550
385 386 398 539
385 398 397 551
385 538 539 551
398 539 552 551
385 539 398 551
386 387 398 539
387 400 398 553
387 398 539 553
387 539 540 553
398 539 553 552
387 389 554 541
387 554 400 553
387 540 541 553
554 541 555 553
387 541 554 553
544 392 556 545
392 557 556 559
392 556 545 559
392 545 546 559
556 545 559 558
392 393 403 547
392 403 557 559
392 546 547 559
403 547 560 559
392 547 403 559
393 394 403 547
394 404 403 561
394 403 547 561
394 547 548 561
403 547 561 560
394 395 406 549
394 406 404 561
394 548 549 561
406 549 562 561
394 549 406 561
395 396 406 549
396 408 406 563
396 406 549 563
396 549 550 563
406 549 563 562
396 397 410 551
396 410 408 563
396 550 551 563
410 551 564 563
396 551 410 563
397 398 410 551
398 412 410 565
398 410 551 565
398 551 552 565
410 551 565 564
415 416 420 567
415 420 419 568
415 566 567 568
420 567 569 568
415 567 420 568
416 418 420 567
418 421 420 571
418 420 567 571
418 567 570 571
420 567 571 569
418 422 423 572
418 423 421 571
418 570 572 571
423 572 573 571
418 572 423 571
419 420 426 568
420 427 426 575
420 426 568 575
420 568 569 575
426 568 575 574
420 421 428 571
420 428 427 575
420 569 571 575
428 571 576 575
420 571 428 575
421 423 428 571
423 429 428 577
423 428 571 577
423 571 573 577
428 571 577 576
423 578 437 579
423 437 429 577
423 573 579 577
437 579 580 577
423 579 437 577
425 426 430 581
426 431 430 583
426 430 581 583
426 581 574 583
430 581 583 582
426 427 432 575
426 432 431 583
426 574 575 583
432 575 584 583
426 575 432 583
427 428 432 575
428 433 432 585
428 432 575 585
428 575 576 585
432 575 585 584
428 429 434 577
428 434 433 585
428 576 577 585
434 577 586 585
428 577 434 585
429 437 434 577
437 438 434 587
437 434 577 587
437 577 580 587
434 577 587 586
439 430 440 588
430 441 440 590
430 440 588 590
430 588 582 590
440 588 590 589
430 431 442 583
430 442 441 590
430 582 583 590
442 583 591 590
430 583 442 590
431 432 442 583
432 443 442 592
432 442 583 592
432 583 584 592
442 583 592 591
432 433 444 585
432 444 443 592
432 584 585 592
444 585 593 592
432 585 444 592
433 434 444 585
434 445 444 594
434 444 585 594
434 585 586 594
444 585 594 593
434 438 446 587
434 446 445 594
434 586 587 594
446 587 595 594
434 587 446 594
438 596 446 587
596 597 446 599
596 446 587 599
596 587 598 599
446 587 599 595
600 440 455 601
440 447 455 603
440 455 601 603
440 601 589 603
455 601 603 602
440 441 448 590
440 448 447 603
440 589 590 603
448 590 604 603
440 590 448 603
441 442 448 590
442 449 448 605
442 448 590 605
442 590 591 605
448 590 605 604
442 443 450 592
442 450 449 605
442 591 592 605
450 592 606 605
442 592 450 605
443 444 450 592
444 451 450 607
444 450 592 607
444 592 593 607
450 592 607 606
444 445 452 594
444 452 451 607
444 593 594 607
452 594 608 607
444 594 452 607
445 446 452 594
446 453 452 609
446 452 594 609
446 594 595 609
452 594 609 608
446 597 610 599
446 610 453 609
446 595 599 609
610 599 611 609
446 599 610 609
455 447 457 603
455 457 456 612
455 602 603 612
457 603 613 612
455 603 457 612
447 448 457 603
448 458 457 614
448 457 603 614
448 603 604 614
457 603 614 613
448 449 459 605
448 459 458 614
448 604 605 614
459 605 615 614
448 605 459 614
449 450 459 605
450 460 459 616
450 459 605 616
450 605 606 616
459 605 616 615
450 451 461 607
450 461 460 616
450 606 607 616
461 607 617 616
450 607 461 616
451 452 461 607
452 462 461 618
452 461 607 618
452 607 608 618
461 607 618 617
452 453 463 609
452 463 462 618
452 608 609 618
463 609 619 618
452 609 463 618
453 610 463 609
610 474 463 620
610 463 609 620
610 609 611 620
463 609 620 619
456 457 464 612
457 465 464 622
457 464 612 622
457 612 613 622
464 612 622 621
457 458 466 614
457 466 465 622
457 613 614 622
466 614 623 622
457 614 466 622
458 459 466 614
459 467 466 624
459 466 614 624
459 614 615 624
466 614 624 623
459 460 468 616
459 468 467 624
459 615 616 624
468 616 625 624
459 616 468 624
460 461 468 616
461 469 468 626
461 468 616 626
461 616 617 626
468 616 626 625
461 462 470 618
461 470 469 626
461 617 618 626
470 618 627 626
461 618 470 626
462 463 470 618
463 471 470 628
463 470 618 628
463 618 619 628
470 618 628 627
463 474 475 620
463 475 471 628
463 619 620 628
475 620 629 628
463 620 475 628
476 464 477 630
464 478 477 632
464 477 630 632
464 630 621 632
477 630 632 631
464 465 479 622
464 479 478 632
464 621 622 632
479 622 633 632
464 622 479 632
465 466 479 622
466 480 479 634
466 479 622 634
466 622 623 634
479 622 634 633
466 467 481 624
466 481 480 634
466 623 624 634
481 624 635 634
466 624 481 634
467 468 481 624
468 482 481 636
468 481 624 636
468 624 625 636
481 624 636 635
468 469 483 626
468 483 482 636
468 625 626 636
483 626 637 636
468 626 483 636
469 470 483 626
470 484 483 638
470 483 626 638
470 626 627 638
483 626 638 637
470 471 485 628
470 485 484 638
470 627 628 638
485 628 639 638
470 628 485 638
471 475 485 628
475 487 485 640
475 485 628 640
475 628 629 640
485 628 640 639
488 477 489 641
477 490 489 643
477 489 641 643
477 641 631 643
489 641 643 642
477 478 491 632
477 491 490 643
477 631 632 643
491 632 644 643
477 632 491 643
478 479 491 632
479 492 491 645
479 491 632 645
479 632 633 645
491 632 645 644
479 480 493 634
479 493 492 645
479 633 634 645
493 634 646 645
479 634 493 645
480 481 493 634
481 494 493 647
481 493 634 647
481 634 635 647
493 634 647 646
481 482 495 636
481 495 494 647
481 635 636 647
495 636 648 647
481 636 495 647
482 483 495 636
483 496 495 649
483 495 636 649
483 636 637 649
495 636 649 648
483 484 497 638
483 497 496 649
483 637 638 649
497 638 650 649
483 638 497 649
484 485 497 638
485 498 497 651
485 497 638 651
485 638 639 651
497 638 651 650
485 487 500 640
485 500 498 651
485 639 640 651
500 640 652 651
485 640 500 651
501 489 502 653
489 503 502 655
489 502 653 655
489 653 642 655
502 653 655 654
489 490 504 643
489 504 503 655
489 642 643 655
504 643 656 655
489 643 504 655
490 491 504 643
491 505 504 657
491 504 643 657
491 643 644 657
504 643 657 656
491 492 506 645
491 506 505 657
491 644 645 657
506 645 658 657
491 645 506 657
492 493 506 645
493 507 506 659
493 506 645 659
493 645 646 659
506 645 659 658
493 494 508 647
493 508 507 659
493 646 647 659
508 647 660 659
493 647 508 659
494 495 508 647
495 509 508 661
495 508 647 661
495 647 648 661
508 647 661 660
495 496 510 649
495 510 509 661
495 648 649 661
510 649 662 661
495 649 510 661
496 497 510 649
497 511 510 663
497 510 649 663
497 649 650 663
510 649 663 662
497 498 513 651
497 513 511 663
497 650 651 663
513 651 664 663
497 651 513 663
498 500 513 651
500 665 513 666
500 513 651 666
500 651 652 666
513 651 666 664
514 502 515 667
502 516 515 669
502 515 667 669
502 667 654 669
515 667 669 668
502 503 517 655
502 517 516 669
502 654 655 669
517 655 670 669
502 655 517 669
503 504 517 655
504 518 517 671
504 517 655 671
504 655 656 671
517 655 671 670
504 505 519 657
504 519 518 671
504 656 657 671
519 657 672 671
504 657 519 671
505 506 519 657
506 520 519 673
506 519 657 673
506 657 658 673
519 657 673 672
506 507 521 659
506 521 520 673
506 658 659 673
521 659 674 673
506 659 521 673
507 508 521 659
508 522 521 675
508 521 659 675
508 659 660 675
521 659 675 674
508 509 523 661
508 523 522 675
508 660 661 675
523 661 676 675
508 661 523 675
509 510 523 661
510 524 523 677
510 523 661 677
510 661 662 677
523 661 677 676
510 511 525 663
510 525 524 677
510 662 663 677
525 663 678 677
510 663 525 677
511 513 525 663
513 527 525 679
513 525 663 679
513 663 664 679
525 663 679 678
680 681 683 685
680 683 682 686
680 684 685 686
683 685 687 686
680 685 683 686
681 688 683 685
688 689 683 691
688 683 685 691
688 685 690 691
683 685 691 687
688 530 531 692
688 531 689 691
688 690 692 691
531 692 693 691
688 692 531 691
530 515 531 692
515 532 531 694
515 531 692 694
515 692 668 694
531 692 694 693
515 516 533 669
515 533 532 694
515 668 669 694
533 669 695 694
515 669 533 694
516 517 533 669
517 534 533 696
517 533 669 696
517 669 670 696
533 669 696 695
517 518 535 671
517 535 534 696
517 670 671 696
535 671 697 696
517 671 535 696
518 519 535 671
519 536 535 698
519 535 671 698
519 671 672 698
535 671 698 697
519 520 537 673
519 537 536 698
519 672 673 698
537 673 699 698
519 673 537 698
520 521 537 673
521 538 537 700
521 537 673 700
521 673 674 700
537 673 700 699
521 522 539 675
521 539 538 700
521 674 675 700
539 675 701 700
521 675 539 700
522 523 539 675
523 540 539 702
523 539 675 702
523 675 676 702
539 675 702 701
523 524 541 677
523 541 540 702
523 676 677 702
541 677 703 702
523 677 541 702
524 525 541 677
525 543 541 704
525 541 677 704
525 677 678 704
541 677 704 703
682 683 705 686
683 706 705 708
683 705 686 708
683 686 687 708
705 686 708 707
683 689 709 691
683 709 706 708
683 687 691 708
709 691 710 708
683 691 709 708
689 531 709 691
531 711 709 712
531 709 691 712
531 691 693 712
709 691 712 710
531 532 545 694
531 545 711 712
531 693 694 712
545 694 713 712
531 694 545 712
532 533 545 694
533 546 545 714
533 545 694 714
533 694 695 714
545 694 714 713
533 534 547 696
533 547 546 714
533 695 696 714
547 696 715 714
533 696 547 714
534 535 547 696
535 548 547 716
535 547 696 716
535 696 697 716
547 696 716 715
535 536 549 698
535 549 548 716
535 697 698 716
549 698 717 716
535 698 549 716
536 537 549 698
537 550 549 718
537 549 698 718
537 698 699 718
549 698 718 717
537 538 551 700
537 551 550 718
537 699 700 718
551 700 719 718
537 700 551 718
538 539 551 700
539 552 551 720
539 551 700 720
539 700 701 720
551 700 720 719
539 540 553 702
539 553 552 720
539 701 702 720
553 702 721 720
539 702 553 720
540 541 553 702
541 555 553 722
541 553 702 722
541 702 703 722
553 702 722 721
711 545 723 712
545 558 723 725
545 723 712 725
545 712 713 725
723 712 725 724
545 546 559 714
545 559 558 725
545 713 714 725
559 714 726 725
545 714 559 725
546 547 559 714
547 560 559 727
547 559 714 727
547 714 715 727
559 714 727 726
547 548 561 716
547 561 560 727
547 715 716 727
561 716 728 727
547 716 561 727
548 549 561 716
549 562 561 729
549 561 716 729
549 716 717 729
561 716 729 728
549 550 563 718
549 563 562 729
549 717 718 729
563 718 730 729
549 718 563 729
550 551 563 718
551 564 563 731
551 563 718 731
551 718 719 731
563 718 731 730
551 552 565 720
551 565 564 731
551 719 720 731
565 720 732 731
551 720 565 731
567 570 571 734
567 571 569 735
567 733 734 735
571 734 736 735
567 734 571 735
570 572 571 734
572 573 571 738
572 571 734 738
572 734 737 738
571 734 738 736
568 569 575 735
568 575 574 740
568 739 735 740
575 735 741 740
568 735 575 740
569 571 575 735
571 576 575 742
571 575 735 742
571 735 736 742
575 735 742 741
571 573 577 738
571 577 576 742
571 736 738 742
577 738 743 742
571 738 577 742
573 579 577 738
579 580 577 745
579 577 738 745
579 738 744 745
577 738 745 743
574 575 583 740
575 584 583 747
575 583 740 747
575 740 741 747
583 740 747 746
575 576 585 742
575 585 584 747
575 741 742 747
585 742 748 747
575 742 585 747
576 577 585 742
577 586 585 749
577 585 742 749
577 742 743 749
585 742 749 748
577 580 587 745
577 587 586 749
577 743 745 749
587 745 750 749
577 745 587 749
588 582 590 752
588 590 589 753
588 751 752 753
590 752 754 753
588 752 590 753
582 583 590 752
583 591 590 755
583 590 752 755
583 752 746 755
590 752 755 754
583 584 592 747
583 592 591 755
583 746 747 755
592 747 756 755
583 747 592 755
584 585 592 747
585 593 592 757
585 592 747 757
585 747 748 757
592 747 757 756
585 586 594 749
585 594 593 757
585 748 749 757
594 749 758 757
585 749 594 757
586 587 594 749
587 595 594 759
587 594 749 759
587 749 750 759
594 749 759 758
587 598 599 760
587 599 595 759
587 750 760 759
599 760 761 759
587 760 599 759
601 589 603 753
601 603 602 763
601 762 753 763
603 753 764 763
601 753 603 763
589 590 603 753
590 604 603 765
590 603 753 765
590 753 754 765
603 753 765 764
590 591 605 755
590 605 604 765
590 754 755 765
605 755 766 765
590 755 605 765
591 592 605 755
592 606 605 767
592 605 755 767
592 755 756 767
605 755 767 766
592 593 607 757
592 607 606 767
592 756 757 767
607 757 768 767
592 757 607 767
593 594 607 757
594 608 607 769
594 607 757 769
594 757 758 769
607 757 769 768
594 595 609 759
594 609 608 769
594 758 759 769
609 759 770 769
594 759 609 769
595 599 609 759
599 611 609 771
599 609 759 771
599 759 761 771
609 759 771 770
772 602 612 763
772 612 773 775
772 774 763 775
612 763 776 775
772 763 612 775
602 603 612 763
603 613 612 777
603 612 763 777
603 763 764 777
612 763 777 776
603 604 614 765
603 614 613 777
603 764 765 777
614 765 778 777
603 765 614 777
604 605 614 765
605 615 614 779
605 614 765 779
605 765 766 779
614 765 779 778
605 606 616 767
605 616 615 779
605 766 767 779
616 767 780 779
605 767 616 779
606 607 616 767
607 617 616 781
607 616 767 781
607 767 768 781
616 767 781 780
607 608 618 769
607 618 617 781
607 768 769 781
618 769 782 781
607 769 618 781
608 609 618 769
609 619 618 783
609 618 769 783
609 769 770 783
618 769 783 782
609 611 620 771
609 620 619 783
609 770 771 783
620 771 784 783
609 771 620 783
773 612 630 775
612 621 630 786
612 630 775 786
612 775 776 786
630 775 786 785
612 613 622 777
612 622 621 786
612 776 777 786
622 777 787 786
612 777 622 786
613 614 622 777
614 623 622 788
614 622 777 788
614 777 778 788
622 777 788 787
614 615 624 779
614 624 623 788
614 778 779 788
624 779 789 788
614 779 624 788
615 616 624 779
616 625 624 790
616 624 779 790
616 779 780 790
624 779 790 789
616 617 626 781
616 626 625 790
616 780 781 790
626 781 791 790
616 781 626 790
617 618 626 781
618 627 626 792
618 626 781 792
618 781 782 792
626 781 792 791
618 619 628 783
618 628 627 792
618 782 783 792
628 783 793 792
618 783 628 792
619 620 628 783
620 629 628 794
620 628 783 794
620 783 784 794
628 783 794 793
630 621 632 786
630 632 631 795
630 785 786 795
632 786 796 795
630 786 632 795
621 622 632 786
622 633 632 797
622 632 786 797
622 786 787 797
632 786 797 796
622 623 634 788
622 634 633 797
622 787 788 797
634 788 798 797
622 788 634 797
623 624 634 788
624 635 634 799
624 634 788 799
624 788 789 799
634 788 799 798
624 625 636 790
624 636 635 799
624 789 790 799
636 790 800 799
624 790 636 799
625 626 636 790
626 637 636 801
626 636 790 801
626 790 791 801
636 790 801 800
626 627 638 792
626 638 637 801
626 791 792 801
638 792 802 801
626 792 638 801
627 628 638 792
628 639 638 803
628 638 792 803
628 792 793 803
638 792 803 802
628 629 640 794
628 640 639 803
628 793 794 803
640 794 804 803
628 794 640 803
641 631 643 795
641 643 642 806
641 805 795 806
643 795 807 806
641 795 643 806
631 632 643 795
632 644 643 808
632 643 795 808
632 795 796 808
643 795 808 807
632 633 645 797
632 645 644 808
632 796 797 808
645 797 809 808
632 797 645 808
633 634 645 797
634 646 645 810
634 645 797 810
634 797 798 810
645 797 810 809
634 635 647 799
634 647 646 810
634 798 799 810
647 799 811 810
634 799 647 810
635 636 647 799
636 648 647 812
636 647 799 812
636 799 800 812
647 799 812 811
636 637 649 801
636 649 648 812
636 800 801 812
649 801 813 812
636 801 649 812
637 638 649 801
638 650 649 814
638 649 801 814
638 801 802 814
649 801 814 813
638 639 651 803
638 651 650 814
638 802 803 814
651 803 815 814
638 803 651 814
639 640 651 803
640 652 651 816
640 651 803 816
640 803 804 816
651 803 816 815
653 642 655 806
653 655 654 818
653 817 806 818
655 806 819 818
653 806 655 818
642 643 655 806
643 656 655 820
643 655 806 820
643 806 807 820
655 806 820 819
643 644 657 808
643 657 656 820
643 807 808 820
657 808 821 820
643 808 657 820
644 645 657 808
645 658 657 822
645 657 808 822
645 808 809 822
657 808 822 821
645 646 659 810
645 659 658 822
645 809 810 822
659 810 823 822
645 810 659 822
646 647 659 810
647 660 659 824
647 659 810 824
647 810 811 824
659 810 824 823
647 648 661 812
647 661 660 824
647 811 812 824
661 812 825 824
647 812 661 824
648 649 661 812
649 662 661 826
649 661 812 826
649 812 813 826
661 812 826 825
649 650 663 814
649 663 662 826
649 813 814 826
663 814 827 826
649 814 663 826
650 651 663 814
651 664 663 828
651 663 814 828
651 814 815 828
663 814 828 827
651 652 666 816
651 666 664 828
651 815 816 828
666 816 829 828
651 816 666 828
830 667 692 831
667 668 692 834
667 692 831 834
667 831 832 834
692 831 834 833
667 654 669 818
667 669 668 834
667 832 818 834
669 818 835 834
667 818 669 834
654 655 669 818
655 670 669 836
655 669 818 836
655 818 819 836
669 818 836 835
655 656 671 820
655 671 670 836
655 819 820 836
671 820 837 836
655 820 671 836
656 657 671 820
657 672 671 838
657 671 820 838
657 820 821 838
671 820 838 837
657 658 673 822
657 673 672 838
657 821 822 838
673 822 839 838
657 822 673 838
658 659 673 822
659 674 673 840
659 673 822 840
659 822 823 840
673 822 840 839
659 660 675 824
659 675 674 840
659 823 824 840
675 824 841 840
659 824 675 840
660 661 675 824
661 676 675 842
661 675 824 842
661 824 825 842
675 824 842 841
661 662 677 826
661 677 676 842
661 825 826 842
677 826 843 842
661 826 677 842
662 663 677 826
663 678 677 844
663 677 826 844
663 826 827 844
677 826 844 843
663 664 679 828
663 679 678 844
663 827 828 844
679 828 845 844
663 828 679 844
846 684 686 849
846 686 847 850
846 848 849 850
686 849 851 850
846 849 686 850
684 685 686 849
685 687 686 853
685 686 849 853
685 849 852 853
686 849 853 851
685 690 691 854
685 691 687 853
685 852 854 853
691 854 855 853
685 854 691 853
690 692 691 854
692 693 691 856
692 691 854 856
692 854 833 856
691 854 856 855
692 668 694 834
692 694 693 856
692 833 834 856
694 834 857 856
692 834 694 856
668 669 694 834
669 695 694 858
669 694 834 858
669 834 835 858
694 834 858 857
669 670 696 836
669 696 695 858
669 835 836 858
696 836 859 858
669 836 696 858
670 671 696 836
671 697 696 860
671 696 836 860
671 836 837 860
696 836 860 859
671 672 698 838
671 698 697 860
671 837 838 860
698 838 861 860
671 838 698 860
672 673 698 838
673 699 698 862
673 698 838 862
673 838 839 862
698 838 862 861
673 674 700 840
673 700 699 862
673 839 840 862
700 840 863 862
673 840 700 862
674 675 700 840
675 701 700 864
675 700 840 864
675 840 841 864
700 840 864 863
675 676 702 842
675 702 701 864
675 841 842 864
702 842 865 864
675 842 702 864
676 677 702 842
677 703 702 866
677 702 842 866
677 842 843 866
702 842 866 865
677 678 704 844
677 704 703 866
677 843 844 866
704 844 867 866
677 844 704 866
847 686 868 850
686 707 868 870
686 868 850 870
686 850 851 870
868 850 870 869
686 687 708 853
686 708 707 870
686 851 853 870
708 853 871 870
686 853 708 870
687 691 708 853
691 710 708 872
691 708 853 872
691 853 855 872
708 853 872 871
691 693 712 856
691 712 710 872
691 855 856 872
712 856 873 872
691 856 712 872
693 694 712 856
694 713 712 874
694 712 856 874
694 856 857 874
712 856 874 873
694 695 714 858
694 714 713 874
694 857 858 874
714 858 875 874
694 858 714 874
695 696 714 858
696 715 714 876
696 714 858 876
696 858 859 876
714 858 876 875
696 697 716 860
696 716 715 876
696 859 860 876
716 860 877 876
696 860 716 876
697 698 716 860
698 717 716 878
698 716 860 878
698 860 861 878
716 860 878 877
698 699 718 862
698 718 717 878
698 861 862 878
718 862 879 878
698 862 718 878
699 700 718 862
700 719 718 880
700 718 862 880
700 862 863 880
718 862 880 879
700 701 720 864
700 720 719 880
700 863 864 880
720 864 881 880
700 864 720 880
701 702 720 864
702 721 720 882
702 720 864 882
702 864 865 882
720 864 882 881
702 703 722 866
702 722 721 882
702 865 866 882
722 866 883 882
702 866 722 882
707 708 884 870
708 885 884 887
708 884 870 887
708 870 871 887
884 870 887 886
708 710 888 872
708 888 885 887
708 871 872 887
888 872 889 887
708 872 888 887
710 712 888 872
712 724 888 890
712 888 872 890
712 872 873 890
888 872 890 889
712 713 725 874
712 725 724 890
712 873 874 890
725 874 891 890
712 874 725 890
713 714 725 874
714 726 725 892
714 725 874 892
714 874 875 892
725 874 892 891
714 715 727 876
714 727 726 892
714 875 876 892
727 876 893 892
714 876 727 892
715 716 727 876
716 728 727 894
716 727 876 894
716 876 877 894
727 876 894 893
716 717 729 878
716 729 728 894
716 877 878 894
729 878 895 894
716 878 729 894
717 718 729 878
718 730 729 896
718 729 878 896
718 878 879 896
729 878 896 895
718 719 731 880
718 731 730 896
718 879 880 896
731 880 897 896
718 880 731 896
719 720 731 880
720 732 731 898
720 731 880 898
720 880 881 898
731 880 898 897
888 724 900 890
888 900 899 901
888 889 890 901
900 890 902 901
888 890 900 901
724 725 900 890
725 903 900 904
725 900 890 904
725 890 891 904
900 890 904 902
725 726 905 892
725 905 903 904
725 891 892 904
905 892 906 904
725 892 905 904
728 729 907 894
729 908 907 910
729 907 894 910
729 894 895 910
907 894 910 909
729 730 911 896
729 911 908 910
729 895 896 910
911 896 912 910
729 896 911 910
735 736 742 914
735 742 741 915
735 913 914 915
742 914 916 915
735 914 742 915
736 738 742 914
738 743 742 918
738 742 914 918
738 914 917 918
742 914 918 916
738 744 745 919
738 745 743 918
738 917 919 918
745 919 920 918
738 919 745 918
740 741 747 915
740 747 746 922
740 921 915 922
747 915 923 922
740 915 747 922
741 742 747 915
742 748 747 924
742 747 915 924
742 915 916 924
747 915 924 923
742 743 749 918
742 749 748 924
742 916 918 924
749 918 925 924
742 918 749 924
743 745 749 918
745 750 749 926
745 749 918 926
745 918 920 926
749 918 926 925
752 746 755 922
752 755 754 928
752 927 922 928
755 922 929 928
752 922 755 928
746 747 755 922
747 756 755 930
747 755 922 930
747 922 923 930
755 922 930 929
747 748 757 924
747 757 756 930
747 923 924 930
757 924 931 930
747 924 757 930
748 749 757 924
749 758 757 932
749 757 924 932
749 924 925 932
757 924 932 931
749 750 759 926
749 759 758 932
749 925 926 932
759 926 933 932
749 926 759 932
750 760 759 926
760 761 759 935
760 759 926 935
760 926 934 935
759 926 935 933
762 753 763 936
753 764 763 939
753 763 936 939
753 936 937 939
763 936 939 938
753 754 765 928
753 765 764 939
753 937 928 939
765 928 940 939
753 928 765 939
754 755 765 928
755 766 765 941
755 765 928 941
755 928 929 941
765 928 941 940
755 756 767 930
755 767 766 941
755 929 930 941
767 930 942 941
755 930 767 941
756 757 767 930
757 768 767 943
757 767 930 943
757 930 931 943
767 930 943 942
757 758 769 932
757 769 768 943
757 931 932 943
769 932 944 943
757 932 769 943
758 759 769 932
759 770 769 945
759 769 932 945
759 932 933 945
769 932 945 944
759 761 771 935
759 771 770 945
759 933 935 945
771 935 946 945
759 935 771 945
947 774 775 950
947 775 948 951
947 949 950 951
775 950 952 951
947 950 775 951
774 763 775 950
763 776 775 953
763 775 950 953
763 950 938 953
775 950 953 952
763 764 777 939
763 777 776 953
763 938 939 953
777 939 954 953
763 939 777 953
764 765 777 939
765 778 777 955
765 777 939 955
765 939 940 955
777 939 955 954
765 766 779 941
765 779 778 955
765 940 941 955
779 941 956 955
765 941 779 955
766 767 779 941
767 780 779 957
767 779 941 957
767 941 942 957
779 941 957 956
767 768 781 943
767 781 780 957
767 942 943 957
781 943 958 957
767 943 781 957
768 769 781 943
769 782 781 959
769 781 943 959
769 943 944 959
781 943 959 958
769 770 783 945
769 783 782 959
769 944 945 959
783 945 960 959
769 945 783 959
770 771 783 945
771 784 783 961
771 783 945 961
771 945 946 961
783 945 961 960
771 962 963 964
771 963 784 961
771 946 964 961
963 964 965 961
771 964 963 961
948 775 966 951
775 785 966 968
775 966 951 968
775 951 952 968
966 951 968 967
775 776 786 953
775 786 785 968
775 952 953 968
786 953 969 968
775 953 786 968
776 777 786 953
777 787 786 970
777 786 953 970
777 953 954 970
786 953 970 969
777 778 788 955
777 788 787 970
777 954 955 970
788 955 971 970
777 955 788 970
778 779 788 955
779 789 788 972
779 788 955 972
779 955 956 972
788 955 972 971
779 780 790 957
779 790 789 972
779 956 957 972
790 957 973 972
779 957 790 972
780 781 790 957
781 791 790 974
781 790 957 974
781 957 958 974
790 957 974 973
781 782 792 959
781 792 791 974
781 958 959 974
792 959 975 974
781 959 792 974
782 783 792 959
783 793 792 976
783 792 959 976
783 959 960 976
792 959 976 975
783 784 794 961
783 794 793 976
783 960 961 976
794 961 977 976
783 961 794 976
784 963 794 961
963 978 794 979
963 794 961 979
963 961 965 979
794 961 979 977
966 785 795 968
966 795 805 980
966 967 968 980
795 968 981 980
966 968 795 980
785 786 795 968
786 796 795 982
786 795 968 982
786 968 969 982
795 968 982 981
786 787 797 970
786 797 796 982
786 969 970 982
797 970 983 982
786 970 797 982
787 788 797 970
788 798 797 984
788 797 970 984
788 970 971 984
797 970 984 983
788 789 799 972
788 799 798 984
788 971 972 984
799 972 985 984
788 972 799 984
789 790 799 972
790 800 799 986
790 799 972 986
790 972 973 986
799 972 986 985
790 791 801 974
790 801 800 986
790 973 974 986
801 974 987 986
790 974 801 986
791 792 801 974
792 802 801 988
792 801 974 988
792 974 975 988
801 974 988 987
792 793 803 976
792 803 802 988
792 975 976 988
803 976 989 988
792 976 803 988
793 794 803 976
794 804 803 990
794 803 976 990
794 976 977 990
803 976 990 989
794 978 991 979
794 991 804 990
794 977 979 990
991 979 992 990
794 979 991 990
805 795 806 980
795 807 806 994
795 806 980 994
795 980 981 994
806 980 994 993
795 796 808 982
795 808 807 994
795 981 982 994
808 982 995 994
795 982 808 994
796 797 808 982
797 809 808 996
797 808 982 996
797 982 983 996
808 982 996 995
797 798 810 984
797 810 809 996
797 983 984 996
810 984 997 996
797 984 810 996
798 799 810 984
799 811 810 998
799 810 984 998
799 984 985 998
810 984 998 997
799 800 812 986
799 812 811 998
799 985 986 998
812 986 999 998
799 986 812 998
800 801 812 986
801 813 812 1000
801 812 986 1000
801 986 987 1000
812 986 1000 999
801 802 814 988
801 814 813 1000
801 987 988 1000
814 988 1001 1000
801 988 814 1000
802 803 814 988
803 815 814 1002
803 814 988 1002
803 988 989 1002
814 988 1002 1001
803 804 816 990
803 816 815 1002
803 989 990 1002
816 990 1003 1002
803 990 816 1002
1004 817 818 1006
1004 818 832 1007
1004 1005 1006 1007
818 1006 1008 1007
1004 1006 818 1007
817 806 818 1006
806 819 818 1009
806 818 1006 1009
806 1006 993 1009
818 1006 1009 1008
806 807 820 994
806 820 819 1009
806 993 994 1009
820 994 1010 1009
806 994 820 1009
807 808 820 994
808 821 820 1011
808 820 994 1011
808 994 995 1011
820 994 1011 1010
808 809 822 996
808 822 821 1011
808 995 996 1011
822 996 1012 1011
808 996 822 1011
809 810 822 996
810 823 822 1013
810 822 996 1013
810 996 997 1013
822 996 1013 1012
810 811 824 998
810 824 823 1013
810 997 998 1013
824 998 1014 1013
810 998 824 1013
811 812 824 998
812 825 824 1015
812 824 998 1015
812 998 999 1015
824 998 1015 1014
812 813 826 1000
812 826 825 1015
812 999 1000 1015
826 1000 1016 1015
812 1000 826 1015
813 814 826 1000
814 827 826 1017
814 826 1000 1017
814 1000 1001 1017
826 1000 1017 1016
814 815 828 1002
814 828 827 1017
814 1001 1002 1017
828 1002 1018 1017
814 1002 828 1017
815 816 828 1002
816 829 828 1019
816 828 1002 1019
816 1002 1003 1019
828 1002 1019 1018
1020 831 854 1021
831 833 854 1024
831 854 1021 1024
831 1021 1022 1024
854 1021 1024 1023
831 832 834 1007
831 834 833 1024
831 1022 1007 1024
834 1007 1025 1024
831 1007 834 1024
832 818 834 1007
818 835 834 1026
818 834 1007 1026
818 1007 1008 1026
834 1007 1026 1025
818 819 836 1009
818 836 835 1026
818 1008 1009 1026
836 1009 1027 1026
818 1009 836 1026
819 820 836 1009
820 837 836 1028
820 836 1009 1028
820 1009 1010 1028
836 1009 1028 1027
820 821 838 1011
820 838 837 1028
820 1010 1011 1028
838 1011 1029 1028
820 1011 838 1028
821 822 838 1011
822 839 838 1030
822 838 1011 1030
822 1011 1012 1030
838 1011 1030 1029
822 823 840 1013
822 840 839 1030
822 1012 1013 1030
840 1013 1031 1030
822 1013 840 1030
823 824 840 1013
824 841 840 1032
824 840 1013 1032
824 1013 1014 1032
840 1013 1032 1031
824 825 842 1015
824 842 841 1032
824 1014 1015 1032
842 1015 1033 1032
824 1015 842 1032
825 826 842 1015
826 843 842 1034
826 842 1015 1034
826 1015 1016 1034
842 1015 1034 1033
826 827 844 1017
826 844 843 1034
826 1016 1017 1034
844 1017 1035 1034
826 1017 844 1034
827 828 844 1017
828 845 844 1036
828 844 1017 1036
828 1017 1018 1036
844 1017 1036 1035
849 852 853 1038
849 853 851 1039
849 1037 1038 1039
853 1038 1040 1039
849 1038 853 1039
852 854 853 1038
854 855 853 1041
854 853 1038 1041
854 1038 1023 1041
853 1038 1041 1040
854 833 856 1024
854 856 855 1041
854 1023 1024 1041
856 1024 1042 1041
854 1024 856 1041
833 834 856 1024
834 857 856 1043
834 856 1024 1043
834 1024 1025 1043
856 1024 1043 1042
834 835 858 1026
834 858 857 1043
834 1025 1026 1043
858 1026 1044 1043
834 1026 858 1043
835 836 858 1026
836 859 858 1045
836 858 1026 1045
836 1026 1027 1045
858 1026 1045 1044
836 837 860 1028
836 860 859 1045
836 1027 1028 1045
860 1028 1046 1045
836 1028 860 1045
837 838 860 1028
838 861 860 1047
838 860 1028 1047
838 1028 1029 1047
860 1028 1047 1046
838 839 862 1030
838 862 861 1047
838 1029 1030 1047
862 1030 1048 1047
838 1030 862 1047
839 840 862 1030
840 863 862 1049
840 862 1030 1049
840 1030 1031 1049
862 1030 1049 1048
840 841 864 1032
840 864 863 1049
840 1031 1032 1049
864 1032 1050 1049
840 1032 864 1049
841 842 864 1032
842 865 864 1051
842 864 1032 1051
842 1032 1033 1051
864 1032 1051 1050
842 843 866 1034
842 866 865 1051
842 1033 1034 1051
866 1034 1052 1051
842 1034 866 1051
843 844 866 1034
844 867 866 1053
844 866 1034 1053
844 1034 1035 1053
866 1034 1053 1052
1054 850 1055 1056
850 869 1055 1059
850 1055 1056 1059
850 1056 1057 1059
1055 1056 1059 1058
850 851 870 1039
850 870 869 1059
850 1057 1039 1059
870 1039 1060 1059
850 1039 870 1059
851 853 870 1039
853 871 870 1061
853 870 1039 1061
853 1039 1040 1061
870 1039 1061 1060
853 855 872 1041
853 872 871 1061
853 1040 1041 1061
872 1041 1062 1061
853 1041 872 1061
855 856 872 1041
856 873 872 1063
856 872 1041 1063
856 1041 1042 1063
872 1041 1063 1062
856 857 874 1043
856 874 873 1063
856 1042 1043 1063
874 1043 1064 1063
856 1043 874 1063
857 858 874 1043
858 875 874 1065
858 874 1043 1065
858 1043 1044 1065
874 1043 1065 1064
858 859 876 1045
858 876 875 1065
858 1044 1045 1065
876 1045 1066 1065
858 1045 876 1065
859 860 876 1045
860 877 876 1067
860 876 1045 1067
860 1045 1046 1067
876 1045 1067 1066
860 861 878 1047
860 878 877 1067
860 1046 1047 1067
878 1047 1068 1067
860 1047 878 1067
861 862 878 1047
862 879 878 1069
862 878 1047 1069
862 1047 1048 1069
878 1047 1069 1068
862 863 880 1049
862 880 879 1069
862 1048 1049 1069
880 1049 1070 1069
862 1049 880 1069
863 864 880 1049
864 881 880 1071
864 880 1049 1071
864 1049 1050 1071
880 1049 1071 1070
864 865 882 1051
864 882 881 1071
864 1050 1051 1071
882 1051 1072 1071
864 1051 882 1071
865 866 882 1051
866 883 882 1073
866 882 1051 1073
866 1051 1052 1073
882 1051 1073 1072
1055 869 1075 1059
1055 1075 1074 1076
1055 1058 1059 1076
1075 1059 1077 1076
1055 1059 1075 1076
869 870 1075 1059
870 886 1075 1078
870 1075 1059 1078
870 1059 1060 1078
1075 1059 1078 1077
870 871 887 1061
870 887 886 1078
870 1060 1061 1078
887 1061 1079 1078
870 1061 887 1078
871 872 887 1061
872 889 887 1080
872 887 1061 1080
872 1061 1062 1080
887 1061 1080 1079
872 873 890 1063
872 890 889 1080
872 1062 1063 1080
890 1063 1081 1080
872 1063 890 1080
873 874 890 1063
874 891 890 1082
874 890 1063 1082
874 1063 1064 1082
890 1063 1082 1081
874 875 892 1065
874 892 891 1082
874 1064 1065 1082
892 1065 1083 1082
874 1065 892 1082
875 876 892 1065
876 893 892 1084
876 892 1065 1084
876 1065 1066 1084
892 1065 1084 1083
876 877 894 1067
876 894 893 1084
876 1066 1067 1084
894 1067 1085 1084
876 1067 894 1084
877 878 894 1067
878 895 894 1086
878 894 1067 1086
878 1067 1068 1086
894 1067 1086 1085
878 879 896 1069
878 896 895 1086
878 1068 1069 1086
896 1069 1087 1086
878 1069 896 1086
879 880 896 1069
880 897 896 1088
880 896 1069 1088
880 1069 1070 1088
896 1069 1088 1087
880 881 898 1071
880 898 897 1088
880 1070 1071 1088
898 1071 1089 1088
880 1071 898 1088
886 887 1090 1078
887 1091 1090 1093
887 1090 1078 1093
887 1078 1079 1093
1090 1078 1093 1092
887 889 901 1080
887 901 1091 1093
887 1079 1080 1093
901 1080 1094 1093
887 1080 901 1093
889 890 901 1080
890 902 901 1095
890 901 1080 1095
890 1080 1081 1095
901 1080 1095 1094
890 891 904 1082
890 904 902 1095
890 1081 1082 1095
904 1082 1096 1095
890 1082 904 1095
891 892 904 1082
892 906 904 1097
892 904 1082 1097
892 1082 1083 1097
904 1082 1097 1096
894 895 910 1086
894 910 909 1098
894 1085 1086 1098
910 1086 1099 1098
894 1086 910 1098
913 914 915 1100
914 916 915 1103
914 915 1100 1103
914 1100 1101 1103
915 1100 1103 1102
914 917 918 1104
914 918 916 1103
914 1101 1104 1103
918 1104 1105 1103
914 1104 918 1103
915 916 924 1103
915 924 923 1106
915 1102 1103 1106
924 1103 1107 1106
915 1103 924 1106
916 918 924 1103
918 925 924 1108
918 924 1103 1108
918 1103 1105 1108
924 1103 1108 1107
918 920 926 1109
918 926 925 1108
918 1105 1109 1108
926 1109 1110 1108
918 1109 926 1108
922 923 930 1106
922 930 929 1112
922 1111 1106 1112
930 1106 1113 1112
922 1106 930 1112
923 924 930 1106
924 931 930 1114
924 930 1106 1114
924 1106 1107 1114
930 1106 1114 1113
924 925 932 1108
924 932 931 1114
924 1107 1108 1114
932 1108 1115 1114
924 1108 932 1114
925 926 932 1108
926 933 932 1116
926 932 1108 1116
926 1108 1110 1116
932 1108 1116 1115
926 934 935 1117
926 935 933 1116
926 1110 1117 1116
935 1117 1118 1116
926 1117 935 1116
936 937 939 1120
936 939 938 1121
936 1119 1120 1121
939 1120 1122 1121
936 1120 939 1121
937 928 939 1120
928 940 939 1124
928 939 1120 1124
928 1120 1123 1124
939 1120 1124 1122
928 929 941 1112
928 941 940 1124
928 1123 1112 1124
941 1112 1125 1124
928 1112 941 1124
929 930 941 1112
930 942 941 1126
930 941 1112 1126
930 1112 1113 1126
941 1112 1126 1125
930 931 943 1114
930 943 942 1126
930 1113 1114 1126
943 1114 1127 1126
930 1114 943 1126
931 932 943 1114
932 944 943 1128
932 943 1114 1128
932 1114 1115 1128
943 1114 1128 1127
932 933 945 1116
932 945 944 1128
932 1115 1116 1128
945 1116 1129 1128
932 1116 945 1128
933 935 945 1116
935 946 945 1130
935 945 1116 1130
935 1116 1118 1130
945 1116 1130 1129
949 950 951 1131
950 952 951 1134
950 951 1131 1134
950 1131 1132 1134
951 1131 1134 1133
950 938 953 1121
950 953 952 1134
950 1132 1121 1134
953 1121 1135 1134
950 1121 953 1134
938 939 953 1121
939 954 953 1136
939 953 1121 1136
939 1121 1122 1136
953 1121 1136 1135
939 940 955 1124
939 955 954 1136
939 1122 1124 1136
955 1124 1137 1136
939 1124 955 1136
940 941 955 1124
941 956 955 1138
941 955 1124 1138
941 1124 1125 1138
955 1124 1138 1137
941 942 957 1126
941 957 956 1138
941 1125 1126 1138
957 1126 1139 1138
941 1126 957 1138
942 943 957 1126
943 958 957 1140
943 957 1126 1140
943 1126 1127 1140
957 1126 1140 1139
943 944 959 1128
943 959 958 1140
943 1127 1128 1140
959 1128 1141 1140
943 1128 959 1140
944 945 959 1128
945 960 959 1142
945 959 1128 1142
945 1128 1129 1142
959 1128 1142 1141
945 946 961 1130
945 961 960 1142
945 1129 1130 1142
961 1130 1143 1142
945 1130 961 1142
946 964 961 1130
964 965 961 1145
964 961 1130 1145
964 1130 1144 1145
961 1130 1145 1143
1146 951 1147 1148
951 967 1147 1150
951 1147 1148 1150
951 1148 1133 1150
1147 1148 1150 1149
951 952 968 1134
951 968 967 1150
951 1133 1134 1150
968 1134 1151 1150
951 1134 968 1150
952 953 968 1134
953 969 968 1152
953 968 1134 1152
953 1134 1135 1152
968 1134 1152 1151
953 954 970 1136
953 970 969 1152
953 1135 1136 1152
970 1136 1153 1152
953 1136 970 1152
954 955 970 1136
955 971 970 1154
955 970 1136 1154
955 1136 1137 1154
970 1136 1154 1153
955 956 972 1138
955 972 971 1154
955 1137 1138 1154
972 1138 1155 1154
955 1138 972 1154
956 957 972 1138
957 973 972 1156
957 972 1138 1156
957 1138 1139 1156
972 1138 1156 1155
957 958 974 1140
957 974 973 1156
957 1139 1140 1156
974 1140 1157 1156
957 1140 974 1156
958 959 974 1140
959 975 974 1158
959 974 1140 1158
959 1140 1141 1158
974 1140 1158 1157
959 960 976 1142
959 976 975 1158
959 1141 1142 1158
976 1142 1159 1158
959 1142 976 1158
960 961 976 1142
961 977 976 1160
961 976 1142 1160
961 1142 1143 1160
976 1142 1160 1159
961 965 979 1145
961 979 977 1160
961 1143 1145 1160
979 1145 1161 1160
961 1145 979 1160
1162 1147 1163 1165
1147 1164 1163 1167
1147 1163 1165 1167
1147 1165 1149 1167
1163 1165 1167 1166
1147 967 980 1150
1147 980 1164 1167
1147 1149 1150 1167
980 1150 1168 1167
1147 1150 980 1167
967 968 980 1150
968 981 980 1169
968 980 1150 1169
968 1150 1151 1169
980 1150 1169 1168
968 969 982 1152
968 982 981 1169
968 1151 1152 1169
982 1152 1170 1169
968 1152 982 1169
969 970 982 1152
970 983 982 1171
970 982 1152 1171
970 1152 1153 1171
982 1152 1171 1170
970 971 984 1154
970 984 983 1171
970 1153 1154 1171
984 1154 1172 1171
970 1154 984 1171
971 972 984 1154
972 985 984 1173
972 984 1154 1173
972 1154 1155 1173
984 1154 1173 1172
972 973 986 1156
972 986 985 1173
972 1155 1156 1173
986 1156 1174 1173
972 1156 986 1173
973 974 986 1156
974 987 986 1175
974 986 1156 1175
974 1156 1157 1175
986 1156 1175 1174
974 975 988 1158
974 988 987 1175
974 1157 1158 1175
988 1158 1176 1175
974 1158 988 1175
975 976 988 1158
976 989 988 1177
976 988 1158 1177
976 1158 1159 1177
988 1158 1177 1176
976 977 990 1160
976 990 989 1177
976 1159 1160 1177
990 1160 1178 1177
976 1160 990 1177
1163 1164 1006 1167
1163 1006 1005 1179
1163 1166 1167 1179
1006 1167 1180 1179
1163 1167 1006 1179
1164 980 1006 1167
980 993 1006 1181
980 1006 1167 1181
980 1167 1168 1181
1006 1167 1181 1180
980 981 994 1169
980 994 993 1181
980 1168 1169 1181
994 1169 1182 1181
980 1169 994 1181
981 982 994 1169
982 995 994 1183
982 994 1169 1183
982 1169 1170 1183
994 1169 1183 1182
982 983 996 1171
982 996 995 1183
982 1170 1171 1183
996 1171 1184 1183
982 1171 996 1183
983 984 996 1171
984 997 996 1185
984 996 1171 1185
984 1171 1172 1185
996 1171 1185 1184
984 985 998 1173
984 998 997 1185
984 1172 1173 1185
998 1173 1186 1185
984 1173 998 1185
985 986 998 1173
986 999 998 1187
986 998 1173 1187
986 1173 1174 1187
998 1173 1187 1186
986 987 1000 1175
986 1000 999 1187
986 1174 1175 1187
1000 1175 1188 1187
986 1175 1000 1187
987 988 1000 1175
988 1001 1000 1189
988 1000 1175 1189
988 1175 1176 1189
1000 1175 1189 1188
988 989 1002 1177
988 1002 1001 1189
988 1176 1177 1189
1002 1177 1190 1189
988 1177 1002 1189
989 990 1002 1177
990 1003 1002 1191
990 1002 1177 1191
990 1177 1178 1191
1002 1177 1191 1190
1192 1005 1007 1179
1192 1007 1022 1194
1192 1193 1179 1194
1007 1179 1195 1194
1192 1179 1007 1194
1005 1006 1007 1179
1006 1008 1007 1196
1006 1007 1179 1196
1006 1179 1180 1196
1007 1179 1196 1195
1006 993 1009 1181
1006 1009 1008 1196
1006 1180 1181 1196
1009 1181 1197 1196
1006 1181 1009 1196
993 994 1009 1181
994 1010 1009 1198
994 1009 1181 1198
994 1181 1182 1198
1009 1181 1198 1197
994 995 1011 1183
994 1011 1010 1198
994 1182 1183 1198
1011 1183 1199 1198
994 1183 1011 1198
995 996 1011 1183
996 1012 1011 1200
996 1011 1183 1200
996 1183 1184 1200
1011 1183 1200 1199
996 997 1013 1185
996 1013 1012 1200
996 1184 1185 1200
1013 1185 1201 1200
996 1185 1013 1200
997 998 1013 1185
998 1014 1013 1202
998 1013 1185 1202
998 1185 1186 1202
1013 1185 1202 1201
998 999 1015 1187
998 1015 1014 1202
998 1186 1187 1202
1015 1187 1203 1202
998 1187 1015 1202
999 1000 1015 1187
1000 1016 1015 1204
1000 1015 1187 1204
1000 1187 1188 1204
1015 1187 1204 1203
1000 1001 1017 1189
1000 1017 1016 1204
1000 1188 1189 1204
1017 1189 1205 1204
1000 1189 1017 1204
1001 1002 1017 1189
1002 1018 1017 1206
1002 1017 1189 1206
1002 1189 1190 1206
1017 1189 1206 1205
1002 1003 1019 1191
1002 1019 1018 1206
1002 1190 1191 1206
1019 1191 1207 1206
1002 1191 1019 1206
1208 1209 1038 1211
1208 1038 1037 1212
1208 1210 1211 1212
1038 1211 1213 1212
1208 1211 1038 1212
1209 1021 1038 1211
1021 1023 1038 1215
1021 1038 1211 1215
1021 1211 1214 1215
1038 1211 1215 1213
1021 1022 1024 1194
1021 1024 1023 1215
1021 1214 1194 1215
1024 1194 1216 1215
1021 1194 1024 1215
1022 1007 1024 1194
1007 1025 1024 1217
1007 1024 1194 1217
1007 1194 1195 1217
1024 1194 1217 1216
1007 1008 1026 1196
1007 1026 1025 1217
1007 1195 1196 1217
1026 1196 1218 1217
1007 1196 1026 1217
1008 1009 1026 1196
1009 1027 1026 1219
1009 1026 1196 1219
1009 1196 1197 1219
1026 1196 1219 1218
1009 1010 1028 1198
1009 1028 1027 1219
1009 1197 1198 1219
1028 1198 1220 1219
1009 1198 1028 1219
1010 1011 1028 1198
1011 1029 1028 1221
1011 1028 1198 1221
1011 1198 1199 1221
1028 1198 1221 1220
1011 1012 1030 1200
1011 1030 1029 1221
1011 1199 1200 1221
1030 1200 1222 1221
1011 1200 1030 1221
1012 1013 1030 1200
1013 1031 1030 1223
1013 1030 1200 1223
1013 1200 1201 1223
1030 1200 1223 1222
1013 1014 1032 1202
1013 1032 1031 1223
1013 1201 1202 1223
1032 1202 1224 1223
1013 1202 1032 1223
1014 1015 1032 1202
1015 1033 1032 1225
1015 1032 1202 1225
1015 1202 1203 1225
1032 1202 1225 1224
1015 1016 1034 1204
1015 1034 1033 1225
1015 1203 1204 1225
1034 1204 1226 1225
1015 1204 1034 1225
1016 1017 1034 1204
1017 1035 1034 1227
1017 1034 1204 1227
1017 1204 1205 1227
1034 1204 1227 1226
1017 1018 1036 1206
1017 1036 1035 1227
1017 1205 1206 1227
1036 1206 1228 1227
1017 1206 1036 1227
1229 1230 1056 1231
1230 1057 1056 1234
1230 1056 1231 1234
1230 1231 1232 1234
1056 1231 1234 1233
1230 1037 1039 1212
1230 1039 1057 1234
1230 1232 1212 1234
1039 1212 1235 1234
1230 1212 1039 1234
1037 1038 1039 1212
1038 1040 1039 1236
1038 1039 1212 1236
1038 1212 1213 1236
1039 1212 1236 1235
1038 1023 1041 1215
1038 1041 1040 1236
1038 1213 1215 1236
1041 1215 1237 1236
1038 1215 1041 1236
1023 1024 1041 1215
1024 1042 1041 1238
1024 1041 1215 1238
1024 1215 1216 1238
1041 1215 1238 1237
1024 1025 1043 1217
1024 1043 1042 1238
1024 1216 1217 1238
1043 1217 1239 1238
1024 1217 1043 1238
1025 1026 1043 1217
1026 1044 1043 1240
1026 1043 1217 1240
1026 1217 1218 1240
1043 1217 1240 1239
1026 1027 1045 1219
1026 1045 1044 1240
1026 1218 1219 1240
1045 1219 1241 1240
1026 1219 1045 1240
1027 1028 1045 1219
1028 1046 1045 1242
1028 1045 1219 1242
1028 1219 1220 1242
1045 1219 1242 1241
1028 1029 1047 1221
1028 1047 1046 1242
1028 1220 1221 1242
1047 1221 1243 1242
1028 1221 1047 1242
1029 1030 1047 1221
1030 1048 1047 1244
1030 1047 1221 1244
1030 1221 1222 1244
1047 1221 1244 1243
1030 1031 1049 1223
1030 1049 1048 1244
1030 1222 1223 1244
1049 1223 1245 1244
1030 1223 1049 1244
1031 1032 1049 1223
1032 1050 1049 1246
1032 1049 1223 1246
1032 1223 1224 1246
1049 1223 1246 1245
1032 1033 1051 1225
1032 1051 1050 1246
1032 1224 1225 1246
1051 1225 1247 1246
1032 1225 1051 1246
1033 1034 1051 1225
1034 1052 1051 1248
1034 1051 1225 1248
1034 1225 1226 1248
1051 1225 1248 1247
1034 1035 1053 1227
1034 1053 1052 1248
1034 1226 1227 1248
1053 1227 1249 1248
1034 1227 1053 1248
1250 1056 1251 1252
1056 1058 1251 1254
1056 1251 1252 1254
1056 1252 1233 1254
1251 1252 1254 1253
1056 1057 1059 1234
1056 1059 1058 1254
1056 1233 1234 1254
1059 1234 1255 1254
1056 1234 1059 1254
1057 1039 1059 1234
1039 1060 1059 1256
1039 1059 1234 1256
1039 1234 1235 1256
1059 1234 1256 1255
1039 1040 1061 1236
1039 1061 1060 1256
1039 1235 1236 1256
1061 1236 1257 1256
1039 1236 1061 1256
1040 1041 1061 1236
1041 1062 1061 1258
1041 1061 1236 1258
1041 1236 1237 1258
1061 1236 1258 1257
1041 1042 1063 1238
1041 1063 1062 1258
1041 1237 1238 1258
1063 1238 1259 1258
1041 1238 1063 1258
1042 1043 1063 1238
1043 1064 1063 1260
1043 1063 1238 1260
1043 1238 1239 1260
1063 1238 1260 1259
1043 1044 1065 1240
1043 1065 1064 1260
1043 1239 1240 1260
1065 1240 1261 1260
1043 1240 1065 1260
1044 1045 1065 1240
1045 1066 1065 1262
1045 1065 1240 1262
1045 1240 1241 1262
1065 1240 1262 1261
1045 1046 1067 1242
1045 1067 1066 1262
1045 1241 1242 1262
1067 1242 1263 1262
1045 1242 1067 1262
1046 1047 1067 1242
1047 1068 1067 1264
1047 1067 1242 1264
1047 1242 1243 1264
1067 1242 1264 1263
1047 1048 1069 1244
1047 1069 1068 1264
1047 1243 1244 1264
1069 1244 1265 1264
1047 1244 1069 1264
1048 1049 1069 1244
1049 1070 1069 1266
1049 1069 1244 1266
1049 1244 1245 1266
1069 1244 1266 1265
1049 1050 1071 1246
1049 1071 1070 1266
1049 1245 1246 1266
1071 1246 1267 1266
1049 1246 1071 1266
1050 1051 1071 1246
1051 1072 1071 1268
1051 1071 1246 1268
1051 1246 1247 1268
1071 1246 1268 1267
1051 1052 1073 1248
1051 1073 1072 1268
1051 1247 1248 1268
1073 1248 1269 1268
1051 1248 1073 1268
1058 1059 1076 1254
1059 1077 1076 1271
1059 1076 1254 1271
1059 1254 1255 1271
1076 1254 1271 1270
1059 1060 1078 1256
1059 1078 1077 1271
1059 1255 1256 1271
1078 1256 1272 1271
1059 1256 1078 1271
1060 1061 1078 1256
1061 1079 1078 1273
1061 1078 1256 1273
1061 1256 1257 1273
1078 1256 1273 1272
1061 1062 1080 1258
1061 1080 1079 1273
1061 1257 1258 1273
1080 1258 1274 1273
1061 1258 1080 1273
1062 1063 1080 1258
1063 1081 1080 1275
1063 1080 1258 1275
1063 1258 1259 1275
1080 1258 1275 1274
1063 1064 1082 1260
1063 1082 1081 1275
1063 1259 1260 1275
1082 1260 1276 1275
1063 1260 1082 1275
1064 1065 1082 1260
1065 1083 1082 1277
1065 1082 1260 1277
1065 1260 1261 1277
1082 1260 1277 1276
1065 1066 1084 1262
1065 1084 1083 1277
1065 1261 1262 1277
1084 1262 1278 1277
1065 1262 1084 1277
1066 1067 1084 1262
1067 1085 1084 1279
1067 1084 1262 1279
1067 1262 1263 1279
1084 1262 1279 1278
1067 1068 1086 1264
1067 1086 1085 1279
1067 1263 1264 1279
1086 1264 1280 1279
1067 1264 1086 1279
1068 1069 1086 1264
1069 1087 1086 1281
1069 1086 1264 1281
1069 1264 1265 1281
1086 1264 1281 1280
1069 1070 1088 1266
1069 1088 1087 1281
1069 1265 1266 1281
1088 1266 1282 1281
1069 1266 1088 1281
1070 1071 1088 1266
1071 1089 1088 1283
1071 1088 1266 1283
1071 1266 1267 1283
1088 1266 1283 1282
1078 1079 1093 1273
1078 1093 1092 1284
1078 1272 1273 1284
1093 1273 1285 1284
1078 1273 1093 1284
1079 1080 1093 1273
1080 1094 1093 1286
1080 1093 1273 1286
1080 1273 1274 1286
1093 1273 1286 1285
1080 1081 1095 1275
1080 1095 1094 1286
1080 1274 1275 1286
1095 1275 1287 1286
1080 1275 1095 1286
1081 1082 1095 1275
1082 1096 1095 1288
1082 1095 1275 1288
1082 1275 1276 1288
1095 1275 1288 1287
1082 1083 1097 1277
1082 1097 1096 1288
1082 1276 1277 1288
1097 1277 1289 1288
1082 1277 1097 1288
1102 1103 1106 1290
1103 1107 1106 1293
1103 1106 1290 1293
1103 1290 1291 1293
1106 1290 1293 1292
1103 1105 1108 1294
1103 1108 1107 1293
1103 1291 1294 1293
1108 1294 1295 1293
1103 1294 1108 1293
1105 1109 1108 1294
1109 1110 1108 1297
1109 1108 1294 1297
1109 1294 1296 1297
1108 1294 1297 1295
1111 1106 1112 1298
1106 1113 1112 1300
1106 1112 1298 1300
1106 1298 1292 1300
1112 1298 1300 1299
1106 1107 1114 1293
1106 1114 1113 1300
1106 1292 1293 1300
1114 1293 1301 1300
1106 1293 1114 1300
1107 1108 1114 1293
1108 1115 1114 1302
1108 1114 1293 1302
1108 1293 1295 1302
1114 1293 1302 1301
1108 1110 1116 1297
1108 1116 1115 1302
1108 1295 1297 1302
1116 1297 1303 1302
1108 1297 1116 1302
1110 1117 1116 1297
1117 1118 1116 1305
1117 1116 1297 1305
1117 1297 1304 1305
1116 1297 1305 1303
1120 1123 1124 1307
1120 1124 1122 1308
1120 1306 1307 1308
1124 1307 1309 1308
1120 1307 1124 1308
1123 1112 1124 1307
1112 1125 1124 1310
1112 1124 1307 1310
1112 1307 1299 1310
1124 1307 1310 1309
1112 1113 1126 1300
1112 1126 1125 1310
1112 1299 1300 1310
1126 1300 1311 1310
1112 1300 1126 1310
1113 1114 1126 1300
1114 1127 1126 1312
1114 1126 1300 1312
1114 1300 1301 1312
1126 1300 1312 1311
1114 1115 1128 1302
1114 1128 1127 1312
1114 1301 1302 1312
1128 1302 1313 1312
1114 1302 1128 1312
1115 1116 1128 1302
1116 1129 1128 1314
1116 1128 1302 1314
1116 1302 1303 1314
1128 1302 1314 1313
1116 1118 1130 1305
1116 1130 1129 1314
1116 1303 1305 1314
1130 1305 1315 1314
1116 1305 1130 1314
1132 1121 1134 1316
1121 1135 1134 1319
1121 1134 1316 1319
1121 1316 1317 1319
1134 1316 1319 1318
1121 1122 1136 1308
1121 1136 1135 1319
1121 1317 1308 1319
1136 1308 1320 1319
1121 1308 1136 1319
1122 1124 1136 1308
1124 1137 1136 1321
1124 1136 1308 1321
1124 1308 1309 1321
1136 1308 1321 1320
1124 1125 1138 1310
1124 1138 1137 1321
1124 1309 1310 1321
1138 1310 1322 1321
1124 1310 1138 1321
1125 1126 1138 1310
1126 1139 1138 1323
1126 1138 1310 1323
1126 1310 1311 1323
1138 1310 1323 1322
1126 1127 1140 1312
1126 1140 1139 1323
1126 1311 1312 1323
1140 1312 1324 1323
1126 1312 1140 1323
1127 1128 1140 1312
1128 1141 1140 1325
1128 1140 1312 1325
1128 1312 1313 1325
1140 1312 1325 1324
1128 1129 1142 1314
1128 1142 1141 1325
1128 1313 1314 1325
1142 1314 1326 1325
1128 1314 1142 1325
1129 1130 1142 1314
1130 1143 1142 1327
1130 1142 1314 1327
1130 1314 1315 1327
1142 1314 1327 1326
1328 1148 1165 1329
1148 1149 1165 1332
1148 1165 1329 1332
1148 1329 1330 1332
1165 1329 1332 1331
1148 1133 1150 1333
1148 1150 1149 1332
1148 1330 1333 1332
1150 1333 1334 1332
1148 1333 1150 1332
1133 1134 1150 1333
1134 1151 1150 1335
1134 1150 1333 1335
1134 1333 1318 1335
1150 1333 1335 1334
1134 1135 1152 1319
1134 1152 1151 1335
1134 1318 1319 1335
1152 1319 1336 1335
1134 1319 1152 1335
1135 1136 1152 1319
1136 1153 1152 1337
1136 1152 1319 1337
1136 1319 1320 1337
1152 1319 1337 1336
1136 1137 1154 1321
1136 1154 1153 1337
1136 1320 1321 1337
1154 1321 1338 1337
1136 1321 1154 1337
1137 1138 1154 1321
1138 1155 1154 1339
1138 1154 1321 1339
1138 1321 1322 1339
1154 1321 1339 1338
1138 1139 1156 1323
1138 1156 1155 1339
1138 1322 1323 1339
1156 1323 1340 1339
1138 1323 1156 1339
1139 1140 1156 1323
1140 1157 1156 1341
1140 1156 1323 1341
1140 1323 1324 1341
1156 1323 1341 1340
1140 1141 1158 1325
1140 1158 1157 1341
1140 1324 1325 1341
1158 1325 1342 1341
1140 1325 1158 1341
1141 1142 1158 1325
1142 1159 1158 1343
1142 1158 1325 1343
1142 1325 1326 1343
1158 1325 1343 1342
1142 1143 1160 1327
1142 1160 1159 1343
1142 1326 1327 1343
1160 1327 1344 1343
1142 1327 1160 1343
1165 1149 1167 1332
1165 1167 1166 1345
1165 1331 1332 1345
1167 1332 1346 1345
1165 1332 1167 1345
1149 1150 1167 1332
1150 1168 1167 1347
1150 1167 1332 1347
1150 1332 1334 1347
1167 1332 1347 1346
1150 1151 1169 1335
1150 1169 1168 1347
1150 1334 1335 1347
1169 1335 1348 1347
1150 1335 1169 1347
1151 1152 1169 1335
1152 1170 1169 1349
1152 1169 1335 1349
1152 1335 1336 1349
1169 1335 1349 1348
1152 1153 1171 1337
1152 1171 1170 1349
1152 1336 1337 1349
1171 1337 1350 1349
1152 1337 1171 1349
1153 1154 1171 1337
1154 1172 1171 1351
1154 1171 1337 1351
1154 1337 1338 1351
1171 1337 1351 1350
1154 1155 1173 1339
1154 1173 1172 1351
1154 1338 1339 1351
1173 1339 1352 1351
1154 1339 1173 1351
1155 1156 1173 1339
1156 1174 1173 1353
1156 1173 1339 1353
1156 1339 1340 1353
1173 1339 1353 1352
1156 1157 1175 1341
1156 1175 1174 1353
1156 1340 1341 1353
1175 1341 1354 1353
1156 1341 1175 1353
1157 1158 1175 1341
1158 1176 1175 1355
1158 1175 1341 1355
1158 1341 1342 1355
1175 1341 1355 1354
1158 1159 1177 1343
1158 1177 1176 1355
1158 1342 1343 1355
1177 1343 1356 1355
1158 1343 1177 1355
1159 1160 1177 1343
1160 1178 1177 1357
1160 1177 1343 1357
1160 1343 1344 1357
1177 1343 1357 1356
1358 1166 1179 1345
1358 1179 1193 1360
1358 1359 1345 1360
1179 1345 1361 1360
1358 1345 1179 1360
1166 1167 1179 1345
1167 1180 1179 1362
1167 1179 1345 1362
1167 1345 1346 1362
1179 1345 1362 1361
1167 1168 1181 1347
1167 1181 1180 1362
1167 1346 1347 1362
1181 1347 1363 1362
1167 1347 1181 1362
1168 1169 1181 1347
1169 1182 1181 1364
1169 1181 1347 1364
1169 1347 1348 1364
1181 1347 1364 1363
1169 1170 1183 1349
1169 1183 1182 1364
1169 1348 1349 1364
1183 1349 1365 1364
1169 1349 1183 1364
1170 1171 1183 1349
1171 1184 1183 1366
1171 1183 1349 1366
1171 1349 1350 1366
1183 1349 1366 1365
1171 1172 1185 1351
1171 1185 1184 1366
1171 1350 1351 1366
1185 1351 1367 1366
1171 1351 1185 1366
1172 1173 1185 1351
1173 1186 1185 1368
1173 1185 1351 1368
1173 1351 1352 1368
1185 1351 1368 1367
1173 1174 1187 1353
1173 1187 1186 1368
1173 1352 1353 1368
1187 1353 1369 1368
1173 1353 1187 1368
1174 1175 1187 1353
1175 1188 1187 1370
1175 1187 1353 1370
1175 1353 1354 1370
1187 1353 1370 1369
1175 1176 1189 1355
1175 1189 1188 1370
1175 1354 1355 1370
1189 1355 1371 1370
1175 1355 1189 1370
1176 1177 1189 1355
1177 1190 1189 1372
1177 1189 1355 1372
1177 1355 1356 1372
1189 1355 1372 1371
1177 1178 1191 1357
1177 1191 1190 1372
1177 1356 1357 1372
1191 1357 1373 1372
1177 1357 1191 1372
1374 1375 1211 1377
1374 1211 1210 1378
1374 1376 1377 1378
1211 1377 1379 1378
1374 1377 1211 1378
1375 1380 1211 1377
1380 1214 1211 1382
1380 1211 1377 1382
1380 1377 1381 1382
1211 1377 1382 1379
1380 1193 1194 1360
1380 1194 1214 1382
1380 1381 1360 1382
1194 1360 1383 1382
1380 1360 1194 1382
1193 1179 1194 1360
1179 1195 1194 1384
1179 1194 1360 1384
1179 1360 1361 1384
1194 1360 1384 1383
1179 1180 1196 1362
1179 1196 1195 1384
1179 1361 1362 1384
1196 1362 1385 1384
1179 1362 1196 1384
1180 1181 1196 1362
1181 1197 1196 1386
1181 1196 1362 1386
1181 1362 1363 1386
1196 1362 1386 1385
1181 1182 1198 1364
1181 1198 1197 1386
1181 1363 1364 1386
1198 1364 1387 1386
1181 1364 1198 1386
1182 1183 1198 1364
1183 1199 1198 1388
1183 1198 1364 1388
1183 1364 1365 1388
1198 1364 1388 1387
1183 1184 1200 1366
1183 1200 1199 1388
1183 1365 1366 1388
1200 1366 1389 1388
1183 1366 1200 1388
1184 1185 1200 1366
1185 1201 1200 1390
1185 1200 1366 1390
1185 1366 1367 1390
1200 1366 1390 1389
1185 1186 1202 1368
1185 1202 1201 1390
1185 1367 1368 1390
1202 1368 1391 1390
1185 1368 1202 1390
1186 1187 1202 1368
1187 1203 1202 1392
1187 1202 1368 1392
1187 1368 1369 1392
1202 1368 1392 1391
1187 1188 1204 1370
1187 1204 1203 1392
1187 1369 1370 1392
1204 1370 1393 1392
1187 1370 1204 1392
1188 1189 1204 1370
1189 1205 1204 1394
1189 1204 1370 1394
1189 1370 1371 1394
1204 1370 1394 1393
1189 1190 1206 1372
1189 1206 1205 1394
1189 1371 1372 1394
1206 1372 1395 1394
1189 1372 1206 1394
1396 1397 1231 1398
1397 1232 1231 1401
1397 1231 1398 1401
1397 1398 1399 1401
1231 1398 1401 1400
1397 1210 1212 1378
1397 1212 1232 1401
1397 1399 1378 1401
1212 1378 1402 1401
1397 1378 1212 1401
1210 1211 1212 1378
1211 1213 1212 1403
1211 1212 1378 1403
1211 1378 1379 1403
1212 1378 1403 1402
1211 1214 1215 1382
1211 1215 1213 1403
1211 1379 1382 1403
1215 1382 1404 1403
1211 1382 1215 1403
1214 1194 1215 1382
1194 1216 1215 1405
1194 1215 1382 1405
1194 1382 1383 1405
1215 1382 1405 1404
1194 1195 1217 1384
1194 1217 1216 1405
1194 1383 1384 1405
1217 1384 1406 1405
1194 1384 1217 1405
1195 1196 1217 1384
1196 1218 1217 1407
1196 1217 1384 1407
1196 1384 1385 1407
1217 1384 1407 1406
1196 1197 1219 1386
1196 1219 1218 1407
1196 1385 1386 1407
1219 1386 1408 1407
1196 1386 1219 1407
1197 1198 1219 1386
1198 1220 1219 1409
1198 1219 1386 1409
1198 1386 1387 1409
1219 1386 1409 1408
1198 1199 1221 1388
1198 1221 1220 1409
1198 1387 1388 1409
1221 1388 1410 1409
1198 1388 1221 1409
1199 1200 1221 1388
1200 1222 1221 1411
1200 1221 1388 1411
1200 1388 1389 1411
1221 1388 1411 1410
1200 1201 1223 1390
1200 1223 1222 1411
1200 1389 1390 1411
1223 1390 1412 1411
1200 1390 1223 1411
1201 1202 1223 1390
1202 1224 1223 1413
1202 1223 1390 1413
1202 1390 1391 1413
1223 1390 1413 1412
1202 1203 1225 1392
1202 1225 1224 1413
1202 1391 1392 1413
1225 1392 1414 1413
1202 1392 1225 1413
1203 1204 1225 1392
1204 1226 1225 1415
1204 1225 1392 1415
1204 1392 1393 1415
1225 1392 1415 1414
1204 1205 1227 1394
1204 1227 1226 1415
1204 1393 1394 1415
1227 1394 1416 1415
1204 1394 1227 1415
1231 1232 1234 1401
1231 1234 1233 1417
1231 1400 1401 1417
1234 1401 1418 1417
1231 1401 1234 1417
1232 1212 1234 1401
1212 1235 1234 1419
1212 1234 1401 1419
1212 1401 1402 1419
1234 1401 1419 1418
1212 1213 1236 1403
1212 1236 1235 1419
1212 1402 1403 1419
1236 1403 1420 1419
1212 1403 1236 1419
1213 1215 1236 1403
1215 1237 1236 1421
1215 1236 1403 1421
1215 1403 1404 1421
1236 1403 1421 1420
1215 1216 1238 1405
1215 1238 1237 1421
1215 1404 1405 1421
1238 1405 1422 1421
1215 1405 1238 1421
1216 1217 1238 1405
1217 1239 1238 1423
1217 1238 1405 1423
1217 1405 1406 1423
1238 1405 1423 1422
1217 1218 1240 1407
1217 1240 1239 1423
1217 1406 1407 1423
1240 1407 1424 1423
1217 1407 1240 1423
1218 1219 1240 1407
1219 1241 1240 1425
1219 1240 1407 1425
1219 1407 1408 1425
1240 1407 1425 1424
1219 1220 1242 1409
1219 1242 1241 1425
1219 1408 1409 1425
1242 1409 1426 1425
1219 1409 1242 1425
1220 1221 1242 1409
1221 1243 1242 1427
1221 1242 1409 1427
1221 1409 1410 1427
1242 1409 1427 1426
1221 1222 1244 1411
1221 1244 1243 1427
1221 1410 1411 1427
1244 1411 1428 1427
1221 1411 1244 1427
1222 1223 1244 1411
1223 1245 1244 1429
1223 1244 1411 1429
1223 1411 1412 1429
1244 1411 1429 1428
1223 1224 1246 1413
1223 1246 1245 1429
1223 1412 1413 1429
1246 1413 1430 1429
1223 1413 1246 1429
1224 1225 1246 1413
1225 1247 1246 1431
1225 1246 1413 1431
1225 1413 1414 1431
1246 1413 1431 1430
1225 1226 1248 1415
1225 1248 1247 1431
1225 1414 1415 1431
1248 1415 1432 1431
1225 1415 1248 1431
1226 1227 1248 1415
1227 1249 1248 1433
1227 1248 1415 1433
1227 1415 1416 1433
1248 1415 1433 1432
1233 1234 1254 1417
1234 1255 1254 1435
1234 1254 1417 1435
1234 1417 1418 1435
1254 1417 1435 1434
1234 1235 1256 1419
1234 1256 1255 1435
1234 1418 1419 1435
1256 1419 1436 1435
1234 1419 1256 1435
1235 1236 1256 1419
1236 1257 1256 1437
1236 1256 1419 1437
1236 1419 1420 1437
1256 1419 1437 1436
1236 1237 1258 1421
1236 1258 1257 1437
1236 1420 1421 1437
1258 1421 1438 1437
1236 1421 1258 1437
1237 1238 1258 1421
1238 1259 1258 1439
1238 1258 1421 1439
1238 1421 1422 1439
1258 1421 1439 1438
1238 1239 1260 1423
1238 1260 1259 1439
1238 1422 1423 1439
1260 1423 1440 1439
1238 1423 1260 1439
1239 1240 1260 1423
1240 1261 1260 1441
1240 1260 1423 1441
1240 1423 1424 1441
1260 1423 1441 1440
1240 1241 1262 1425
1240 1262 1261 1441
1240 1424 1425 1441
1262 1425 1442 1441
1240 1425 1262 1441
1241 1242 1262 1425
1242 1263 1262 1443
1242 1262 1425 1443
1242 1425 1426 1443
1262 1425 1443 1442
1242 1243 1264 1427
1242 1264 1263 1443
1242 1426 1427 1443
1264 1427 1444 1443
1242 1427 1264 1443
1243 1244 1264 1427
1244 1265 1264 1445
1244 1264 1427 1445
1244 1427 1428 1445
1264 1427 1445 1444
1244 1245 1266 1429
1244 1266 1265 1445
1244 1428 1429 1445
1266 1429 1446 1445
1244 1429 1266 1445
1245 1246 1266 1429
1246 1267 1266 1447
1246 1266 1429 1447
1246 1429 1430 1447
1266 1429 1447 1446
1246 1247 1268 1431
1246 1268 1267 1447
1246 1430 1431 1447
1268 1431 1448 1447
1246 1431 1268 1447
1254 1255 1271 1435
1254 1271 1270 1449
1254 1434 1435 1449
1271 1435 1450 1449
1254 1435 1271 1449
1255 1256 1271 1435
1256 1272 1271 1451
1256 1271 1435 1451
1256 1435 1436 1451
1271 1435 1451 1450
1256 1257 1273 1437
1256 1273 1272 1451
1256 1436 1437 1451
1273 1437 1452 1451
1256 1437 1273 1451
1257 1258 1273 1437
1258 1274 1273 1453
1258 1273 1437 1453
1258 1437 1438 1453
1273 1437 1453 1452
1258 1259 1275 1439
1258 1275 1274 1453
1258 1438 1439 1453
1275 1439 1454 1453
1258 1439 1275 1453
1259 1260 1275 1439
1260 1276 1275 1455
1260 1275 1439 1455
1260 1439 1440 1455
1275 1439 1455 1454
1260 1261 1277 1441
1260 1277 1276 1455
1260 1440 1441 1455
1277 1441 1456 1455
1260 1441 1277 1455
1261 1262 1277 1441
1262 1278 1277 1457
1262 1277 1441 1457
1262 1441 1442 1457
1277 1441 1457 1456
1262 1263 1279 1443
1262 1279 1278 1457
1262 1442 1443 1457
1279 1443 1458 1457
1262 1443 1279 1457
1263 1264 1279 1443
1264 1280 1279 1459
1264 1279 1443 1459
1264 1443 1444 1459
1279 1443 1459 1458
1264 1265 1281 1445
1264 1281 1280 1459
1264 1444 1445 1459
1281 1445 1460 1459
1264 1445 1281 1459
1265 1266 1281 1445
1266 1282 1281 1461
1266 1281 1445 1461
1266 1445 1446 1461
1281 1445 1461 1460
1274 1275 1286 1453
1275 1287 1286 1463
1275 1286 1453 1463
1275 1453 1454 1463
1286 1453 1463 1462
1275 1276 1288 1455
1275 1288 1287 1463
1275 1454 1455 1463
1288 1455 1464 1463
1275 1455 1288 1463
1465 1290 1298 1466
1290 1292 1298 1469
1290 1298 1466 1469
1290 1466 1467 1469
1298 1466 1469 1468
1290 1291 1293 1470
1290 1293 1292 1469
1290 1467 1470 1469
1293 1470 1471 1469
1290 1470 1293 1469
1291 1294 1293 1470
1294 1295 1293 1473
1294 1293 1470 1473
1294 1470 1472 1473
1293 1470 1473 1471
1294 1296 1297 1474
1294 1297 1295 1473
1294 1472 1474 1473
1297 1474 1475 1473
1294 1474 1297 1473
1476 1298 1307 1477
1298 1299 1307 1479
1298 1307 1477 1479
1298 1477 1468 1479
1307 1477 1479 1478
1298 1292 1300 1469
1298 1300 1299 1479
1298 1468 1469 1479
1300 1469 1480 1479
1298 1469 1300 1479
1292 1293 1300 1469
1293 1301 1300 1481
1293 1300 1469 1481
1293 1469 1471 1481
1300 1469 1481 1480
1293 1295 1302 1473
1293 1302 1301 1481
1293 1471 1473 1481
1302 1473 1482 1481
1293 1473 1302 1481
1295 1297 1302 1473
1297 1303 1302 1483
1297 1302 1473 1483
1297 1473 1475 1483
1302 1473 1483 1482
1306 1307 1308 1484
1307 1309 1308 1486
1307 1308 1484 1486
1307 1484 1478 1486
1308 1484 1486 1485
1307 1299 1310 1479
1307 1310 1309 1486
1307 1478 1479 1486
1310 1479 1487 1486
1307 1479 1310 1486
1299 1300 1310 1479
1300 1311 1310 1488
1300 1310 1479 1488
1300 1479 1480 1488
1310 1479 1488 1487
1300 1301 1312 1481
1300 1312 1311 1488
1300 1480 1481 1488
1312 1481 1489 1488
1300 1481 1312 1488
1301 1302 1312 1481
1302 1313 1312 1490
1302 1312 1481 1490
1302 1481 1482 1490
1312 1481 1490 1489
1302 1303 1314 1483
1302 1314 1313 1490
1302 1482 1483 1490
1314 1483 1491 1490
1302 1483 1314 1490
1303 1305 1314 1483
1305 1315 1314 1493
1305 1314 1483 1493
1305 1483 1492 1493
1314 1483 1493 1491
1316 1317 1319 1495
1316 1319 1318 1496
1316 1494 1495 1496
1319 1495 1497 1496
1316 1495 1319 1496
1317 1308 1319 1495
1308 1320 1319 1498
1308 1319 1495 1498
1308 1495 1485 1498
1319 1495 1498 1497
1308 1309 1321 1486
1308 1321 1320 1498
1308 1485 1486 1498
1321 1486 1499 1498
1308 1486 1321 1498
1309 1310 1321 1486
1310 1322 1321 1500
1310 1321 1486 1500
1310 1486 1487 1500
1321 1486 1500 1499
1310 1311 1323 1488
1310 1323 1322 1500
1310 1487 1488 1500
1323 1488 1501 1500
1310 1488 1323 1500
1311 1312 1323 1488
1312 1324 1323 1502
1312 1323 1488 1502
1312 1488 1489 1502
1323 1488 1502 1501
1312 1313 1325 1490
1312 1325 1324 1502
1312 1489 1490 1502
1325 1490 1503 1502
1312 1490 1325 1502
1313 1314 1325 1490
1314 1326 1325 1504
1314 1325 1490 1504
1314 1490 1491 1504
1325 1490 1504 1503
1314 1315 1327 1493
1314 1327 1326 1504
1314 1491 1493 1504
1327 1493 1505 1504
1314 1493 1327 1504
1330 1333 1332 1506
1333 1334 1332 1509
1333 1332 1506 1509
1333 1506 1507 1509
1332 1506 1509 1508
1333 1318 1335 1496
1333 1335 1334 1509
1333 1507 1496 1509
1335 1496 1510 1509
1333 1496 1335 1509
1318 1319 1335 1496
1319 1336 1335 1511
1319 1335 1496 1511
1319 1496 1497 1511
1335 1496 1511 1510
1319 1320 1337 1498
1319 1337 1336 1511
1319 1497 1498 1511
1337 1498 1512 1511
1319 1498 1337 1511
1320 1321 1337 1498
1321 1338 1337 1513
1321 1337 1498 1513
1321 1498 1499 1513
1337 1498 1513 1512
1321 1322 1339 1500
1321 1339 1338 1513
1321 1499 1500 1513
1339 1500 1514 1513
1321 1500 1339 1513
1322 1323 1339 1500
1323 1340 1339 1515
1323 1339 1500 1515
1323 1500 1501 1515
1339 1500 1515 1514
1323 1324 1341 1502
1323 1341 1340 1515
1323 1501 1502 1515
1341 1502 1516 1515
1323 1502 1341 1515
1324 1325 1341 1502
1325 1342 1341 1517
1325 1341 1502 1517
1325 1502 1503 1517
1341 1502 1517 1516
1325 1326 1343 1504
1325 1343 1342 1517
1325 1503 1504 1517
1343 1504 1518 1517
1325 1504 1343 1517
1326 1327 1343 1504
1327 1344 1343 1519
1327 1343 1504 1519
1327 1504 1505 1519
1343 1504 1519 1518
1331 1332 1345 1520
1332 1346 1345 1522
1332 1345 1520 1522
1332 1520 1508 1522
1345 1520 1522 1521
1332 1334 1347 1509
1332 1347 1346 1522
1332 1508 1509 1522
1347 1509 1523 1522
1332 1509 1347 1522
1334 1335 1347 1509
1335 1348 1347 1524
1335 1347 1509 1524
1335 1509 1510 1524
1347 1509 1524 1523
1335 1336 1349 1511
1335 1349 1348 1524
1335 1510 1511 1524
1349 1511 1525 1524
1335 1511 1349 1524
1336 1337 1349 1511
1337 1350 1349 1526
1337 1349 1511 1526
1337 1511 1512 1526
1349 1511 1526 1525
1337 1338 1351 1513
1337 1351 1350 1526
1337 1512 1513 1526
1351 1513 1527 1526
1337 1513 1351 1526
1338 1339 1351 1513
1339 1352 1351 1528
1339 1351 1513 1528
1339 1513 1514 1528
1351 1513 1528 1527
1339 1340 1353 1515
1339 1353 1352 1528
1339 1514 1515 1528
1353 1515 1529 1528
1339 1515 1353 1528
1340 1341 1353 1515
1341 1354 1353 1530
1341 1353 1515 1530
1341 1515 1516 1530
1353 1515 1530 1529
1341 1342 1355 1517
1341 1355 1354 1530
1341 1516 1517 1530
1355 1517 1531 1530
1341 1517 1355 1530
1342 1343 1355 1517
1343 1356 1355 1532
1343 1355 1517 1532
1343 1517 1518 1532
1355 1517 1532 1531
1343 1344 1357 1519
1343 1357 1356 1532
1343 1518 1519 1532
1357 1519 1533 1532
1343 1519 1357 1532
1359 1345 1360 1534
1345 1361 1360 1536
1345 1360 1534 1536
1345 1534 1521 1536
1360 1534 1536 1535
1345 1346 1362 1522
1345 1362 1361 1536
1345 1521 1522 1536
1362 1522 1537 1536
1345 1522 1362 1536
1346 1347 1362 1522
1347 1363 1362 1538
1347 1362 1522 1538
1347 1522 1523 1538
1362 1522 1538 1537
1347 1348 1364 1524
1347 1364 1363 1538
1347 1523 1524 1538
1364 1524 1539 1538
1347 1524 1364 1538
1348 1349 1364 1524
1349 1365 1364 1540
1349 1364 1524 1540
1349 1524 1525 1540
1364 1524 1540 1539
1349 1350 1366 1526
1349 1366 1365 1540
1349 1525 1526 1540
1366 1526 1541 1540
1349 1526 1366 1540
1350 1351 1366 1526
1351 1367 1366 1542
1351 1366 1526 1542
1351 1526 1527 1542
1366 1526 1542 1541
1351 1352 1368 1528
1351 1368 1367 1542
1351 1527 1528 1542
1368 1528 1543 1542
1351 1528 1368 1542
1352 1353 1368 1528
1353 1369 1368 1544
1353 1368 1528 1544
1353 1528 1529 1544
1368 1528 1544 1543
1353 1354 1370 1530
1353 1370 1369 1544
1353 1529 1530 1544
1370 1530 1545 1544
1353 1530 1370 1544
1354 1355 1370 1530
1355 1371 1370 1546
1355 1370 1530 1546
1355 1530 1531 1546
1370 1530 1546 1545
1355 1356 1372 1532
1355 1372 1371 1546
1355 1531 1532 1546
1372 1532 1547 1546
1355 1532 1372 1546
1376 1377 1378 1548
1377 1379 1378 1551
1377 1378 1548 1551
1377 1548 1549 1551
1378 1548 1551 1550
1377 1381 1382 1552
1377 1382 1379 1551
1377 1549 1552 1551
1382 1552 1553 1551
1377 1552 1382 1551
1381 1360 1382 1552
1360 1383 1382 1554
1360 1382 1552 1554
1360 1552 1535 1554
1382 1552 1554 1553
1360 1361 1384 1536
1360 1384 1383 1554
1360 1535 1536 1554
1384 1536 1555 1554
1360 1536 1384 1554
1361 1362 1384 1536
1362 1385 1384 1556
1362 1384 1536 1556
1362 1536 1537 1556
1384 1536 1556 1555
1362 1363 1386 1538
1362 1386 1385 1556
1362 1537 1538 1556
1386 1538 1557 1556
1362 1538 1386 1556
1363 1364 1386 1538
1364 1387 1386 1558
1364 1386 1538 1558
1364 1538 1539 1558
1386 1538 1558 1557
1364 1365 1388 1540
1364 1388 1387 1558
1364 1539 1540 1558
1388 1540 1559 1558
1364 1540 1388 1558
1365 1366 1388 1540
1366 1389 1388 1560
1366 1388 1540 1560
1366 1540 1541 1560
1388 1540 1560 1559
1366 1367 1390 1542
1366 1390 1389 1560
1366 1541 1542 1560
1390 1542 1561 1560
1366 1542 1390 1560
1367 1368 1390 1542
1368 1391 1390 1562
1368 1390 1542 1562
1368 1542 1543 1562
1390 1542 1562 1561
1368 1369 1392 1544
1368 1392 1391 1562
1368 1543 1544 1562
1392 1544 1563 1562
1368 1544 1392 1562
1369 1370 1392 1544
1370 1393 1392 1564
1370 1392 1544 1564
1370 1544 1545 1564
1392 1544 1564 1563
1370 1371 1394 1546
1370 1394 1393 1564
1370 1545 1546 1564
1394 1546 1565 1564
1370 1546 1394 1564
1398 1399 1401 1567
1398 1401 1400 1568
1398 1566 1567 1568
1401 1567 1569 1568
1398 1567 1401 1568
1399 1378 1401 1567
1378 1402 1401 1570
1378 1401 1567 1570
1378 1567 1550 1570
1401 1567 1570 1569
1378 1379 1403 1551
1378 1403 1402 1570
1378 1550 1551 1570
1403 1551 1571 1570
1378 1551 1403 1570
1379 1382 1403 1551
1382 1404 1403 1572
1382 1403 1551 1572
1382 1551 1553 1572
1403 1551 1572 1571
1382 1383 1405 1554
1382 1405 1404 1572
1382 1553 1554 1572
1405 1554 1573 1572
1382 1554 1405 1572
1383 1384 1405 1554
1384 1406 1405 1574
1384 1405 1554 1574
1384 1554 1555 1574
1405 1554 1574 1573
1384 1385 1407 1556
1384 1407 1406 1574
1384 1555 1556 1574
1407 1556 1575 1574
1384 1556 1407 1574
1385 1386 1407 1556
1386 1408 1407 1576
1386 1407 1556 1576
1386 1556 1557 1576
1407 1556 1576 1575
1386 1387 1409 1558
1386 1409 1408 1576
1386 1557 1558 1576
1409 1558 1577 1576
1386 1558 1409 1576
1387 1388 1409 1558
1388 1410 1409 1578
1388 1409 1558 1578
1388 1558 1559 1578
1409 1558 1578 1577
1388 1389 1411 1560
1388 1411 1410 1578
1388 1559 1560 1578
1411 1560 1579 1578
1388 1560 1411 1578
1389 1390 1411 1560
1390 1412 1411 1580
1390 1411 1560 1580
1390 1560 1561 1580
1411 1560 1580 1579
1390 1391 1413 1562
1390 1413 1412 1580
1390 1561 1562 1580
1413 1562 1581 1580
1390 1562 1413 1580
1391 1392 1413 1562
1392 1414 1413 1582
1392 1413 1562 1582
1392 1562 1563 1582
1413 1562 1582 1581
1392 1393 1415 1564
1392 1415 1414 1582
1392 1563 1564 1582
1415 1564 1583 1582
1392 1564 1415 1582
1393 1394 1415 1564
1394 1416 1415 1584
1394 1415 1564 1584
1394 1564 1565 1584
1415 1564 1584 1583
1400 1401 1417 1568
1401 1418 1417 1586
1401 1417 1568 1586
1401 1568 1569 1586
1417 1568 1586 1585
1401 1402 1419 1570
1401 1419 1418 1586
1401 1569 1570 1586
1419 1570 1587 1586
1401 1570 1419 1586
1402 1403 1419 1570
1403 1420 1419 1588
1403 1419 1570 1588
1403 1570 1571 1588
1419 1570 1588 1587
1403 1404 1421 1572
1403 1421 1420 1588
1403 1571 1572 1588
1421 1572 1589 1588
1403 1572 1421 1588
1404 1405 1421 1572
1405 1422 1421 1590
1405 1421 1572 1590
1405 1572 1573 1590
1421 1572 1590 1589
1405 1406 1423 1574
1405 1423 1422 1590
1405 1573 1574 1590
1423 1574 1591 1590
1405 1574 1423 1590
1406 1407 1423 1574
1407 1424 1423 1592
1407 1423 1574 1592
1407 1574 1575 1592
1423 1574 1592 1591
1407 1408 1425 1576
1407 1425 1424 1592
1407 1575 1576 1592
1425 1576 1593 1592
1407 1576 1425 1592
1408 1409 1425 1576
1409 1426 1425 1594
1409 1425 1576 1594
1409 1576 1577 1594
1425 1576 1594 1593
1409 1410 1427 1578
1409 1427 1426 1594
1409 1577 1578 1594
1427 1578 1595 1594
1409 1578 1427 1594
1410 1411 1427 1578
1411 1428 1427 1596
1411 1427 1578 1596
1411 1578 1579 1596
1427 1578 1596 1595
1411 1412 1429 1580
1411 1429 1428 1596
1411 1579 1580 1596
1429 1580 1597 1596
1411 1580 1429 1596
1412 1413 1429 1580
1413 1430 1429 1598
1413 1429 1580 1598
1413 1580 1581 1598
1429 1580 1598 1597
1413 1414 1431 1582
1413 1431 1430 1598
1413 1581 1582 1598
1431 1582 1599 1598
1413 1582 1431 1598
1414 1415 1431 1582
1415 1432 1431 1600
1415 1431 1582 1600
1415 1582 1583 1600
1431 1582 1600 1599
1417 1418 1435 1586
1417 1435 1434 1601
1417 1585 1586 1601
1435 1586 1602 1601
1417 1586 1435 1601
1418 1419 1435 1586
1419 1436 1435 1603
1419 1435 1586 1603
1419 1586 1587 1603
1435 1586 1603 1602
1419 1420 1437 1588
1419 1437 1436 1603
1419 1587 1588 1603
1437 1588 1604 1603
1419 1588 1437 1603
1420 1421 1437 1588
1421 1438 1437 1605
1421 1437 1588 1605
1421 1588 1589 1605
1437 1588 1605 1604
1421 1422 1439 1590
1421 1439 1438 1605
1421 1589 1590 1605
1439 1590 1606 1605
1421 1590 1439 1605
1422 1423 1439 1590
1423 1440 1439 1607
1423 1439 1590 1607
1423 1590 1591 1607
1439 1590 1607 1606
1423 1424 1441 1592
1423 1441 1440 1607
1423 1591 1592 1607
1441 1592 1608 1607
1423 1592 1441 1607
1424 1425 1441 1592
1425 1442 1441 1609
1425 1441 1592 1609
1425 1592 1593 1609
1441 1592 1609 1608
1425 1426 1443 1594
1425 1443 1442 1609
1425 1593 1594 1609
1443 1594 1610 1609
1425 1594 1443 1609
1426 1427 1443 1594
1427 1444 1443 1611
1427 1443 1594 1611
1427 1594 1595 1611
1443 1594 1611 1610
1427 1428 1445 1596
1427 1445 1444 1611
1427 1595 1596 1611
1445 1596 1612 1611
1427 1596 1445 1611
1428 1429 1445 1596
1429 1446 1445 1613
1429 1445 1596 1613
1429 1596 1597 1613
1445 1596 1613 1612
1429 1430 1447 1598
1429 1447 1446 1613
1429 1597 1598 1613
1447 1598 1614 1613
1429 1598 1447 1613
1438 1439 1453 1605
1439 1454 1453 1616
1439 1453 1605 1616
1439 1605 1606 1616
1453 1605 1616 1615
1439 1440 1455 1607
1439 1455 1454 1616
1439 1606 1607 1616
1455 1607 1617 1616
1439 1607 1455 1616
1440 1441 1455 1607
1441 1456 1455 1618
1441 1455 1607 1618
1441 1607 1608 1618
1455 1607 1618 1617
1441 1442 1457 1609
1441 1457 1456 1618
1441 1608 1609 1618
1457 1609 1619 1618
1441 1609 1457 1618
1442 1443 1457 1609
1443 1458 1457 1620
1443 1457 1609 1620
1443 1609 1610 1620
1457 1609 1620 1619
1443 1444 1459 1611
1443 1459 1458 1620
1443 1610 1611 1620
1459 1611 1621 1620
1443 1611 1459 1620
1467 1470 1469 1622
1470 1471 1469 1625
1470 1469 1622 1625
1470 1622 1623 1625
1469 1622 1625 1624
1470 1472 1473 1626
1470 1473 1471 1625
1470 1623 1626 1625
1473 1626 1627 1625
1470 1626 1473 1625
1477 1468 1479 1629
1477 1479 1478 1630
1477 1628 1629 1630
1479 1629 1631 1630
1477 1629 1479 1630
1468 1469 1479 1629
1469 1480 1479 1632
1469 1479 1629 1632
1469 1629 1624 1632
1479 1629 1632 1631
1469 1471 1481 1625
1469 1481 1480 1632
1469 1624 1625 1632
1481 1625 1633 1632
1469 1625 1481 1632
1471 1473 1481 1625
1473 1482 1481 1634
1473 1481 1625 1634
1473 1625 1627 1634
1481 1625 1634 1633
1473 1475 1483 1635
1473 1483 1482 1634
1473 1627 1635 1634
1483 1635 1636 1634
1473 1635 1483 1634
1484 1478 1486 1630
1484 1486 1485 1638
1484 1637 1630 1638
1486 1630 1639 1638
1484 1630 1486 1638
1478 1479 1486 1630
1479 1487 1486 1640
1479 1486 1630 1640
1479 1630 1631 1640
1486 1630 1640 1639
1479 1480 1488 1632
1479 1488 1487 1640
1479 1631 1632 1640
1488 1632 1641 1640
1479 1632 1488 1640
1480 1481 1488 1632
1481 1489 1488 1642
1481 1488 1632 1642
1481 1632 1633 1642
1488 1632 1642 1641
1481 1482 1490 1634
1481 1490 1489 1642
1481 1633 1634 1642
1490 1634 1643 1642
1481 1634 1490 1642
1482 1483 1490 1634
1483 1491 1490 1644
1483 1490 1634 1644
1483 1634 1636 1644
1490 1634 1644 1643
1495 1485 1498 1638
1495 1498 1497 1646
1495 1645 1638 1646
1498 1638 1647 1646
1495 1638 1498 1646
1485 1486 1498 1638
1486 1499 1498 1648
1486 1498 1638 1648
1486 1638 1639 1648
1498 1638 1648 1647
1486 1487 1500 1640
1486 1500 1499 1648
1486 1639 1640 1648
1500 1640 1649 1648
1486 1640 1500 1648
1487 1488 1500 1640
1488 1501 1500 1650
1488 1500 1640 1650
1488 1640 1641 1650
1500 1640 1650 1649
1488 1489 1502 1642
1488 1502 1501 1650
1488 1641 1642 1650
1502 1642 1651 1650
1488 1642 1502 1650
1489 1490 1502 1642
1490 1503 1502 1652
1490 1502 1642 1652
1490 1642 1643 1652
1502 1642 1652 1651
1490 1491 1504 1644
1490 1504 1503 1652
1490 1643 1644 1652
1504 1644 1653 1652
1490 1644 1504 1652
1496 1497 1511 1646
1496 1511 1510 1655
1496 1654 1646 1655
1511 1646 1656 1655
1496 1646 1511 1655
1497 1498 1511 1646
1498 1512 1511 1657
1498 1511 1646 1657
1498 1646 1647 1657
1511 1646 1657 1656
1498 1499 1513 1648
1498 1513 1512 1657
1498 1647 1648 1657
1513 1648 1658 1657
1498 1648 1513 1657
1499 1500 1513 1648
1500 1514 1513 1659
1500 1513 1648 1659
1500 1648 1649 1659
1513 1648 1659 1658
1500 1501 1515 1650
1500 1515 1514 1659
1500 1649 1650 1659
1515 1650 1660 1659
1500 1650 1515 1659
1501 1502 1515 1650
1502 1516 1515 1661
1502 1515 1650 1661
1502 1650 1651 1661
1515 1650 1661 1660
1502 1503 1517 1652
1502 1517 1516 1661
1502 1651 1652 1661
1517 1652 1662 1661
1502 1652 1517 1661
1503 1504 1517 1652
1504 1518 1517 1663
1504 1517 1652 1663
1504 1652 1653 1663
1517 1652 1663 1662
1508 1509 1522 1664
1509 1523 1522 1667
1509 1522 1664 1667
1509 1664 1665 1667
1522 1664 1667 1666
1509 1510 1524 1655
1509 1524 1523 1667
1509 1665 1655 1667
1524 1655 1668 1667
1509 1655 1524 1667
1510 1511 1524 1655
1511 1525 1524 1669
1511 1524 1655 1669
1511 1655 1656 1669
1524 1655 1669 1668
1511 1512 1526 1657
1511 1526 1525 1669
1511 1656 1657 1669
1526 1657 1670 1669
1511 1657 1526 1669
1512 1513 1526 1657
1513 1527 1526 1671
1513 1526 1657 1671
1513 1657 1658 1671
1526 1657 1671 1670
1513 1514 1528 1659
1513 1528 1527 1671
1513 1658 1659 1671
1528 1659 1672 1671
1513 1659 1528 1671
1514 1515 1528 1659
1515 1529 1528 1673
1515 1528 1659 1673
1515 1659 1660 1673
1528 1659 1673 1672
1515 1516 1530 1661
1515 1530 1529 1673
1515 1660 1661 1673
1530 1661 1674 1673
1515 1661 1530 1673
1516 1517 1530 1661
1517 1531 1530 1675
1517 1530 1661 1675
1517 1661 1662 1675
1530 1661 1675 1674
1517 1518 1532 1663
1517 1532 1531 1675
1517 1662 1663 1675
1532 1663 1676 1675
1517 1663 1532 1675
1521 1522 1536 1677
1522 1537 1536 1679
1522 1536 1677 1679
1522 1677 1666 1679
1536 1677 1679 1678
1522 1523 1538 1667
1522 1538 1537 1679
1522 1666 1667 1679
1538 1667 1680 1679
1522 1667 1538 1679
1523 1524 1538 1667
1524 1539 1538 1681
1524 1538 1667 1681
1524 1667 1668 1681
1538 1667 1681 1680
1524 1525 1540 1669
1524 1540 1539 1681
1524 1668 1669 1681
1540 1669 1682 1681
1524 1669 1540 1681
1525 1526 1540 1669
1526 1541 1540 1683
1526 1540 1669 1683
1526 1669 1670 1683
1540 1669 1683 1682
1526 1527 1542 1671
1526 1542 1541 1683
1526 1670 1671 1683
1542 1671 1684 1683
1526 1671 1542 1683
1527 1528 1542 1671
1528 1543 1542 1685
1528 1542 1671 1685
1528 1671 1672 1685
1542 1671 1685 1684
1528 1529 1544 1673
1528 1544 1543 1685
1528 1672 1673 1685
1544 1673 1686 1685
1528 1673 1544 1685
1529 1530 1544 1673
1530 1545 1544 1687
1530 1544 1673 1687
1530 1673 1674 1687
1544 1673 1687 1686
1530 1531 1546 1675
1530 1546 1545 1687
1530 1674 1675 1687
1546 1675 1688 1687
1530 1675 1546 1687
1689 1690 1567 1692
1689 1567 1566 1693
1689 1691 1692 1693
1567 1692 1694 1693
1689 1692 1567 1693
1690 1548 1567 1692
1548 1550 1567 1696
1548 1567 1692 1696
1548 1692 1695 1696
1567 1692 1696 1694
1548 1549 1551 1697
1548 1551 1550 1696
1548 1695 1697 1696
1551 1697 1698 1696
1548 1697 1551 1696
1549 1552 1551 1697
1552 1553 1551 1700
1552 1551 1697 1700
1552 1697 1699 1700
1551 1697 1700 1698
1552 1535 1554 1701
1552 1554 1553 1700
1552 1699 1701 1700
1554 1701 1702 1700
1552 1701 1554 1700
1535 1536 1554 1701
1536 1555 1554 1703
1536 1554 1701 1703
1536 1701 1678 1703
1554 1701 1703 1702
1536 1537 1556 1679
1536 1556 1555 1703
1536 1678 1679 1703
1556 1679 1704 1703
1536 1679 1556 1703
1537 1538 1556 1679
1538 1557 1556 1705
1538 1556 1679 1705
1538 1679 1680 1705
1556 1679 1705 1704
1538 1539 1558 1681
1538 1558 1557 1705
1538 1680 1681 1705
1558 1681 1706 1705
1538 1681 1558 1705
1539 1540 1558 1681
1540 1559 1558 1707
1540 1558 1681 1707
1540 1681 1682 1707
1558 1681 1707 1706
1540 1541 1560 1683
1540 1560 1559 1707
1540 1682 1683 1707
1560 1683 1708 1707
1540 1683 1560 1707
1541 1542 1560 1683
1542 1561 1560 1709
1542 1560 1683 1709
1542 1683 1684 1709
1560 1683 1709 1708
1542 1543 1562 1685
1542 1562 1561 1709
1542 1684 1685 1709
1562 1685 1710 1709
1542 1685 1562 1709
1543 1544 1562 1685
1544 1563 1562 1711
1544 1562 1685 1711
1544 1685 1686 1711
1562 1685 1711 1710
1544 1545 1564 1687
1544 1564 1563 1711
1544 1686 1687 1711
1564 1687 1712 1711
1544 1687 1564 1711
1566 1567 1568 1693
1567 1569 1568 1714
1567 1568 1693 1714
1567 1693 1694 1714
1568 1693 1714 1713
1567 1550 1570 1696
1567 1570 1569 1714
1567 1694 1696 1714
1570 1696 1715 1714
1567 1696 1570 1714
1550 1551 1570 1696
1551 1571 1570 1716
1551 1570 1696 1716
1551 1696 1698 1716
1570 1696 1716 1715
1551 1553 1572 1700
1551 1572 1571 1716
1551 1698 1700 1716
1572 1700 1717 1716
1551 1700 1572 1716
1553 1554 1572 1700
1554 1573 1572 1718
1554 1572 1700 1718
1554 1700 1702 1718
1572 1700 1718 1717
1554 1555 1574 1703
1554 1574 1573 1718
1554 1702 1703 1718
1574 1703 1719 1718
1554 1703 1574 1718
1555 1556 1574 1703
1556 1575 1574 1720
1556 1574 1703 1720
1556 1703 1704 1720
1574 1703 1720 1719
1556 1557 1576 1705
1556 1576 1575 1720
1556 1704 1705 1720
1576 1705 1721 1720
1556 1705 1576 1720
1557 1558 1576 1705
1558 1577 1576 1722
1558 1576 1705 1722
1558 1705 1706 1722
1576 1705 1722 1721
1558 1559 1578 1707
1558 1578 1577 1722
1558 1706 1707 1722
1578 1707 1723 1722
1558 1707 1578 1722
1559 1560 1578 1707
1560 1579 1578 1724
1560 1578 1707 1724
1560 1707 1708 1724
1578 1707 1724 1723
1560 1561 1580 1709
1560 1580 1579 1724
1560 1708 1709 1724
1580 1709 1725 1724
1560 1709 1580 1724
1561 1562 1580 1709
1562 1581 1580 1726
1562 1580 1709 1726
1562 1709 1710 1726
1580 1709 1726 1725
1562 1563 1582 1711
1562 1582 1581 1726
1562 1710 1711 1726
1582 1711 1727 1726
1562 1711 1582 1726
1568 1569 1586 1714
1568 1586 1585 1728
1568 1713 1714 1728
1586 1714 1729 1728
1568 1714 1586 1728
1569 1570 1586 1714
1570 1587 1586 1730
1570 1586 1714 1730
1570 1714 1715 1730
1586 1714 1730 1729
1570 1571 1588 1716
1570 1588 1587 1730
1570 1715 1716 1730
1588 1716 1731 1730
1570 1716 1588 1730
1571 1572 1588 1716
1572 1589 1588 1732
1572 1588 1716 1732
1572 1716 1717 1732
1588 1716 1732 1731
1572 1573 1590 1718
1572 1590 1589 1732
1572 1717 1718 1732
1590 1718 1733 1732
1572 1718 1590 1732
1573 1574 1590 1718
1574 1591 1590 1734
1574 1590 1718 1734
1574 1718 1719 1734
1590 1718 1734 1733
1574 1575 1592 1720
1574 1592 1591 1734
1574 1719 1720 1734
1592 1720 1735 1734
1574 1720 1592 1734
1575 1576 1592 1720
1576 1593 1592 1736
1576 1592 1720 1736
1576 1720 1721 1736
1592 1720 1736 1735
1576 1577 1594 1722
1576 1594 1593 1736
1576 1721 1722 1736
1594 1722 1737 1736
1576 1722 1594 1736
1577 1578 1594 1722
1578 1595 1594 1738
1578 1594 1722 1738
1578 1722 1723 1738
1594 1722 1738 1737
1578 1579 1596 1724
1578 1596 1595 1738
1578 1723 1724 1738
1596 1724 1739 1738
1578 1724 1596 1738
1579 1580 1596 1724
1580 1597 1596 1740
1580 1596 1724 1740
1580 1724 1725 1740
1596 1724 1740 1739
1588 1589 1605 1732
1588 1605 1604 1741
1588 1731 1732 1741
1605 1732 1742 1741
1588 1732 1605 1741
1589 1590 1605 1732
1590 1606 1605 1743
1590 1605 1732 1743
1590 1732 1733 1743
1605 1732 1743 1742
1590 1591 1607 1734
1590 1607 1606 1743
1590 1733 1734 1743
1607 1734 1744 1743
1590 1734 1607 1743
1591 1592 1607 1734
1592 1608 1607 1745
1592 1607 1734 1745
1592 1734 1735 1745
1607 1734 1745 1744
1592 1593 1609 1736
1592 1609 1608 1745
1592 1735 1736 1745
1609 1736 1746 1745
1592 1736 1609 1745
1593 1594 1609 1736
1594 1610 1609 1747
1594 1609 1736 1747
1594 1736 1737 1747
1609 1736 1747 1746
1594 1595 1611 1738
1594 1611 1610 1747
1594 1737 1738 1747
1611 1738 1748 1747
1594 1738 1611 1747
1595 1596 1611 1738
1596 1612 1611 1749
1596 1611 1738 1749
1596 1738 1739 1749
1611 1738 1749 1748
1608 1609 1618 1745
1609 1619 1618 1751
1609 1618 1745 1751
1609 1745 1746 1751
1618 1745 1751 1750
1609 1610 1620 1747
1609 1620 1619 1751
1609 1746 1747 1751
1620 1747 1752 1751
1609 1747 1620 1751
1629 1624 1632 1754
1629 1632 1631 1755
1629 1753 1754 1755
1632 1754 1756 1755
1629 1754 1632 1755
1637 1630 1638 1757
1630 1639 1638 1760
1630 1638 1757 1760
1630 1757 1758 1760
1638 1757 1760 1759
1630 1631 1640 1755
1630 1640 1639 1760
1630 1758 1755 1760
1640 1755 1761 1760
1630 1755 1640 1760
1631 1632 1640 1755
1632 1641 1640 1762
1632 1640 1755 1762
1632 1755 1756 1762
1640 1755 1762 1761
1632 1633 1642 1763
1632 1642 1641 1762
1632 1756 1763 1762
1642 1763 1764 1762
1632 1763 1642 1762
1645 1638 1646 1765
1638 1647 1646 1767
1638 1646 1765 1767
1638 1765 1759 1767
1646 1765 1767 1766
1638 1639 1648 1760
1638 1648 1647 1767
1638 1759 1760 1767
1648 1760 1768 1767
1638 1760 1648 1767
1639 1640 1648 1760
1640 1649 1648 1769
1640 1648 1760 1769
1640 1760 1761 1769
1648 1760 1769 1768
1640 1641 1650 1762
1640 1650 1649 1769
1640 1761 1762 1769
1650 1762 1770 1769
1640 1762 1650 1769
1641 1642 1650 1762
1642 1651 1650 1771
1642 1650 1762 1771
1642 1762 1764 1771
1650 1762 1771 1770
1646 1647 1657 1767
1646 1657 1656 1772
1646 1766 1767 1772
1657 1767 1773 1772
1646 1767 1657 1772
1647 1648 1657 1767
1648 1658 1657 1774
1648 1657 1767 1774
1648 1767 1768 1774
1657 1767 1774 1773
1648 1649 1659 1769
1648 1659 1658 1774
1648 1768 1769 1774
1659 1769 1775 1774
1648 1769 1659 1774
1649 1650 1659 1769
1650 1660 1659 1776
1650 1659 1769 1776
1650 1769 1770 1776
1659 1769 1776 1775
1650 1651 1661 1771
1650 1661 1660 1776
1650 1770 1771 1776
1661 1771 1777 1776
1650 1771 1661 1776
1656 1657 1669 1772
1657 1670 1669 1779
1657 1669 1772 1779
1657 1772 1773 1779
1669 1772 1779 1778
1657 1658 1671 1774
1657 1671 1670 1779
1657 1773 1774 1779
1671 1774 1780 1779
1657 1774 1671 1779
1658 1659 1671 1774
1659 1672 1671 1781
1659 1671 1774 1781
1659 1774 1775 1781
1671 1774 1781 1780
1659 1660 1673 1776
1659 1673 1672 1781
1659 1775 1776 1781
1673 1776 1782 1781
1659 1776 1673 1781
1660 1661 1673 1776
1661 1674 1673 1783
1661 1673 1776 1783
1661 1776 1777 1783
1673 1776 1783 1782
1668 1669 1681 1784
1669 1682 1681 1786
1669 1681 1784 1786
1669 1784 1778 1786
1681 1784 1786 1785
1669 1670 1683 1779
1669 1683 1682 1786
1669 1778 1779 1786
1683 1779 1787 1786
1669 1779 1683 1786
1670 1671 1683 1779
1671 1684 1683 1788
1671 1683 1779 1788
1671 1779 1780 1788
1683 1779 1788 1787
1671 1672 1685 1781
1671 1685 1684 1788
1671 1780 1781 1788
1685 1781 1789 1788
1671 1781 1685 1788
1672 1673 1685 1781
1673 1686 1685 1790
1673 1685 1781 1790
1673 1781 1782 1790
1685 1781 1790 1789
1691 1692 1693 1791
1692 1694 1693 1794
1692 1693 1791 1794
1692 1791 1792 1794
1693 1791 1794 1793
1692 1695 1696 1795
1692 1696 1694 1794
1692 1792 1795 1794
1696 1795 1796 1794
1692 1795 1696 1794
1695 1697 1696 1795
1697 1698 1696 1798
1697 1696 1795 1798
1697 1795 1797 1798
1696 1795 1798 1796
1697 1699 1700 1799
1697 1700 1698 1798
1697 1797 1799 1798
1700 1799 1800 1798
1697 1799 1700 1798
1699 1701 1700 1799
1701 1702 1700 1802
1701 1700 1799 1802
1701 1799 1801 1802
1700 1799 1802 1800
1679 1680 1705 1804
1679 1705 1704 1805
1679 1803 1804 1805
1705 1804 1806 1805
1679 1804 1705 1805
1680 1681 1705 1804
1681 1706 1705 1807
1681 1705 1804 1807
1681 1804 1785 1807
1705 1804 1807 1806
1693 1694 1714 1794
1693 1714 1713 1808
1693 1793 1794 1808
1714 1794 1809 1808
1693 1794 1714 1808
1694 1696 1714 1794
1696 1715 1714 1810
1696 1714 1794 1810
1696 1794 1796 1810
1714 1794 1810 1809
1696 1698 1716 1798
1696 1716 1715 1810
1696 1796 1798 1810
1716 1798 1811 1810
1696 1798 1716 1810
1698 1700 1716 1798
1700 1717 1716 1812
1700 1716 1798 1812
1700 1798 1800 1812
1716 1798 1812 1811
1700 1702 1718 1802
1700 1718 1717 1812
1700 1800 1802 1812
1718 1802 1813 1812
1700 1802 1718 1812
1702 1703 1718 1802
1703 1719 1718 1815
1703 1718 1802 1815
1703 1802 1814 1815
1718 1802 1815 1813
1704 1705 1720 1805
1705 1721 1720 1817
1705 1720 1805 1817
1705 1805 1806 1817
1720 1805 1817 1816
1705 1706 1722 1807
1705 1722 1721 1817
1705 1806 1807 1817
1722 1807 1818 1817
1705 1807 1722 1817
1716 1717 1732 1812
1716 1732 1731 1819
1716 1811 1812 1819
1732 1812 1820 1819
1716 1812 1732 1819
1717 1718 1732 1812
1718 1733 1732 1821
1718 1732 1812 1821
1718 1812 1813 1821
1732 1812 1821 1820
1718 1719 1734 1815
1718 1734 1733 1821
1718 1813 1815 1821
1734 1815 1822 1821
1718 1815 1734 1821
1792 1795 1794 1823
1795 1796 1794 1826
1795 1794 1823 1826
1795 1823 1824 1826
1794 1823 1826 1825
1795 1797 1798 1827
1795 1798 1796 1826
1795 1824 1827 1826
1798 1827 1828 1826
1795 1827 1798 1826
1797 1799 1798 1827
1799 1800 1798 1830
1799 1798 1827 1830
1799 1827 1829 1830
1798 1827 1830 1828
1794 1796 1810 1826
1794 1810 1809 1831
1794 1825 1826 1831
1810 1826 1832 1831
1794 1826 1810 1831

EDGES
0 1
0 2
0 3
0 4
0 5
0 6
1 3
1 5
1 8
2 3
2 6
2 12
2 14
3 5
3 6
3 7
3 8
3 9
3 11
3 14
3 18
3 19
3 20
4 5
4 6
4 54
5 6
5 7
5 8
5 10
5 11
5 40
5 41
5 44
5 50
5 51
5 54
5 56
6 7
6 12
6 14
6 15
6 16
6 17
6 19
6 54
6 55
6 56
6 60
6 62
7 11
7 19
7 56
8 9
8 10
8 11
9 11
9 20
10 11
10 41
10 51
10 52
11 19
11 20
11 21
11 51
11 52
11 56
11 57
11 58
11 59
11 64
11 65
12 13
12 14
12 15
12 16
13 14
13 16
13 22
14 16
14 17
14 18
14 19
14 22
14 23
14 25
14 26
15 16
15 60
16 17
16 22
16 24
16 25
16 60
16 61
16 62
16 67
17 19
17 25
17 62
18 19
18 20
18 26
19 20
19 21
19 25
19 26
19 27
19 56
19 62
19 63
19 64
19 69
19 70
20 21
21 64
21 65
21 70
22 23
22 24
22 25
22 28
22 29
22 30
23 25
23 26
23 29
24 25
24 30
24 67
24 74
25 26
25 27
25 29
25 30
25 31
25 33
25 62
25 67
25 68
25 69
25 79
26 27
26 29
26 32
26 33
27 33
27 69
27 70
28 29
28 30
28 34
29 30
29 31
29 32
29 33
29 34
29 35
29 37
30 31
30 34
30 36
30 37
30 67
30 74
30 75
30 77
30 78
30 79
30 85
30 87
31 33
31 37
31 79
32 33
33 37
33 69
33 70
33 79
33 80
33 81
33 82
33 89
33 90
33 91
34 35
34 36
34 37
35 37
36 37
36 85
36 87
36 99
37 79
37 87
37 88
37 89
37 90
37 99
37 101
37 102
37 103
38 39
38 40
38 41
38 42
38 43
38 44
39 41
39 43
39 46
40 41
40 44
41 43
41 44
41 45
41 46
41 47
41 49
41 51
41 52
42 43
42 44
42 129
43 44
43 45
43 46
43 48
43 49
43 123
43 124
43 125
43 127
43 128
43 129
43 131
44 45
44 50
44 51
44 54
44 129
44 130
44 131
44 137
44 138
44 140
45 49
45 51
45 131
46 47
46 48
46 49
47 49
47 52
48 49
48 124
48 128
48 133
49 51
49 52
49 53
49 128
49 131
49 132
49 133
49 134
49 136
49 142
49 143
50 51
50 54
50 56
50 140
51 52
51 53
51 56
51 57
51 59
51 131
51 140
51 141
51 142
51 147
52 53
52 58
52 59
53 59
53 142
53 143
54 55
54 56
54 137
54 138
54 139
54 140
54 145
55 56
55 60
55 62
55 145
56 57
56 62
56 63
56 64
56 140
56 145
56 146
56 147
56 154
57 59
57 64
57 147
58 59
58 65
59 64
59 65
59 66
59 142
59 143
59 147
59 148
59 149
59 150
59 156
59 157
60 61
60 62
60 145
60 151
60 152
61 62
61 67
61 152
62 63
62 67
62 68
62 69
62 145
62 152
62 153
62 154
62 160
63 64
63 69
63 154
64 65
64 66
64 69
64 70
64 71
64 73
64 147
64 154
64 155
64 156
64 162
65 66
65 70
65 72
65 73
66 73
66 156
66 157
67 68
67 74
67 76
67 77
67 78
67 79
67 152
67 159
67 160
67 166
67 168
68 69
68 79
68 160
69 70
69 71
69 79
69 80
69 82
69 154
69 160
69 161
69 162
69 170
70 71
70 72
70 73
70 81
70 82
70 83
71 73
71 82
71 162
72 73
72 83
73 82
73 83
73 84
73 156
73 157
73 162
73 163
73 164
73 165
73 172
73 173
74 75
74 76
74 77
75 77
75 85
76 77
76 166
77 78
77 85
77 86
77 87
77 166
77 167
77 168
77 175
78 79
78 87
78 168
79 80
79 87
79 88
79 90
79 160
79 168
79 169
79 170
79 177
80 82
80 90
80 170
81 82
81 83
81 91
82 83
82 84
82 90
82 91
82 92
82 162
82 170
82 171
82 172
82 179
82 180
83 84
84 172
84 173
84 180
85 86
85 87
85 93
85 94
85 95
85 96
85 98
85 99
86 87
86 96
86 98
86 175
87 88
87 98
87 99
87 100
87 102
87 168
87 175
87 176
87 177
87 187
88 90
88 102
88 177
89 90
89 91
89 103
90 91
90 92
90 102
90 103
90 104
90 106
90 170
90 177
90 178
90 179
90 189
91 92
91 103
91 105
91 106
92 106
92 179
92 180
93 94
93 96
94 95
94 96
94 97
94 98
94 107
94 108
94 109
95 98
95 99
95 108
96 97
96 98
96 175
96 184
96 185
97 98
97 109
97 185
97 195
98 99
98 100
98 108
98 109
98 110
98 112
98 175
98 185
98 186
98 187
98 200
99 100
99 101
99 102
99 108
99 111
99 112
99 113
100 102
100 112
100 187
101 102
101 103
101 113
102 103
102 104
102 112
102 113
102 114
102 116
102 177
102 187
102 188
102 189
102 202
103 104
103 105
103 106
103 113
103 115
103 116
103 117
104 106
104 116
104 189
105 106
105 117
106 116
106 117
106 118
106 179
106 180
106 189
106 190
106 191
106 192
106 204
106 205
107 108
107 109
108 109
108 110
108 111
108 112
109 110
109 185
109 195
109 196
109 198
109 199
109 200
109 211
109 215
109 216
109 217
110 112
110 200
110 217
111 112
111 113
112 113
112 114
112 121
112 187
112 200
112 201
112 202
112 217
112 219
112 220
113 114
113 115
113 116
113 119
113 120
113 121
114 116
114 121
114 202
115 116
115 117
115 120
116 117
116 118
116 120
116 121
116 122
116 189
116 202
116 203
116 204
116 222
116 223
117 118
118 204
118 205
118 223
119 120
119 121
120 121
120 122
121 122
121 202
121 219
121 220
121 221
121 222
121 235
121 237
121 238
121 239
122 222
122 223
122 239
123 124
123 125
124 125
124 126
124 128
125 126
125 127
125 128
125 129
125 269
125 270
125 271
125 273
125 274
126 128
126 274
127 128
127 129
127 131
127 273
128 131
128 132
128 133
128 135
128 136
128 273
128 274
128 275
128 278
128 279
129 130
129 131
129 269
129 270
129 272
129 273
129 276
130 131
130 138
130 140
130 276
131 132
131 140
131 141
131 142
131 273
131 276
131 277
131 278
131 284
132 136
132 142
132 278
133 134
133 135
133 136
134 136
134 143
135 136
135 279
136 142
136 143
136 144
136 278
136 279
136 280
136 286
137 138
138 139
138 140
138 276
138 281
138 282
139 140
139 145
139 282
140 141
140 145
140 146
140 147
140 276
140 282
140 283
140 284
140 288
141 142
141 147
141 284
142 143
142 144
142 147
142 148
142 150
142 278
142 284
142 285
142 286
142 290
143 144
143 149
143 150
144 150
144 286
145 146
145 151
145 152
145 153
145 154
145 282
145 287
145 288
145 292
145 294
146 147
146 154
146 288
147 148
147 154
147 155
147 156
147 284
147 288
147 289
147 290
147 296
148 150
148 156
148 290
149 150
149 157
150 156
150 157
150 158
150 286
150 290
150 291
150 298
151 152
151 292
152 153
152 159
152 160
152 292
152 293
152 294
152 299
153 154
153 160
153 294
154 155
154 160
154 161
154 162
154 288
154 294
154 295
154 296
154 301
155 156
155 162
155 296
156 157
156 158
156 162
156 163
156 165
156 290
156 296
156 297
156 298
156 303
157 158
157 164
157 165
158 165
158 298
158 305
159 160
159 166
159 168
159 299
160 161
160 168
160 169
160 170
160 294
160 299
160 300
160 301
160 310
161 162
161 170
161 301
162 163
162 170
162 171
162 172
162 296
162 301
162 302
162 303
162 312
163 165
163 172
163 303
164 165
164 173
165 172
165 173
165 174
165 298
165 303
165 304
165 305
165 306
165 308
165 314
165 315
166 167
166 168
167 168
167 175
167 317
168 169
168 175
168 176
168 177
168 299
168 309
168 310
168 317
168 319
169 170
169 177
169 310
170 171
170 177
170 178
170 179
170 301
170 310
170 311
170 312
170 321
171 172
171 179
171 312
172 173
172 174
172 179
172 180
172 181
172 183
172 303
172 312
172 313
172 314
172 323
173 174
173 180
173 182
173 183
174 183
174 314
174 315
175 176
175 184
175 185
175 186
175 187
175 317
175 318
175 319
175 327
175 329
176 177
176 187
176 319
177 178
177 187
177 188
177 189
177 310
177 319
177 320
177 321
177 331
178 179
178 189
178 321
179 180
179 181
179 189
179 190
179 192
179 312
179 321
179 322
179 323
179 333
180 181
180 182
180 183
180 191
180 192
180 193
181 183
181 192
181 323
182 183
182 193
183 192
183 193
183 194
183 314
183 315
183 323
183 324
183 325
183 326
183 335
183 336
184 185
184 327
185 186
185 195
185 197
185 198
185 199
185 200
185 327
185 328
185 329
185 338
185 340
186 187
186 200
186 329
187 188
187 200
187 201
187 202
187 319
187 329
187 330
187 331
187 342
188 189
188 202
188 331
189 190
189 202
189 203
189 204
189 321
189 331
189 332
189 333
189 344
190 192
190 204
190 333
191 192
191 193
191 205
192 193
192 194
192 204
192 205
192 206
192 208
192 323
192 333
192 334
192 335
192 346
193 194
193 205
193 207
193 208
194 208
194 335
194 336
195 196
195 197
195 198
196 198
196 209
196 211
197 198
197 338
198 199
198 209
198 211
198 212
198 213
198 214
198 216
198 338
198 339
198 340
198 350
198 352
199 200
199 216
199 340
200 201
200 216
200 217
200 218
200 220
200 329
200 340
200 341
200 342
200 354
201 202
201 220
201 342
202 203
202 220
202 221
202 222
202 331
202 342
202 343
202 344
202 356
203 204
203 222
203 344
204 205
204 206
204 222
204 223
204 224
204 226
204 333
204 344
204 345
204 346
204 358
205 206
205 207
205 208
205 223
205 225
205 226
206 208
206 226
206 346
207 208
208 226
208 335
208 336
208 346
208 347
208 348
208 349
208 360
208 361
209 210
209 211
209 212
209 213
210 211
210 213
210 227
211 213
211 214
211 215
211 216
211 227
211 228
211 230
211 231
212 213
212 350
213 214
213 227
213 229
213 230
213 350
213 351
213 352
213 362
213 363
213 364
213 366
214 216
214 230
214 352
215 216
215 217
215 231
216 217
216 218
216 230
216 231
216 232
216 234
216 340
216 352
216 353
216 354
216 368
217 218
217 219
217 220
217 231
217 233
217 234
217 235
218 220
218 234
218 354
219 220
219 235
220 221
220 234
220 235
220 236
220 238
220 342
220 354
220 355
220 356
220 370
221 222
221 238
221 356
222 223
222 224
222 238
222 239
222 240
222 242
222 344
222 356
222 357
222 358
222 372
223 224
223 225
223 226
223 239
223 241
223 242
223 243
224 226
224 242
224 358
225 226
225 243
226 242
226 243
226 244
226 346
226 358
226 359
226 360
226 361
226 374
226 375
227 228
227 229
227 230
228 230
228 231
228 245
229 230
229 363
229 366
229 378
230 231
230 232
230 245
230 247
230 248
230 352
230 366
230 367
230 368
230 378
230 381
231 232
231 233
231 234
231 245
231 246
231 248
231 249
232 234
232 248
232 368
233 234
233 235
233 249
234 235
234 236
234 248
234 249
234 250
234 252
234 354
234 368
234 369
234 370
234 383
235 236
235 237
235 238
235 249
235 251
235 252
235 253
236 238
236 252
236 370
237 238
237 239
237 253
238 239
238 240
238 252
238 253
238 254
238 256
238 356
238 370
238 371
238 372
238 385
239 240
239 241
239 242
239 253
239 255
239 256
239 257
240 242
240 256
240 372
241 242
241 243
241 257
242 243
242 244
242 256
242 257
242 258
242 358
242 372
242 373
242 374
242 387
242 388
243 244
244 374
244 375
244 388
245 246
245 247
245 248
246 248
246 249
246 259
247 248
247 378
247 381
247 391
248 249
248 250
248 259
248 261
248 262
248 368
248 381
248 382
248 383
248 391
248 394
249 250
249 251
249 252
249 259
249 260
249 262
249 263
250 252
250 262
250 383
251 252
251 253
251 263
252 253
252 254
252 262
252 263
252 264
252 266
252 370
252 383
252 384
252 385
252 396
253 254
253 255
253 256
253 263
253 265
253 266
253 267
254 256
254 266
254 385
255 256
255 257
255 267
256 257
256 258
256 266
256 267
256 268
256 372
256 385
256 386
256 387
256 398
256 399
257 258
258 387
258 388
258 399
259 260
259 261
259 262
260 262
260 263
261 262
261 391
261 394
261 402
262 263
262 264
262 383
262 394
262 395
262 396
262 402
262 405
262 406
262 407
263 264
263 265
263 266
264 266
264 396
264 407
265 266
265 267
266 267
266 268
266 385
266 396
266 397
266 398
266 407
266 409
266 410
266 411
267 268
268 398
268 399
268 411
269 270
270 271
270 272
270 273
270 413
270 414
270 415
271 273
271 274
271 414
272 273
272 276
272 415
273 274
273 275
273 276
273 277
273 278
273 414
273 415
273 416
273 418
273 420
274 275
274 414
274 417
274 418
275 278
275 279
275 418
276 277
276 281
276 282
276 283
276 284
276 415
276 419
276 420
276 424
276 426
277 278
277 284
277 420
278 279
278 280
278 284
278 285
278 286
278 418
278 420
278 421
278 423
278 428
279 280
279 418
279 422
279 423
280 286
280 423
281 282
281 424
282 283
282 287
282 288
282 424
282 425
282 426
282 430
283 284
283 288
283 426
284 285
284 288
284 289
284 290
284 420
284 426
284 427
284 428
284 432
285 286
285 290
285 428
286 290
286 291
286 423
286 428
286 429
286 434
286 435
286 436
286 437
287 288
287 292
287 294
287 430
288 289
288 294
288 295
288 296
288 426
288 430
288 431
288 432
288 442
289 290
289 296
289 432
290 291
290 296
290 297
290 298
290 428
290 432
290 433
290 434
290 444
291 298
291 434
291 436
292 293
292 294
292 430
292 439
292 440
293 294
293 299
293 440
294 295
294 299
294 300
294 301
294 430
294 440
294 441
294 442
294 448
295 296
295 301
295 442
296 297
296 301
296 302
296 303
296 432
296 442
296 443
296 444
296 450
297 298
297 303
297 444
298 303
298 304
298 305
298 307
298 308
298 434
298 436
298 444
298 445
298 446
298 452
299 300
299 309
299 310
299 317
299 440
299 447
299 448
299 454
299 455
299 457
300 301
300 310
300 448
301 302
301 310
301 311
301 312
301 442
301 448
301 449
301 450
301 459
302 303
302 312
302 450
303 304
303 312
303 313
303 314
303 444
303 450
303 451
303 452
303 461
304 308
304 314
304 452
305 306
305 307
305 308
306 308
306 315
307 308
307 436
307 446
308 314
308 315
308 316
308 446
308 452
308 453
308 463
309 310
309 317
309 319
309 457
310 311
310 319
310 320
310 321
310 448
310 457
310 458
310 459
310 466
311 312
311 321
311 459
312 313
312 321
312 322
312 323
312 450
312 459
312 460
312 461
312 468
313 314
313 323
313 461
314 315
314 316
314 323
314 324
314 326
314 452
314 461
314 462
314 463
314 470
315 316
315 325
315 326
316 326
316 463
316 472
317 318
317 319
317 454
317 455
317 456
317 457
317 464
318 319
318 327
318 329
318 464
319 320
319 329
319 330
319 331
319 457
319 464
319 465
319 466
319 479
320 321
320 331
320 466
321 322
321 331
321 332
321 333
321 459
321 466
321 467
321 468
321 481
322 323
322 333
322 468
323 324
323 333
323 334
323 335
323 461
323 468
323 469
323 470
323 483
324 326
324 335
324 470
325 326
325 336
326 335
326 336
326 337
326 463
326 470
326 471
326 472
326 473
326 475
326 485
326 486
327 328
327 329
327 464
327 476
327 477
328 329
328 338
328 340
328 477
329 330
329 340
329 341
329 342
329 464
329 477
329 478
329 479
329 491
330 331
330 342
330 479
331 332
331 342
331 343
331 344
331 466
331 479
331 480
331 481
331 493
332 333
332 344
332 481
333 334
333 344
333 345
333 346
333 468
333 481
333 482
333 483
333 495
334 335
334 346
334 483
335 336
335 337
335 346
335 347
335 349
335 470
335 483
335 484
335 485
335 497
336 337
336 348
336 349
337 349
337 485
337 486
338 339
338 340
338 477
338 488
338 489
339 340
339 350
339 352
339 489
340 341
340 352
340 353
340 354
340 477
340 489
340 490
340 491
340 504
341 342
341 354
341 491
342 343
342 354
342 355
342 356
342 479
342 491
342 492
342 493
342 506
343 344
343 356
343 493
344 345
344 356
344 357
344 358
344 481
344 493
344 494
344 495
344 508
345 346
345 358
345 495
346 347
346 358
346 359
346 361
346 483
346 495
346 496
346 497
346 510
347 349
347 361
347 497
348 349
349 361
349 485
349 486
349 497
349 498
349 499
349 500
349 512
349 513
350 351
350 352
350 489
350 501
350 502
351 352
351 364
351 366
351 502
352 353
352 366
352 367
352 368
352 489
352 502
352 503
352 504
352 517
353 354
353 368
353 504
354 355
354 368
354 369
354 370
354 491
354 504
354 505
354 506
354 519
355 356
355 370
355 506
356 357
356 370
356 371
356 372
356 493
356 506
356 507
356 508
356 521
357 358
357 372
357 508
358 359
358 372
358 373
358 374
358 495
358 508
358 509
358 510
358 523
359 361
359 374
359 510
360 361
360 375
361 374
361 375
361 376
361 497
361 510
361 511
361 512
361 513
361 525
361 526
362 363
362 364
363 364
363 365
363 366
363 377
363 378
363 379
364 365
364 366
364 502
364 514
364 515
365 366
365 379
365 515
365 528
366 367
366 378
366 379
366 380
366 381
366 502
366 515
366 516
366 517
366 533
367 368
367 381
367 517
368 369
368 381
368 382
368 383
368 504
368 517
368 518
368 519
368 535
369 370
369 383
369 519
370 371
370 383
370 384
370 385
370 506
370 519
370 520
370 521
370 537
371 372
371 385
371 521
372 373
372 385
372 386
372 387
372 508
372 521
372 522
372 523
372 539
373 374
373 387
373 523
374 375
374 376
374 387
374 388
374 389
374 510
374 523
374 524
374 525
374 541
374 542
375 376
376 525
376 526
376 542
377 378
377 379
378 379
378 380
378 381
378 390
378 391
378 392
379 380
379 392
379 515
379 528
379 529
379 531
379 532
379 533
379 544
379 545
380 381
380 392
380 533
381 382
381 391
381 392
381 393
381 394
381 517
381 533
381 534
381 535
381 547
382 383
382 394
382 535
383 384
383 394
383 395
383 396
383 519
383 535
383 536
383 537
383 549
384 385
384 396
384 537
385 386
385 396
385 397
385 398
385 521
385 537
385 538
385 539
385 551
386 387
386 398
386 539
387 388
387 389
387 398
387 399
387 400
387 523
387 539
387 540
387 541
387 553
387 554
388 389
389 541
389 542
389 554
390 391
390 392
391 392
391 393
391 394
391 401
391 402
391 403
392 393
392 403
392 533
392 544
392 545
392 546
392 547
392 556
392 557
392 559
393 394
393 403
393 547
394 395
394 402
394 403
394 404
394 406
394 535
394 547
394 548
394 549
394 561
395 396
395 406
395 549
396 397
396 406
396 407
396 408
396 410
396 537
396 549
396 550
396 551
396 563
397 398
397 410
397 551
398 399
398 400
398 410
398 411
398 412
398 539
398 551
398 552
398 553
398 565
399 400
400 553
400 554
401 402
401 403
402 403
402 404
402 405
402 406
403 404
403 547
403 557
403 559
403 560
403 561
404 406
404 561
405 406
405 407
406 407
406 408
406 549
406 561
406 562
406 563
407 408
407 409
407 410
408 410
408 563
409 410
409 411
410 411
410 412
410 551
410 563
410 564
410 565
411 412
412 565
413 414
413 415
414 415
414 416
414 417
414 418
415 416
415 419
415 420
415 566
415 567
415 568
416 418
416 420
416 567
417 418
418 420
418 421
418 422
418 423
418 567
418 570
418 571
418 572
419 420
419 424
419 426
419 568
420 421
420 426
420 427
420 428
420 567
420 568
420 569
420 571
420 575
421 423
421 428
421 571
422 423
422 572
423 428
423 429
423 437
423 571
423 572
423 573
423 577
423 578
423 579
424 425
424 426
425 426
425 430
425 581
426 427
426 430
426 431
426 432
426 568
426 574
426 575
426 581
426 583
427 428
427 432
427 575
428 429
428 432
428 433
428 434
428 571
428 575
428 576
428 577
428 585
429 434
429 437
429 577
430 431
430 439
430 440
430 441
430 442
430 581
430 582
430 583
430 588
430 590
431 432
431 442
431 583
432 433
432 442
432 443
432 444
432 575
432 583
432 584
432 585
432 592
433 434
433 444
433 585
434 436
434 437
434 438
434 444
434 445
434 446
434 577
434 585
434 586
434 587
434 594
435 436
435 437
436 437
436 438
436 446
437 438
437 577
437 578
437 579
437 580
437 587
438 446
438 587
438 596
439 440
439 588
440 441
440 447
440 448
440 455
440 588
440 589
440 590
440 600
440 601
440 603
441 442
441 448
441 590
442 443
442 448
442 449
442 450
442 583
442 590
442 591
442 592
442 605
443 444
443 450
443 592
444 445
444 450
444 451
444 452
444 585
444 592
444 593
444 594
444 607
445 446
445 452
445 594
446 452
446 453
446 587
446 594
446 595
446 596
446 597
446 599
446 609
446 610
447 448
447 455
447 457
447 603
448 449
448 457
448 458
448 459
448 590
448 603
448 604
448 605
448 614
449 450
449 459
449 605
450 451
450 459
450 460
450 461
450 592
450 605
450 606
450 607
450 616
451 452
451 461
451 607
452 453
452 461
452 462
452 463
452 594
452 607
452 608
452 609
452 618
453 463
453 609
453 610
454 455
455 456
455 457
455 600
455 601
455 602
455 603
455 612
456 457
456 464
456 612
457 458
457 464
457 465
457 466
457 603
457 612
457 613
457 614
457 622
458 459
458 466
458 614
459 460
459 466
459 467
459 468
459 605
459 614
459 615
459 616
459 624
460 461
460 468
460 616
461 462
461 468
461 469
461 470
461 607
461 616
461 617
461 618
461 626
462 463
462 470
462 618
463 470
463 471
463 472
463 474
463 475
463 609
463 610
463 618
463 619
463 620
463 628
464 465
464 476
464 477
464 478
464 479
464 612
464 621
464 622
464 630
464 632
465 466
465 479
465 622
466 467
466 479
466 480
466 481
466 614
466 622
466 623
466 624
466 634
467 468
467 481
467 624
468 469
468 481
468 482
468 483
468 616
468 624
468 625
468 626
468 636
469 470
469 483
469 626
470 471
470 483
470 484
470 485
470 618
470 626
470 627
470 628
470 638
471 475
471 485
471 628
472 473
472 474
472 475
473 475
473 486
474 475
474 610
474 620
475 485
475 486
475 487
475 620
475 628
475 629
475 640
476 477
476 630
477 478
477 488
477 489
477 490
477 491
477 630
477 631
477 632
477 641
477 643
478 479
478 491
478 632
479 480
479 491
479 492
479 493
479 622
479 632
479 633
479 634
479 645
480 481
480 493
480 634
481 482
481 493
481 494
481 495
481 624
481 634
481 635
481 636
481 647
482 483
482 495
482 636
483 484
483 495
483 496
483 497
483 626
483 636
483 637
483 638
483 649
484 485
484 497
484 638
485 486
485 487
485 497
485 498
485 500
485 628
485 638
485 639
485 640
485 651
486 487
486 499
486 500
487 500
487 640
488 489
488 641
489 490
489 501
489 502
489 503
489 504
489 641
489 642
489 643
489 653
489 655
490 491
490 504
490 643
491 492
491 504
491 505
491 506
491 632
491 643
491 644
491 645
491 657
492 493
492 506
492 645
493 494
493 506
493 507
493 508
493 634
493 645
493 646
493 647
493 659
494 495
494 508
494 647
495 496
495 508
495 509
495 510
495 636
495 647
495 648
495 649
495 661
496 497
496 510
496 649
497 498
497 510
497 511
497 513
497 638
497 649
497 650
497 651
497 663
498 500
498 513
498 651
499 500
500 513
500 640
500 651
500 652
500 665
500 666
501 502
501 653
502 503
502 514
502 515
502 516
502 517
502 653
502 654
502 655
502 667
502 669
503 504
503 517
503 655
504 505
504 517
504 518
504 519
504 643
504 655
504 656
504 657
504 671
505 506
505 519
505 657
506 507
506 519
506 520
506 521
506 645
506 657
506 658
506 659
506 673
507 508
507 521
507 659
508 509
508 521
508 522
508 523
508 647
508 659
508 660
508 661
508 675
509 510
509 523
509 661
510 511
510 523
510 524
510 525
510 649
510 661
510 662
510 663
510 677
511 513
511 525
511 663
512 513
512 526
513 525
513 526
513 527
513 651
513 663
513 664
513 665
513 666
513 679
514 515
514 667
515 516
515 528
515 530
515 531
515 532
515 533
515 667
515 668
515 669
515 692
515 694
516 517
516 533
516 669
517 518
517 533
517 534
517 535
517 655
517 669
517 670
517 671
517 696
518 519
518 535
518 671
519 520
519 535
519 536
519 537
519 657
519 671
519 672
519 673
519 698
520 521
520 537
520 673
521 522
521 537
521 538
521 539
521 659
521 673
521 674
521 675
521 700
522 523
522 539
522 675
523 524
523 539
523 540
523 541
523 661
523 675
523 676
523 677
523 702
524 525
524 541
524 677
525 526
525 527
525 541
525 542
525 543
525 663
525 677
525 678
525 679
525 704
526 527
527 679
528 529
528 530
528 531
529 531
530 531
530 688
530 692
531 532
531 545
531 688
531 689
531 691
531 692
531 693
531 694
531 709
531 711
531 712
532 533
532 545
532 694
533 534
533 545
533 546
533 547
533 669
533 694
533 695
533 696
533 714
534 535
534 547
534 696
535 536
535 547
535 548
535 549
535 671
535 696
535 697
535 698
535 716
536 537
536 549
536 698
537 538
537 549
537 550
537 551
537 673
537 698
537 699
537 700
537 718
538 539
538 551
538 700
539 540
539 551
539 552
539 553
539 675
539 700
539 701
539 702
539 720
540 541
540 553
540 702
541 542
541 543
541 553
541 554
541 555
541 677
541 702
541 703
541 704
541 722
542 543
543 704
544 545
544 556
545 546
545 556
545 558
545 559
545 694
545 711
545 712
545 713
545 714
545 723
545 725
546 547
546 559
546 714
547 548
547 559
547 560
547 561
547 696
547 714
547 715
547 716
547 727
548 549
548 561
548 716
549 550
549 561
549 562
549 563
549 698
549 716
549 717
549 718
549 729
550 551
550 563
550 718
551 552
551 563
551 564
551 565
551 700
551 718
551 719
551 720
551 731
552 553
552 565
552 720
553 554
553 555
553 702
553 720
553 721
553 722
554 555
555 722
556 557
556 558
556 559
557 559
558 559
558 723
558 725
559 560
559 714
559 725
559 726
559 727
560 561
560 727
561 562
561 716
561 727
561 728
561 729
562 563
562 729
563 564
563 718
563 729
563 730
563 731
564 565
564 731
565 720
565 731
565 732
566 567
566 568
567 568
567 569
567 570
567 571
567 733
567 734
567 735
568 569
568 574
568 575
568 735
568 739
568 740
569 571
569 575
569 735
570 571
570 572
570 734
571 572
571 573
571 575
571 576
571 577
571 734
571 735
571 736
571 738
571 742
572 573
572 734
572 737
572 738
573 577
573 579
573 738
574 575
574 581
574 583
574 740
575 576
575 583
575 584
575 585
575 735
575 740
575 741
575 742
575 747
576 577
576 585
576 742
577 579
577 580
577 585
577 586
577 587
577 738
577 742
577 743
577 745
577 749
578 579
579 580
579 738
579 744
579 745
580 587
580 745
581 582
581 583
582 583
582 588
582 590
582 752
583 584
583 590
583 591
583 592
583 740
583 746
583 747
583 752
583 755
584 585
584 592
584 747
585 586
585 592
585 593
585 594
585 742
585 747
585 748
585 749
585 757
586 587
586 594
586 749
587 594
587 595
587 596
587 598
587 599
587 745
587 749
587 750
587 759
587 760
588 589
588 590
588 751
588 752
588 753
589 590
589 601
589 603
589 753
590 591
590 603
590 604
590 605
590 752
590 753
590 754
590 755
590 765
591 592
591 605
591 755
592 593
592 605
592 606
592 607
592 747
592 755
592 756
592 757
592 767
593 594
593 607
593 757
594 595
594 607
594 608
594 609
594 749
594 757
594 758
594 759
594 769
595 599
595 609
595 759
596 597
596 598
596 599
597 599
597 610
598 599
598 760
599 609
599 610
599 611
599 759
599 760
599 761
599 771
600 601
601 602
601 603
601 753
601 762
601 763
602 603
602 612
602 763
602 772
603 604
603 612
603 613
603 614
603 753
603 763
603 764
603 765
603 777
604 605
604 614
604 765
605 606
605 614
605 615
605 616
605 755
605 765
605 766
605 767
605 779
606 607
606 616
606 767
607 608
607 616
607 617
607 618
607 757
607 767
607 768
607 769
607 781
608 609
608 618
608 769
609 610
609 611
609 618
609 619
609 620
609 759
609 769
609 770
609 771
609 783
610 611
610 620
611 620
611 771
612 613
612 621
612 622
612 630
612 763
612 772
612 773
612 775
612 776
612 777
612 786
613 614
613 622
613 777
614 615
614 622
614 623
614 624
614 765
614 777
614 778
614 779
614 788
615 616
615 624
615 779
616 617
616 624
616 625
616 626
616 767
616 779
616 780
616 781
616 790
617 618
617 626
617 781
618 619
618 626
618 627
618 628
618 769
618 781
618 782
618 783
618 792
619 620
619 628
619 783
620 628
620 629
620 771
620 783
620 784
620 794
621 622
621 630
621 632
621 786
622 623
622 632
622 633
622 634
622 777
622 786
622 787
622 788
622 797
623 624
623 634
623 788
624 625
624 634
624 635
624 636
624 779
624 788
624 789
624 790
624 799
625 626
625 636
625 790
626 627
626 636
626 637
626 638
626 781
626 790
626 791
626 792
626 801
627 628
627 638
627 792
628 629
628 638
628 639
628 640
628 783
628 792
628 793
628 794
628 803
629 640
629 794
630 631
630 632
630 773
630 775
630 785
630 786
630 795
631 632
631 641
631 643
631 795
632 633
632 643
632 644
632 645
632 786
632 795
632 796
632 797
632 808
633 634
633 645
633 797
634 635
634 645
634 646
634 647
634 788
634 797
634 798
634 799
634 810
635 636
635 647
635 799
636 637
636 647
636 648
636 649
636 790
636 799
636 800
636 801
636 812
637 638
637 649
637 801
638 639
638 649
638 650
638 651
638 792
638 801
638 802
638 803
638 814
639 640
639 651
639 803
640 651
640 652
640 794
640 803
640 804
640 816
641 642
641 643
641 795
641 805
641 806
642 643
642 653
642 655
642 806
643 644
643 655
643 656
643 657
643 795
643 806
643 807
643 808
643 820
644 645
644 657
644 808
645 646
645 657
645 658
645 659
645 797
645 808
645 809
645 810
645 822
646 647
646 659
646 810
647 648
647 659
647 660
647 661
647 799
647 810
647 811
647 812
647 824
648 649
648 661
648 812
649 650
649 661
649 662
649 663
649 801
649 812
649 813
649 814
649 826
650 651
650 663
650 814
651 652
651 663
651 664
651 666
651 803
651 814
651 815
651 816
651 828
652 666
652 816
653 654
653 655
653 806
653 817
653 818
654 655
654 667
654 669
654 818
655 656
655 669
655 670
655 671
655 806
655 818
655 819
655 820
655 836
656 657
656 671
656 820
657 658
657 671
657 672
657 673
657 808
657 820
657 821
657 822
657 838
658 659
658 673
658 822
659 660
659 673
659 674
659 675
659 810
659 822
659 823
659 824
659 840
660 661
660 675
660 824
661 662
661 675
661 676
661 677
661 812
661 824
661 825
661 826
661 842
662 663
662 677
662 826
663 664
663 677
663 678
663 679
663 814
663 826
663 827
663 828
663 844
664 666
664 679
664 828
665 666
666 816
666 828
666 829
667 668
667 669
667 692
667 818
667 830
667 831
667 832
667 834
668 669
668 692
668 694
668 834
669 670
669 694
669 695
669 696
669 818
669 834
669 835
669 836
669 858
670 671
670 696
670 836
671 672
671 696
671 697
671 698
671 820
671 836
671 837
671 838
671 860
672 673
672 698
672 838
673 674
673 698
673 699
673 700
673 822
673 838
673 839
673 840
673 862
674 675
674 700
674 840
675 676
675 700
675 701
675 702
675 824
675 840
675 841
675 842
675 864
676 677
676 702
676 842
677 678
677 702
677 703
677 704
677 826
677 842
677 843
677 844
677 866
678 679
678 704
678 844
679 828
679 844
679 845
680 681
680 682
680 683
680 684
680 685
680 686
681 683
681 685
681 688
682 683
682 686
682 705
683 685
683 686
683 687
683 688
683 689
683 691
683 705
683 706
683 708
683 709
684 685
684 686
684 846
684 849
685 686
685 687
685 688
685 690
685 691
685 849
685 852
685 853
685 854
686 687
686 705
686 707
686 708
686 846
686 847
686 849
686 850
686 851
686 853
686 868
686 870
687 691
687 708
687 853
688 689
688 690
688 691
688 692
689 691
689 709
690 691
690 692
690 854
691 692
691 693
691 708
691 709
691 710
691 712
691 853
691 854
691 855
691 856
691 872
692 693
692 694
692 830
692 831
692 833
692 834
692 854
692 856
693 694
693 712
693 856
694 695
694 712
694 713
694 714
694 834
694 856
694 857
694 858
694 874
695 696
695 714
695 858
696 697
696 714
696 715
696 716
696 836
696 858
696 859
696 860
696 876
697 698
697 716
697 860
698 699
698 716
698 717
698 718
698 838
698 860
698 861
698 862
698 878
699 700
699 718
699 862
700 701
700 718
700 719
700 720
700 840
700 862
700 863
700 864
700 880
701 702
701 720
701 864
702 703
702 720
702 721
702 722
702 842
702 864
702 865
702 866
702 882
703 704
703 722
703 866
704 844
704 866
704 867
705 706
705 707
705 708
706 708
706 709
707 708
707 868
707 870
707 884
708 709
708 710
708 853
708 870
708 871
708 872
708 884
708 885
708 887
708 888
709 710
709 711
709 712
710 712
710 872
710 888
711 712
711 723
712 713
712 723
712 724
712 725
712 856
712 872
712 873
712 874
712 888
712 890
713 714
713 725
713 874
714 715
714 725
714 726
714 727
714 858
714 874
714 875
714 876
714 892
715 716
715 727
715 876
716 717
716 727
716 728
716 729
716 860
716 876
716 877
716 878
716 894
717 718
717 729
717 878
718 719
718 729
718 730
718 731
718 862
718 878
718 879
718 880
718 896
719 720
719 731
719 880
720 721
720 731
720 732
720 864
720 880
720 881
720 882
720 898
721 722
721 882
722 866
722 882
722 883
723 724
723 725
724 725
724 888
724 890
724 900
725 726
725 874
725 890
725 891
725 892
725 900
725 903
725 904
725 905
726 727
726 892
726 905
727 728
727 876
727 892
727 893
727 894
728 729
728 894
728 907
729 730
729 878
729 894
729 895
729 896
729 907
729 908
729 910
729 911
730 731
730 896
730 911
731 732
731 880
731 896
731 897
731 898
732 898
733 734
733 735
734 735
734 736
734 737
734 738
735 736
735 739
735 740
735 741
735 742
735 913
735 914
735 915
736 738
736 742
736 914
737 738
738 742
738 743
738 744
738 745
738 914
738 917
738 918
738 919
739 740
740 741
740 746
740 747
740 915
740 921
740 922
741 742
741 747
741 915
742 743
742 747
742 748
742 749
742 914
742 915
742 916
742 918
742 924
743 745
743 749
743 918
744 745
744 919
745 749
745 750
745 918
745 919
745 920
745 926
746 747
746 752
746 755
746 922
747 748
747 755
747 756
747 757
747 915
747 922
747 923
747 924
747 930
748 749
748 757
748 924
749 750
749 757
749 758
749 759
749 918
749 924
749 925
749 926
749 932
750 759
750 760
750 926
751 752
751 753
752 753
752 754
752 755
752 922
752 927
752 928
753 754
753 762
753 763
753 764
753 765
753 928
753 936
753 937
753 939
754 755
754 765
754 928
755 756
755 765
755 766
755 767
755 922
755 928
755 929
755 930
755 941
756 757
756 767
756 930
757 758
757 767
757 768
757 769
757 924
757 930
757 931
757 932
757 943
758 759
758 769
758 932
759 760
759 761
759 769
759 770
759 771
759 926
759 932
759 933
759 935
759 945
760 761
760 926
760 934
760 935
761 771
761 935
762 763
762 936
763 764
763 772
763 774
763 775
763 776
763 777
763 936
763 938
763 939
763 950
763 953
764 765
764 777
764 939
765 766
765 777
765 778
765 779
765 928
765 939
765 940
765 941
765 955
766 767
766 779
766 941
767 768
767 779
767 780
767 781
767 930
767 941
767 942
767 943
767 957
768 769
768 781
768 943
769 770
769 781
769 782
769 783
769 932
769 943
769 944
769 945
769 959
770 771
770 783
770 945
771 783
771 784
771 935
771 945
771 946
771 961
771 962
771 963
771 964
772 773
772 774
772 775
773 775
774 775
774 947
774 950
775 776
775 785
775 786
775 947
775 948
775 950
775 951
775 952
775 953
775 966
775 968
776 777
776 786
776 953
777 778
777 786
777 787
777 788
777 939
777 953
777 954
777 955
777 970
778 779
778 788
778 955
779 780
779 788
779 789
779 790
779 941
779 955
779 956
779 957
779 972
780 781
780 790
780 957
781 782
781 790
781 791
781 792
781 943
781 957
781 958
781 959
781 974
782 783
782 792
782 959
783 784
783 792
783 793
783 794
783 945
783 959
783 960
783 961
783 976
784 794
784 961
784 963
785 786
785 795
785 966
785 968
786 787
786 795
786 796
786 797
786 953
786 968
786 969
786 970
786 982
787 788
787 797
787 970
788 789
788 797
788 798
788 799
788 955
788 970
788 971
788 972
788 984
789 790
789 799
789 972
790 791
790 799
790 800
790 801
790 957
790 972
790 973
790 974
790 986
791 792
791 801
791 974
792 793
792 801
792 802
792 803
792 959
792 974
792 975
792 976
792 988
793 794
793 803
793 976
794 803
794 804
794 961
794 963
794 976
794 977
794 978
794 979
794 990
794 991
795 796
795 805
795 806
795 807
795 808
795 966
795 968
795 980
795 981
795 982
795 994
796 797
796 808
796 982
797 798
797 808
797 809
797 810
797 970
797 982
797 983
797 984
797 996
798 799
798 810
798 984
799 800
799 810
799 811
799 812
799 972
799 984
799 985
799 986
799 998
800 801
800 812
800 986
801 802
801 812
801 813
801 814
801 974
801 986
801 987
801 988
801 1000
802 803
802 814
802 988
803 804
803 814
803 815
803 816
803 976
803 988
803 989
803 990
803 1002
804 816
804 990
804 991
805 806
805 966
805 980
806 807
806 817
806 818
806 819
806 820
806 980
806 993
806 994
806 1006
806 1009
807 808
807 820
807 994
808 809
808 820
808 821
808 822
808 982
808 994
808 995
808 996
808 1011
809 810
809 822
809 996
810 811
810 822
810 823
810 824
810 984
810 996
810 997
810 998
810 1013
811 812
811 824
811 998
812 813
812 824
812 825
812 826
812 986
812 998
812 999
812 1000
812 1015
813 814
813 826
813 1000
814 815
814 826
814 827
814 828
814 988
814 1000
814 1001
814 1002
814 1017
815 816
815 828
815 1002
816 828
816 829
816 990
816 1002
816 1003
816 1019
817 818
817 1004
817 1006
818 819
818 832
818 834
818 835
818 836
818 1004
818 1006
818 1007
818 1008
818 1009
818 1026
819 820
819 836
819 1009
820 821
820 836
820 837
820 838
820 994
820 1009
820 1010
820 1011
820 1028
821 822
821 838
821 1011
822 823
822 838
822 839
822 840
822 996
822 1011
822 1012
822 1013
822 1030
823 824
823 840
823 1013
824 825
824 840
824 841
824 842
824 998
824 1013
824 1014
824 1015
824 1032
825 826
825 842
825 1015
826 827
826 842
826 843
826 844
826 1000
826 1015
826 1016
826 1017
826 1034
827 828
827 844
827 1017
828 829
828 844
828 845
828 1002
828 1017
828 1018
828 1019
828 1036
829 1019
830 831
831 832
831 833
831 834
831 854
831 1007
831 1020
831 1021
831 1022
831 1024
832 834
832 1004
832 1007
833 834
833 854
833 856
833 1024
834 835
834 856
834 857
834 858
834 1007
834 1024
834 1025
834 1026
834 1043
835 836
835 858
835 1026
836 837
836 858
836 859
836 860
836 1009
836 1026
836 1027
836 1028
836 1045
837 838
837 860
837 1028
838 839
838 860
838 861
838 862
838 1011
838 1028
838 1029
838 1030
838 1047
839 840
839 862
839 1030
840 841
840 862
840 863
840 864
840 1013
840 1030
840 1031
840 1032
840 1049
841 842
841 864
841 1032
842 843
842 864
842 865
842 866
842 1015
842 1032
842 1033
842 1034
842 1051
843 844
843 866
843 1034
844 845
844 866
844 867
844 1017
844 1034
844 1035
844 1036
844 1053
845 1036
846 847
846 848
846 849
846 850
847 850
847 868
848 849
848 850
849 850
849 851
849 852
849 853
849 1037
849 1038
849 1039
850 851
850 868
850 869
850 870
850 1039
850 1054
850 1055
850 1056
850 1057
850 1059
851 853
851 870
851 1039
852 853
852 854
852 1038
853 854
853 855
853 870
853 871
853 872
853 1038
853 1039
853 1040
853 1041
853 1061
854 855
854 856
854 1020
854 1021
854 1023
854 1024
854 1038
854 1041
855 856
855 872
855 1041
856 857
856 872
856 873
856 874
856 1024
856 1041
856 1042
856 1043
856 1063
857 858
857 874
857 1043
858 859
858 874
858 875
858 876
858 1026
858 1043
858 1044
858 1045
858 1065
859 860
859 876
859 1045
860 861
860 876
860 877
860 878
860 1028
860 1045
860 1046
860 1047
860 1067
861 862
861 878
861 1047
862 863
862 878
862 879
862 880
862 1030
862 1047
862 1048
862 1049
862 1069
863 864
863 880
863 1049
864 865
864 880
864 881
864 882
864 1032
864 1049
864 1050
864 1051
864 1071
865 866
865 882
865 1051
866 867
866 882
866 883
866 1034
866 1051
866 1052
866 1053
866 1073
867 1053
868 869
868 870
869 870
869 1055
869 1059
869 1075
870 871
870 884
870 886
870 887
870 1039
870 1059
870 1060
870 1061
870 1075
870 1078
871 872
871 887
871 1061
872 873
872 887
872 888
872 889
872 890
872 1041
872 1061
872 1062
872 1063
872 1080
873 874
873 890
873 1063
874 875
874 890
874 891
874 892
874 1043
874 1063
874 1064
874 1065
874 1082
875 876
875 892
875 1065
876 877
876 892
876 893
876 894
876 1045
876 1065
876 1066
876 1067
876 1084
877 878
877 894
877 1067
878 879
878 894
878 895
878 896
878 1047
878 1067
878 1068
878 1069
878 1086
879 880
879 896
879 1069
880 881
880 896
880 897
880 898
880 1049
880 1069
880 1070
880 1071
880 1088
881 882
881 898
881 1071
882 883
882 1051
882 1071
882 1072
882 1073
883 1073
884 885
884 886
884 887
885 887
885 888
886 887
886 1075
886 1078
886 1090
887 888
887 889
887 901
887 1061
887 1078
887 1079
887 1080
887 1090
887 1091
887 1093
888 889
888 890
888 899
888 900
888 901
889 890
889 901
889 1080
890 891
890 900
890 901
890 902
890 904
890 1063
890 1080
890 1081
890 1082
890 1095
891 892
891 904
891 1082
892 893
892 904
892 905
892 906
892 1065
892 1082
892 1083
892 1084
892 1097
893 894
893 1084
894 895
894 907
894 909
894 910
894 1067
894 1084
894 1085
894 1086
894 1098
895 896
895 910
895 1086
896 897
896 910
896 911
896 912
896 1069
896 1086
896 1087
896 1088
897 898
897 1088
898 1071
898 1088
898 1089
899 900
899 901
900 901
900 902
900 903
900 904
901 902
901 1080
901 1091
901 1093
901 1094
901 1095
902 904
902 1095
903 904
903 905
904 905
904 906
904 1082
904 1095
904 1096
904 1097
905 906
906 1097
907 908
907 909
907 910
908 910
908 911
909 910
909 1098
910 911
910 912
910 1086
910 1098
910 1099
911 912
913 914
913 915
913 1100
914 915
914 916
914 917
914 918
914 1100
914 1101
914 1103
914 1104
915 916
915 921
915 922
915 923
915 924
915 1100
915 1102
915 1103
915 1106
916 918
916 924
916 1103
917 918
917 919
917 1104
918 919
918 920
918 924
918 925
918 926
918 1103
918 1104
918 1105
918 1108
918 1109
919 920
920 926
920 1109
921 922
922 923
922 927
922 928
922 929
922 930
922 1106
922 1111
922 1112
923 924
923 930
923 1106
924 925
924 930
924 931
924 932
924 1103
924 1106
924 1107
924 1108
924 1114
925 926
925 932
925 1108
926 932
926 933
926 934
926 935
926 1108
926 1109
926 1110
926 1116
926 1117
927 928
928 929
928 937
928 939
928 940
928 941
928 1112
928 1120
928 1123
928 1124
929 930
929 941
929 1112
930 931
930 941
930 942
930 943
930 1106
930 1112
930 1113
930 1114
930 1126
931 932
931 943
931 1114
932 933
932 943
932 944
932 945
932 1108
932 1114
932 1115
932 1116
932 1128
933 935
933 945
933 1116
934 935
934 1117
935 945
935 946
935 1116
935 1117
935 1118
935 1130
936 937
936 938
936 939
936 1119
936 1120
936 1121
937 939
937 1120
938 939
938 950
938 953
938 1121
939 940
939 953
939 954
939 955
939 1120
939 1121
939 1122
939 1124
939 1136
940 941
940 955
940 1124
941 942
941 955
941 956
941 957
941 1112
941 1124
941 1125
941 1126
941 1138
942 943
942 957
942 1126
943 944
943 957
943 958
943 959
943 1114
943 1126
943 1127
943 1128
943 1140
944 945
944 959
944 1128
945 946
945 959
945 960
945 961
945 1116
945 1128
945 1129
945 1130
945 1142
946 961
946 964
946 1130
947 948
947 949
947 950
947 951
948 951
948 966
949 950
949 951
949 1131
950 951
950 952
950 953
950 1121
950 1131
950 1132
950 1134
951 952
951 966
951 967
951 968
951 1131
951 1133
951 1134
951 1146
951 1147
951 1148
951 1150
952 953
952 968
952 1134
953 954
953 968
953 969
953 970
953 1121
953 1134
953 1135
953 1136
953 1152
954 955
954 970
954 1136
955 956
955 970
955 971
955 972
955 1124
955 1136
955 1137
955 1138
955 1154
956 957
956 972
956 1138
957 958
957 972
957 973
957 974
957 1126
957 1138
957 1139
957 1140
957 1156
958 959
958 974
958 1140
959 960
959 974
959 975
959 976
959 1128
959 1140
959 1141
959 1142
959 1158
960 961
960 976
960 1142
961 963
961 964
961 965
961 976
961 977
961 979
961 1130
961 1142
961 1143
961 1145
961 1160
962 963
962 964
963 964
963 965
963 978
963 979
964 965
964 1130
964 1144
964 1145
965 979
965 1145
966 967
966 968
966 980
967 968
967 980
967 1147
967 1150
968 969
968 980
968 981
968 982
968 1134
968 1150
968 1151
968 1152
968 1169
969 970
969 982
969 1152
970 971
970 982
970 983
970 984
970 1136
970 1152
970 1153
970 1154
970 1171
971 972
971 984
971 1154
972 973
972 984
972 985
972 986
972 1138
972 1154
972 1155
972 1156
972 1173
973 974
973 986
973 1156
974 975
974 986
974 987
974 988
974 1140
974 1156
974 1157
974 1158
974 1175
975 976
975 988
975 1158
976 977
976 988
976 989
976 990
976 1142
976 1158
976 1159
976 1160
976 1177
977 979
977 990
977 1160
978 979
978 991
979 990
979 991
979 992
979 1145
979 1160
979 1161
980 981
980 993
980 994
980 1006
980 1147
980 1150
980 1164
980 1167
980 1168
980 1169
980 1181
981 982
981 994
981 1169
982 983
982 994
982 995
982 996
982 1152
982 1169
982 1170
982 1171
982 1183
983 984
983 996
983 1171
984 985
984 996
984 997
984 998
984 1154
984 1171
984 1172
984 1173
984 1185
985 986
985 998
985 1173
986 987
986 998
986 999
986 1000
986 1156
986 1173
986 1174
986 1175
986 1187
987 988
987 1000
987 1175
988 989
988 1000
988 1001
988 1002
988 1158
988 1175
988 1176
988 1177
988 1189
989 990
989 1002
989 1177
990 991
990 992
990 1002
990 1003
990 1160
990 1177
990 1178
990 1191
991 992
993 994
993 1006
993 1009
993 1181
994 995
994 1009
994 1010
994 1011
994 1169
994 1181
994 1182
994 1183
994 1198
995 996
995 1011
995 1183
996 997
996 1011
996 1012
996 1013
996 1171
996 1183
996 1184
996 1185
996 1200
997 998
997 1013
997 1185
998 999
998 1013
998 1014
998 1015
998 1173
998 1185
998 1186
998 1187
998 1202
999 1000
999 1015
999 1187
1000 1001
1000 1015
1000 1016
1000 1017
1000 1175
1000 1187
1000 1188
1000 1189
1000 1204
1001 1002
1001 1017
1001 1189
1002 1003
1002 1017
1002 1018
1002 1019
1002 1177
1002 1189
1002 1190
1002 1191
1002 1206
1003 1019
1003 1191
1004 1005
1004 1006
1004 1007
1005 1006
1005 1007
1005 1163
1005 1179
1005 1192
1006 1007
1006 1008
1006 1009
1006 1163
1006 1164
1006 1167
1006 1179
1006 1180
1006 1181
1006 1196
1007 1008
1007 1022
1007 1024
1007 1025
1007 1026
1007 1179
1007 1192
1007 1194
1007 1195
1007 1196
1007 1217
1008 1009
1008 1026
1008 1196
1009 1010
1009 1026
1009 1027
1009 1028
1009 1181
1009 1196
1009 1197
1009 1198
1009 1219
1010 1011
1010 1028
1010 1198
1011 1012
1011 1028
1011 1029
1011 1030
1011 1183
1011 1198
1011 1199
1011 1200
1011 1221
1012 1013
1012 1030
1012 1200
1013 1014
1013 1030
1013 1031
1013 1032
1013 1185
1013 1200
1013 1201
1013 1202
1013 1223
1014 1015
1014 1032
1014 1202
1015 1016
1015 1032
1015 1033
1015 1034
1015 1187
1015 1202
1015 1203
1015 1204
1015 1225
1016 1017
1016 1034
1016 1204
1017 1018
1017 1034
1017 1035
1017 1036
1017 1189
1017 1204
1017 1205
1017 1206
1017 1227
1018 1019
1018 1036
1018 1206
1019 1191
1019 1206
1019 1207
1020 1021
1021 1022
1021 1023
1021 1024
1021 1038
1021 1194
1021 1209
1021 1211
1021 1214
1021 1215
1022 1024
1022 1192
1022 1194
1023 1024
1023 1038
1023 1041
1023 1215
1024 1025
1024 1041
1024 1042
1024 1043
1024 1194
1024 1215
1024 1216
1024 1217
1024 1238
1025 1026
1025 1043
1025 1217
1026 1027
1026 1043
1026 1044
1026 1045
1026 1196
1026 1217
1026 1218
1026 1219
1026 1240
1027 1028
1027 1045
1027 1219
1028 1029
1028 1045
1028 1046
1028 1047
1028 1198
1028 1219
1028 1220
1028 1221
1028 1242
1029 1030
1029 1047
1029 1221
1030 1031
1030 1047
1030 1048
1030 1049
1030 1200
1030 1221
1030 1222
1030 1223
1030 1244
1031 1032
1031 1049
1031 1223
1032 1033
1032 1049
1032 1050
1032 1051
1032 1202
1032 1223
1032 1224
1032 1225
1032 1246
1033 1034
1033 1051
1033 1225
1034 1035
1034 1051
1034 1052
1034 1053
1034 1204
1034 1225
1034 1226
1034 1227
1034 1248
1035 1036
1035 1053
1035 1227
1036 1206
1036 1227
1036 1228
1037 1038
1037 1039
1037 1208
1037 1212
1037 1230
1038 1039
1038 1040
1038 1041
1038 1208
1038 1209
1038 1211
1038 1212
1038 1213
1038 1215
1038 1236
1039 1040
1039 1057
1039 1059
1039 1060
1039 1061
1039 1212
1039 1230
1039 1234
1039 1235
1039 1236
1039 1256
1040 1041
1040 1061
1040 1236
1041 1042
1041 1061
1041 1062
1041 1063
1041 1215
1041 1236
1041 1237
1041 1238
1041 1258
1042 1043
1042 1063
1042 1238
1043 1044
1043 1063
1043 1064
1043 1065
1043 1217
1043 1238
1043 1239
1043 1240
1043 1260
1044 1045
1044 1065
1044 1240
1045 1046
1045 1065
1045 1066
1045 1067
1045 1219
1045 1240
1045 1241
1045 1242
1045 1262
1046 1047
1046 1067
1046 1242
1047 1048
1047 1067
1047 1068
1047 1069
1047 1221
1047 1242
1047 1243
1047 1244
1047 1264
1048 1049
1048 1069
1048 1244
1049 1050
1049 1069
1049 1070
1049 1071
1049 1223
1049 1244
1049 1245
1049 1246
1049 1266
1050 1051
1050 1071
1050 1246
1051 1052
1051 1071
1051 1072
1051 1073
1051 1225
1051 1246
1051 1247
1051 1248
1051 1268
1052 1053
1052 1073
1052 1248
1053 1227
1053 1248
1053 1249
1054 1055
1054 1056
1055 1056
1055 1058
1055 1059
1055 1074
1055 1075
1055 1076
1056 1057
1056 1058
1056 1059
1056 1229
1056 1230
1056 1231
1056 1233
1056 1234
1056 1250
1056 1251
1056 1252
1056 1254
1057 1059
1057 1230
1057 1234
1058 1059
1058 1076
1058 1251
1058 1254
1059 1060
1059 1075
1059 1076
1059 1077
1059 1078
1059 1234
1059 1254
1059 1255
1059 1256
1059 1271
1060 1061
1060 1078
1060 1256
1061 1062
1061 1078
1061 1079
1061 1080
1061 1236
1061 1256
1061 1257
1061 1258
1061 1273
1062 1063
1062 1080
1062 1258
1063 1064
1063 1080
1063 1081
1063 1082
1063 1238
1063 1258
1063 1259
1063 1260
1063 1275
1064 1065
1064 1082
1064 1260
1065 1066
1065 1082
1065 1083
1065 1084
1065 1240
1065 1260
1065 1261
1065 1262
1065 1277
1066 1067
1066 1084
1066 1262
1067 1068
1067 1084
1067 1085
1067 1086
1067 1242
1067 1262
1067 1263
1067 1264
1067 1279
1068 1069
1068 1086
1068 1264
1069 1070
1069 1086
1069 1087
1069 1088
1069 1244
1069 1264
1069 1265
1069 1266
1069 1281
1070 1071
1070 1088
1070 1266
1071 1072
1071 1088
1071 1089
1071 1246
1071 1266
1071 1267
1071 1268
1071 1283
1072 1073
1072 1268
1073 1248
1073 1268
1073 1269
1074 1075
1074 1076
1075 1076
1075 1077
1075 1078
1076 1077
1076 1254
1076 1270
1076 1271
1077 1078
1077 1271
1078 1079
1078 1090
1078 1092
1078 1093
1078 1256
1078 1271
1078 1272
1078 1273
1078 1284
1079 1080
1079 1093
1079 1273
1080 1081
1080 1093
1080 1094
1080 1095
1080 1258
1080 1273
1080 1274
1080 1275
1080 1286
1081 1082
1081 1095
1081 1275
1082 1083
1082 1095
1082 1096
1082 1097
1082 1260
1082 1275
1082 1276
1082 1277
1082 1288
1083 1084
1083 1097
1083 1277
1084 1085
1084 1262
1084 1277
1084 1278
1084 1279
1085 1086
1085 1098
1085 1279
1086 1087
1086 1098
1086 1099
1086 1264
1086 1279
1086 1280
1086 1281
1087 1088
1087 1281
1088 1089
1088 1266
1088 1281
1088 1282
1088 1283
1089 1283
1090 1091
1090 1092
1090 1093
1091 1093
1092 1093
1092 1284
1093 1094
1093 1273
1093 1284
1093 1285
1093 1286
1094 1095
1094 1286
1095 1096
1095 1275
1095 1286
1095 1287
1095 1288
1096 1097
1096 1288
1097 1277
1097 1288
1097 1289
1098 1099
1100 1101
1100 1102
1100 1103
1101 1103
1101 1104
1102 1103
1102 1106
1102 1290
1103 1104
1103 1105
1103 1106
1103 1107
1103 1108
1103 1290
1103 1291
1103 1293
1103 1294
1104 1105
1105 1108
1105 1109
1105 1294
1106 1107
1106 1111
1106 1112
1106 1113
1106 1114
1106 1290
1106 1292
1106 1293
1106 1298
1106 1300
1107 1108
1107 1114
1107 1293
1108 1109
1108 1110
1108 1114
1108 1115
1108 1116
1108 1293
1108 1294
1108 1295
1108 1297
1108 1302
1109 1110
1109 1294
1109 1296
1109 1297
1110 1116
1110 1117
1110 1297
1111 1112
1111 1298
1112 1113
1112 1123
1112 1124
1112 1125
1112 1126
1112 1298
1112 1299
1112 1300
1112 1307
1112 1310
1113 1114
1113 1126
1113 1300
1114 1115
1114 1126
1114 1127
1114 1128
1114 1293
1114 1300
1114 1301
1114 1302
1114 1312
1115 1116
1115 1128
1115 1302
1116 1117
1116 1118
1116 1128
1116 1129
1116 1130
1116 1297
1116 1302
1116 1303
1116 1305
1116 1314
1117 1118
1117 1297
1117 1304
1117 1305
1118 1130
1118 1305
1119 1120
1119 1121
1120 1121
1120 1122
1120 1123
1120 1124
1120 1306
1120 1307
1120 1308
1121 1122
1121 1132
1121 1134
1121 1135
1121 1136
1121 1308
1121 1316
1121 1317
1121 1319
1122 1124
1122 1136
1122 1308
1123 1124
1123 1307
1124 1125
1124 1136
1124 1137
1124 1138
1124 1307
1124 1308
1124 1309
1124 1310
1124 1321
1125 1126
1125 1138
1125 1310
1126 1127
1126 1138
1126 1139
1126 1140
1126 1300
1126 1310
1126 1311
1126 1312
1126 1323
1127 1128
1127 1140
1127 1312
1128 1129
1128 1140
1128 1141
1128 1142
1128 1302
1128 1312
1128 1313
1128 1314
1128 1325
1129 1130
1129 1142
1129 1314
1130 1142
1130 1143
1130 1144
1130 1145
1130 1305
1130 1314
1130 1315
1130 1327
1131 1132
1131 1133
1131 1134
1132 1134
1132 1316
1133 1134
1133 1148
1133 1150
1133 1333
1134 1135
1134 1150
1134 1151
1134 1152
1134 1316
1134 1318
1134 1319
1134 1333
1134 1335
1135 1136
1135 1152
1135 1319
1136 1137
1136 1152
1136 1153
1136 1154
1136 1308
1136 1319
1136 1320
1136 1321
1136 1337
1137 1138
1137 1154
1137 1321
1138 1139
1138 1154
1138 1155
1138 1156
1138 1310
1138 1321
1138 1322
1138 1323
1138 1339
1139 1140
1139 1156
1139 1323
1140 1141
1140 1156
1140 1157
1140 1158
1140 1312
1140 1323
1140 1324
1140 1325
1140 1341
1141 1142
1141 1158
1141 1325
1142 1143
1142 1158
1142 1159
1142 1160
1142 1314
1142 1325
1142 1326
1142 1327
1142 1343
1143 1145
1143 1160
1143 1327
1144 1145
1145 1160
1145 1161
1146 1147
1146 1148
1147 1148
1147 1149
1147 1150
1147 1162
1147 1163
1147 1164
1147 1165
1147 1167
1148 1149
1148 1150
1148 1165
1148 1328
1148 1329
1148 1330
1148 1332
1148 1333
1149 1150
1149 1165
1149 1167
1149 1332
1150 1151
1150 1167
1150 1168
1150 1169
1150 1332
1150 1333
1150 1334
1150 1335
1150 1347
1151 1152
1151 1169
1151 1335
1152 1153
1152 1169
1152 1170
1152 1171
1152 1319
1152 1335
1152 1336
1152 1337
1152 1349
1153 1154
1153 1171
1153 1337
1154 1155
1154 1171
1154 1172
1154 1173
1154 1321
1154 1337
1154 1338
1154 1339
1154 1351
1155 1156
1155 1173
1155 1339
1156 1157
1156 1173
1156 1174
1156 1175
1156 1323
1156 1339
1156 1340
1156 1341
1156 1353
1157 1158
1157 1175
1157 1341
1158 1159
1158 1175
1158 1176
1158 1177
1158 1325
1158 1341
1158 1342
1158 1343
1158 1355
1159 1160
1159 1177
1159 1343
1160 1161
1160 1177
1160 1178
1160 1327
1160 1343
1160 1344
1160 1357
1162 1163
1162 1165
1163 1164
1163 1165
1163 1166
1163 1167
1163 1179
1164 1167
1165 1166
1165 1167
1165 1328
1165 1329
1165 1331
1165 1332
1165 1345
1166 1167
1166 1179
1166 1345
1166 1358
1167 1168
1167 1179
1167 1180
1167 1181
1167 1332
1167 1345
1167 1346
1167 1347
1167 1362
1168 1169
1168 1181
1168 1347
1169 1170
1169 1181
1169 1182
1169 1183
1169 1335
1169 1347
1169 1348
1169 1349
1169 1364
1170 1171
1170 1183
1170 1349
1171 1172
1171 1183
1171 1184
1171 1185
1171 1337
1171 1349
1171 1350
1171 1351
1171 1366
1172 1173
1172 1185
1172 1351
1173 1174
1173 1185
1173 1186
1173 1187
1173 1339
1173 1351
1173 1352
1173 1353
1173 1368
1174 1175
1174 1187
1174 1353
1175 1176
1175 1187
1175 1188
1175 1189
1175 1341
1175 1353
1175 1354
1175 1355
1175 1370
1176 1177
1176 1189
1176 1355
1177 1178
1177 1189
1177 1190
1177 1191
1177 1343
1177 1355
1177 1356
1177 1357
1177 1372
1178 1191
1178 1357
1179 1180
1179 1192
1179 1193
1179 1194
1179 1195
1179 1196
1179 1345
1179 1358
1179 1360
1179 1361
1179 1362
1179 1384
1180 1181
1180 1196
1180 1362
1181 1182
1181 1196
1181 1197
1181 1198
1181 1347
1181 1362
1181 1363
1181 1364
1181 1386
1182 1183
1182 1198
1182 1364
1183 1184
1183 1198
1183 1199
1183 1200
1183 1349
1183 1364
1183 1365
1183 1366
1183 1388
1184 1185
1184 1200
1184 1366
1185 1186
1185 1200
1185 1201
1185 1202
1185 1351
1185 1366
1185 1367
1185 1368
1185 1390
1186 1187
1186 1202
1186 1368
1187 1188
1187 1202
1187 1203
1187 1204
1187 1353
1187 1368
1187 1369
1187 1370
1187 1392
1188 1189
1188 1204
1188 1370
1189 1190
1189 1204
1189 1205
1189 1206
1189 1355
1189 1370
1189 1371
1189 1372
1189 1394
1190 1191
1190 1206
1190 1372
1191 1206
1191 1207
1191 1357
1191 1372
1191 1373
1192 1193
1192 1194
1193 1194
1193 1358
1193 1360
1193 1380
1194 1195
1194 1214
1194 1215
1194 1216
1194 1217
1194 1360
1194 1380
1194 1382
1194 1383
1194 1384
1194 1405
1195 1196
1195 1217
1195 1384
1196 1197
1196 1217
1196 1218
1196 1219
1196 1362
1196 1384
1196 1385
1196 1386
1196 1407
1197 1198
1197 1219
1197 1386
1198 1199
1198 1219
1198 1220
1198 1221
1198 1364
1198 1386
1198 1387
1198 1388
1198 1409
1199 1200
1199 1221
1199 1388
1200 1201
1200 1221
1200 1222
1200 1223
1200 1366
1200 1388
1200 1389
1200 1390
1200 1411
1201 1202
1201 1223
1201 1390
1202 1203
1202 1223
1202 1224
1202 1225
1202 1368
1202 1390
1202 1391
1202 1392
1202 1413
1203 1204
1203 1225
1203 1392
1204 1205
1204 1225
1204 1226
1204 1227
1204 1370
1204 1392
1204 1393
1204 1394
1204 1415
1205 1206
1205 1227
1205 1394
1206 1207
1206 1227
1206 1228
1206 1372
1206 1394
1206 1395
1208 1209
1208 1210
1208 1211
1208 1212
1209 1211
1210 1211
1210 1212
1210 1374
1210 1378
1210 1397
1211 1212
1211 1213
1211 1214
1211 1215
1211 1374
1211 1375
1211 1377
1211 1378
1211 1379
1211 1380
1211 1382
1211 1403
1212 1213
1212 1230
1212 1232
1212 1234
1212 1235
1212 1236
1212 1378
1212 1397
1212 1401
1212 1402
1212 1403
1212 1419
1213 1215
1213 1236
1213 1403
1214 1215
1214 1380
1214 1382
1215 1216
1215 1236
1215 1237
1215 1238
1215 1382
1215 1403
1215 1404
1215 1405
1215 1421
1216 1217
1216 1238
1216 1405
1217 1218
1217 1238
1217 1239
1217 1240
1217 1384
1217 1405
1217 1406
1217 1407
1217 1423
1218 1219
1218 1240
1218 1407
1219 1220
1219 1240
1219 1241
1219 1242
1219 1386
1219 1407
1219 1408
1219 1409
1219 1425
1220 1221
1220 1242
1220 1409
1221 1222
1221 1242
1221 1243
1221 1244
1221 1388
1221 1409
1221 1410
1221 1411
1221 1427
1222 1223
1222 1244
1222 1411
1223 1224
1223 1244
1223 1245
1223 1246
1223 1390
1223 1411
1223 1412
1223 1413
1223 1429
1224 1225
1224 1246
1224 1413
1225 1226
1225 1246
1225 1247
1225 1248
1225 1392
1225 1413
1225 1414
1225 1415
1225 1431
1226 1227
1226 1248
1226 1415
1227 1228
1227 1248
1227 1249
1227 1394
1227 1415
1227 1416
1227 1433
1229 1230
1229 1231
1230 1231
1230 1232
1230 1234
1231 1232
1231 1233
1231 1234
1231 1396
1231 1397
1231 1398
1231 1400
1231 1401
1231 1417
1232 1234
1232 1397
1232 1401
1233 1234
1233 1252
1233 1254
1233 1417
1234 1235
1234 1254
1234 1255
1234 1256
1234 1401
1234 1417
1234 1418
1234 1419
1234 1435
1235 1236
1235 1256
1235 1419
1236 1237
1236 1256
1236 1257
1236 1258
1236 1403
1236 1419
1236 1420
1236 1421
1236 1437
1237 1238
1237 1258
1237 1421
1238 1239
1238 1258
1238 1259
1238 1260
1238 1405
1238 1421
1238 1422
1238 1423
1238 1439
1239 1240
1239 1260
1239 1423
1240 1241
1240 1260
1240 1261
1240 1262
1240 1407
1240 1423
1240 1424
1240 1425
1240 1441
1241 1242
1241 1262
1241 1425
1242 1243
1242 1262
1242 1263
1242 1264
1242 1409
1242 1425
1242 1426
1242 1427
1242 1443
1243 1244
1243 1264
1243 1427
1244 1245
1244 1264
1244 1265
1244 1266
1244 1411
1244 1427
1244 1428
1244 1429
1244 1445
1245 1246
1245 1266
1245 1429
1246 1247
1246 1266
1246 1267
1246 1268
1246 1413
1246 1429
1246 1430
1246 1431
1246 1447
1247 1248
1247 1268
1247 1431
1248 1249
1248 1268
1248 1269
1248 1415
1248 1431
1248 1432
1248 1433
1249 1433
1250 1251
1250 1252
1251 1252
1251 1253
1251 1254
1252 1253
1252 1254
1253 1254
1254 1255
1254 1270
1254 1271
1254 1417
1254 1434
1254 1435
1254 1449
1255 1256
1255 1271
1255 1435
1256 1257
1256 1271
1256 1272
1256 1273
1256 1419
1256 1435
1256 1436
1256 1437
1256 1451
1257 1258
1257 1273
1257 1437
1258 1259
1258 1273
1258 1274
1258 1275
1258 1421
1258 1437
1258 1438
1258 1439
1258 1453
1259 1260
1259 1275
1259 1439
1260 1261
1260 1275
1260 1276
1260 1277
1260 1423
1260 1439
1260 1440
1260 1441
1260 1455
1261 1262
1261 1277
1261 1441
1262 1263
1262 1277
1262 1278
1262 1279
1262 1425
1262 1441
1262 1442
1262 1443
1262 1457
1263 1264
1263 1279
1263 1443
1264 1265
1264 1279
1264 1280
1264 1281
1264 1427
1264 1443
1264 1444
1264 1445
1264 1459
1265 1266
1265 1281
1265 1445
1266 1267
1266 1281
1266 1282
1266 1283
1266 1429
1266 1445
1266 1446
1266 1447
1266 1461
1267 1268
1267 1283
1267 1447
1268 1269
1268 1431
1268 1447
1268 1448
1270 1271
1270 1449
1271 1272
1271 1435
1271 1449
1271 1450
1271 1451
1272 1273
1272 1284
1272 1451
1273 1274
1273 1284
1273 1285
1273 1286
1273 1437
1273 1451
1273 1452
1273 1453
1274 1275
1274 1286
1274 1453
1275 1276
1275 1286
1275 1287
1275 1288
1275 1439
1275 1453
1275 1454
1275 1455
1275 1463
1276 1277
1276 1288
1276 1455
1277 1278
1277 1288
1277 1289
1277 1441
1277 1455
1277 1456
1277 1457
1278 1279
1278 1457
1279 1280
1279 1443
1279 1457
1279 1458
1279 1459
1280 1281
1280 1459
1281 1282
1281 1445
1281 1459
1281 1460
1281 1461
1282 1283
1282 1461
1284 1285
1285 1286
1286 1287
1286 1453
1286 1462
1286 1463
1287 1288
1287 1463
1288 1289
1288 1455
1288 1463
1288 1464
1290 1291
1290 1292
1290 1293
1290 1298
1290 1465
1290 1466
1290 1467
1290 1469
1290 1470
1291 1293
1291 1294
1291 1470
1292 1293
1292 1298
1292 1300
1292 1469
1293 1294
1293 1295
1293 1300
1293 1301
1293 1302
1293 1469
1293 1470
1293 1471
1293 1473
1293 1481
1294 1295
1294 1296
1294 1297
1294 1470
1294 1472
1294 1473
1294 1474
1295 1297
1295 1302
1295 1473
1296 1297
1296 1474
1297 1302
1297 1303
1297 1304
1297 1305
1297 1473
1297 1474
1297 1475
1297 1483
1298 1299
1298 1300
1298 1307
1298 1465
1298 1466
1298 1468
1298 1469
1298 1476
1298 1477
1298 1479
1299 1300
1299 1307
1299 1310
1299 1479
1300 1301
1300 1310
1300 1311
1300 1312
1300 1469
1300 1479
1300 1480
1300 1481
1300 1488
1301 1302
1301 1312
1301 1481
1302 1303
1302 1312
1302 1313
1302 1314
1302 1473
1302 1481
1302 1482
1302 1483
1302 1490
1303 1305
1303 1314
1303 1483
1304 1305
1305 1314
1305 1315
1305 1483
1305 1492
1305 1493
1306 1307
1306 1308
1306 1484
1307 1308
1307 1309
1307 1310
1307 1476
1307 1477
1307 1478
1307 1479
1307 1484
1307 1486
1308 1309
1308 1317
1308 1319
1308 1320
1308 1321
1308 1484
1308 1485
1308 1486
1308 1495
1308 1498
1309 1310
1309 1321
1309 1486
1310 1311
1310 1321
1310 1322
1310 1323
1310 1479
1310 1486
1310 1487
1310 1488
1310 1500
1311 1312
1311 1323
1311 1488
1312 1313
1312 1323
1312 1324
1312 1325
1312 1481
1312 1488
1312 1489
1312 1490
1312 1502
1313 1314
1313 1325
1313 1490
1314 1315
1314 1325
1314 1326
1314 1327
1314 1483
1314 1490
1314 1491
1314 1493
1314 1504
1315 1327
1315 1493
1316 1317
1316 1318
1316 1319
1316 1494
1316 1495
1316 1496
1317 1319
1317 1495
1318 1319
1318 1333
1318 1335
1318 1496
1319 1320
1319 1335
1319 1336
1319 1337
1319 1495
1319 1496
1319 1497
1319 1498
1319 1511
1320 1321
1320 1337
1320 1498
1321 1322
1321 1337
1321 1338
1321 1339
1321 1486
1321 1498
1321 1499
1321 1500
1321 1513
1322 1323
1322 1339
1322 1500
1323 1324
1323 1339
1323 1340
1323 1341
1323 1488
1323 1500
1323 1501
1323 1502
1323 1515
1324 1325
1324 1341
1324 1502
1325 1326
1325 1341
1325 1342
1325 1343
1325 1490
1325 1502
1325 1503
1325 1504
1325 1517
1326 1327
1326 1343
1326 1504
1327 1343
1327 1344
1327 1493
1327 1504
1327 1505
1327 1519
1328 1329
1329 1330
1329 1331
1329 1332
1330 1332
1330 1333
1330 1506
1331 1332
1331 1345
1331 1520
1332 1333
1332 1334
1332 1345
1332 1346
1332 1347
1332 1506
1332 1508
1332 1509
1332 1520
1332 1522
1333 1334
1333 1335
1333 1496
1333 1506
1333 1507
1333 1509
1334 1335
1334 1347
1334 1509
1335 1336
1335 1347
1335 1348
1335 1349
1335 1496
1335 1509
1335 1510
1335 1511
1335 1524
1336 1337
1336 1349
1336 1511
1337 1338
1337 1349
1337 1350
1337 1351
1337 1498
1337 1511
1337 1512
1337 1513
1337 1526
1338 1339
1338 1351
1338 1513
1339 1340
1339 1351
1339 1352
1339 1353
1339 1500
1339 1513
1339 1514
1339 1515
1339 1528
1340 1341
1340 1353
1340 1515
1341 1342
1341 1353
1341 1354
1341 1355
1341 1502
1341 1515
1341 1516
1341 1517
1341 1530
1342 1343
1342 1355
1342 1517
1343 1344
1343 1355
1343 1356
1343 1357
1343 1504
1343 1517
1343 1518
1343 1519
1343 1532
1344 1357
1344 1519
1345 1346
1345 1358
1345 1359
1345 1360
1345 1361
1345 1362
1345 1520
1345 1521
1345 1522
1345 1534
1345 1536
1346 1347
1346 1362
1346 1522
1347 1348
1347 1362
1347 1363
1347 1364
1347 1509
1347 1522
1347 1523
1347 1524
1347 1538
1348 1349
1348 1364
1348 1524
1349 1350
1349 1364
1349 1365
1349 1366
1349 1511
1349 1524
1349 1525
1349 1526
1349 1540
1350 1351
1350 1366
1350 1526
1351 1352
1351 1366
1351 1367
1351 1368
1351 1513
1351 1526
1351 1527
1351 1528
1351 1542
1352 1353
1352 1368
1352 1528
1353 1354
1353 1368
1353 1369
1353 1370
1353 1515
1353 1528
1353 1529
1353 1530
1353 1544
1354 1355
1354 1370
1354 1530
1355 1356
1355 1370
1355 1371
1355 1372
1355 1517
1355 1530
1355 1531
1355 1532
1355 1546
1356 1357
1356 1372
1356 1532
1357 1372
1357 1373
1357 1519
1357 1532
1357 1533
1358 1359
1358 1360
1359 1360
1359 1534
1360 1361
1360 1380
1360 1381
1360 1382
1360 1383
1360 1384
1360 1534
1360 1535
1360 1536
1360 1552
1360 1554
1361 1362
1361 1384
1361 1536
1362 1363
1362 1384
1362 1385
1362 1386
1362 1522
1362 1536
1362 1537
1362 1538
1362 1556
1363 1364
1363 1386
1363 1538
1364 1365
1364 1386
1364 1387
1364 1388
1364 1524
1364 1538
1364 1539
1364 1540
1364 1558
1365 1366
1365 1388
1365 1540
1366 1367
1366 1388
1366 1389
1366 1390
1366 1526
1366 1540
1366 1541
1366 1542
1366 1560
1367 1368
1367 1390
1367 1542
1368 1369
1368 1390
1368 1391
1368 1392
1368 1528
1368 1542
1368 1543
1368 1544
1368 1562
1369 1370
1369 1392
1369 1544
1370 1371
1370 1392
1370 1393
1370 1394
1370 1530
1370 1544
1370 1545
1370 1546
1370 1564
1371 1372
1371 1394
1371 1546
1372 1373
1372 1394
1372 1395
1372 1532
1372 1546
1372 1547
1374 1375
1374 1376
1374 1377
1374 1378
1375 1377
1375 1380
1376 1377
1376 1378
1376 1548
1377 1378
1377 1379
1377 1380
1377 1381
1377 1382
1377 1548
1377 1549
1377 1551
1377 1552
1378 1379
1378 1397
1378 1399
1378 1401
1378 1402
1378 1403
1378 1548
1378 1550
1378 1551
1378 1567
1378 1570
1379 1382
1379 1403
1379 1551
1380 1381
1380 1382
1381 1382
1381 1552
1382 1383
1382 1403
1382 1404
1382 1405
1382 1551
1382 1552
1382 1553
1382 1554
1382 1572
1383 1384
1383 1405
1383 1554
1384 1385
1384 1405
1384 1406
1384 1407
1384 1536
1384 1554
1384 1555
1384 1556
1384 1574
1385 1386
1385 1407
1385 1556
1386 1387
1386 1407
1386 1408
1386 1409
1386 1538
1386 1556
1386 1557
1386 1558
1386 1576
1387 1388
1387 1409
1387 1558
1388 1389
1388 1409
1388 1410
1388 1411
1388 1540
1388 1558
1388 1559
1388 1560
1388 1578
1389 1390
1389 1411
1389 1560
1390 1391
1390 1411
1390 1412
1390 1413
1390 1542
1390 1560
1390 1561
1390 1562
1390 1580
1391 1392
1391 1413
1391 1562
1392 1393
1392 1413
1392 1414
1392 1415
1392 1544
1392 1562
1392 1563
1392 1564
1392 1582
1393 1394
1393 1415
1393 1564
1394 1395
1394 1415
1394 1416
1394 1546
1394 1564
1394 1565
1394 1584
1396 1397
1396 1398
1397 1398
1397 1399
1397 1401
1398 1399
1398 1400
1398 1401
1398 1566
1398 1567
1398 1568
1399 1401
1399 1567
1400 1401
1400 1417
1400 1568
1401 1402
1401 1417
1401 1418
1401 1419
1401 1567
1401 1568
1401 1569
1401 1570
1401 1586
1402 1403
1402 1419
1402 1570
1403 1404
1403 1419
1403 1420
1403 1421
1403 1551
1403 1570
1403 1571
1403 1572
1403 1588
1404 1405
1404 1421
1404 1572
1405 1406
1405 1421
1405 1422
1405 1423
1405 1554
1405 1572
1405 1573
1405 1574
1405 1590
1406 1407
1406 1423
1406 1574
1407 1408
1407 1423
1407 1424
1407 1425
1407 1556
1407 1574
1407 1575
1407 1576
1407 1592
1408 1409
1408 1425
1408 1576
1409 1410
1409 1425
1409 1426
1409 1427
1409 1558
1409 1576
1409 1577
1409 1578
1409 1594
1410 1411
1410 1427
1410 1578
1411 1412
1411 1427
1411 1428
1411 1429
1411 1560
1411 1578
1411 1579
1411 1580
1411 1596
1412 1413
1412 1429
1412 1580
1413 1414
1413 1429
1413 1430
1413 1431
1413 1562
1413 1580
1413 1581
1413 1582
1413 1598
1414 1415
1414 1431
1414 1582
1415 1416
1415 1431
1415 1432
1415 1433
1415 1564
1415 1582
1415 1583
1415 1584
1415 1600
1416 1433
1416 1584
1417 1418
1417 1434
1417 1435
1417 1568
1417 1585
1417 1586
1417 1601
1418 1419
1418 1435
1418 1586
1419 1420
1419 1435
1419 1436
1419 1437
1419 1570
1419 1586
1419 1587
1419 1588
1419 1603
1420 1421
1420 1437
1420 1588
1421 1422
1421 1437
1421 1438
1421 1439
1421 1572
1421 1588
1421 1589
1421 1590
1421 1605
1422 1423
1422 1439
1422 1590
1423 1424
1423 1439
1423 1440
1423 1441
1423 1574
1423 1590
1423 1591
1423 1592
1423 1607
1424 1425
1424 1441
1424 1592
1425 1426
1425 1441
1425 1442
1425 1443
1425 1576
1425 1592
1425 1593
1425 1594
1425 1609
1426 1427
1426 1443
1426 1594
1427 1428
1427 1443
1427 1444
1427 1445
1427 1578
1427 1594
1427 1595
1427 1596
1427 1611
1428 1429
1428 1445
1428 1596
1429 1430
1429 1445
1429 1446
1429 1447
1429 1580
1429 1596
1429 1597
1429 1598
1429 1613
1430 1431
1430 1447
1430 1598
1431 1432
1431 1447
1431 1448
1431 1582
1431 1598
1431 1599
1431 1600
1432 1433
1432 1600
1434 1435
1434 1449
1434 1601
1435 1436
1435 1449
1435 1450
1435 1451
1435 1586
1435 1601
1435 1602
1435 1603
1436 1437
1436 1451
1436 1603
1437 1438
1437 1451
1437 1452
1437 1453
1437 1588
1437 1603
1437 1604
1437 1605
1438 1439
1438 1453
1438 1605
1439 1440
1439 1453
1439 1454
1439 1455
1439 1590
1439 1605
1439 1606
1439 1607
1439 1616
1440 1441
1440 1455
1440 1607
1441 1442
1441 1455
1441 1456
1441 1457
1441 1592
1441 1607
1441 1608
1441 1609
1441 1618
1442 1443
1442 1457
1442 1609
1443 1444
1443 1457
1443 1458
1443 1459
1443 1594
1443 1609
1443 1610
1443 1611
1443 1620
1444 1445
1444 1459
1444 1611
1445 1446
1445 1459
1445 1460
1445 1461
1445 1596
1445 1611
1445 1612
1445 1613
1446 1447
1446 1461
1446 1613
1447 1448
1447 1598
1447 1613
1447 1614
1449 1450
1450 1451
1451 1452
1452 1453
1453 1454
1453 1462
1453 1463
1453 1605
1453 1615
1453 1616
1454 1455
1454 1463
1454 1616
1455 1456
1455 1463
1455 1464
1455 1607
1455 1616
1455 1617
1455 1618
1456 1457
1456 1618
1457 1458
1457 1609
1457 1618
1457 1619
1457 1620
1458 1459
1458 1620
1459 1460
1459 1611
1459 1620
1459 1621
1460 1461
1462 1463
1463 1464
1465 1466
1466 1467
1466 1468
1466 1469
1467 1469
1467 1470
1467 1622
1468 1469
1468 1477
1468 1479
1468 1629
1469 1470
1469 1471
1469 1479
1469 1480
1469 1481
1469 1622
1469 1624
1469 1625
1469 1629
1469 1632
1470 1471
1470 1472
1470 1473
1470 1622
1470 1623
1470 1625
1470 1626
1471 1473
1471 1481
1471 1625
1472 1473
1472 1474
1472 1626
1473 1474
1473 1475
1473 1481
1473 1482
1473 1483
1473 1625
1473 1626
1473 1627
1473 1634
1473 1635
1474 1475
1475 1483
1475 1635
1476 1477
1477 1478
1477 1479
1477 1628
1477 1629
1477 1630
1478 1479
1478 1484
1478 1486
1478 1630
1479 1480
1479 1486
1479 1487
1479 1488
1479 1629
1479 1630
1479 1631
1479 1632
1479 1640
1480 1481
1480 1488
1480 1632
1481 1482
1481 1488
1481 1489
1481 1490
1481 1625
1481 1632
1481 1633
1481 1634
1481 1642
1482 1483
1482 1490
1482 1634
1483 1490
1483 1491
1483 1492
1483 1493
1483 1634
1483 1635
1483 1636
1483 1644
1484 1485
1484 1486
1484 1630
1484 1637
1484 1638
1485 1486
1485 1495
1485 1498
1485 1638
1486 1487
1486 1498
1486 1499
1486 1500
1486 1630
1486 1638
1486 1639
1486 1640
1486 1648
1487 1488
1487 1500
1487 1640
1488 1489
1488 1500
1488 1501
1488 1502
1488 1632
1488 1640
1488 1641
1488 1642
1488 1650
1489 1490
1489 1502
1489 1642
1490 1491
1490 1502
1490 1503
1490 1504
1490 1634
1490 1642
1490 1643
1490 1644
1490 1652
1491 1493
1491 1504
1491 1644
1492 1493
1493 1504
1493 1505
1494 1495
1494 1496
1495 1496
1495 1497
1495 1498
1495 1638
1495 1645
1495 1646
1496 1497
1496 1507
1496 1509
1496 1510
1496 1511
1496 1646
1496 1654
1496 1655
1497 1498
1497 1511
1497 1646
1498 1499
1498 1511
1498 1512
1498 1513
1498 1638
1498 1646
1498 1647
1498 1648
1498 1657
1499 1500
1499 1513
1499 1648
1500 1501
1500 1513
1500 1514
1500 1515
1500 1640
1500 1648
1500 1649
1500 1650
1500 1659
1501 1502
1501 1515
1501 1650
1502 1503
1502 1515
1502 1516
1502 1517
1502 1642
1502 1650
1502 1651
1502 1652
1502 1661
1503 1504
1503 1517
1503 1652
1504 1505
1504 1517
1504 1518
1504 1519
1504 1644
1504 1652
1504 1653
1504 1663
1505 1519
1506 1507
1506 1508
1506 1509
1507 1509
1508 1509
1508 1520
1508 1522
1508 1664
1509 1510
1509 1522
1509 1523
1509 1524
1509 1655
1509 1664
1509 1665
1509 1667
1510 1511
1510 1524
1510 1655
1511 1512
1511 1524
1511 1525
1511 1526
1511 1646
1511 1655
1511 1656
1511 1657
1511 1669
1512 1513
1512 1526
1512 1657
1513 1514
1513 1526
1513 1527
1513 1528
1513 1648
1513 1657
1513 1658
1513 1659
1513 1671
1514 1515
1514 1528
1514 1659
1515 1516
1515 1528
1515 1529
1515 1530
1515 1650
1515 1659
1515 1660
1515 1661
1515 1673
1516 1517
1516 1530
1516 1661
1517 1518
1517 1530
1517 1531
1517 1532
1517 1652
1517 1661
1517 1662
1517 1663
1517 1675
1518 1519
1518 1532
1518 1663
1519 1532
1519 1533
1520 1521
1520 1522
1521 1522
1521 1534
1521 1536
1521 1677
1522 1523
1522 1536
1522 1537
1522 1538
1522 1664
1522 1666
1522 1667
1522 1677
1522 1679
1523 1524
1523 1538
1523 1667
1524 1525
1524 1538
1524 1539
1524 1540
1524 1655
1524 1667
1524 1668
1524 1669
1524 1681
1525 1526
1525 1540
1525 1669
1526 1527
1526 1540
1526 1541
1526 1542
1526 1657
1526 1669
1526 1670
1526 1671
1526 1683
1527 1528
1527 1542
1527 1671
1528 1529
1528 1542
1528 1543
1528 1544
1528 1659
1528 1671
1528 1672
1528 1673
1528 1685
1529 1530
1529 1544
1529 1673
1530 1531
1530 1544
1530 1545
1530 1546
1530 1661
1530 1673
1530 1674
1530 1675
1530 1687
1531 1532
1531 1546
1531 1675
1532 1533
1532 1546
1532 1547
1532 1663
1532 1675
1532 1676
1534 1535
1534 1536
1535 1536
1535 1552
1535 1554
1535 1701
1536 1537
1536 1554
1536 1555
1536 1556
1536 1677
1536 1678
1536 1679
1536 1701
1536 1703
1537 1538
1537 1556
1537 1679
1538 1539
1538 1556
1538 1557
1538 1558
1538 1667
1538 1679
1538 1680
1538 1681
1538 1705
1539 1540
1539 1558
1539 1681
1540 1541
1540 1558
1540 1559
1540 1560
1540 1669
1540 1681
1540 1682
1540 1683
1540 1707
1541 1542
1541 1560
1541 1683
1542 1543
1542 1560
1542 1561
1542 1562
1542 1671
1542 1683
1542 1684
1542 1685
1542 1709
1543 1544
1543 1562
1543 1685
1544 1545
1544 1562
1544 1563
1544 1564
1544 1673
1544 1685
1544 1686
1544 1687
1544 1711
1545 1546
1545 1564
1545 1687
1546 1547
1546 1564
1546 1565
1546 1675
1546 1687
1546 1688
1548 1549
1548 1550
1548 1551
1548 1567
1548 1690
1548 1692
1548 1695
1548 1696
1548 1697
1549 1551
1549 1552
1549 1697
1550 1551
1550 1567
1550 1570
1550 1696
1551 1552
1551 1553
1551 1570
1551 1571
1551 1572
1551 1696
1551 1697
1551 1698
1551 1700
1551 1716
1552 1553
1552 1554
1552 1697
1552 1699
1552 1700
1552 1701
1553 1554
1553 1572
1553 1700
1554 1555
1554 1572
1554 1573
1554 1574
1554 1700
1554 1701
1554 1702
1554 1703
1554 1718
1555 1556
1555 1574
1555 1703
1556 1557
1556 1574
1556 1575
1556 1576
1556 1679
1556 1703
1556 1704
1556 1705
1556 1720
1557 1558
1557 1576
1557 1705
1558 1559
1558 1576
1558 1577
1558 1578
1558 1681
1558 1705
1558 1706
1558 1707
1558 1722
1559 1560
1559 1578
1559 1707
1560 1561
1560 1578
1560 1579
1560 1580
1560 1683
1560 1707
1560 1708
1560 1709
1560 1724
1561 1562
1561 1580
1561 1709
1562 1563
1562 1580
1562 1581
1562 1582
1562 1685
1562 1709
1562 1710
1562 1711
1562 1726
1563 1564
1563 1582
1563 1711
1564 1565
1564 1582
1564 1583
1564 1584
1564 1687
1564 1711
1564 1712
1565 1584
1566 1567
1566 1568
1566 1689
1566 1693
1567 1568
1567 1569
1567 1570
1567 1689
1567 1690
1567 1692
1567 1693
1567 1694
1567 1696
1567 1714
1568 1569
1568 1585
1568 1586
1568 1693
1568 1713
1568 1714
1568 1728
1569 1570
1569 1586
1569 1714
1570 1571
1570 1586
1570 1587
1570 1588
1570 1696
1570 1714
1570 1715
1570 1716
1570 1730
1571 1572
1571 1588
1571 1716
1572 1573
1572 1588
1572 1589
1572 1590
1572 1700
1572 1716
1572 1717
1572 1718
1572 1732
1573 1574
1573 1590
1573 1718
1574 1575
1574 1590
1574 1591
1574 1592
1574 1703
1574 1718
1574 1719
1574 1720
1574 1734
1575 1576
1575 1592
1575 1720
1576 1577
1576 1592
1576 1593
1576 1594
1576 1705
1576 1720
1576 1721
1576 1722
1576 1736
1577 1578
1577 1594
1577 1722
1578 1579
1578 1594
1578 1595
1578 1596
1578 1707
1578 1722
1578 1723
1578 1724
1578 1738
1579 1580
1579 1596
1579 1724
1580 1581
1580 1596
1580 1597
1580 1598
1580 1709
1580 1724
1580 1725
1580 1726
1580 1740
1581 1582
1581 1598
1581 1726
1582 1583
1582 1598
1582 1599
1582 1600
1582 1711
1582 1726
1582 1727
1583 1584
1583 1600
1585 1586
1585 1601
1585 1728
1586 1587
1586 1601
1586 1602
1586 1603
1586 1714
1586 1728
1586 1729
1586 1730
1587 1588
1587 1603
1587 1730
1588 1589
1588 1603
1588 1604
1588 1605
1588 1716
1588 1730
1588 1731
1588 1732
1588 1741
1589 1590
1589 1605
1589 1732
1590 1591
1590 1605
1590 1606
1590 1607
1590 1718
1590 1732
1590 1733
1590 1734
1590 1743
1591 1592
1591 1607
1591 1734
1592 1593
1592 1607
1592 1608
1592 1609
1592 1720
1592 1734
1592 1735
1592 1736
1592 1745
1593 1594
1593 1609
1593 1736
1594 1595
1594 1609
1594 1610
1594 1611
1594 1722
1594 1736
1594 1737
1594 1738
1594 1747
1595 1596
1595 1611
1595 1738
1596 1597
1596 1611
1596 1612
1596 1613
1596 1724
1596 1738
1596 1739
1596 1740
1596 1749
1597 1598
1597 1613
1597 1740
1598 1599
1598 1613
1598 1614
1599 1600
1601 1602
1602 1603
1603 1604
1604 1605
1604 1741
1605 1606
1605 1615
1605 1616
1605 1732
1605 1741
1605 1742
1605 1743
1606 1607
1606 1616
1606 1743
1607 1608
1607 1616
1607 1617
1607 1618
1607 1734
1607 1743
1607 1744
1607 1745
1608 1609
1608 1618
1608 1745
1609 1610
1609 1618
1609 1619
1609 1620
1609 1736
1609 1745
1609 1746
1609 1747
1609 1751
1610 1611
1610 1620
1610 1747
1611 1612
1611 1620
1611 1621
1611 1738
1611 1747
1611 1748
1611 1749
1612 1613
1612 1749
1613 1614
1615 1616
1616 1617
1617 1618
1618 1619
1618 1745
1618 1750
1618 1751
1619 1620
1619 1751
1620 1621
1620 1747
1620 1751
1620 1752
1622 1623
1622 1624
1622 1625
1623 1625
1623 1626
1624 1625
1624 1629
1624 1632
1624 1754
1625 1626
1625 1627
1625 1632
1625 1633
1625 1634
1626 1627
1627 1634
1627 1635
1628 1629
1628 1630
1629 1630
1629 1631
1629 1632
1629 1753
1629 1754
1629 1755
1630 1631
1630 1637
1630 1638
1630 1639
1630 1640
1630 1755
1630 1757
1630 1758
1630 1760
1631 1632
1631 1640
1631 1755
1632 1633
1632 1640
1632 1641
1632 1642
1632 1754
1632 1755
1632 1756
1632 1762
1632 1763
1633 1634
1633 1642
1633 1763
1634 1635
1634 1636
1634 1642
1634 1643
1634 1644
1635 1636
1636 1644
1637 1638
1637 1757
1638 1639
1638 1645
1638 1646
1638 1647
1638 1648
1638 1757
1638 1759
1638 1760
1638 1765
1638 1767
1639 1640
1639 1648
1639 1760
1640 1641
1640 1648
1640 1649
1640 1650
1640 1755
1640 1760
1640 1761
1640 1762
1640 1769
1641 1642
1641 1650
1641 1762
1642 1643
1642 1650
1642 1651
1642 1652
1642 1762
1642 1763
1642 1764
1642 1771
1643 1644
1643 1652
1644 1652
1644 1653
1645 1646
1645 1765
1646 1647
1646 1654
1646 1655
1646 1656
1646 1657
1646 1765
1646 1766
1646 1767
1646 1772
1647 1648
1647 1657
1647 1767
1648 1649
1648 1657
1648 1658
1648 1659
1648 1760
1648 1767
1648 1768
1648 1769
1648 1774
1649 1650
1649 1659
1649 1769
1650 1651
1650 1659
1650 1660
1650 1661
1650 1762
1650 1769
1650 1770
1650 1771
1650 1776
1651 1652
1651 1661
1651 1771
1652 1653
1652 1661
1652 1662
1652 1663
1653 1663
1654 1655
1655 1656
1655 1665
1655 1667
1655 1668
1655 1669
1656 1657
1656 1669
1656 1772
1657 1658
1657 1669
1657 1670
1657 1671
1657 1767
1657 1772
1657 1773
1657 1774
1657 1779
1658 1659
1658 1671
1658 1774
1659 1660
1659 1671
1659 1672
1659 1673
1659 1769
1659 1774
1659 1775
1659 1776
1659 1781
1660 1661
1660 1673
1660 1776
1661 1662
1661 1673
1661 1674
1661 1675
1661 1771
1661 1776
1661 1777
1661 1783
1662 1663
1662 1675
1663 1675
1663 1676
1664 1665
1664 1666
1664 1667
1665 1667
1666 1667
1666 1677
1666 1679
1667 1668
1667 1679
1667 1680
1667 1681
1668 1669
1668 1681
1668 1784
1669 1670
1669 1681
1669 1682
1669 1683
1669 1772
1669 1778
1669 1779
1669 1784
1669 1786
1670 1671
1670 1683
1670 1779
1671 1672
1671 1683
1671 1684
1671 1685
1671 1774
1671 1779
1671 1780
1671 1781
1671 1788
1672 1673
1672 1685
1672 1781
1673 1674
1673 1685
1673 1686
1673 1687
1673 1776
1673 1781
1673 1782
1673 1783
1673 1790
1674 1675
1674 1687
1674 1783
1675 1676
1675 1687
1675 1688
1677 1678
1677 1679
1678 1679
1678 1701
1678 1703
1679 1680
1679 1703
1679 1704
1679 1705
1679 1803
1679 1804
1679 1805
1680 1681
1680 1705
1680 1804
1681 1682
1681 1705
1681 1706
1681 1707
1681 1784
1681 1785
1681 1786
1681 1804
1681 1807
1682 1683
1682 1707
1682 1786
1683 1684
1683 1707
1683 1708
1683 1709
1683 1779
1683 1786
1683 1787
1683 1788
1684 1685
1684 1709
1684 1788
1685 1686
1685 1709
1685 1710
1685 1711
1685 1781
1685 1788
1685 1789
1685 1790
1686 1687
1686 1711
1686 1790
1687 1688
1687 1711
1687 1712
1689 1690
1689 1691
1689 1692
1689 1693
1690 1692
1691 1692
1691 1693
1691 1791
1692 1693
1692 1694
1692 1695
1692 1696
1692 1791
1692 1792
1692 1794
1692 1795
1693 1694
1693 1713
1693 1714
1693 1791
1693 1793
1693 1794
1693 1808
1694 1696
1694 1714
1694 1794
1695 1696
1695 1697
1695 1795
1696 1697
1696 1698
1696 1714
1696 1715
1696 1716
1696 1794
1696 1795
1696 1796
1696 1798
1696 1810
1697 1698
1697 1699
1697 1700
1697 1795
1697 1797
1697 1798
1697 1799
1698 1700
1698 1716
1698 1798
1699 1700
1699 1701
1699 1799
1700 1701
1700 1702
1700 1716
1700 1717
1700 1718
1700 1798
1700 1799
1700 1800
1700 1802
1700 1812
1701 1702
1701 1703
1701 1799
1701 1801
1701 1802
1702 1703
1702 1718
1702 1802
1703 1704
1703 1718
1703 1719
1703 1720
1703 1802
1703 1814
1703 1815
1704 1705
1704 1720
1704 1805
1705 1706
1705 1720
1705 1721
1705 1722
1705 1804
1705 1805
1705 1806
1705 1807
1705 1817
1706 1707
1706 1722
1706 1807
1707 1708
1707 1722
1707 1723
1707 1724
1708 1709
1708 1724
1709 1710
1709 1724
1709 1725
1709 1726
1710 1711
1710 1726
1711 1712
1711 1726
1711 1727
1713 1714
1713 1728
1713 1808
1714 1715
1714 1728
1714 1729
1714 1730
1714 1794
1714 1808
1714 1809
1714 1810
1715 1716
1715 1730
1715 1810
1716 1717
1716 1730
1716 1731
1716 1732
1716 1798
1716 1810
1716 1811
1716 1812
1716 1819
1717 1718
1717 1732
1717 1812
1718 1719
1718 1732
1718 1733
1718 1734
1718 1802
1718 1812
1718 1813
1718 1815
1718 1821
1719 1720
1719 1734
1719 1815
1720 1721
1720 1734
1720 1735
1720 1736
1720 1805
1720 1816
1720 1817
1721 1722
1721 1736
1721 1817
1722 1723
1722 1736
1722 1737
1722 1738
1722 1807
1722 1817
1722 1818
1723 1724
1723 1738
1724 1725
1724 1738
1724 1739
1724 1740
1725 1726
1725 1740
1726 1727
1728 1729
1729 1730
1730 1731
1731 1732
1731 1741
1731 1819
1732 1733
1732 1741
1732 1742
1732 1743
1732 1812
1732 1819
1732 1820
1732 1821
1733 1734
1733 1743
1733 1821
1734 1735
1734 1743
1734 1744
1734 1745
1734 1815
1734 1821
1734 1822
1735 1736
1735 1745
1736 1737
1736 1745
1736 1746
1736 1747
1737 1738
1737 1747
1738 1739
1738 1747
1738 1748
1738 1749
1739 1740
1739 1749
1741 1742
1742 1743
1743 1744
1744 1745
1745 1746
1745 1750
1745 1751
1746 1747
1746 1751
1747 1748
1747 1751
1747 1752
1748 1749
1750 1751
1751 1752
1753 1754
1753 1755
1754 1755
1754 1756
1755 1756
1755 1758
1755 1760
1755 1761
1755 1762
1756 1762
1756 1763
1757 1758
1757 1759
1757 1760
1758 1760
1759 1760
1759 1765
1759 1767
1760 1761
1760 1767
1760 1768
1760 1769
1761 1762
1761 1769
1762 1763
1762 1764
1762 1769
1762 1770
1762 1771
1763 1764
1764 1771
1765 1766
1765 1767
1766 1767
1766 1772
1767 1768
1767 1772
1767 1773
1767 1774
1768 1769
1768 1774
1769 1770
1769 1774
1769 1775
1769 1776
1770 1771
1770 1776
1771 1776
1771 1777
1772 1773
1772 1778
1772 1779
1773 1774
1773 1779
1774 1775
1774 1779
1774 1780
1774 1781
1775 1776
1775 1781
1776 1777
1776 1781
1776 1782
1776 1783
1777 1783
1778 1779
1778 1784
1778 1786
1779 1780
1779 1786
1779 1787
1779 1788
1780 1781
1780 1788
1781 1782
1781 1788
1781 1789
1781 1790
1782 1783
1782 1790
1784 1785
1784 1786
1785 1786
1785 1804
1785 1807
1786 1787
1787 1788
1788 1789
1789 1790
1791 1792
1791 1793
1791 1794
1792 1794
1792 1795
1792 1823
1793 1794
1793 1808
1794 1795
1794 1796
1794 1808
1794 1809
1794 1810
1794 1823
1794 1825
1794 1826
1794 1831
1795 1796
1795 1797
1795 1798
1795 1823
1795 1824
1795 1826
1795 1827
1796 1798
1796 1810
1796 1826
1797 1798
1797 1799
1797 1827
1798 1799
1798 1800
1798 1810
1798 1811
1798 1812
1798 1826
1798 1827
1798 1828
1798 1830
1799 1800
1799 1801
1799 1802
1799 1827
1799 1829
1799 1830
1800 1802
1800 1812
1800 1830
1801 1802
1802 1812
1802 1813
1802 1814
1802 1815
1803 1804
1803 1805
1804 1805
1804 1806
1804 1807
1805 1806
1805 1816
1805 1817
1806 1807
1806 1817
1807 1817
1807 1818
1808 1809
1809 1810
1809 1831
1810 1811
1810 1826
1810 1831
1810 1832
1811 1812
1811 1819
1812 1813
1812 1819
1812 1820
1812 1821
1813 1815
1813 1821
1814 1815
1815 1821
1815 1822
1816 1817
1817 1818
1819 1820
1820 1821
1821 1822
1823 1824
1823 1825
1823 1826
1824 1826
1824 1827
1825 1826
1825 1831
1826 1827
1826 1828
1826 1831
1826 1832
1827 1828
1827 1829
1827 1830
1828 1830
1829 1830
1831 1832

SURFACE_TRIANGLES
1826 1832 1831
1810 1831 1832
1825 1826 1831
1794 1825 1831
1809 1831 1810
1794 1831 1809
1796 1810 1826
1827 1830 1828
1798 1828 1830
1799 1800 1830
1797 1799 1827
1824 1827 1826
1795 1827 1824
1794 1823 1825
1823 1824 1826
1795 1824 1823
1815 1822 1821
1734 1822 1815
1732 1820 1821
1732 1821 1733
1812 1820 1819
1732 1819 1820
1721 1817 1722
1706 1722 1807
1720 1805 1816
1802 1815 1813
1802 1814 1815
1703 1815 1814
1703 1814 1802
1703 1719 1815
1702 1703 1802
1802 1813 1812
1800 1802 1812
1798 1800 1812
1716 1810 1811
1796 1798 1810
1714 1809 1810
1713 1808 1714
1693 1808 1713
1804 1807 1806
1785 1807 1804
1681 1807 1785
1681 1785 1804
1681 1706 1807
1680 1681 1804
1679 1803 1805
1679 1804 1803
1679 1805 1704
1799 1801 1802
1701 1802 1801
1701 1702 1802
1697 1799 1797
1697 1699 1799
1695 1697 1795
1692 1795 1792
1693 1791 1793
1791 1792 1794
1691 1791 1693
1691 1692 1791
1781 1790 1789
1781 1782 1790
1673 1686 1790
1792 1795 1823
1685 1788 1789
1684 1788 1685
1683 1787 1788
1683 1788 1684
1779 1787 1786
1778 1779 1786
1682 1786 1683
1784 1786 1785
1681 1785 1786
1681 1784 1785
1778 1786 1784
1668 1669 1784
1776 1777 1783
1673 1783 1674
1776 1782 1781
1774 1781 1780
1773 1774 1779
1772 1779 1778
1669 1772 1778
1796 1826 1798
1772 1773 1779
1771 1777 1776
1770 1771 1776
1651 1661 1771
1769 1775 1774
1767 1774 1773
1767 1768 1774
1767 1773 1772
1646 1766 1772
1646 1772 1656
1795 1797 1827
1762 1764 1771
1642 1771 1764
1642 1651 1771
1762 1770 1769
1760 1761 1769
1760 1768 1767
1759 1760 1767
1646 1765 1766
1642 1764 1763
1755 1762 1761
1755 1761 1760
1638 1757 1759
1630 1758 1757
1630 1757 1637
1754 1756 1755
1632 1756 1754
1753 1754 1755
1629 1754 1753
1624 1632 1754
1624 1754 1629
1747 1752 1751
1620 1751 1752
1620 1752 1747
1619 1751 1620
1618 1745 1750
1618 1751 1619
1611 1749 1612
1738 1748 1747
1737 1738 1747
1596 1612 1749
1610 1747 1611
1734 1745 1744
1734 1735 1745
1734 1744 1743
1606 1743 1607
1605 1742 1743
1732 1733 1743
1588 1731 1741
1724 1740 1739
1596 1739 1740
1580 1740 1725
1596 1740 1597
1724 1739 1738
1723 1724 1738
1722 1738 1737
1693 1793 1808
1722 1737 1736
1755 1760 1758
1721 1722 1736
1720 1736 1735
1720 1735 1734
1716 1731 1730
1715 1716 1730
1587 1730 1588
1714 1715 1730
1714 1729 1728
1586 1728 1729
1568 1713 1728
1585 1728 1586
1568 1728 1585
1711 1727 1726
1582 1726 1727
1581 1726 1582
1563 1582 1711
1580 1725 1726
1580 1726 1581
1708 1709 1724
1707 1723 1722
1703 1720 1719
1564 1712 1687
1686 1687 1711
1545 1564 1687
1684 1685 1709
1683 1684 1709
1683 1708 1707
1681 1707 1706
1679 1704 1703
1701 1703 1702
1536 1678 1701
1535 1536 1701
1535 1701 1552
1552 1699 1697
1549 1552 1697
1548 1697 1695
1548 1549 1697
1548 1567 1550
1548 1690 1567
1689 1692 1691
1566 1689 1693
1545 1687 1546
1531 1546 1675
1673 1687 1686
1804 1806 1805
1667 1668 1681
1677 1679 1678
1536 1677 1678
1666 1679 1677
1521 1522 1677
1663 1676 1675
1532 1675 1676
1662 1663 1675
1531 1675 1532
1518 1532 1663
1661 1675 1674
1661 1662 1675
1655 1667 1665
1509 1655 1665
1664 1667 1666
1508 1664 1522
1652 1663 1662
1652 1653 1663
1504 1518 1663
1652 1662 1661
1666 1667 1679
1651 1652 1661
1496 1654 1655
1496 1646 1654
1504 1653 1644
1642 1652 1651
1642 1643 1652
1757 1758 1760
1805 1806 1817
1495 1645 1646
1495 1638 1645
1485 1638 1495
1634 1644 1643
1634 1636 1644
1633 1634 1642
1546 1687 1688
1484 1630 1637
1484 1638 1485
1478 1630 1484
1634 1635 1636
1627 1635 1634
1475 1483 1635
1473 1475 1635
1625 1634 1633
1628 1629 1630
1477 1629 1628
1477 1630 1478
1468 1629 1477
1625 1626 1627
1470 1626 1623
1472 1473 1626
1470 1472 1626
1622 1625 1624
1470 1623 1622
1467 1622 1469
1467 1470 1622
1611 1621 1620
1678 1703 1701
1459 1621 1611
1610 1611 1620
1458 1620 1459
1457 1620 1458
1456 1618 1457
1607 1618 1617
1455 1617 1618
1607 1617 1616
1453 1605 1615
1605 1606 1616
1453 1616 1454
1447 1613 1614
1596 1613 1612
1596 1597 1613
1445 1611 1612
1444 1611 1445
1437 1604 1605
1437 1605 1438
1588 1604 1603
1587 1588 1603
1436 1603 1437
1586 1603 1602
1435 1603 1436
1586 1602 1601
1435 1601 1602
1585 1586 1601
1417 1601 1434
1582 1583 1600
1431 1600 1432
1415 1432 1600
1431 1598 1599
1736 1747 1746
1581 1582 1598
1430 1598 1431
1580 1598 1597
1681 1786 1682
1455 1616 1617
1606 1607 1616
1400 1568 1417
1564 1584 1583
1415 1583 1584
1394 1584 1565
1564 1583 1582
1582 1599 1598
1733 1821 1734
1378 1550 1567
1378 1567 1399
1810 1832 1826
1398 1568 1400
1586 1587 1603
1398 1399 1567
1546 1565 1564
1545 1546 1564
1607 1608 1618
1360 1535 1552
1360 1552 1381
1378 1548 1550
1376 1377 1548
1532 1547 1546
1372 1546 1547
1372 1547 1532
1371 1546 1372
1356 1372 1532
1629 1631 1630
1646 1655 1654
1534 1536 1535
1360 1534 1535
1359 1534 1360
1345 1534 1359
1519 1533 1532
1564 1711 1712
1357 1532 1533
1813 1815 1821
1357 1533 1519
1518 1519 1532
1356 1532 1357
1588 1741 1604
1345 1520 1521
1332 1508 1520
1331 1520 1345
1504 1505 1519
1327 1519 1505
1496 1509 1507
1333 1496 1507
1506 1509 1508
1332 1506 1508
1506 1507 1509
1333 1507 1506
1493 1505 1504
1327 1505 1493
1491 1493 1504
1689 1690 1692
1483 1491 1644
1495 1497 1496
1494 1495 1496
1316 1496 1318
1483 1493 1491
1305 1492 1483
1303 1305 1483
1308 1484 1485
1307 1478 1484
1306 1484 1308
1297 1483 1475
1664 1665 1667
1297 1303 1483
1611 1748 1749
1307 1477 1478
1298 1468 1477
1298 1307 1299
1307 1476 1477
1298 1477 1476
1298 1476 1307
1473 1474 1475
1305 1315 1493
1297 1475 1474
1294 1474 1472
1296 1297 1474
1294 1296 1474
1294 1472 1470
1291 1294 1470
1290 1470 1467
1466 1469 1468
1298 1466 1468
1290 1298 1292
1298 1465 1466
1290 1465 1298
1455 1464 1463
1288 1463 1464
1286 1462 1463
1445 1461 1460
1281 1460 1461
1445 1446 1461
1266 1461 1446
1445 1460 1459
1281 1459 1460
1279 1458 1459
1279 1459 1280
1278 1457 1279
1277 1457 1278
1776 1783 1782
1644 1653 1652
1656 1772 1669
1733 1734 1743
1437 1453 1452
1273 1452 1453
1437 1438 1453
1273 1451 1452
1436 1437 1451
1271 1450 1451
1271 1451 1272
1271 1449 1450
1254 1434 1449
1722 1817 1818
1270 1449 1271
1431 1448 1447
1268 1448 1431
1266 1446 1447
1266 1447 1267
1798 1826 1828
1531 1532 1546
1496 1655 1510
1254 1417 1434
1667 1681 1680
1233 1417 1254
1248 1432 1433
1415 1416 1433
1227 1433 1416
1288 1464 1455
1345 1521 1534
1276 1288 1455
1722 1818 1807
1791 1794 1793
1231 1400 1417
1231 1417 1233
1769 1770 1776
1611 1747 1748
583 746 752
1078 1272 1284
1798 1812 1811
582 752 588
771 962 964
138 276 281
574 740 583
735 741 740
223 243 225
589 753 601
735 740 739
568 735 739
568 569 735
734 737 738
572 738 737
734 736 735
733 734 735
567 735 569
567 570 734
552 565 720
563 729 730
892 906 1097
561 727 728
560 727 561
1719 1734 1815
545 711 723
266 411 268
223 241 243
553 720 721
270 271 414
402 404 406
731 898 732
1274 1453 1286
1106 1292 1298
709 712 711
531 709 711
707 868 870
683 706 709
705 708 706
683 705 706
682 705 683
525 704 678
1580 1597 1740
1076 1271 1077
531 688 689
286 436 435
681 683 688
680 684 686
81 91 82
888 901 899
525 679 527
198 339 350
1646 1656 1655
907 910 908
564 731 565
849 1039 851
1734 1821 1822
559 725 726
1755 1756 1762
760 935 934
515 667 668
573 579 738
806 1006 817
498 513 500
256 267 268
425 581 430
705 707 708
1446 1613 1447
667 692 668
588 752 751
362 364 363
502 653 654
531 545 532
904 1095 1096
1438 1605 1453
720 881 882
1827 1829 1830
1100 1103 1102
488 641 489
477 641 488
475 640 629
475 487 640
1504 1663 1653
477 630 631
464 621 630
476 630 477
228 245 231
464 630 476
475 629 620
1745 1746 1751
1417 1568 1585
1 3 8
1794 1809 1808
1330 1506 1332
553 722 555
426 574 581
612 630 621
489 642 653
849 1038 1037
740 915 921
298 305 307
922 1112 929
67 159 166
54 138 139
902 1095 904
599 610 611
256 399 258
1415 1600 1583
1227 1416 1394
1005 1179 1192
1437 1452 1451
901 1093 1094
667 818 832
881 1071 882
440 589 601
1417 1585 1601
446 597 596
438 446 596
1021 1194 1214
731 897 898
437 438 587
364 515 365
326 486 473
1793 1794 1808
208 349 348
581 583 582
249 260 263
1630 1631 1755
1085 1279 1086
423 579 573
423 578 579
455 612 456
1732 1742 1741
418 570 567
157 165 158
415 566 568
683 709 689
253 263 265
850 1055 869
587 750 745
406 562 563
1674 1675 1687
406 561 562
403 561 404
403 559 560
1520 1522 1521
122 239 223
556 558 559
235 249 251
392 556 557
541 554 555
1331 1332 1520
817 1006 1004
724 900 725
398 553 400
1210 1374 1378
231 245 246
1645 1765 1646
570 572 734
474 475 620
13 16 22
513 527 679
379 532 545
379 545 544
487 500 640
1655 1669 1668
374 542 376
77 167 175
376 542 525
1272 1451 1273
1290 1291 1470
1504 1519 1518
14 22 23
1596 1749 1739
1633 1642 1763
231 249 233
1075 1077 1078
1148 1333 1330
818 1004 832
588 751 753
525 543 704
1117 1118 1305
528 530 531
528 531 529
379 528 529
365 515 528
513 526 527
33 89 91
376 525 526
1371 1372 1394
439 588 440
361 376 526
512 526 513
437 587 580
116 122 223
52 59 53
338 489 339
1206 1228 1227
1394 1565 1546
1377 1552 1549
1036 1228 1206
49 53 143
1268 1447 1448
866 1052 1053
34 37 35
561 729 562
1548 1692 1690
653 817 818
409 410 411
1685 1686 1711
1437 1603 1604
1132 1316 1134
1455 1618 1456
255 256 257
753 937 936
844 867 1053
898 1089 1071
1598 1614 1613
398 412 565
350 501 502
1608 1745 1618
531 711 545
339 489 350
262 402 405
1632 1763 1756
568 739 740
1522 1666 1677
583 740 746
1078 1092 1090
389 541 542
350 502 351
1759 1767 1765
1685 1710 1709
566 567 568
896 912 910
225 243 226
97 195 109
1622 1623 1625
328 477 338
180 193 182
123 124 125
475 486 487
752 754 753
1286 1463 1287
587 598 760
109 195 196
261 391 402
1655 1668 1667
274 275 418
1704 1805 1720
430 588 439
217 233 235
327 476 477
54 145 55
327 464 476
472 475 474
43 125 127
326 473 472
349 512 513
316 472 463
1716 1811 1819
129 272 276
515 530 528
455 601 602
980 1006 993
964 1144 1130
1306 1307 1484
455 600 601
896 911 912
725 903 905
753 936 762
579 744 738
299 447 455
299 317 309
317 454 455
299 454 317
308 453 446
108 112 111
307 308 446
1806 1807 1817
364 514 515
553 555 554
501 653 502
119 121 120
904 1097 906
299 440 447
415 568 419
436 446 438
52 58 59
1714 1810 1715
307 446 436
402 406 405
291 298 436
1287 1463 1288
338 488 489
1109 1296 1294
582 583 752
410 563 564
286 437 429
286 291 436
435 436 437
92 106 180
1667 1680 1679
1769 1776 1775
1208 1211 1210
282 425 430
1668 1784 1681
1022 1192 1194
280 286 423
903 904 905
500 665 666
282 424 425
1231 1232 1397
281 424 282
910 1099 1086
279 423 422
722 883 866
1719 1720 1734
1290 1466 1465
121 237 239
272 415 276
414 418 416
270 413 415
1374 1376 1378
266 409 411
1673 1790 1782
268 411 398
407 408 410
1434 1435 1449
262 405 407
405 406 407
667 832 831
286 429 423
408 563 410
5 41 40
401 403 402
1166 1358 1179
1457 1619 1620
387 399 400
258 399 387
831 854 833
745 750 926
436 438 437
1037 1212 1230
1605 1743 1606
545 558 556
213 350 351
11 20 21
1689 1691 1693
49 134 133
1469 1624 1629
106 118 205
350 489 501
133 136 135
1071 1268 1072
150 298 291
947 951 948
489 653 501
1774 1780 1779
191 205 193
422 423 572
213 364 362
226 243 244
37 99 101
1715 1810 1716
1179 1193 1192
545 723 558
279 422 418
680 683 681
1103 1104 1105
94 97 109
74 76 77
620 794 784
455 602 612
406 408 407
128 133 135
772 774 775
1119 1120 1121
274 418 417
667 830 692
38 44 40
150 157 158
556 559 557
1160 1357 1344
97 185 195
831 1022 1021
379 392 380
76 166 77
157 164 165
66 73 157
774 947 775
515 692 530
387 400 554
180 191 193
1273 1453 1274
263 266 265
96 175 184
128 275 274
196 209 211
351 502 364
212 350 213
1811 1812 1819
327 477 328
361 375 376
1466 1467 1469
59 66 157
59 157 149
209 213 210
620 784 771
1327 1344 1519
558 725 559
1685 1711 1710
935 1130 1118
489 641 642
8 11 10
561 728 729
195 197 198
640 652 816
1683 1709 1708
440 455 447
1191 1207 1206
230 378 247
165 174 315
398 565 552
258 387 388
1445 1612 1613
1093 1284 1285
255 267 256
744 745 919
44 137 54
26 29 32
1453 1615 1616
49 143 134
44 130 138
315 326 316
680 685 684
1055 1058 1076
73 173 164
19 26 27
686 846 847
1716 1819 1731
0 2 3
1459 1620 1621
125 274 271
686 707 705
881 898 1071
1638 1759 1765
1568 1693 1713
268 398 399
149 157 150
18 26 19
42 129 44
531 689 709
1290 1467 1466
124 128 126
43 48 124
1483 1644 1636
120 121 122
913 1100 915
125 270 269
361 526 512
681 688 685
167 317 175
378 390 391
473 486 475
113 114 121
113 121 119
406 563 408
1720 1816 1817
246 248 259
150 158 298
453 463 610
106 117 118
1768 1769 1774
5 10 41
1431 1599 1600
1624 1625 1632
103 115 117
103 113 115
1714 1808 1809
414 417 418
103 117 105
1607 1743 1744
423 429 437
1435 1450 1449
2 14 3
572 737 734
14 23 26
817 1004 818
271 274 414
1118 1130 1305
185 327 328
36 85 99
1799 1829 1827
91 105 106
82 91 92
1709 1725 1724
579 580 745
67 166 76
38 42 44
5 50 54
48 49 133
47 52 49
70 81 83
5 44 50
115 116 117
48 133 128
914 917 1104
430 581 582
145 292 151
60 151 152
1792 1823 1794
723 724 725
4 5 54
29 37 31
6 54 55
10 11 52
1190 1372 1191
86 175 96
23 29 26
136 286 280
1434 1601 1435
1643 1644 1652
559 727 560
1148 1330 1329
685 688 690
210 213 227
894 1085 1098
24 74 30
112 114 113
440 601 600
124 126 125
38 41 39
525 527 526
185 338 197
113 120 115
1165 1331 1345
84 180 173
226 375 360
82 84 83
96 184 185
0 4 6
39 46 43
276 419 424
41 52 47
640 816 804
751 752 753
22 29 23
567 733 735
106 205 191
6 15 12
374 389 542
704 867 844
67 152 159
849 852 1038
12 13 14
1056 1230 1229
12 16 13
1661 1674 1783
377 379 378
1738 1749 1748
416 418 567
143 150 144
30 75 85
5 8 10
223 239 241
145 282 287
0 3 1
95 108 99
125 269 129
816 1019 1003
463 472 474
866 1053 867
81 82 83
19 70 21
390 392 391
159 168 166
419 426 424
173 182 183
6 60 15
9 20 11
121 219 235
500 513 665
1566 1693 1568
1056 1231 1233
1681 1682 1707
502 654 667
4 54 6
270 415 272
60 145 151
2 6 12
110 217 112
85 95 99
1508 1522 1520
1509 1510 1655
298 307 436
198 350 212
215 231 217
16 61 67
173 183 174
12 15 16
43 46 48
745 926 920
579 745 744
1211 1214 1380
91 106 92
1799 1802 1800
41 47 46
28 34 29
115 120 116
29 33 32
210 227 211
844 1035 1036
794 991 978
54 139 145
33 91 81
109 215 217
1697 1797 1795
94 96 97
1092 1284 1093
678 844 679
259 261 262
99 113 101
391 401 402
43 127 129
1807 1818 1817
275 279 418
3 20 9
1037 1038 1208
46 49 48
72 83 73
5 40 44
14 26 18
915 922 921
730 896 731
1496 1510 1509
900 901 902
1703 1704 1720
43 123 125
1469 1622 1624
684 685 849
403 557 559
246 259 249
249 259 260
423 573 572
36 99 37
1564 1565 1584
400 553 554
111 112 113
77 86 85
13 22 14
48 128 124
1430 1447 1598
121 235 237
29 34 35
33 37 89
11 21 65
61 152 67
1076 1254 1270
895 1086 896
185 197 195
1305 1493 1492
251 263 253
0 1 5
848 849 850
541 704 543
274 417 414
378 379 380
568 740 574
112 121 114
85 96 93
379 529 531
486 499 500
559 726 727
96 185 97
869 1075 870
29 31 33
22 30 28
437 579 578
563 730 731
918 1109 1105
16 67 24
688 692 690
19 21 20
46 47 49
1143 1160 1327
205 226 206
1398 1567 1566
464 612 621
38 43 42
292 440 293
1316 1317 1495
641 795 805
239 253 255
553 721 722
951 967 966
89 103 91
1637 1757 1638
1756 1763 1762
1021 1209 1038
73 84 173
430 582 588
21 70 65
1277 1455 1456
260 262 263
261 402 262
65 72 73
486 500 487
65 73 66
1484 1637 1638
74 77 75
108 109 110
1781 1789 1788
67 76 74
99 108 111
1055 1056 1058
279 280 423
60 152 61
33 81 70
886 1090 887
193 208 194
641 805 806
596 597 599
407 410 409
227 230 228
11 58 52
360 375 361
0 6 2
44 54 50
1398 1566 1568
73 83 84
513 679 664
513 664 666
1147 1162 1163
1121 1122 1308
143 149 150
410 564 565
666 829 816
1634 1643 1642
259 262 260
101 113 103
11 65 58
244 374 375
82 92 180
463 474 610
900 904 903
165 173 174
85 93 94
85 94 95
167 168 317
116 118 117
1078 1271 1272
30 74 75
389 554 541
541 722 703
164 173 165
1604 1741 1605
844 1036 845
1 8 5
94 107 108
150 291 286
37 103 89
347 361 349
183 193 194
1279 1457 1458
392 403 393
379 531 532
245 247 248
602 772 612
680 681 685
734 738 736
8 9 11
229 363 378
91 103 105
414 416 415
596 599 598
34 36 37
601 763 602
10 52 41
109 217 110
326 336 337
193 205 207
193 207 208
205 208 207
205 206 208
209 210 211
239 255 257
209 212 213
1190 1191 1206
94 109 107
44 129 130
109 196 211
404 561 406
65 70 72
109 211 215
418 572 570
572 573 738
308 463 453
135 136 279
151 292 152
708 884 885
374 376 375
112 219 121
1618 1750 1751
253 265 267
1638 1765 1645
1435 1602 1603
18 19 20
105 117 106
1701 1801 1799
565 731 732
270 414 413
116 223 118
128 279 275
935 946 1130
118 223 205
205 223 225
308 316 463
211 227 228
349 361 512
1376 1548 1378
525 542 543
213 229 227
1193 1380 1194
762 936 763
70 83 72
379 544 392
129 270 272
1724 1725 1740
936 937 1120
1623 1626 1625
1491 1504 1644
1567 1690 1689
1610 1620 1747
828 1019 829
1087 1281 1088
16 60 61
54 137 138
242 244 243
228 230 245
6 55 60
24 67 74
680 682 683
245 248 246
403 560 561
231 246 249
30 85 36
680 686 682
664 828 666
1086 1099 1098
233 249 235
26 33 27
1468 1469 1629
446 610 597
1088 1283 1089
235 253 237
58 65 59
211 231 215
1472 1474 1473
349 498 500
317 456 464
692 831 833
1508 1509 1664
0 5 4
134 143 136
1477 1628 1630
326 337 486
1803 1804 1805
1673 1782 1783
239 257 241
928 1123 1120
241 257 242
256 258 257
138 282 139
1146 1148 1147
502 667 514
587 596 598
242 257 258
249 263 251
419 568 426
426 568 574
152 293 299
1318 1496 1333
262 264 263
1148 1165 1149
235 251 253
263 264 266
282 430 287
237 253 239
129 269 270
125 129 127
378 380 392
125 271 270
364 502 514
125 126 274
126 128 274
3 14 18
934 935 1117
129 276 130
166 168 167
440 600 455
94 108 95
1713 1714 1728
1798 1830 1800
266 407 409
73 164 157
77 175 86
896 1086 1087
93 96 94
1344 1357 1519
59 65 66
226 244 375
846 848 850
1039 1230 1057
1084 1278 1279
690 692 854
425 426 581
1760 1769 1768
136 144 286
936 1119 1121
567 734 733
276 415 419
49 52 53
1521 1677 1536
213 362 363
897 1088 898
374 388 389
144 150 286
256 268 399
1266 1267 1283
1394 1416 1584
196 198 209
678 704 844
152 292 293
562 729 563
133 134 136
910 912 911
3 9 8
152 299 159
287 430 292
1762 1763 1764
317 455 456
950 1121 1132
558 723 725
213 363 229
904 1096 1097
1147 1148 1149
158 165 305
477 631 641
158 305 298
165 306 305
610 620 611
1430 1431 1447
305 308 307
159 299 168
168 299 309
391 403 401
620 629 794
597 610 599
165 315 306
1630 1755 1758
31 37 33
29 35 37
306 315 308
99 111 113
112 217 219
1775 1776 1781
308 315 316
318 464 327
264 407 266
85 86 96
30 36 34
567 569 568
1453 1454 1463
541 703 704
1230 1232 1231
530 688 531
1457 1618 1619
230 247 245
1360 1381 1380
183 325 315
38 40 41
784 794 963
1580 1581 1598
198 212 209
565 732 720
174 183 315
175 327 184
338 477 488
1454 1455 1463
227 229 230
831 1021 1020
325 336 326
418 422 572
38 39 43
513 666 665
682 686 705
1212 1232 1230
712 724 723
1632 1633 1763
22 24 30
107 109 108
365 528 379
1607 1744 1745
183 194 336
211 228 231
1625 1633 1632
337 349 486
197 338 198
1779 1788 1787
806 993 1006
413 414 415
708 888 710
42 43 129
198 338 339
77 166 167
446 453 610
1281 1461 1282
349 500 499
1117 1305 1304
1165 1329 1331
317 464 318
293 440 299
1685 1790 1686
349 513 498
217 235 219
870 1075 886
1208 1210 1212
1735 1736 1745
735 914 913
1453 1463 1462
844 1053 1035
194 208 336
208 348 336
336 348 349
398 552 553
53 59 143
349 499 486
208 347 349
1738 1739 1749
1329 1332 1331
1267 1447 1268
901 1095 902
1692 1695 1795
868 869 870
1682 1683 1707
850 1039 1057
588 753 589
363 377 378
763 950 774
206 226 208
208 226 360
208 360 361
1077 1271 1078
248 261 259
213 351 364
1707 1724 1723
363 364 365
183 336 325
415 567 566
1110 1117 1297
75 77 85
106 191 180
896 1088 897
336 349 337
173 180 182
242 388 244
363 379 377
229 378 230
116 120 122
39 41 46
262 407 264
541 555 722
184 327 185
642 806 653
611 620 771
1254 1449 1270
136 143 144
242 258 388
387 389 388
1019 1207 1191
247 391 248
951 1147 967
185 328 338
598 599 760
587 760 750
1036 1227 1228
599 761 760
1120 1306 1308
415 416 567
601 753 762
601 762 763
1356 1357 1372
1308 1485 1495
884 886 887
1206 1395 1372
1037 1208 1212
727 892 893
1105 1109 1294
763 938 950
168 309 317
1607 1745 1608
244 388 374
1083 1277 1084
599 771 761
729 911 730
602 763 772
612 772 773
763 774 772
1231 1398 1400
771 963 962
1191 1373 1357
391 393 403
1546 1688 1675
612 773 630
1021 1214 1211
630 775 785
1563 1711 1564
1147 1163 1164
1397 1399 1398
1004 1006 1005
760 934 926
113 119 120
630 795 631
630 785 795
1779 1780 1788
1444 1459 1611
1357 1373 1372
217 231 233
1720 1817 1721
915 1106 923
1661 1777 1771
1345 1359 1358
629 640 794
640 804 794
1286 1453 1462
121 239 122
886 1075 1078
641 806 642
1532 1676 1663
266 268 267
1247 1431 1248
1165 1345 1166
410 412 411
456 612 464
552 720 553
1035 1227 1036
15 60 16
1071 1089 1283
901 1091 1093
424 426 425
709 710 712
1266 1282 1461
653 818 654
653 806 817
1699 1701 1799
580 587 745
1483 1636 1635
1052 1248 1053
854 1023 1038
1629 1755 1631
1112 1298 1299
887 901 889
887 1090 1091
816 829 1019
599 611 771
887 1091 901
666 828 829
667 831 830
654 818 667
398 411 412
1685 1789 1790
720 882 721
1227 1249 1433
928 1120 937
1205 1206 1227
1055 1074 1075
832 1004 1007
664 679 828
679 845 828
684 846 686
1315 1327 1493
684 849 846
437 580 579
846 850 847
846 849 848
423 437 578
849 851 850
685 852 849
276 424 281
1586 1729 1730
1096 1288 1097
692 833 854
500 666 652
130 276 138
182 193 183
1143 1145 1160
831 1020 854
1095 1286 1287
1588 1730 1731
1745 1751 1750
1605 1741 1742
703 866 704
704 866 867
686 847 868
847 850 868
1371 1394 1546
686 868 707
1673 1674 1687
850 869 868
1112 1307 1123
1679 1680 1804
286 435 437
138 281 282
1076 1270 1271
1826 1827 1828
1086 1281 1087
915 1102 1106
888 889 901
363 365 379
1193 1358 1360
720 732 898
703 722 866
721 882 722
722 882 883
1683 1786 1787
707 870 884
884 887 885
299 455 454
870 886 884
708 885 888
885 887 888
887 889 888
710 888 712
738 917 914
685 690 854
315 325 326
1761 1762 1769
726 892 727
727 894 728
727 893 894
1316 1495 1494
1805 1817 1816
775 947 948
731 896 897
720 898 881
724 888 900
1736 1746 1745
1473 1635 1627
888 899 900
899 901 900
725 900 903
951 1131 1133
1038 1209 1208
964 965 1145
900 902 904
726 905 892
979 991 992
892 905 906
904 906 905
728 894 907
894 909 907
907 909 910
730 911 896
729 908 911
908 910 911
895 896 910
735 736 914
1521 1536 1534
735 915 741
735 913 915
1732 1743 1742
175 318 327
736 738 914
831 1007 1022
738 744 919
738 919 917
917 919 918
745 920 919
918 919 920
1101 1104 1103
740 741 915
740 922 746
740 921 922
1483 1492 1493
2 12 14
248 391 261
746 922 752
752 927 928
922 929 928
392 544 556
750 760 926
760 761 935
963 979 965
1454 1616 1455
753 754 928
753 928 937
685 854 852
541 543 542
761 771 935
27 33 70
771 946 935
774 950 947
947 950 949
1629 1753 1755
1435 1436 1451
574 583 581
1330 1333 1506
1250 1252 1251
1084 1279 1085
771 964 946
963 965 964
775 948 966
948 951 966
1720 1721 1736
1372 1395 1394
305 306 308
1280 1459 1281
1582 1600 1599
241 242 243
949 950 1131
990 1191 1178
1766 1767 1772
794 978 963
963 978 979
785 966 795
795 966 805
805 966 980
966 967 980
1100 1101 1103
1058 1251 1254
1509 1665 1664
850 1054 1055
1675 1688 1687
712 888 724
440 588 589
692 830 831
978 991 979
794 804 991
977 979 990
514 667 515
990 992 991
979 992 990
22 28 29
1765 1767 1766
806 980 993
951 1148 1146
1095 1287 1288
19 27 70
804 816 990
816 1003 990
1722 1723 1738
1004 1005 1007
938 1121 950
979 1161 1145
771 784 963
1377 1380 1381
631 795 641
854 1021 1023
1415 1433 1432
82 180 84
1473 1627 1626
195 198 196
387 554 389
947 949 951
949 1131 951
882 1071 1072
828 1018 1019
208 361 347
752 922 927
1746 1747 1751
37 101 103
1276 1455 1277
990 1003 1191
3 18 20
1625 1627 1634
1056 1233 1252
1709 1726 1725
26 32 33
828 845 1036
828 1036 1018
1308 1495 1317
1444 1445 1459
849 1037 1039
852 854 1038
28 30 34
1757 1760 1759
1687 1712 1711
1655 1656 1669
1085 1086 1098
1709 1710 1726
850 1056 1054
1054 1056 1055
1495 1646 1497
850 1057 1056
850 851 1039
711 712 723
1731 1732 1741
1056 1250 1251
683 689 688
265 266 267
43 124 123
866 883 1073
1597 1598 1613
866 1073 1052
882 1072 1073
869 1055 1075
1055 1076 1074
1074 1076 1075
1075 1076 1077
1605 1616 1615
1103 1105 1294
1277 1456 1457
136 280 279
708 710 709
1316 1494 1496
472 473 475
892 1084 893
892 1083 1084
893 1084 894
894 1084 1085
980 1164 1006
922 928 927
1021 1038 1023
915 923 922
962 963 964
1248 1431 1432
804 990 991
898 1088 1089
886 1078 1090
1090 1093 1091
1090 1092 1093
901 1094 1095
892 1097 1083
895 910 1086
894 1098 909
909 1098 910
1586 1730 1587
910 1098 1099
914 1101 1100
1133 1333 1148
915 1100 1102
917 918 1104
914 1104 1101
918 1105 1104
1661 1783 1777
391 392 393
918 920 1109
752 928 754
920 926 1109
1823 1826 1825
926 1110 1109
922 923 1106
402 403 404
922 1106 1111
922 1111 1112
292 430 439
926 934 1117
926 1117 1110
935 1118 1117
936 1121 938
1193 1360 1380
936 1120 1119
1120 1122 1121
1812 1813 1821
1552 1701 1699
1102 1103 1290
928 929 1112
1447 1614 1598
928 1112 1123
1073 1268 1269
1018 1206 1019
1707 1708 1724
515 668 692
205 225 226
950 1132 1131
1131 1132 1134
1131 1134 1133
59 149 143
392 557 403
16 24 22
1812 1821 1820
1377 1549 1548
946 964 1130
964 1145 1144
1130 1144 1145
1130 1145 1143
951 1146 1147
1210 1397 1212
1582 1727 1711
1205 1227 1394
965 979 1145
977 1160 979
979 1160 1161
1145 1161 1160
1147 1165 1162
1162 1165 1163
1548 1695 1692
1147 1149 1165
1163 1165 1166
398 400 399
967 1147 980
980 1147 1164
253 267 255
1774 1775 1781
1710 1711 1726
1007 1192 1022
145 287 292
1106 1290 1292
977 990 1160
990 1178 1160
1006 1164 1163
1005 1006 1163
1005 1163 1179
1780 1781 1788
108 110 112
175 317 318
1005 1192 1007
1192 1193 1194
706 708 709
1035 1053 1227
1273 1274 1286
1678 1679 1703
1093 1286 1094
1163 1166 1179
1003 1019 1191
1019 1206 1207
1208 1209 1211
1094 1286 1095
1021 1211 1209
1021 1022 1194
1799 1830 1829
729 907 908
728 907 729
1231 1397 1396
530 692 688
1130 1315 1305
378 392 390
1018 1036 1206
1229 1230 1231
1056 1229 1231
1248 1433 1249
1706 1707 1722
525 678 679
1056 1057 1230
1037 1230 1039
1736 1737 1747
725 905 726
630 773 775
1052 1073 1248
1053 1248 1249
854 1020 1021
1056 1252 1250
1056 1251 1058
1233 1254 1252
1251 1252 1253
1251 1253 1254
1252 1254 1253
410 565 412
1134 1318 1333
652 666 816
1053 1249 1227
831 832 1007
1435 1451 1450
1071 1267 1268
1072 1268 1073
1247 1248 1268
1073 1269 1248
1248 1269 1268
772 775 773
1058 1254 1076
44 138 137
1731 1819 1732
1762 1771 1770
1084 1277 1278
1086 1279 1280
1086 1280 1281
1088 1281 1282
1071 1283 1267
1088 1282 1283
1266 1283 1282
1078 1284 1092
1273 1285 1284
1377 1381 1552
1566 1567 1689
1093 1285 1286
1273 1286 1285
1103 1291 1290
1095 1288 1096
1165 1328 1329
1083 1097 1277
1276 1277 1288
1097 1289 1277
1097 1288 1289
1277 1289 1288
1329 1330 1332
1102 1290 1106
1103 1294 1291
1109 1110 1297
1109 1297 1296
1106 1298 1111
1111 1298 1112
128 135 279
1117 1304 1297
1121 1308 1317
1297 1305 1303
1120 1123 1307
1120 1308 1122
1120 1307 1306
1692 1792 1791
292 439 440
1112 1299 1307
316 326 472
1415 1584 1416
1121 1316 1132
1121 1317 1316
1134 1316 1318
1563 1564 1582
1714 1730 1729
1522 1664 1666
438 596 587
1297 1304 1305
1130 1143 1327
1130 1327 1315
1148 1328 1165
1148 1329 1328
1133 1134 1333
805 980 806
247 378 391
1160 1344 1327
474 620 610
882 1073 883
775 966 785
913 914 1100
1160 1178 1357
1166 1345 1358
1179 1358 1193
1358 1359 1360
544 545 556
563 731 564
1798 1811 1810
500 652 640
896 1087 1088
1247 1268 1431
1178 1191 1357
1191 1372 1373
1211 1375 1374
1374 1375 1377
1210 1211 1374
1374 1377 1376
1496 1497 1646
1211 1380 1375
1375 1380 1377
1194 1380 1214
139 282 145
679 844 845
1272 1273 1284
707 884 708
763 936 938
1190 1206 1372
1205 1394 1206
55 145 60
1445 1613 1446
1206 1394 1395
1396 1397 1398
1231 1396 1398
1210 1378 1397
1212 1397 1232
1378 1399 1397
951 1133 1148
1669 1778 1784
