# CentVoxTetrahedralizerHybrid tetrahedral mesh
# Detection mode: HYBRID
# Grid: 20^3
# Merge block size: 2
# Protection layers: 2
# Smoothed: Yes
# Vertices: 1177
# Tetrahedra: 3499

VERTICES
-0.328005 -0.827904 -1.674748
-0.275371 -0.827565 -1.674440
-0.347222 -0.779781 -1.681001
-0.275454 -0.779945 -1.695915
-0.347245 -0.836385 -1.628058
-0.275142 -0.852705 -1.630427
-0.371213 -0.801520 -1.648365
-0.275353 -0.784134 -1.631315
-0.222681 -0.828156 -1.675040
-0.203606 -0.779873 -1.682351
-0.200928 -0.839412 -1.630370
-0.179430 -0.801826 -1.652216
-0.397947 -0.761648 -1.674958
-0.399533 -0.707953 -1.678834
-0.346278 -0.709293 -1.698811
-0.419297 -0.779191 -1.626144
-0.436982 -0.709036 -1.643221
-0.350167 -0.709321 -1.631315
-0.275435 -0.709208 -1.701971
-0.275353 -0.709321 -1.631315
-0.204593 -0.709147 -1.699063
-0.200540 -0.709321 -1.631315
-0.152917 -0.761702 -1.678729
-0.151249 -0.707681 -1.680519
-0.130851 -0.779910 -1.644004
-0.113357 -0.709137 -1.646434
-0.403419 -0.639342 -1.684264
-0.344737 -0.637004 -1.699256
-0.440557 -0.636901 -1.647653
-0.350167 -0.634507 -1.631315
-0.275308 -0.634813 -1.704904
-0.275353 -0.634507 -1.631315
-0.205578 -0.634666 -1.700631
-0.200540 -0.634507 -1.631315
-0.146405 -0.634666 -1.685436
-0.108291 -0.634666 -1.648955
-0.395188 -0.589986 -1.676121
-0.347208 -0.560018 -1.689635
-0.424526 -0.559970 -1.643901
-0.379204 -0.529955 -1.660259
-0.273738 -0.560149 -1.700956
-0.275353 -0.559693 -1.631315
-0.204483 -0.560116 -1.699053
-0.200540 -0.559693 -1.631315
-0.151249 -0.561553 -1.680595
-0.113379 -0.560067 -1.646406
-0.327017 -0.486466 -1.681138
-0.272015 -0.488894 -1.695724
-0.367346 -0.480989 -1.650870
-0.275353 -0.484880 -1.631315
-0.203478 -0.488145 -1.683598
-0.179586 -0.463985 -1.655707
-0.152917 -0.507366 -1.678931
-0.130866 -0.487264 -1.645260
-0.323488 -0.437459 -1.677852
-0.273535 -0.437787 -1.678067
-0.346423 -0.416422 -1.643762
-0.275237 -0.401439 -1.645629
-0.222691 -0.437495 -1.678724
-0.202782 -0.415381 -1.645361
-0.398239 -0.828522 -1.608867
-0.403304 -0.835941 -1.556945
-0.346316 -0.868697 -1.555168
-0.438501 -0.797833 -1.560570
-0.350167 -0.784134 -1.556502
-0.272843 -0.877343 -1.576625
-0.200708 -0.874861 -1.572304
-0.200540 -0.784134 -1.556502
-0.130863 -0.837511 -1.612408
-0.128048 -0.873273 -1.552784
-0.084211 -0.824315 -1.598403
-0.072553 -0.778963 -1.612444
-0.056384 -0.842220 -1.551142
-0.036017 -0.778239 -1.571573
-0.468098 -0.757303 -1.604258
-0.472495 -0.705903 -1.605808
-0.473405 -0.760742 -1.555069
-0.492364 -0.705778 -1.552539
-0.424981 -0.709321 -1.556502
-0.071433 -0.709036 -1.612294
-0.035195 -0.709129 -1.572292
-0.479136 -0.634606 -1.610581
-0.496139 -0.634345 -1.551346
-0.424981 -0.634507 -1.556502
-0.350167 -0.634507 -1.556502
-0.200540 -0.634507 -1.556502
-0.067619 -0.634666 -1.614682
-0.033213 -0.634715 -1.574143
-0.473874 -0.560145 -1.605999
-0.498677 -0.559892 -1.552247
-0.424981 -0.559693 -1.556502
-0.350167 -0.559693 -1.556502
-0.200540 -0.559693 -1.556502
-0.071705 -0.560116 -1.610509
-0.035807 -0.560067 -1.568834
-0.475081 -0.489666 -1.606416
-0.422749 -0.485341 -1.630347
-0.497218 -0.487547 -1.551598
-0.424981 -0.484880 -1.556502
-0.072943 -0.489754 -1.609270
-0.036857 -0.487128 -1.551414
-0.466309 -0.440833 -1.597596
-0.420715 -0.414379 -1.615949
-0.484769 -0.414176 -1.552122
-0.447242 -0.386638 -1.578730
-0.130159 -0.414410 -1.618119
-0.103494 -0.386638 -1.578901
-0.082773 -0.440891 -1.599441
-0.063860 -0.414091 -1.552342
-0.394201 -0.365655 -1.601688
-0.345270 -0.356945 -1.612611
-0.421379 -0.336678 -1.555095
-0.345397 -0.319777 -1.572217
-0.275400 -0.357880 -1.611827
-0.275454 -0.319558 -1.572416
-0.205530 -0.356867 -1.612718
-0.205543 -0.319777 -1.572184
-0.156635 -0.365604 -1.601853
-0.129658 -0.336678 -1.554965
-0.317518 -0.902774 -1.523585
-0.270559 -0.912205 -1.534822
-0.332273 -0.913047 -1.476569
-0.271808 -0.925589 -1.475942
-0.371095 -0.879907 -1.480667
-0.275353 -0.858948 -1.481688
-0.201967 -0.908439 -1.531154
-0.200596 -0.926948 -1.477584
-0.200540 -0.858948 -1.481688
-0.148037 -0.906885 -1.529413
-0.127320 -0.912029 -1.478595
-0.104489 -0.883827 -1.502849
-0.424526 -0.847597 -1.481574
-0.450253 -0.809690 -1.511504
-0.054341 -0.874881 -1.480556
-0.050913 -0.784134 -1.481688
-0.011238 -0.824521 -1.523216
0.001783 -0.778990 -1.534627
-0.000898 -0.840234 -1.476579
0.015367 -0.780480 -1.476009
-0.483081 -0.780941 -1.481525
-0.496744 -0.707444 -1.481287
-0.424981 -0.709321 -1.481688
-0.050913 -0.709321 -1.481688
0.000323 -0.709049 -1.532990
0.019658 -0.709261 -1.477592
-0.502439 -0.634523 -1.481174
-0.424981 -0.634507 -1.481688
-0.050913 -0.634507 -1.481688
0.003356 -0.634764 -1.535942
0.018744 -0.634715 -1.476648
-0.517216 -0.557929 -1.479255
-0.424981 -0.559693 -1.481688
-0.050913 -0.559693 -1.481688
-0.001610 -0.561509 -1.530965
0.017025 -0.560028 -1.477621
-0.517706 -0.485085 -1.493801
-0.026184 -0.463530 -1.502849
-0.003259 -0.507249 -1.529296
0.002020 -0.486387 -1.478638
-0.515617 -0.412188 -1.478767
-0.424981 -0.410066 -1.481688
-0.350167 -0.410066 -1.481688
-0.200540 -0.410066 -1.481688
-0.033267 -0.411036 -1.482160
-0.471571 -0.363110 -1.528618
-0.487284 -0.339121 -1.477841
-0.447582 -0.311474 -1.505511
-0.105057 -0.311474 -1.503898
-0.079275 -0.363058 -1.528726
-0.064253 -0.339184 -1.479515
-0.394181 -0.288377 -1.528608
-0.345202 -0.278473 -1.538512
-0.421412 -0.261637 -1.480541
-0.345397 -0.244671 -1.497540
-0.275502 -0.279375 -1.537562
-0.275551 -0.244525 -1.497549
-0.205868 -0.278473 -1.538349
-0.206897 -0.244671 -1.496153
-0.157743 -0.288377 -1.527591
-0.136241 -0.261637 -1.473769
-0.348847 -0.913437 -1.406492
-0.275176 -0.930375 -1.406431
-0.376050 -0.884766 -1.428516
-0.275353 -0.858948 -1.406874
-0.200569 -0.931590 -1.406403
-0.200540 -0.858948 -1.406874
-0.126140 -0.927786 -1.406516
-0.125726 -0.858948 -1.406874
-0.073475 -0.907726 -1.459376
-0.055481 -0.910560 -1.405431
-0.033665 -0.880227 -1.428425
-0.466172 -0.827434 -1.451830
-0.473567 -0.835772 -1.406760
-0.420634 -0.872018 -1.406740
-0.491525 -0.778087 -1.406950
-0.424981 -0.784134 -1.406874
-0.350167 -0.784134 -1.406874
-0.200540 -0.784134 -1.406874
-0.050913 -0.784134 -1.406874
0.000460 -0.856037 -1.406465
0.020185 -0.783928 -1.406431
-0.499230 -0.708932 -1.406906
-0.424981 -0.709321 -1.406874
-0.050913 -0.709321 -1.406874
0.023169 -0.709370 -1.406340
-0.503812 -0.635530 -1.406779
-0.424981 -0.634507 -1.406874
-0.050913 -0.634507 -1.406874
0.023509 -0.634666 -1.406468
-0.518303 -0.572526 -1.406543
-0.424981 -0.559693 -1.406874
-0.050913 -0.559693 -1.406874
0.021993 -0.559892 -1.406421
-0.546712 -0.532905 -1.454626
-0.546868 -0.483013 -1.454301
-0.546965 -0.532639 -1.404719
-0.561447 -0.481213 -1.403021
-0.499794 -0.484880 -1.406874
-0.050913 -0.484880 -1.406874
0.018095 -0.485117 -1.406623
-0.547480 -0.432160 -1.454499
-0.551301 -0.411415 -1.404011
-0.524739 -0.388716 -1.428113
-0.424981 -0.410066 -1.406874
-0.025195 -0.388716 -1.432873
-0.002002 -0.432202 -1.459636
0.003967 -0.410525 -1.407035
-0.517356 -0.336175 -1.406090
-0.032716 -0.338519 -1.426169
-0.471807 -0.287958 -1.454051
-0.487980 -0.260771 -1.403908
-0.448159 -0.233538 -1.432507
-0.084368 -0.288062 -1.449612
-0.058097 -0.260874 -1.399871
-0.394324 -0.213065 -1.455264
-0.345348 -0.203331 -1.464076
-0.421510 -0.183450 -1.417246
-0.347686 -0.164907 -1.426971
-0.275605 -0.204177 -1.463015
-0.275707 -0.166131 -1.426218
-0.207076 -0.203441 -1.462479
-0.204842 -0.166559 -1.424309
-0.163558 -0.213255 -1.448161
-0.137067 -0.186010 -1.408892
-0.397880 -0.906518 -1.384939
-0.396131 -0.903907 -1.331887
-0.346349 -0.924299 -1.331946
-0.432604 -0.857843 -1.332008
-0.350167 -0.858948 -1.332061
-0.275251 -0.930544 -1.331946
-0.275353 -0.858948 -1.332061
-0.200640 -0.933395 -1.331946
-0.200540 -0.858948 -1.332061
-0.126172 -0.930192 -1.331946
-0.125726 -0.858948 -1.332061
-0.055361 -0.923856 -1.331946
-0.050913 -0.858948 -1.332061
-0.007439 -0.902775 -1.384835
-0.008017 -0.902138 -1.331985
0.013756 -0.854848 -1.332024
-0.467195 -0.828577 -1.361975
-0.482450 -0.780315 -1.335648
-0.451024 -0.811162 -1.304982
-0.050913 -0.784134 -1.332061
0.020213 -0.783993 -1.331985
-0.495491 -0.706884 -1.334396
-0.424981 -0.709321 -1.332061
-0.050913 -0.709321 -1.332061
0.023626 -0.709480 -1.331946
-0.502481 -0.634418 -1.332238
-0.424981 -0.634507 -1.332061
-0.350167 -0.634507 -1.332061
-0.200540 -0.634507 -1.332061
-0.050913 -0.634507 -1.332061
0.025203 -0.634671 -1.331849
-0.519192 -0.559036 -1.332039
-0.350167 -0.559693 -1.332061
-0.200540 -0.559693 -1.332061
-0.050913 -0.559693 -1.332061
0.026488 -0.559862 -1.331751
-0.547737 -0.532934 -1.353841
-0.551208 -0.482117 -1.334609
-0.525134 -0.506600 -1.310385
-0.050913 -0.484880 -1.332061
0.024645 -0.484971 -1.331936
-0.562090 -0.410235 -1.335626
-0.499794 -0.410066 -1.332061
-0.350167 -0.410066 -1.332061
-0.200540 -0.410066 -1.332061
-0.050913 -0.410066 -1.332061
0.020981 -0.410225 -1.331902
-0.548388 -0.357648 -1.384913
-0.549863 -0.338908 -1.335121
-0.524645 -0.314059 -1.354000
-0.050913 -0.335252 -1.332061
0.002802 -0.340234 -1.388849
0.017692 -0.337915 -1.328390
-0.515934 -0.263092 -1.332430
-0.424981 -0.260439 -1.332061
-0.350167 -0.260439 -1.332061
-0.115903 -0.233631 -1.418261
-0.028330 -0.233845 -1.354849
-0.008416 -0.291050 -1.376043
0.006276 -0.264417 -1.327848
-0.473743 -0.187310 -1.381533
-0.495206 -0.189749 -1.328193
-0.424981 -0.185625 -1.332061
-0.080178 -0.186701 -1.377746
-0.041983 -0.185182 -1.330734
-0.468070 -0.137896 -1.375893
-0.418661 -0.115841 -1.382954
-0.472667 -0.136276 -1.326682
-0.437187 -0.098631 -1.328354
-0.349700 -0.111648 -1.403229
-0.350167 -0.110811 -1.332061
-0.277790 -0.111837 -1.404746
-0.275353 -0.110811 -1.332061
-0.201518 -0.111378 -1.392628
-0.175899 -0.085000 -1.353326
-0.131811 -0.134507 -1.379428
-0.133238 -0.099751 -1.324513
-0.085004 -0.141841 -1.372837
-0.080037 -0.133973 -1.325198
-0.397990 -0.067748 -1.375669
-0.346865 -0.063490 -1.378581
-0.401442 -0.060508 -1.326567
-0.346301 -0.027474 -1.327295
-0.280020 -0.057739 -1.384946
-0.277677 -0.022013 -1.345041
-0.231172 -0.065972 -1.375377
-0.204911 -0.037393 -1.329511
-0.394576 -0.903214 -1.278797
-0.347618 -0.912208 -1.257412
-0.406974 -0.858291 -1.255519
-0.372483 -0.881198 -1.235416
-0.275106 -0.930305 -1.257461
-0.275353 -0.858948 -1.257247
-0.200569 -0.931555 -1.257489
-0.200540 -0.858948 -1.257247
-0.126140 -0.927646 -1.257376
-0.125726 -0.858948 -1.257247
-0.055467 -0.909256 -1.258451
-0.033618 -0.876502 -1.235433
-0.007558 -0.902562 -1.279161
-0.000857 -0.854653 -1.258415
-0.439366 -0.787655 -1.253610
-0.275353 -0.784134 -1.257247
-0.050913 -0.784134 -1.257247
0.017543 -0.783980 -1.257288
-0.471233 -0.757024 -1.284402
-0.482960 -0.705817 -1.260795
-0.453234 -0.736603 -1.229960
-0.050913 -0.709321 -1.257247
0.022098 -0.709478 -1.257171
-0.497040 -0.632129 -1.259655
-0.424981 -0.634507 -1.257247
-0.050913 -0.634507 -1.257247
0.026590 -0.634749 -1.256938
-0.505096 -0.559531 -1.257454
-0.424981 -0.559693 -1.257247
0.040705 -0.559811 -1.253871
-0.519246 -0.484864 -1.257764
-0.424981 -0.484880 -1.257247
0.039032 -0.484865 -1.256834
-0.547828 -0.462868 -1.283872
-0.547947 -0.408901 -1.282205
-0.519034 -0.410274 -1.240857
-0.424981 -0.410066 -1.257247
-0.050913 -0.410066 -1.257247
0.027910 -0.408155 -1.259221
-0.550314 -0.340461 -1.278424
-0.521427 -0.338029 -1.236500
-0.050913 -0.335252 -1.257247
0.023750 -0.335558 -1.257023
-0.546015 -0.289242 -1.316407
-0.540960 -0.296323 -1.287813
-0.513919 -0.264887 -1.258065
-0.424981 -0.260439 -1.257247
-0.050913 -0.260439 -1.257247
0.019602 -0.263121 -1.254828
-0.497054 -0.190952 -1.256913
-0.424981 -0.185625 -1.257247
-0.028253 -0.161095 -1.282489
-0.005451 -0.213268 -1.304233
0.006628 -0.189564 -1.253473
-0.479374 -0.131440 -1.256935
-0.442828 -0.091751 -1.256857
-0.057433 -0.110498 -1.253288
-0.408812 -0.049619 -1.256906
-0.368487 -0.016964 -1.256084
-0.275353 -0.035998 -1.257247
-0.178594 -0.013505 -1.279308
-0.157354 -0.059452 -1.300464
-0.132814 -0.036358 -1.250242
-0.317898 0.007130 -1.298661
-0.275381 0.015567 -1.308969
-0.332159 0.017510 -1.252208
-0.274286 0.029012 -1.251010
-0.231108 0.006888 -1.301454
-0.204595 0.021134 -1.252924
-0.332005 -0.912702 -1.187469
-0.271773 -0.925515 -1.187950
-0.367823 -0.876753 -1.185670
-0.275353 -0.858948 -1.182433
-0.200596 -0.926878 -1.186308
-0.200540 -0.858948 -1.182433
-0.127293 -0.910761 -1.185232
-0.104400 -0.880222 -1.160827
-0.073308 -0.904028 -1.204377
-0.052323 -0.857781 -1.181572
-0.404528 -0.841303 -1.186878
-0.423370 -0.783126 -1.182387
-0.350167 -0.784134 -1.182433
-0.200540 -0.784134 -1.182433
-0.029731 -0.805824 -1.160567
-0.006069 -0.836812 -1.204260
0.000969 -0.782865 -1.183617
-0.441583 -0.712851 -1.178890
-0.050913 -0.709321 -1.182433
0.018037 -0.709397 -1.182474
-0.471463 -0.682211 -1.209588
-0.483030 -0.631004 -1.185981
-0.453396 -0.661838 -1.155147
-0.350167 -0.634507 -1.182433
-0.200540 -0.634507 -1.182433
-0.050913 -0.634507 -1.182433
0.025988 -0.635638 -1.182314
-0.497040 -0.557330 -1.184856
-0.424981 -0.559693 -1.182433
-0.350167 -0.559693 -1.182433
-0.200540 -0.559693 -1.182433
-0.050913 -0.559693 -1.182433
0.041787 -0.572711 -1.182194
-0.502503 -0.484747 -1.182457
-0.424981 -0.484880 -1.182433
0.051565 -0.458127 -1.209231
0.069088 -0.539008 -1.228855
0.065361 -0.510623 -1.224728
0.068967 -0.535250 -1.181633
0.075561 -0.485906 -1.181452
-0.504176 -0.410225 -1.179557
-0.424981 -0.410066 -1.182433
-0.350167 -0.410066 -1.182433
-0.200540 -0.410066 -1.182433
-0.050913 -0.410066 -1.182433
0.039405 -0.410618 -1.182674
-0.503387 -0.335558 -1.178885
-0.424981 -0.335252 -1.182433
-0.050913 -0.335252 -1.182433
0.029083 -0.335495 -1.184195
-0.500624 -0.261127 -1.180860
-0.424981 -0.260439 -1.182433
-0.350167 -0.260439 -1.182433
-0.200540 -0.260439 -1.182433
-0.050913 -0.260439 -1.182433
0.027169 -0.260744 -1.185570
-0.493416 -0.189737 -1.182472
-0.424981 -0.185625 -1.182433
-0.050913 -0.185625 -1.182433
0.023674 -0.188231 -1.182656
-0.474634 -0.136141 -1.183960
-0.440890 -0.095050 -1.182533
-0.350167 -0.110811 -1.182433
-0.115241 -0.084684 -1.270041
-0.029938 -0.086806 -1.204774
-0.007186 -0.138591 -1.228812
0.008790 -0.114785 -1.178472
-0.405941 -0.036942 -1.184242
-0.372399 -0.013947 -1.204386
-0.275353 -0.035998 -1.182433
-0.200540 -0.035998 -1.182433
-0.103512 -0.013308 -1.204633
-0.082419 -0.060640 -1.225973
-0.052441 -0.036547 -1.181020
-0.347134 0.017034 -1.183936
-0.275174 0.037652 -1.181890
-0.202974 0.037859 -1.180660
-0.154550 0.008555 -1.228457
-0.129777 0.023802 -1.178403
-0.317283 -0.901404 -1.140626
-0.270412 -0.912040 -1.129216
-0.345851 -0.857099 -1.111670
-0.270661 -0.876333 -1.089476
-0.201923 -0.908447 -1.132781
-0.200620 -0.877297 -1.091858
-0.148115 -0.906791 -1.134401
-0.128805 -0.873363 -1.110201
-0.393720 -0.829279 -1.138151
-0.407956 -0.780534 -1.111246
-0.372607 -0.808136 -1.083697
-0.275353 -0.784134 -1.107620
-0.200540 -0.784134 -1.107620
-0.069544 -0.840547 -1.112106
-0.034977 -0.782555 -1.108336
-0.424991 -0.709444 -1.107505
-0.350167 -0.709321 -1.107620
-0.026153 -0.731015 -1.085970
-0.002347 -0.762135 -1.129585
0.002398 -0.708145 -1.108869
-0.441665 -0.638095 -1.104076
-0.275353 -0.634507 -1.107620
-0.050913 -0.634507 -1.107620
0.020774 -0.634476 -1.107768
-0.471463 -0.607397 -1.134774
-0.482960 -0.556190 -1.111168
-0.453396 -0.587025 -1.080333
-0.050913 -0.559693 -1.107620
0.039908 -0.558000 -1.109402
-0.495502 -0.482589 -1.110046
-0.424981 -0.484880 -1.107620
0.042165 -0.485390 -1.094763
0.070213 -0.533294 -1.134063
0.069072 -0.485783 -1.132166
-0.499252 -0.410079 -1.107943
-0.424981 -0.410066 -1.107620
0.044241 -0.415316 -1.109376
0.065501 -0.442708 -1.156812
0.069369 -0.438658 -1.128505
-0.496996 -0.335387 -1.109322
-0.424981 -0.335252 -1.107620
0.042102 -0.335388 -1.110162
-0.493445 -0.260715 -1.111056
-0.424981 -0.260439 -1.107620
0.045691 -0.258333 -1.128214
-0.477949 -0.188661 -1.110317
-0.450141 -0.164340 -1.085944
0.042531 -0.186022 -1.123494
-0.472952 -0.137828 -1.129676
-0.441033 -0.113080 -1.107610
-0.275353 -0.110811 -1.107620
0.039409 -0.113403 -1.104652
-0.408811 -0.039339 -1.107378
-0.375727 -0.010697 -1.077285
-0.028521 -0.013622 -1.131122
-0.004570 -0.063921 -1.154457
0.010367 -0.040820 -1.102974
-0.393011 0.006586 -1.166611
-0.389260 0.002836 -1.135586
-0.347052 0.022331 -1.107292
-0.272193 0.052759 -1.105414
-0.200599 0.056387 -1.119915
-0.127820 0.054417 -1.104764
-0.078860 0.010462 -1.154504
-0.055081 0.025762 -1.103570
-0.322426 -0.832330 -1.058098
-0.271479 -0.844355 -1.033938
-0.349800 -0.782858 -1.032724
-0.299326 -0.805082 -1.008215
-0.200582 -0.855289 -1.035973
-0.200540 -0.784134 -1.032806
-0.129972 -0.843804 -1.036812
-0.103637 -0.806377 -1.009234
-0.082466 -0.827541 -1.063325
-0.063949 -0.780179 -1.036658
-0.394896 -0.756576 -1.060279
-0.408092 -0.705739 -1.036276
-0.373010 -0.731513 -1.008364
-0.035110 -0.708649 -1.034317
-0.425042 -0.634634 -1.032691
-0.350167 -0.634507 -1.032806
-0.200540 -0.634507 -1.032806
-0.030400 -0.656418 -1.010985
-0.002306 -0.687400 -1.054850
0.001903 -0.633325 -1.034047
-0.441665 -0.563282 -1.029262
-0.350167 -0.559693 -1.032806
-0.200540 -0.559693 -1.032806
-0.050913 -0.559693 -1.032806
0.020763 -0.559699 -1.032881
-0.471404 -0.532583 -1.059961
-0.482660 -0.481337 -1.036646
-0.453311 -0.511925 -1.005656
-0.050913 -0.484880 -1.032806
0.028774 -0.486925 -1.031705
-0.491820 -0.410035 -1.038808
-0.424981 -0.410066 -1.032806
-0.350167 -0.410066 -1.032806
-0.200540 -0.410066 -1.032806
-0.050913 -0.410066 -1.032806
0.042044 -0.413047 -1.032446
-0.483527 -0.335373 -1.035779
-0.454529 -0.305343 -1.003419
0.054027 -0.362369 -1.059513
-0.475776 -0.259853 -1.055872
-0.445577 -0.255922 -1.015089
-0.350167 -0.260439 -1.032806
-0.200540 -0.260439 -1.032806
-0.050913 -0.260439 -1.032806
0.023901 -0.260439 -1.032806
0.069232 -0.304993 -1.077860
0.077413 -0.255922 -1.086245
0.081665 -0.331418 -1.028697
0.094691 -0.257931 -1.028819
-0.473293 -0.207761 -1.059285
-0.444364 -0.185922 -1.033235
0.023901 -0.185625 -1.032806
0.073668 -0.187181 -1.082506
0.095395 -0.185710 -1.032166
-0.426907 -0.114668 -1.032721
-0.350167 -0.110811 -1.032806
-0.200540 -0.110811 -1.032806
-0.050913 -0.110811 -1.032806
0.047936 -0.090615 -1.053164
0.071888 -0.133269 -1.080716
0.079762 -0.112971 -1.031394
-0.404215 -0.057651 -1.030597
-0.367568 -0.018915 -1.028064
0.037693 -0.041499 -1.028283
-0.331722 0.020594 -1.030397
-0.288020 0.053948 -1.032377
-0.200540 0.038816 -1.032806
-0.104421 0.063459 -1.054018
-0.053077 0.054342 -1.031465
-0.008162 0.006646 -1.076334
0.004116 0.018784 -1.026778
-0.248567 0.085379 -1.080427
-0.198637 0.085718 -1.080184
-0.249998 0.087391 -1.029301
-0.196785 0.102927 -1.028836
-0.147761 0.086335 -1.080431
-0.126943 0.091298 -1.029726
-0.245164 -0.826494 -0.987896
-0.200640 -0.836123 -0.980514
-0.272142 -0.772825 -0.955878
-0.200728 -0.795666 -0.944544
-0.156232 -0.827423 -0.988175
-0.130664 -0.779644 -0.959940
-0.325602 -0.749443 -0.979289
-0.351553 -0.698700 -0.956440
-0.109697 -0.706200 -0.937252
-0.080797 -0.753570 -0.987615
-0.067515 -0.704830 -0.975445
-0.395026 -0.680680 -0.985509
-0.408170 -0.630900 -0.961644
-0.374634 -0.656331 -0.936170
-0.299417 -0.687747 -0.903706
-0.109248 -0.656379 -0.931554
-0.053465 -0.635549 -0.956512
-0.424965 -0.559663 -0.957958
-0.350167 -0.559693 -0.957992
-0.034789 -0.581873 -0.935955
-0.006740 -0.612724 -0.979787
-0.000315 -0.558902 -0.959065
-0.440650 -0.484766 -0.955511
-0.275353 -0.484880 -0.957992
-0.050913 -0.484880 -0.957992
0.021657 -0.488585 -0.957736
-0.470083 -0.455010 -0.987741
-0.477441 -0.410225 -0.980332
-0.445993 -0.410152 -0.938792
-0.275353 -0.410066 -0.957992
-0.050913 -0.410066 -0.957992
0.044248 -0.431224 -0.955455
-0.470167 -0.365155 -0.987605
-0.441137 -0.335295 -0.955101
0.023901 -0.335252 -0.957992
0.069174 -0.380581 -1.002272
0.077547 -0.389099 -0.953104
0.095132 -0.331674 -0.955211
-0.430859 -0.258285 -0.954438
-0.350167 -0.260439 -0.957992
-0.275353 -0.260439 -0.957992
0.113159 -0.259195 -0.956446
-0.427558 -0.186113 -0.958053
-0.350167 -0.185625 -0.957992
0.118284 -0.183368 -0.978012
-0.420246 -0.116427 -0.960432
-0.350167 -0.110811 -0.957992
-0.275353 -0.110811 -0.957992
0.111100 -0.111752 -0.973204
-0.403779 -0.057576 -0.962505
-0.367297 -0.019993 -0.960021
0.074695 -0.060169 -1.008803
0.092932 -0.040417 -0.953300
-0.333322 0.021741 -0.958121
-0.291336 0.055495 -0.960137
-0.200540 0.038816 -0.957992
-0.125726 0.038816 -0.957992
-0.030205 0.059059 -0.978750
0.021799 0.034387 -0.955677
-0.253791 0.091698 -0.962444
-0.195148 0.105097 -0.959968
-0.125563 0.106866 -0.957761
-0.073223 0.087246 -1.010442
-0.052603 0.090255 -0.956228
-0.243557 -0.747239 -0.907901
-0.200703 -0.763139 -0.902352
-0.254008 -0.710811 -0.881590
-0.200558 -0.721994 -0.870357
-0.158653 -0.752959 -0.911765
-0.143541 -0.704376 -0.885305
-0.342299 -0.671294 -0.921107
-0.351553 -0.635099 -0.893793
-0.112655 -0.635421 -0.882318
-0.395026 -0.606906 -0.911864
-0.408016 -0.555995 -0.886834
-0.373043 -0.582405 -0.860901
-0.109180 -0.586400 -0.861157
-0.072549 -0.613214 -0.904614
-0.053099 -0.562695 -0.881989
-0.423324 -0.482557 -0.883837
-0.350167 -0.484880 -0.883179
-0.029182 -0.511843 -0.861027
-0.006360 -0.538495 -0.904902
0.006285 -0.489349 -0.882972
-0.427938 -0.409933 -0.880178
-0.350167 -0.410066 -0.883179
-0.200540 -0.410066 -0.883179
0.040574 -0.429922 -0.882918
-0.426150 -0.335266 -0.881490
-0.350167 -0.335252 -0.883179
0.023901 -0.335252 -0.883179
0.077201 -0.387379 -0.882772
0.101284 -0.335042 -0.882869
-0.422367 -0.260598 -0.883013
-0.350167 -0.260439 -0.883179
-0.200540 -0.260439 -0.883179
-0.050913 -0.260439 -0.883179
0.123764 -0.283037 -0.882016
-0.419156 -0.188379 -0.886595
-0.350167 -0.185625 -0.883179
0.098715 -0.185625 -0.883179
0.143017 -0.228039 -0.925197
0.151958 -0.180914 -0.936471
0.155771 -0.242633 -0.878153
0.169520 -0.182111 -0.880334
-0.407763 -0.115052 -0.887058
-0.376340 -0.084346 -0.856236
-0.200540 -0.110811 -0.883179
0.037080 -0.026602 -0.967621
0.098715 -0.110811 -0.883179
0.146375 -0.112649 -0.932600
0.170031 -0.110971 -0.882721
-0.394990 -0.066186 -0.913483
-0.360713 -0.036706 -0.883321
0.115498 -0.015579 -0.903844
0.141982 -0.059184 -0.930367
0.152329 -0.037911 -0.882188
-0.325278 0.013679 -0.884652
-0.275068 0.049222 -0.883165
-0.229681 0.065819 -0.853015
-0.125726 0.038816 -0.883179
-0.050913 0.038816 -0.883179
0.044643 0.055337 -0.903971
0.074922 0.014840 -0.934327
0.096859 0.035694 -0.882455
-0.245561 0.083347 -0.913197
-0.197581 0.096945 -0.883142
-0.123821 0.108366 -0.883064
-0.051098 0.107023 -0.882869
0.000993 0.082745 -0.935057
0.022177 0.088991 -0.881460
-0.243596 -0.683660 -0.845253
-0.200898 -0.689884 -0.829405
-0.272213 -0.630066 -0.819336
-0.201825 -0.646840 -0.796666
-0.160587 -0.678457 -0.839338
-0.143570 -0.632525 -0.813277
-0.325667 -0.606535 -0.842737
-0.350547 -0.553809 -0.806432
-0.109121 -0.582137 -0.809099
-0.394949 -0.531215 -0.835732
-0.407815 -0.480961 -0.812088
-0.374638 -0.507864 -0.781154
-0.300028 -0.571741 -0.782838
-0.200540 -0.484880 -0.808365
-0.065815 -0.546969 -0.808234
-0.031013 -0.507325 -0.806708
-0.418655 -0.407698 -0.813609
-0.350167 -0.410066 -0.808365
-0.275353 -0.410066 -0.808365
-0.200540 -0.410066 -0.808365
0.007916 -0.472336 -0.808153
0.042284 -0.430200 -0.808250
-0.418486 -0.335363 -0.812023
-0.350167 -0.335252 -0.808365
-0.050913 -0.335252 -0.808365
0.081606 -0.390324 -0.808250
0.116055 -0.332615 -0.808215
-0.405163 -0.260832 -0.809367
-0.376679 -0.238842 -0.781916
-0.275353 -0.260439 -0.808365
-0.200540 -0.260439 -0.808365
-0.050913 -0.260439 -0.808365
0.128512 -0.286514 -0.829887
-0.404568 -0.190460 -0.825941
-0.374110 -0.186704 -0.785167
0.171669 -0.258101 -0.806696
0.189140 -0.185220 -0.824246
-0.395377 -0.141325 -0.837660
-0.363762 -0.111321 -0.805478
-0.275353 -0.110811 -0.808365
-0.200540 -0.110811 -0.808365
-0.050913 -0.110811 -0.808365
0.098715 -0.110811 -0.808365
0.193735 -0.110855 -0.830271
-0.332462 -0.036772 -0.806375
-0.298098 -0.013482 -0.785988
0.186434 -0.036534 -0.824354
-0.320321 0.008741 -0.829889
-0.275867 0.022199 -0.806294
-0.218012 0.055900 -0.803604
-0.125726 0.038816 -0.808365
-0.050913 0.038816 -0.808365
0.023901 0.038816 -0.808365
0.119935 0.056004 -0.829805
0.147419 0.016264 -0.861029
0.169527 0.035091 -0.806627
-0.177484 0.089124 -0.807422
-0.122273 0.106802 -0.808202
-0.050868 0.109744 -0.808202
0.023626 0.107140 -0.808075
0.076439 0.083361 -0.860966
0.097116 0.089235 -0.806885
-0.245275 -0.601222 -0.762084
-0.200874 -0.614179 -0.752814
-0.272319 -0.562504 -0.731042
-0.200751 -0.576050 -0.714601
-0.158677 -0.607243 -0.764210
-0.130545 -0.569643 -0.734687
-0.327259 -0.531585 -0.730682
-0.360691 -0.480886 -0.730915
-0.074929 -0.537611 -0.735127
-0.038339 -0.500684 -0.733612
-0.394997 -0.454291 -0.763154
-0.403623 -0.405550 -0.754807
-0.370098 -0.407638 -0.713039
0.003498 -0.466466 -0.733695
0.039947 -0.426518 -0.733583
-0.399990 -0.336678 -0.758484
-0.369132 -0.335363 -0.717366
0.079988 -0.390064 -0.733510
0.114656 -0.348356 -0.733485
-0.398601 -0.282549 -0.759917
-0.369823 -0.260657 -0.732729
0.150823 -0.308825 -0.786376
0.154567 -0.313923 -0.734220
0.187476 -0.274388 -0.737926
-0.356198 -0.186016 -0.730176
-0.275353 -0.185625 -0.733551
0.173528 -0.185625 -0.733551
0.216964 -0.233804 -0.781716
0.221516 -0.182209 -0.783548
0.224665 -0.237038 -0.733928
0.244394 -0.181937 -0.733242
-0.348432 -0.114027 -0.731848
-0.275353 -0.110811 -0.733551
0.173528 -0.110811 -0.733551
0.227963 -0.110861 -0.788256
0.247633 -0.110752 -0.733193
-0.330766 -0.052987 -0.733320
-0.295371 -0.016086 -0.731913
0.173528 -0.035998 -0.733551
0.221658 -0.037925 -0.783485
0.244957 -0.036636 -0.733115
-0.258777 0.022027 -0.733320
-0.199310 0.054766 -0.733254
-0.152112 0.064732 -0.711486
-0.050913 0.038816 -0.733551
0.023901 0.038816 -0.733551
0.098715 0.038816 -0.733551
0.190761 0.055865 -0.754930
0.217471 0.016149 -0.781547
0.225681 0.034163 -0.731846
-0.174111 0.086770 -0.755192
-0.124739 0.093437 -0.733378
-0.050772 0.110143 -0.733437
0.023853 0.111253 -0.733398
0.098301 0.107230 -0.733281
0.150915 0.083320 -0.786103
0.169068 0.088922 -0.732053
-0.319778 -0.527911 -0.680579
-0.271279 -0.536106 -0.661460
-0.327838 -0.480281 -0.661363
-0.292902 -0.502348 -0.640995
-0.200570 -0.553097 -0.659438
-0.200540 -0.484880 -0.658738
-0.128754 -0.538373 -0.660398
-0.104486 -0.506039 -0.637283
-0.078006 -0.532970 -0.680911
-0.055969 -0.498082 -0.661668
-0.346887 -0.409717 -0.659227
-0.275353 -0.410066 -0.658738
0.002297 -0.466602 -0.663572
0.039844 -0.427530 -0.661112
-0.349635 -0.335290 -0.660666
-0.275353 -0.335252 -0.658738
-0.200540 -0.335252 -0.658738
-0.050913 -0.335252 -0.658738
0.082118 -0.393699 -0.658769
0.119673 -0.355330 -0.658574
-0.349474 -0.260598 -0.662327
-0.275353 -0.260439 -0.658738
0.173391 -0.321947 -0.658545
0.200300 -0.285976 -0.688594
-0.346808 -0.186089 -0.663355
-0.275353 -0.185625 -0.658738
0.098715 -0.185625 -0.658738
0.246956 -0.256833 -0.657543
0.267228 -0.181425 -0.679177
-0.342752 -0.114855 -0.662507
-0.275353 -0.110811 -0.658738
-0.125726 -0.110811 -0.658738
0.267859 -0.110861 -0.678203
-0.323077 -0.061355 -0.662195
-0.287678 -0.023842 -0.659057
-0.200540 -0.035998 -0.658738
0.268379 -0.038852 -0.679109
-0.250561 0.013568 -0.660247
-0.200622 0.038411 -0.658623
-0.150294 0.061599 -0.657113
-0.050913 0.038816 -0.658738
0.023901 0.038816 -0.658738
0.098715 0.038816 -0.658738
0.173528 0.038816 -0.658738
0.257690 0.034110 -0.657265
-0.109220 0.093953 -0.658623
-0.047958 0.108653 -0.658672
0.023984 0.112849 -0.658623
0.098241 0.111139 -0.658584
0.169303 0.106247 -0.658448
0.217412 0.082406 -0.711278
0.221157 0.085140 -0.656884
-0.253160 -0.528704 -0.614600
-0.200497 -0.528338 -0.612697
-0.272891 -0.482237 -0.605246
-0.200415 -0.481466 -0.576357
-0.147738 -0.528862 -0.610851
-0.124480 -0.482157 -0.586007
-0.319515 -0.462577 -0.614421
-0.322478 -0.408402 -0.610637
-0.274684 -0.409780 -0.573514
-0.227280 -0.436543 -0.558048
-0.103811 -0.436313 -0.557800
-0.055883 -0.469972 -0.601699
-0.052098 -0.433781 -0.561336
-0.009289 -0.456286 -0.616339
0.019564 -0.422151 -0.585095
-0.329823 -0.335168 -0.604225
-0.291264 -0.332976 -0.566915
0.077310 -0.389882 -0.584295
0.118195 -0.354824 -0.583919
-0.327209 -0.260525 -0.607013
-0.291308 -0.260452 -0.567809
-0.200540 -0.260439 -0.583924
-0.050913 -0.260439 -0.583924
0.172679 -0.333484 -0.581764
0.173528 -0.260439 -0.583924
0.218506 -0.304241 -0.628360
0.226835 -0.313847 -0.579097
0.263488 -0.275639 -0.579042
-0.329801 -0.185991 -0.604254
-0.293099 -0.185937 -0.566109
0.248342 -0.185625 -0.583924
0.292568 -0.227320 -0.625637
0.304518 -0.180531 -0.637224
0.304211 -0.238958 -0.578520
0.334020 -0.179527 -0.577336
-0.322926 -0.114675 -0.609220
-0.287793 -0.111561 -0.571409
-0.050913 -0.110811 -0.583924
0.098715 -0.110811 -0.583924
0.248342 -0.110811 -0.583924
0.303960 -0.110854 -0.636593
0.337303 -0.110736 -0.592596
-0.318480 -0.063294 -0.610869
-0.270753 -0.041305 -0.587844
-0.225472 -0.018692 -0.562681
0.304801 -0.041176 -0.637302
0.336069 -0.040383 -0.578623
-0.248712 0.008148 -0.606063
-0.201363 0.019310 -0.584204
-0.142057 0.054601 -0.583985
-0.050913 0.038816 -0.583924
0.023901 0.038816 -0.583924
0.098715 0.038816 -0.583924
0.173528 0.038816 -0.583924
0.266778 0.054379 -0.581394
0.294135 0.005577 -0.625780
0.307906 0.017681 -0.578744
-0.100935 0.088207 -0.585490
-0.047170 0.106541 -0.584072
0.024026 0.109850 -0.583987
0.098206 0.110016 -0.583780
0.168421 0.105760 -0.583868
0.227766 0.092380 -0.583809
-0.172299 -0.452393 -0.541668
-0.141586 -0.456746 -0.537289
-0.196730 -0.406209 -0.524023
-0.124006 -0.408335 -0.511629
-0.245449 -0.379826 -0.537078
-0.254144 -0.330668 -0.527353
-0.195768 -0.333311 -0.495783
-0.147062 -0.356882 -0.487866
-0.051195 -0.409660 -0.509563
-0.050913 -0.335252 -0.509110
0.018308 -0.404554 -0.512906
0.023901 -0.335252 -0.509110
0.077293 -0.388887 -0.514098
0.119169 -0.354208 -0.513282
-0.255052 -0.260320 -0.527849
-0.213218 -0.260384 -0.493582
-0.125726 -0.260439 -0.509110
-0.050913 -0.260439 -0.509110
0.173197 -0.331644 -0.512697
0.173528 -0.260439 -0.509110
0.223030 -0.309800 -0.512191
0.260494 -0.275535 -0.509018
-0.258823 -0.185882 -0.525627
-0.218563 -0.185784 -0.491044
0.098715 -0.185625 -0.509110
0.248342 -0.185625 -0.509110
0.302163 -0.239743 -0.508572
0.338121 -0.198153 -0.508419
-0.254518 -0.112795 -0.531490
-0.216104 -0.111314 -0.496366
-0.125726 -0.110811 -0.509110
-0.050913 -0.110811 -0.509110
0.173528 -0.110811 -0.509110
0.248342 -0.110811 -0.509110
0.323156 -0.110811 -0.509110
0.369623 -0.158664 -0.556381
0.370010 -0.109014 -0.556204
0.373346 -0.160327 -0.505128
0.390383 -0.107244 -0.504946
-0.252252 -0.058816 -0.535925
-0.214665 -0.040569 -0.514049
0.344476 -0.018578 -0.530284
0.370664 -0.058450 -0.556618
0.377783 -0.039920 -0.506707
-0.181841 0.016959 -0.514217
-0.122208 0.051432 -0.512160
-0.072340 0.059500 -0.487825
0.023901 0.038816 -0.509110
0.114322 0.066493 -0.481066
0.145046 0.070449 -0.477020
0.264483 0.054161 -0.509288
0.323965 0.019322 -0.508664
-0.098852 0.086208 -0.531401
-0.048081 0.089820 -0.512066
0.023850 0.103837 -0.512761
0.096485 0.093872 -0.508675
0.170305 0.094912 -0.509167
0.225511 0.086132 -0.513079
-0.103681 -0.383453 -0.464685
-0.049765 -0.383819 -0.461133
-0.124628 -0.334211 -0.454177
-0.050857 -0.334652 -0.424041
0.018796 -0.388183 -0.456120
0.021366 -0.348763 -0.420116
0.065754 -0.377696 -0.467394
0.097632 -0.334053 -0.437884
-0.173851 -0.313240 -0.460947
-0.177121 -0.258884 -0.456740
-0.125329 -0.260208 -0.423708
-0.077613 -0.287198 -0.408309
0.023901 -0.260439 -0.434297
0.128631 -0.287892 -0.406363
0.173794 -0.313354 -0.457544
0.177734 -0.277699 -0.416914
0.221372 -0.307659 -0.460935
0.242723 -0.273132 -0.436208
-0.183717 -0.185541 -0.450988
-0.141694 -0.183398 -0.417333
-0.050913 -0.185625 -0.434297
0.023901 -0.185625 -0.434297
0.302723 -0.242950 -0.434584
0.340612 -0.203165 -0.434406
-0.179887 -0.111254 -0.454941
-0.138164 -0.111097 -0.419109
-0.050913 -0.110811 -0.434297
0.023901 -0.110811 -0.434297
0.323156 -0.110811 -0.434297
0.380175 -0.165230 -0.434053
0.409848 -0.105231 -0.432075
-0.178483 -0.041332 -0.456409
-0.120725 -0.039321 -0.421628
-0.072223 -0.014986 -0.413362
0.023901 -0.035998 -0.434297
0.098715 -0.035998 -0.434297
0.323156 -0.035998 -0.434297
0.409725 -0.039241 -0.446520
-0.165600 0.003662 -0.469249
-0.120576 0.019618 -0.453238
-0.050607 0.035537 -0.437366
0.023782 0.050297 -0.425254
0.096711 0.055690 -0.435432
0.173226 0.053627 -0.434502
0.248347 0.052855 -0.437717
0.322810 0.035052 -0.434301
0.372012 0.008762 -0.486785
0.391662 0.012896 -0.430968
-0.028971 0.082515 -0.461257
0.023767 0.084531 -0.461470
0.076482 0.086562 -0.460880
0.198903 0.080570 -0.466469
0.227576 0.083964 -0.462735
-0.021081 -0.305212 -0.389668
0.023655 -0.312629 -0.382200
-0.047048 -0.256487 -0.376780
0.024097 -0.254519 -0.365885
0.068741 -0.305261 -0.390631
0.098732 -0.258038 -0.370741
-0.095797 -0.230179 -0.389517
-0.104164 -0.181109 -0.381031
-0.045544 -0.183147 -0.365926
0.024086 -0.185203 -0.357330
0.099419 -0.184335 -0.342177
0.175148 -0.242379 -0.359350
0.152023 -0.203667 -0.337839
0.244414 -0.252900 -0.363606
0.248342 -0.185625 -0.359483
0.297647 -0.234465 -0.364840
0.335388 -0.197978 -0.362769
-0.100294 -0.112408 -0.384974
-0.047097 -0.111088 -0.366078
0.023128 -0.111163 -0.357431
0.085863 -0.111117 -0.341251
0.173528 -0.110811 -0.359483
0.248342 -0.110811 -0.359483
0.323156 -0.110811 -0.359483
0.374908 -0.161317 -0.362726
0.409116 -0.119628 -0.359821
-0.098736 -0.058562 -0.386654
-0.048037 -0.039183 -0.382707
0.024020 -0.040056 -0.363241
0.099412 -0.039968 -0.343935
0.151867 -0.018625 -0.338158
0.248342 -0.035998 -0.359483
0.323156 -0.035998 -0.359483
0.397969 -0.035998 -0.359483
0.443989 -0.083974 -0.407380
0.442342 -0.037875 -0.407138
0.442333 -0.083722 -0.359502
0.457394 -0.036581 -0.359368
-0.028841 0.011731 -0.390175
0.025399 0.013116 -0.386406
0.098624 0.018447 -0.376983
0.173444 0.018842 -0.362240
0.248203 0.034520 -0.363306
0.322633 0.033357 -0.361509
0.393362 0.028192 -0.359683
0.440164 0.007391 -0.407276
0.439788 0.006927 -0.359471
0.195480 -0.229734 -0.315382
0.246244 -0.228698 -0.316100
0.176424 -0.181503 -0.307038
0.248220 -0.181357 -0.291853
0.296066 -0.228487 -0.315832
0.318322 -0.180090 -0.307297
0.125533 -0.163556 -0.311559
0.125817 -0.111044 -0.311760
0.177583 -0.110980 -0.291556
0.251615 -0.110761 -0.272015
0.322625 -0.123245 -0.272922
0.370720 -0.158577 -0.311016
0.390800 -0.105418 -0.291547
0.125533 -0.058580 -0.311629
0.176401 -0.040416 -0.306161
0.248751 -0.039351 -0.275016
0.296209 -0.013449 -0.261089
0.406271 -0.039265 -0.276525
0.440199 -0.084007 -0.311714
0.440787 -0.037934 -0.311945
0.195405 0.008030 -0.315049
0.247740 0.011400 -0.309768
0.322757 0.019311 -0.288300
0.393034 0.011232 -0.291755
0.440179 0.007266 -0.311733
0.276519 -0.090126 -0.239665
0.323600 -0.086308 -0.241361
0.280647 -0.062007 -0.243554
0.323923 -0.037429 -0.233340
0.370934 -0.084250 -0.242459
0.372890 -0.038549 -0.243045
0.348471 0.002419 -0.246887
0.376687 0.005979 -0.243785

TETRAHEDRA
0 1 2 4
1 3 2 7
1 2 4 7
1 4 5 7
2 4 7 6
1 8 9 10
1 9 3 7
1 5 10 7
9 10 11 7
1 10 9 7
12 2 13 15
2 14 13 17
2 13 15 17
2 15 6 17
13 15 17 16
2 3 18 7
2 18 14 17
2 6 7 17
18 7 19 17
2 7 18 17
3 9 18 7
9 20 18 21
9 18 7 21
9 7 11 21
18 7 21 19
9 22 23 24
9 23 20 21
9 11 24 21
23 24 25 21
9 24 23 21
13 14 27 17
13 27 26 28
13 16 17 28
27 17 29 28
13 17 27 28
14 18 27 17
18 30 27 31
18 27 17 31
18 17 19 31
27 17 31 29
18 20 32 21
18 32 30 31
18 19 21 31
32 21 33 31
18 21 32 31
20 23 32 21
23 34 32 35
23 32 21 35
23 21 25 35
32 21 35 33
26 27 36 28
27 37 36 39
27 36 28 39
27 28 29 39
36 28 39 38
27 30 40 31
27 40 37 39
27 29 31 39
40 31 41 39
27 31 40 39
30 32 40 31
32 42 40 43
32 40 31 43
32 31 33 43
40 31 43 41
32 34 44 35
32 44 42 43
32 33 35 43
44 35 45 43
32 35 44 43
37 40 46 39
40 47 46 49
40 46 39 49
40 39 41 49
46 39 49 48
40 42 50 43
40 50 47 49
40 41 43 49
50 43 51 49
40 43 50 49
42 44 50 43
44 52 50 53
44 50 43 53
44 43 45 53
50 43 53 51
46 47 55 49
46 55 54 56
46 48 49 56
55 49 57 56
46 49 55 56
47 50 55 49
50 58 55 59
50 55 49 59
50 49 51 59
55 49 59 57
60 4 15 61
4 6 15 64
4 15 61 64
4 61 62 64
15 61 64 63
4 5 7 65
4 7 6 64
4 62 65 64
4 65 7 64
5 10 7 65
10 11 7 67
10 7 65 67
10 65 66 67
7 65 67 64
10 68 24 69
10 24 11 67
10 66 69 67
10 69 24 67
68 70 24 69
70 71 24 73
70 24 69 73
70 69 72 73
24 69 73 67
74 15 75 76
15 16 75 78
15 75 76 78
15 76 63 78
75 76 78 77
15 6 17 64
15 17 16 78
15 63 64 78
17 64 84 78
15 64 17 78
6 7 17 64
7 19 17 84
7 17 64 84
7 11 21 67
7 21 19 84
7 64 67 84
21 67 85 84
7 67 21 84
11 24 21 67
24 25 21 85
24 21 67 85
24 71 79 73
24 79 25 85
24 67 73 85
79 73 80 85
24 73 79 85
75 16 28 78
75 28 81 82
75 77 78 82
28 78 83 82
75 78 28 82
16 17 28 78
17 29 28 84
17 28 78 84
28 78 84 83
17 19 31 84
17 31 29 84
19 21 31 84
21 33 31 85
21 31 84 85
21 25 35 85
21 35 33 85
25 79 35 85
79 86 35 87
79 35 85 87
79 85 80 87
81 28 88 82
28 38 88 90
28 88 82 90
28 82 83 90
88 82 90 89
28 29 39 84
28 39 38 90
28 83 84 90
39 84 91 90
28 84 39 90
29 31 39 84
31 41 39 91
31 39 84 91
31 33 43 85
31 43 41 91
31 84 85 91
43 85 92 91
31 85 43 91
33 35 43 85
35 45 43 92
35 43 85 92
35 86 93 87
35 93 45 92
35 85 87 92
93 87 94 92
35 87 93 92
88 38 96 90
88 96 95 97
88 89 90 97
96 90 98 97
88 90 96 97
38 39 96 90
39 48 96 91
39 96 90 91
96 90 91 98
39 41 49 91
39 49 48 91
41 43 49 91
43 51 49 92
43 49 91 92
43 45 53 92
43 53 51 92
45 93 53 92
93 99 53 100
93 53 92 100
93 92 94 100
95 96 101 97
96 102 101 104
96 101 97 104
96 97 98 104
101 97 104 103
96 48 56 91
96 56 102 104
96 98 91 104
56 91 161 104
96 91 56 104
48 49 56 91
49 57 56 161
49 56 91 161
49 51 59 92
49 59 57 161
49 91 92 161
59 92 162 161
49 92 59 161
51 53 59 92
53 105 59 106
53 59 92 106
59 92 106 162
53 99 107 100
53 107 105 106
53 92 100 106
107 100 108 106
53 100 107 106
102 56 109 104
56 110 109 112
56 109 104 112
56 104 161 112
109 104 112 111
56 57 113 161
56 113 110 112
113 161 114 112
56 161 113 112
57 59 113 161
59 115 113 116
59 113 161 116
59 161 162 116
113 161 116 114
59 105 117 106
59 117 115 116
59 162 106 116
117 106 118 116
59 106 117 116
119 120 65 122
119 65 62 123
119 121 122 123
65 122 124 123
119 122 65 123
120 125 65 122
125 66 65 127
125 65 122 127
125 122 126 127
65 122 127 124
125 128 69 129
125 69 66 127
125 126 129 127
69 129 130 127
125 129 69 127
61 62 64 123
61 64 63 132
61 131 123 132
61 123 64 132
62 65 64 123
65 123 124 64
65 66 67 127
65 124 127 64
65 127 67 64
66 69 67 127
69 127 130 67
69 72 73 133
69 130 133 67
73 133 134 67
69 133 73 67
72 135 73 133
135 136 73 138
135 73 133 138
135 133 137 138
73 133 138 134
76 63 78 132
76 78 77 140
76 139 132 140
78 132 141 140
76 132 78 140
63 64 78 132
64 78 132 84
78 132 84 141
67 84 64 85
73 80 85 142
73 85 67 142
73 67 134 142
73 136 143 138
73 143 80 142
73 134 138 142
143 138 144 142
73 138 143 142
77 78 82 140
78 83 82 146
78 82 140 146
78 140 141 146
82 140 146 145
78 84 83 146
78 141 84 146
85 80 87 142
87 142 147 85
80 143 87 142
143 148 87 149
143 87 142 149
143 142 144 149
87 142 149 147
82 83 90 146
82 90 89 150
82 145 146 150
90 146 151 150
82 146 90 150
83 84 90 146
84 90 146 91
90 146 91 151
85 91 84 92
87 94 92 152
87 92 85 152
87 85 147 152
87 148 153 149
87 153 94 152
87 147 149 152
153 149 154 152
87 149 153 152
89 90 97 150
90 98 97 151
90 97 150 151
97 150 151 155
90 91 98 151
92 94 100 152
100 152 156 92
94 153 100 152
153 157 100 158
153 100 152 158
153 152 154 158
100 152 158 156
97 98 104 151
97 104 103 159
97 155 151 159
104 151 160 159
97 151 104 159
98 91 104 151
91 104 151 161
104 151 161 160
92 161 91 162
100 108 106 163
100 106 92 163
100 92 156 163
106 92 163 162
103 104 164 159
104 111 164 166
104 164 159 166
104 159 160 166
164 159 166 165
104 112 111 166
104 160 161 166
104 161 112 166
106 118 116 167
106 116 162 167
106 108 168 163
106 168 118 167
106 162 163 167
168 163 169 167
106 163 168 167
111 112 170 166
112 171 170 173
112 170 166 173
112 166 161 173
170 166 173 172
112 114 174 161
112 174 171 173
174 161 175 173
112 161 174 173
114 116 174 161
116 176 174 177
116 174 161 177
116 161 162 177
174 161 177 175
116 118 178 167
116 178 176 177
116 162 167 177
178 167 179 177
116 167 178 177
121 122 123 180
122 124 123 183
122 123 180 183
122 180 181 183
123 180 183 182
122 126 127 184
122 127 124 183
122 181 184 183
127 184 185 183
122 184 127 183
126 129 127 184
129 130 127 187
129 127 184 187
129 184 186 187
127 184 187 185
129 188 133 189
129 133 130 187
129 186 189 187
133 189 190 187
129 189 133 187
191 131 132 193
191 132 139 194
191 192 193 194
132 193 195 194
191 193 132 194
131 123 132 193
123 64 132 196
123 132 193 196
123 193 182 196
132 193 196 195
123 124 64 183
123 182 183 196
123 183 64 196
124 127 64 183
127 67 64 197
127 64 183 197
127 183 185 197
64 183 197 196
127 130 67 187
127 185 187 197
127 187 67 197
130 133 67 187
133 134 67 198
133 67 187 198
133 187 190 198
67 187 198 197
133 137 138 199
133 138 134 198
133 190 199 198
138 199 200 198
133 199 138 198
139 132 140 194
132 141 140 202
132 140 194 202
132 194 195 202
140 194 202 201
132 64 84 196
132 84 141 202
132 195 196 202
84 196 271 202
132 196 84 202
64 84 196 271
64 67 85 197
64 85 84 271
64 196 197 271
85 197 272 271
64 197 85 271
67 85 197 272
67 134 142 198
67 142 85 272
67 197 198 272
142 198 203 272
67 198 142 272
134 138 142 198
138 144 142 204
138 142 198 204
138 198 200 204
142 198 204 203
140 141 146 202
140 146 145 205
140 201 202 205
146 202 206 205
140 202 146 205
141 84 146 202
84 146 202 271
146 202 271 206
85 84 271 272
142 147 85 207
142 85 272 207
142 272 203 207
142 144 149 204
142 149 147 207
142 203 204 207
149 204 208 207
142 204 149 207
145 146 150 205
146 151 150 210
146 150 205 210
146 205 206 210
150 205 210 209
146 84 91 271
146 91 151 210
146 206 271 210
91 271 276 210
146 271 91 210
84 91 271 276
84 85 92 272
84 92 91 276
84 271 272 276
92 272 277 276
84 272 92 276
85 92 272 277
85 147 152 207
85 152 92 277
85 272 207 277
152 207 211 277
85 207 152 277
147 149 152 207
149 154 152 212
149 152 207 212
149 207 208 212
152 207 212 211
213 150 214 215
150 155 214 217
150 214 215 217
150 215 209 217
214 215 217 216
150 151 155 217
150 209 210 217
150 210 151 217
91 151 210 276
92 91 276 277
152 156 92 218
152 92 277 218
152 277 211 218
152 154 158 212
152 158 156 218
152 211 212 218
158 212 219 218
152 212 158 218
214 155 159 217
214 159 220 221
214 216 217 221
159 217 222 221
214 217 159 221
155 151 159 217
151 160 159 223
151 159 217 223
151 217 210 223
159 217 223 222
151 91 161 276
151 161 160 223
151 210 276 223
161 276 287 223
151 276 161 223
91 161 276 287
91 92 162 277
91 162 161 287
91 276 277 287
162 277 288 287
91 277 162 287
92 162 277 288
92 156 163 218
92 163 162 288
92 277 218 288
163 218 224 288
92 218 163 288
156 158 163 218
158 225 163 226
158 163 218 226
158 218 219 226
163 218 226 224
159 160 166 223
159 166 165 227
159 222 223 227
159 223 166 227
160 161 166 223
161 166 223 287
162 161 287 288
162 163 167 288
163 169 167 228
163 167 288 228
163 288 224 228
165 166 229 227
166 172 229 231
166 229 227 231
166 227 223 231
229 227 231 230
166 161 173 287
166 173 172 231
166 223 287 231
173 287 299 231
166 287 173 231
161 175 173 299
161 173 287 299
161 162 177 288
161 177 175 299
161 287 288 299
177 288 300 299
161 288 177 299
162 167 177 288
167 179 177 300
167 177 288 300
167 169 232 228
167 232 179 300
167 288 228 300
232 228 233 300
167 228 232 300
172 173 234 231
173 235 234 237
173 234 231 237
173 231 299 237
234 231 237 236
173 175 238 299
173 238 235 237
238 299 239 237
173 299 238 237
175 177 238 299
177 240 238 241
177 238 299 241
177 299 300 241
238 299 241 239
177 179 242 300
177 242 240 241
242 300 243 241
177 300 242 241
244 180 193 245
180 182 193 248
180 193 245 248
180 245 246 248
193 245 248 247
180 181 183 249
180 183 182 248
180 246 249 248
183 249 250 248
180 249 183 248
181 184 183 249
184 185 183 252
184 183 249 252
184 249 251 252
183 249 252 250
184 186 187 253
184 187 185 252
184 251 253 252
187 253 254 252
184 253 187 252
186 189 187 253
189 190 187 256
189 187 253 256
189 253 255 256
187 253 256 254
189 257 199 258
189 199 190 256
189 255 258 256
199 258 259 256
189 258 199 256
192 193 194 260
193 195 194 262
193 194 260 262
193 260 247 262
194 260 262 261
193 182 196 248
193 196 195 262
193 247 248 262
193 248 196 262
182 183 196 248
183 248 250 196
183 185 197 252
183 250 252 196
183 252 197 196
185 187 197 252
187 252 254 197
187 190 198 256
187 254 256 197
198 256 263 197
187 256 198 197
190 199 198 256
199 200 198 264
199 198 256 264
199 256 259 264
198 256 264 263
194 195 202 262
194 202 201 265
194 261 262 265
202 262 266 265
194 262 202 265
195 196 202 262
196 202 262 271
202 262 271 266
197 271 196 272
198 203 272 267
198 272 197 267
198 197 263 267
198 200 204 264
198 204 203 267
198 263 264 267
204 264 268 267
198 264 204 267
201 202 205 265
202 206 205 270
202 205 265 270
202 265 266 270
205 265 270 269
202 271 206 270
202 266 271 270
272 203 207 267
207 267 273 272
203 204 207 267
204 208 207 274
204 207 267 274
204 267 268 274
207 267 274 273
205 206 210 270
205 210 209 275
205 269 270 275
205 270 210 275
206 271 210 270
271 210 270 276
272 276 271 277
207 211 277 278
207 277 272 278
207 272 273 278
207 208 212 274
207 212 211 278
207 273 274 278
212 274 279 278
207 274 212 278
215 209 217 275
215 217 216 281
215 280 275 281
217 275 282 281
215 275 217 281
209 210 217 275
217 275 210 282
277 211 218 278
218 278 283 277
211 212 218 278
212 219 218 284
212 218 278 284
212 278 279 284
218 278 284 283
216 217 221 281
217 222 221 286
217 221 281 286
217 281 282 286
221 281 286 285
217 223 222 286
217 282 210 286
217 210 223 286
276 223 210 287
277 287 276 288
218 224 288 289
218 288 277 289
218 277 283 289
218 219 226 284
218 226 224 289
218 283 284 289
226 284 290 289
218 284 226 289
221 222 227 286
221 227 291 292
221 285 286 292
227 286 293 292
221 286 227 292
222 223 227 286
227 286 223 293
288 224 228 289
228 289 294 288
224 226 228 289
226 295 228 296
226 228 289 296
226 289 290 296
228 289 296 294
227 231 230 297
227 293 223 297
231 223 298 297
227 223 231 297
287 231 223 299
231 223 299 298
288 299 287 300
228 233 300 301
228 300 288 301
228 288 294 301
228 295 302 296
228 302 233 301
228 294 296 301
302 296 303 301
228 296 302 301
230 231 304 297
231 236 304 306
231 304 297 306
231 297 298 306
304 297 306 305
231 237 236 306
231 298 299 306
231 299 237 306
300 233 307 301
307 301 308 300
304 236 310 306
304 310 309 311
304 305 306 311
310 306 312 311
304 306 310 311
236 237 310 306
237 313 310 314
237 310 306 314
237 306 299 314
310 306 314 312
237 239 315 299
237 315 313 314
315 299 316 314
237 299 315 314
239 241 315 299
241 317 315 318
241 315 299 318
241 299 300 318
315 299 318 316
241 243 319 300
241 319 317 318
319 300 320 318
241 300 319 318
243 307 319 300
307 321 319 322
307 319 300 322
307 300 308 322
319 300 322 320
310 313 324 314
310 324 323 325
310 312 314 325
324 314 326 325
310 314 324 325
313 315 324 314
315 327 324 328
315 324 314 328
315 314 316 328
324 314 328 326
315 317 329 318
315 329 327 328
315 316 318 328
329 318 330 328
315 318 329 328
245 246 248 332
245 248 247 333
245 331 332 333
248 332 334 333
245 332 248 333
246 249 248 332
249 250 248 336
249 248 332 336
249 332 335 336
248 332 336 334
249 251 252 337
249 252 250 336
249 335 337 336
252 337 338 336
249 337 252 336
251 253 252 337
253 254 252 340
253 252 337 340
253 337 339 340
252 337 340 338
253 255 256 341
253 256 254 340
253 339 341 340
256 341 342 340
253 341 256 340
255 258 256 341
258 259 256 344
258 256 341 344
258 341 343 344
256 341 344 342
247 248 262 333
248 196 262 346
248 262 333 346
248 333 334 346
262 333 346 345
248 250 196 336
248 334 336 346
248 336 196 346
250 252 196 336
252 197 196 413
252 196 336 413
252 336 338 413
196 336 413 346
252 254 197 340
252 338 340 413
252 340 197 413
254 256 197 340
256 263 197 347
256 197 340 347
256 340 342 347
197 340 347 413
256 259 264 344
256 264 263 347
256 342 344 347
264 344 348 347
256 344 264 347
261 262 265 349
262 266 265 351
262 265 349 351
262 349 345 351
265 349 351 350
262 196 271 346
262 271 266 351
262 345 346 351
271 346 423 351
262 346 271 351
196 346 271 423
196 197 272 413
196 272 271 423
196 346 413 423
272 413 424 423
196 413 272 423
197 272 413 424
197 263 267 347
197 267 272 424
197 413 347 424
267 347 352 424
197 347 267 424
263 264 267 347
264 268 267 353
264 267 347 353
264 347 348 353
267 347 353 352
265 266 270 351
265 270 269 354
265 350 351 354
270 351 355 354
265 351 270 354
266 271 270 351
271 270 351 423
270 351 423 355
272 271 423 424
267 273 272 356
267 272 424 356
267 424 352 356
267 268 274 353
267 274 273 356
267 352 353 356
274 353 357 356
267 353 274 356
269 270 275 354
270 210 275 359
270 275 354 359
270 354 355 359
275 354 359 358
270 271 276 423
270 276 210 359
270 355 423 359
276 423 429 359
270 423 276 359
271 276 423 429
271 272 277 424
271 277 276 429
271 423 424 429
277 424 430 429
271 424 277 429
272 277 424 430
272 273 278 356
272 278 277 430
272 424 356 430
278 356 431 430
272 356 278 430
273 274 278 356
274 279 278 360
274 278 356 360
274 356 357 360
278 356 360 431
275 210 282 361
275 358 359 361
210 359 362 361
275 359 210 361
276 210 359 429
210 359 429 362
277 276 429 430
278 283 277 431
278 277 430 431
278 279 284 360
278 284 283 431
284 360 363 431
278 360 284 431
281 282 286 361
281 286 285 365
281 364 361 365
286 361 366 365
281 361 286 365
282 210 286 361
210 223 286 367
210 286 361 367
210 361 362 367
286 361 367 366
210 276 287 429
210 287 223 367
210 362 429 367
287 429 442 367
210 429 287 367
276 287 429 442
276 277 288 430
276 288 287 442
276 429 430 442
288 430 443 442
276 430 288 442
277 288 430 443
277 283 289 431
277 289 288 443
277 430 431 443
289 431 368 443
277 431 289 443
283 284 289 431
284 290 289 369
284 289 431 369
284 431 363 369
289 431 369 368
285 286 292 365
286 293 292 371
286 292 365 371
286 365 366 371
292 365 371 370
286 223 293 371
286 366 367 371
286 367 223 371
287 223 367 442
288 287 442 443
289 294 288 372
289 288 443 372
289 443 368 372
289 290 296 369
289 296 294 372
289 368 369 372
296 369 373 372
289 369 296 372
292 293 297 371
292 297 374 375
292 370 371 375
297 371 376 375
292 371 297 375
293 223 297 371
223 298 297 377
223 297 371 377
223 371 367 377
297 371 377 376
223 287 299 442
223 299 298 377
223 367 442 377
299 442 452 377
223 442 299 377
287 299 442 452
287 288 300 443
287 300 299 452
287 442 443 452
300 443 453 452
287 443 300 452
288 300 443 453
288 294 301 372
288 301 300 453
288 443 372 453
301 372 378 453
288 372 301 453
294 296 301 372
296 303 301 379
296 301 372 379
296 372 373 379
301 372 379 378
297 298 306 377
297 306 305 380
297 376 377 380
306 377 381 380
297 377 306 380
298 299 306 377
299 306 377 452
306 377 452 381
300 299 452 453
301 308 300 382
301 300 453 382
301 453 378 382
301 303 383 379
301 383 308 382
301 378 379 382
383 379 384 382
301 379 383 382
305 306 311 380
306 312 311 386
306 311 380 386
306 380 381 386
311 380 386 385
306 299 314 452
306 314 312 386
306 381 452 386
314 452 462 386
306 452 314 386
299 316 314 462
299 314 452 462
299 300 318 453
299 318 316 462
299 452 453 462
318 453 463 462
299 453 318 462
300 320 318 463
300 318 453 463
300 308 322 382
300 322 320 463
300 453 382 463
322 382 387 463
300 382 322 463
312 314 325 386
314 326 325 389
314 325 386 389
314 386 462 389
325 386 389 388
314 316 328 462
314 328 326 389
328 462 390 389
314 462 328 389
316 318 328 462
318 330 328 391
318 328 462 391
318 462 463 391
328 462 391 390
318 320 392 463
318 392 330 391
392 463 393 391
318 463 392 391
326 328 394 389
328 395 394 397
328 394 389 397
328 389 390 397
394 389 397 396
328 330 398 391
328 398 395 397
328 390 391 397
398 391 399 397
328 391 398 397
332 335 336 401
332 336 334 402
332 400 401 402
336 401 403 402
332 401 336 402
335 337 336 401
337 338 336 405
337 336 401 405
337 401 404 405
336 401 405 403
337 339 340 406
337 340 338 405
337 404 406 405
340 406 407 405
337 406 340 405
339 341 340 406
341 342 340 409
341 340 406 409
341 406 408 409
340 406 409 407
333 334 346 402
333 346 345 411
333 410 402 411
346 402 412 411
333 402 346 411
334 336 346 402
336 402 403 346
336 338 413 405
336 403 405 346
336 413 405 346
338 340 413 405
340 405 407 413
340 342 347 409
340 407 409 413
347 409 414 413
340 409 347 413
342 344 347 409
344 348 347 416
344 347 409 416
344 409 415 416
347 409 416 414
345 346 351 411
346 351 411 423
346 411 412 423
351 411 423 417
413 346 423 424
347 352 424 418
347 424 413 418
347 413 414 418
347 348 353 416
347 353 352 418
347 414 416 418
353 416 419 418
347 416 353 418
350 351 354 420
351 355 354 422
351 354 420 422
351 420 417 422
354 420 422 421
351 423 355 422
351 417 423 422
424 352 356 418
356 418 425 424
352 353 356 418
353 357 356 426
353 356 418 426
353 418 419 426
356 418 426 425
354 355 359 422
354 359 358 427
354 421 422 427
359 422 428 427
354 422 359 427
355 423 359 422
423 359 422 429
359 422 429 428
424 429 423 430
356 430 424 431
356 424 425 431
356 357 360 426
356 425 426 431
360 426 432 431
356 426 360 431
358 359 361 427
359 362 361 434
359 361 427 434
359 427 428 434
361 427 434 433
359 429 362 434
359 428 429 434
360 363 431 435
360 431 432 435
360 436 437 438
360 437 363 435
360 432 438 435
437 438 439 435
360 438 437 435
361 362 367 434
361 367 366 440
361 433 434 440
367 434 441 440
361 434 367 440
362 429 367 434
429 367 434 442
367 434 442 441
430 442 429 443
431 368 443 444
431 443 430 444
431 363 369 435
431 369 368 444
369 435 445 444
431 435 369 444
366 367 371 440
367 371 440 447
367 440 441 447
371 440 447 446
367 441 442 447
443 368 372 444
372 444 448 443
368 369 372 444
369 373 372 449
369 372 444 449
369 444 445 449
372 444 449 448
371 367 377 447
371 377 376 450
371 446 447 450
377 447 451 450
371 447 377 450
367 442 377 447
442 377 447 452
377 447 452 451
443 452 442 453
372 378 453 454
372 453 443 454
372 443 448 454
372 373 379 449
372 379 378 454
372 448 449 454
379 449 455 454
372 449 379 454
376 377 380 450
377 381 380 457
377 380 450 457
377 450 451 457
380 450 457 456
377 452 381 457
377 451 452 457
453 378 382 454
382 454 458 453
378 379 382 454
379 384 382 459
379 382 454 459
379 454 455 459
382 454 459 458
380 381 386 457
380 386 385 460
380 456 457 460
386 457 461 460
380 457 386 460
381 452 386 457
452 386 457 462
386 457 462 461
453 462 452 463
382 387 463 464
382 463 453 464
382 453 458 464
382 384 465 459
382 465 387 464
382 458 459 464
465 459 466 464
382 459 465 464
386 389 388 467
386 461 462 467
389 462 468 467
386 462 389 467
462 390 389 469
389 462 469 468
462 391 390 469
391 463 470 469
462 463 391 469
463 393 391 471
391 463 471 470
463 387 472 464
463 472 393 471
472 464 473 471
463 464 472 471
389 390 397 469
389 397 396 474
389 468 469 474
397 469 475 474
389 469 397 474
390 391 397 469
391 399 397 476
391 397 469 476
391 469 470 476
397 469 476 475
391 393 477 471
391 477 399 476
391 470 471 476
477 471 478 476
391 471 477 476
400 401 402 479
401 403 402 482
401 402 479 482
401 479 480 482
402 479 482 481
401 404 405 483
401 405 403 482
401 480 483 482
405 483 484 482
401 483 405 482
404 406 405 483
406 407 405 486
406 405 483 486
406 483 485 486
405 483 486 484
410 402 411 487
402 412 411 489
402 411 487 489
402 487 481 489
411 487 489 488
402 403 346 482
402 346 412 489
402 481 482 489
346 482 490 489
402 482 346 489
403 405 346 482
405 413 346 491
405 346 482 491
405 482 484 491
346 482 491 490
405 407 413 486
405 484 486 491
405 486 413 491
407 409 413 486
409 414 413 493
409 413 486 493
409 486 492 493
413 486 493 491
411 412 423 489
411 423 417 494
411 488 489 494
423 489 495 494
411 489 423 494
412 346 423 489
346 423 489 500
346 489 490 500
423 489 500 495
346 413 424 491
346 424 423 500
346 490 491 500
424 491 560 500
346 491 424 500
413 424 491 560
413 414 418 493
413 418 424 560
413 491 493 560
418 493 496 560
413 493 418 560
414 416 418 493
416 419 418 498
416 418 493 498
416 493 497 498
418 493 498 496
417 423 422 494
423 422 494 500
423 494 495 500
422 494 500 499
424 423 500 560
418 425 424 501
418 424 560 501
418 560 496 501
418 419 426 498
418 426 425 501
418 496 498 501
426 498 502 501
418 498 426 501
421 422 427 503
422 428 427 505
422 427 503 505
422 503 499 505
427 503 505 504
422 423 429 500
422 429 428 505
422 499 500 505
429 500 565 505
422 500 429 505
423 500 429 565
423 424 430 560
423 430 429 565
423 500 560 565
430 560 566 565
423 560 430 565
424 430 560 566
424 425 431 501
424 431 430 566
424 560 501 566
431 501 506 566
424 501 431 566
425 426 431 501
426 432 431 507
426 431 501 507
426 501 502 507
431 501 507 506
427 428 434 505
427 434 433 508
427 504 505 508
434 505 509 508
427 505 434 508
428 429 434 505
429 434 505 565
434 505 565 509
430 429 565 566
431 430 566 506
431 432 435 507
435 507 510 506
431 507 435 506
432 438 435 507
438 439 435 512
438 435 507 512
438 507 511 512
435 507 512 510
433 434 440 508
434 441 440 514
434 440 508 514
434 508 509 514
440 508 514 513
434 429 442 565
434 442 441 514
434 509 565 514
442 565 576 514
434 565 442 514
429 442 565 576
429 430 443 566
429 443 442 576
429 565 566 576
443 566 577 576
429 566 443 576
430 443 566 577
430 431 444 506
430 444 443 577
430 566 506 577
444 506 578 577
430 506 444 577
431 435 444 506
435 445 444 515
435 444 506 515
435 506 510 515
444 506 515 578
435 439 516 512
435 516 445 515
435 510 512 515
516 512 517 515
435 512 516 515
440 441 447 514
440 447 446 518
440 513 514 518
447 514 519 518
440 514 447 518
441 442 447 514
442 447 514 576
447 514 576 519
443 442 576 577
444 448 443 578
444 443 577 578
444 445 449 515
444 449 448 578
449 515 520 578
444 515 449 578
446 447 450 518
447 451 450 522
447 450 518 522
447 518 519 522
450 518 522 521
447 442 452 576
447 452 451 522
447 519 576 522
452 576 585 522
447 576 452 522
442 452 576 585
442 443 453 577
442 453 452 585
442 576 577 585
453 577 586 585
442 577 453 585
443 453 577 586
443 448 454 578
443 454 453 586
443 577 578 586
454 578 587 586
443 578 454 586
448 449 454 578
449 455 454 523
449 454 578 523
449 578 520 523
454 578 523 587
450 451 457 522
450 457 456 524
450 521 522 524
457 522 525 524
450 522 457 524
451 452 457 522
452 457 522 585
457 522 585 525
453 452 585 586
454 458 453 587
454 453 586 587
454 455 459 523
454 459 458 587
459 523 526 587
454 523 459 587
456 457 460 524
457 461 460 528
457 460 524 528
457 524 525 528
460 524 528 527
457 452 462 585
457 462 461 528
457 525 585 528
462 585 529 528
457 585 462 528
452 462 585 529
452 453 463 586
452 463 462 529
452 585 586 529
463 586 600 529
452 586 463 529
453 463 586 600
453 458 464 587
453 464 463 600
453 586 587 600
464 587 601 600
453 587 464 600
458 459 464 587
459 466 464 530
459 464 587 530
459 587 526 530
464 587 530 601
461 462 467 528
462 468 467 532
462 467 528 532
462 528 529 532
467 528 532 531
462 469 468 532
462 529 469 532
462 463 469 529
463 470 469 600
463 469 529 600
463 471 470 600
463 464 471 600
464 473 471 533
464 471 600 533
464 600 601 533
464 466 534 530
464 534 473 533
464 601 530 533
534 530 535 533
464 530 534 533
467 468 474 532
467 474 536 537
467 531 532 537
474 532 538 537
467 532 474 537
468 469 474 532
469 475 474 539
469 474 532 539
469 532 529 539
474 532 539 538
469 470 476 600
469 476 475 539
469 529 600 539
476 600 540 539
469 600 476 539
470 471 476 600
471 478 476 541
471 476 600 541
476 600 541 540
471 473 542 533
471 542 478 541
471 600 533 541
542 533 543 541
471 533 542 541
481 482 489 544
482 490 489 547
482 489 544 547
482 544 545 547
489 544 547 546
482 484 491 548
482 491 490 547
482 545 548 547
491 548 549 547
482 548 491 547
484 486 491 548
486 491 548 551
486 548 550 551
491 548 551 549
486 492 493 552
486 493 491 551
486 550 552 551
493 552 553 551
486 552 493 551
488 489 494 554
489 495 494 556
489 494 554 556
489 554 546 556
494 554 556 555
489 490 500 547
489 500 495 556
489 546 547 556
489 547 500 556
490 491 500 547
491 500 547 560
491 547 549 560
491 549 551 560
491 493 560 551
493 496 560 557
493 560 551 557
493 551 553 557
494 495 500 556
494 500 499 558
494 555 556 558
500 556 559 558
494 556 500 558
560 496 501 557
501 557 561 560
496 498 501 557
498 502 501 563
498 501 557 563
498 557 562 563
501 557 563 561
499 500 505 558
500 505 558 565
500 558 559 565
505 558 565 564
560 500 565 566
501 506 566 567
501 566 560 567
501 560 561 567
501 502 507 563
501 507 506 567
501 561 563 567
507 563 568 567
501 563 507 567
504 505 508 569
505 509 508 571
505 508 569 571
505 569 564 571
508 569 571 570
505 565 509 571
505 564 565 571
506 567 572 566
507 510 506 573
507 506 567 573
507 567 568 573
506 567 573 572
508 509 514 571
508 514 513 574
508 570 571 574
514 571 575 574
508 571 514 574
509 565 514 571
565 514 571 576
514 571 576 575
566 576 565 577
506 577 566 578
506 566 572 578
506 510 515 573
506 572 573 578
515 573 579 578
506 573 515 578
513 514 518 574
514 519 518 581
514 518 574 581
514 574 575 581
518 574 581 580
514 576 519 581
514 575 576 581
515 520 578 582
515 578 579 582
518 519 522 581
518 522 521 583
518 580 581 583
522 581 584 583
518 581 522 583
519 576 522 581
576 522 581 585
522 581 585 584
577 585 576 586
578 586 577 587
578 520 523 582
523 582 588 587
578 582 523 587
520 589 523 582
589 590 523 592
589 523 582 592
589 582 591 592
523 582 592 588
521 522 524 583
522 525 524 594
522 524 583 594
522 583 584 594
524 583 594 593
522 585 525 594
522 584 585 594
523 526 587 595
523 587 588 595
523 590 596 592
523 596 526 595
523 588 592 595
596 592 597 595
523 592 596 595
525 585 528 594
585 529 528 599
585 528 594 599
528 594 599 598
586 529 585 600
587 600 586 601
587 526 530 595
530 595 602 601
587 595 530 601
526 596 530 595
596 603 530 604
596 530 595 604
596 595 597 604
530 595 604 602
528 529 532 599
528 532 531 605
528 598 599 605
532 599 606 605
528 599 532 605
532 599 529 606
530 535 533 607
530 533 601 607
530 601 602 607
532 539 538 608
532 606 529 608
539 529 609 608
532 529 539 608
600 540 539 610
600 539 529 610
539 529 610 609
600 541 540 610
541 600 611 610
533 543 541 612
533 541 600 612
533 600 601 612
541 600 612 611
533 535 613 607
533 613 543 612
533 601 607 612
613 607 614 612
533 607 613 612
539 540 616 610
539 616 615 617
539 609 610 617
616 610 618 617
539 610 616 617
540 541 616 610
541 619 616 620
541 616 610 620
541 610 611 620
616 610 620 618
545 548 547 621
548 549 547 624
548 547 621 624
548 621 622 624
547 621 624 623
548 550 551 625
548 551 549 624
548 622 625 624
551 625 626 624
548 625 551 624
546 547 556 627
547 500 556 635
547 556 627 635
547 627 623 635
556 627 635 628
547 549 560 624
547 560 500 635
547 623 624 635
560 624 636 635
547 624 560 635
549 551 560 624
551 560 624 629
551 624 626 629
560 624 629 636
551 553 557 630
551 557 560 629
551 626 630 629
557 630 631 629
551 630 557 629
555 556 558 632
556 559 558 634
556 558 632 634
556 632 628 634
558 632 634 633
556 500 559 634
556 628 635 634
556 635 500 634
560 500 635 636
557 561 560 637
557 560 629 637
557 629 631 637
560 629 637 636
558 559 565 634
558 565 564 638
558 633 634 638
565 634 639 638
558 634 565 638
559 500 565 634
500 565 634 644
500 634 635 644
565 634 644 639
500 560 566 636
500 566 565 644
500 635 636 644
566 636 697 644
500 636 566 644
560 566 636 697
560 561 567 637
560 567 566 697
560 636 637 697
567 637 640 697
560 637 567 697
561 563 567 637
563 568 567 642
563 567 637 642
563 637 641 642
567 637 642 640
564 565 571 638
565 571 638 644
565 638 639 644
571 638 644 643
566 644 565 697
567 572 566 645
567 566 697 645
567 697 640 645
567 568 573 642
567 573 572 645
567 640 642 645
573 642 646 645
567 642 573 645
570 571 574 647
571 575 574 649
571 574 647 649
571 647 643 649
574 647 649 648
571 565 576 644
571 576 575 649
571 643 644 649
576 644 650 649
571 644 576 649
565 576 644 650
565 566 577 697
565 577 576 650
565 697 644 650
577 697 707 650
565 697 577 650
566 577 697 707
566 572 578 645
566 578 577 707
566 697 645 707
578 645 651 707
566 645 578 707
572 573 578 645
573 579 578 652
573 578 645 652
573 645 646 652
578 645 652 651
574 575 581 649
574 581 580 653
574 648 649 653
581 649 654 653
574 649 581 653
575 576 581 649
576 581 649 650
581 649 650 654
577 576 650 707
578 577 707 651
578 579 582 652
582 652 655 651
578 652 582 651
579 656 582 652
656 591 582 658
656 582 652 658
656 652 657 658
582 652 658 655
581 576 585 650
581 585 584 659
581 654 650 659
585 650 660 659
581 650 585 659
576 585 650 661
585 650 661 660
576 577 586 707
576 586 585 661
576 707 650 661
586 707 716 661
576 707 586 661
577 586 707 716
577 578 587 651
577 587 586 716
577 707 651 716
587 651 717 716
577 651 587 716
578 582 587 651
582 588 587 717
582 587 651 717
582 651 655 717
582 591 592 658
582 592 588 717
582 655 658 717
592 658 662 717
582 658 592 717
584 585 594 659
585 594 659 664
585 659 660 664
594 659 664 663
585 660 661 664
586 585 661 716
587 586 716 717
587 588 595 717
588 592 595 717
592 597 595 665
592 595 717 665
592 717 662 665
594 585 599 664
594 599 598 666
594 663 664 666
599 664 667 666
594 664 599 666
585 529 599 668
585 599 664 668
585 664 661 668
599 664 668 667
585 586 600 716
585 600 529 668
585 716 661 668
600 716 728 668
585 716 600 668
586 600 716 728
586 587 601 717
586 601 600 728
586 716 717 728
601 717 729 728
586 717 601 728
587 595 601 717
595 602 601 729
595 601 717 729
595 597 604 665
595 604 602 729
595 717 665 729
604 665 669 729
595 665 604 729
598 599 605 666
599 606 605 671
599 605 666 671
599 666 667 671
605 666 671 670
599 529 606 671
599 667 668 671
599 668 529 671
600 529 668 728
601 600 728 729
601 602 607 729
602 604 607 729
604 672 607 673
604 607 729 673
604 729 669 673
606 529 608 671
529 609 608 675
529 608 671 675
529 671 668 675
608 671 675 674
529 600 610 728
529 610 609 675
529 668 728 675
610 728 676 675
529 728 610 675
600 611 610 677
600 610 728 677
610 728 677 676
600 601 612 729
600 612 611 677
600 728 729 677
612 729 678 677
600 729 612 677
601 607 612 729
607 614 612 679
607 612 729 679
612 729 679 678
609 610 617 675
610 618 617 681
610 617 675 681
610 675 676 681
617 675 681 680
610 611 620 677
610 620 618 681
610 676 677 681
620 677 682 681
610 677 620 681
611 612 620 677
612 683 620 684
612 620 677 684
612 677 678 684
620 677 684 682
623 624 635 685
624 636 635 688
624 635 685 688
624 685 686 688
635 685 688 687
624 626 629 689
624 629 636 688
624 686 689 688
629 689 690 688
624 689 629 688
628 635 634 691
634 691 635 692
629 636 688 693
629 688 690 693
633 634 638 694
634 639 638 696
634 638 694 696
634 694 692 696
638 694 696 695
634 644 639 696
634 692 635 696
634 635 644 696
636 644 635 697
636 637 697 693
637 640 697 699
637 697 693 699
637 693 698 699
638 639 644 696
638 644 643 700
638 695 696 700
644 696 701 700
638 696 644 700
697 640 645 699
645 699 702 697
640 642 645 699
642 646 645 704
642 645 699 704
642 699 703 704
645 699 704 702
643 644 649 700
644 650 649 706
644 649 700 706
644 700 701 706
649 700 706 705
697 650 644 707
645 707 697 651
645 697 702 651
645 646 652 704
645 702 704 651
652 704 708 651
645 704 652 651
649 650 654 709
649 705 706 709
650 706 710 709
649 706 650 709
652 655 651 711
652 651 708 711
652 657 658 712
652 658 655 711
652 708 712 711
658 712 713 711
652 712 658 711
654 650 659 709
650 660 659 715
650 659 709 715
650 709 710 715
659 709 715 714
650 661 660 715
707 650 661 716
651 716 707 717
651 655 717 711
655 658 717 711
658 662 717 718
658 717 711 718
658 711 713 718
659 660 664 715
659 664 663 719
659 714 715 719
664 715 720 719
659 715 664 719
660 661 664 715
664 715 661 720
717 662 665 718
665 718 721 717
662 722 665 718
722 723 665 725
722 665 718 725
722 718 724 725
665 718 725 721
663 664 666 719
664 667 666 727
664 666 719 727
664 719 720 727
666 719 727 726
664 668 667 727
664 720 661 727
664 661 668 727
716 668 661 728
717 728 716 729
665 669 729 730
665 729 717 730
665 717 721 730
665 723 731 725
665 731 669 730
665 721 725 730
731 725 732 730
665 725 731 730
666 667 671 727
666 671 670 733
666 726 727 733
671 727 734 733
666 727 671 733
667 668 671 727
671 727 668 734
729 669 673 730
673 730 735 729
669 731 673 730
731 736 673 737
731 673 730 737
731 730 732 737
673 730 737 735
671 675 674 738
671 734 668 738
675 668 739 738
671 668 675 738
728 676 675 740
728 675 668 740
675 668 740 739
728 677 676 740
677 728 741 740
729 678 677 742
729 677 728 742
677 728 742 741
729 679 678 742
679 729 743 742
673 744 679 745
673 679 729 745
673 729 735 745
679 729 745 743
675 676 681 740
675 681 680 746
675 739 740 746
681 740 747 746
675 740 681 746
676 677 681 740
677 682 681 748
677 681 740 748
677 740 741 748
681 740 748 747
677 678 684 742
677 684 682 748
677 741 742 748
684 742 749 748
677 742 684 748
678 679 684 742
679 750 684 751
679 684 742 751
679 742 743 751
684 742 751 749
687 688 635 752
688 636 635 755
688 635 752 755
688 752 753 755
635 752 755 754
688 690 693 756
688 693 636 755
688 753 756 755
693 756 757 755
688 756 693 755
692 635 696 758
635 644 696 764
635 696 758 764
635 758 754 764
696 758 764 759
635 636 697 755
635 697 644 764
635 754 755 764
697 755 765 764
635 755 697 764
636 693 697 755
693 697 755 760
693 755 757 760
697 755 760 765
695 696 700 761
696 701 700 763
696 700 761 763
696 761 759 763
700 761 763 762
696 644 701 763
696 759 764 763
696 764 644 763
697 644 764 765
699 702 697 767
699 697 760 767
699 760 766 767
697 760 767 765
700 701 706 763
700 706 705 768
700 762 763 768
706 763 769 768
700 763 706 768
701 644 706 763
644 650 706 770
644 706 763 770
644 763 764 770
706 763 770 769
644 697 707 765
644 707 650 770
644 764 765 770
707 765 771 770
644 765 707 770
697 707 765 771
697 702 651 767
697 651 707 771
697 765 767 771
651 767 776 771
697 767 651 771
702 704 651 767
704 708 651 773
704 651 767 773
704 767 772 773
651 767 773 776
705 706 709 768
706 710 709 775
706 709 768 775
706 768 769 775
709 768 775 774
706 650 710 775
706 769 770 775
706 770 650 775
707 650 770 771
651 707 771 776
651 708 711 773
651 773 711 776
708 712 711 773
712 713 711 778
712 711 773 778
712 773 777 778
711 773 778 776
709 710 715 775
709 715 714 779
709 774 775 779
715 775 780 779
709 775 715 779
710 650 715 775
650 661 715 781
650 715 775 781
650 775 770 781
715 775 781 780
650 707 716 771
650 716 661 781
650 770 771 781
716 771 782 781
650 771 716 781
707 716 771 782
707 651 717 776
707 717 716 782
707 771 776 782
717 776 783 782
707 776 717 782
651 711 717 776
711 717 776 783
711 713 718 778
711 718 717 783
711 776 778 783
718 778 784 783
711 778 718 783
714 715 719 779
715 720 719 786
715 719 779 786
715 779 780 786
719 779 786 785
715 661 720 786
715 780 781 786
715 781 661 786
716 661 781 782
717 716 782 783
718 721 717 784
718 717 783 784
718 724 725 787
718 725 721 784
725 787 788 784
718 787 725 784
719 720 727 786
719 727 726 789
719 785 786 789
727 786 790 789
719 786 727 789
720 661 727 786
661 668 727 791
661 727 786 791
661 786 781 791
727 786 791 790
661 716 728 782
661 728 668 791
661 781 782 791
728 782 792 791
661 782 728 791
716 728 782 792
716 717 729 783
716 729 728 792
716 782 783 792
729 783 793 792
716 783 729 792
717 729 783 793
717 721 730 784
717 730 729 793
717 783 784 793
730 784 794 793
717 784 730 793
721 725 730 784
725 732 730 795
725 730 784 795
725 784 788 795
730 784 795 794
727 668 734 796
727 790 791 796
668 791 797 796
727 791 668 796
728 668 791 792
668 791 792 797
729 728 792 793
730 735 729 794
730 729 793 794
730 732 737 795
730 737 735 794
737 795 798 794
730 795 737 794
734 668 738 796
668 739 738 800
668 738 796 800
668 796 797 800
738 796 800 799
668 728 740 792
668 740 739 800
668 797 792 800
740 792 801 800
668 792 740 800
728 741 740 802
728 740 792 802
740 792 802 801
728 729 742 793
728 742 741 802
728 792 793 802
742 793 803 802
728 793 742 802
729 743 742 804
729 742 793 804
742 793 804 803
729 735 745 794
729 745 743 804
729 793 794 804
745 794 805 804
729 794 745 804
735 737 745 794
737 806 745 807
737 745 794 807
737 794 798 807
745 794 807 805
740 741 748 802
740 748 747 808
740 801 802 808
748 802 809 808
740 802 748 808
741 742 748 802
742 749 748 810
742 748 802 810
742 802 803 810
748 802 810 809
742 743 751 804
742 751 749 810
742 803 804 810
751 804 811 810
742 804 751 810
743 745 751 804
745 812 751 813
745 751 804 813
745 804 805 813
751 804 813 811
754 755 764 814
755 765 764 817
755 764 814 817
755 814 815 817
764 814 817 816
755 757 760 818
755 760 765 817
755 815 818 817
760 818 819 817
755 818 760 817
759 764 763 820
763 820 764 821
760 817 819 765
760 766 767 822
760 819 822 765
767 822 823 765
760 822 767 765
762 763 768 824
763 769 768 826
763 768 824 826
763 824 821 826
768 824 826 825
763 770 769 826
763 821 764 826
763 764 770 826
765 770 764 771
767 771 765 776
767 765 823 776
767 772 773 827
767 823 827 776
773 827 828 776
767 827 773 776
768 769 775 826
768 775 774 829
768 825 826 829
775 826 830 829
768 826 775 829
769 770 775 826
775 826 770 830
773 777 778 831
773 828 831 776
778 831 832 776
773 831 778 776
774 775 779 829
775 780 779 834
775 779 829 834
775 829 830 834
779 829 834 833
775 781 780 834
775 830 770 834
775 770 781 834
771 781 770 782
776 782 771 783
778 783 776 784
778 776 832 784
778 835 787 836
778 832 836 784
787 836 837 784
778 836 787 784
780 781 786 834
781 786 834 839
786 834 839 838
787 788 784 840
787 784 837 840
787 841 842 843
787 842 788 840
787 837 843 840
842 843 844 840
787 843 842 840
786 781 791 839
786 791 790 845
786 838 839 845
791 839 846 845
786 839 791 845
781 782 791 839
782 791 839 792
791 839 792 846
783 792 782 793
784 793 783 794
784 788 795 840
795 840 847 794
784 840 795 794
788 842 795 840
842 848 795 849
842 795 840 849
842 840 844 849
795 840 849 847
790 791 796 845
791 797 796 851
791 796 845 851
791 845 846 851
796 845 851 850
791 792 797 851
791 846 792 851
795 798 794 852
795 794 847 852
795 848 853 849
795 853 798 852
795 847 849 852
853 849 854 852
795 849 853 852
797 792 800 851
792 801 800 856
792 800 851 856
800 851 856 855
792 802 801 856
802 792 857 856
793 803 802 858
793 802 792 858
802 792 858 857
793 804 803 858
804 793 859 858
794 805 804 860
794 804 793 860
804 793 860 859
794 798 807 852
794 807 805 860
807 852 861 860
794 852 807 860
798 853 807 852
853 862 807 863
853 807 852 863
853 852 854 863
807 852 863 861
801 802 808 856
802 809 808 865
802 808 856 865
802 856 857 865
808 856 865 864
802 803 810 858
802 810 809 865
802 857 858 865
810 858 866 865
802 858 810 865
803 804 810 858
804 811 810 867
804 810 858 867
804 858 859 867
810 858 867 866
804 805 813 860
804 813 811 867
804 859 860 867
813 860 868 867
804 860 813 867
805 807 813 860
807 869 813 870
807 813 860 870
807 860 861 870
813 860 870 868
820 816 764 872
820 764 821 873
820 871 872 873
764 872 874 873
820 872 764 873
816 817 764 872
817 765 764 876
817 764 872 876
817 872 875 876
764 872 876 874
817 819 765 877
817 875 877 876
765 877 878 876
817 877 765 876
819 822 765 877
822 823 765 880
822 765 877 880
822 877 879 880
765 877 880 878
821 764 826 873
764 770 826 882
764 826 873 882
764 873 874 882
826 873 882 881
764 765 771 876
764 771 770 882
764 874 876 882
771 876 887 882
764 876 771 882
765 771 876 887
765 876 878 887
765 823 776 880
765 776 771 887
765 878 880 887
776 880 888 887
765 880 776 887
823 827 776 880
827 828 776 884
827 776 880 884
827 880 883 884
776 880 884 888
826 770 830 885
826 881 882 885
770 882 886 885
826 882 770 885
771 770 882 887
770 882 887 886
776 887 771 888
828 831 776 884
831 832 776 890
831 776 884 890
831 884 889 890
776 884 890 888
830 770 834 885
770 781 834 892
770 834 885 892
770 885 886 892
834 885 892 891
770 771 782 887
770 782 781 892
770 886 887 892
782 887 944 892
770 887 782 892
771 782 887 944
771 776 783 888
771 783 782 944
771 887 888 944
783 888 945 944
771 888 783 944
776 783 888 945
776 832 784 890
776 784 783 945
776 888 890 945
784 890 897 945
776 890 784 945
832 836 784 890
836 837 784 894
836 784 890 894
836 890 893 894
784 890 894 897
834 781 839 892
834 839 838 895
834 891 892 895
839 892 896 895
834 892 839 895
781 782 839 892
782 839 892 944
839 892 944 896
783 782 944 945
784 783 945 897
784 837 840 894
784 894 840 897
837 843 840 894
843 844 840 899
843 840 894 899
843 894 898 899
840 894 899 897
838 839 845 895
839 846 845 901
839 845 895 901
839 895 896 901
845 895 901 900
839 782 792 944
839 792 846 901
839 896 944 901
792 944 902 901
839 944 792 901
782 792 944 902
782 783 793 945
782 793 792 902
782 944 945 902
793 945 960 902
782 945 793 902
783 793 945 960
783 784 794 897
783 794 793 960
783 945 897 960
794 897 961 960
783 897 794 960
784 840 794 897
840 847 794 961
840 794 897 961
840 844 849 899
840 849 847 961
840 897 899 961
849 899 903 961
840 899 849 961
845 846 851 901
845 851 850 904
845 900 901 904
851 901 905 904
845 901 851 904
846 792 851 901
792 851 901 906
792 901 902 906
851 901 906 905
793 792 902 960
794 793 960 961
794 847 852 961
847 849 852 961
849 854 852 907
849 852 961 907
849 961 903 907
851 792 856 906
851 856 855 908
851 905 906 908
856 906 909 908
851 906 856 908
792 857 856 910
792 856 906 910
792 906 902 910
856 906 910 909
792 793 858 960
792 858 857 910
792 902 960 910
858 960 911 910
792 960 858 910
793 859 858 912
793 858 960 912
858 960 912 911
793 794 860 961
793 860 859 912
793 960 961 912
860 961 913 912
793 961 860 912
794 852 860 961
852 861 860 914
852 860 961 914
860 961 914 913
852 854 863 907
852 863 861 914
852 961 907 914
863 907 915 914
852 907 863 914
857 858 865 910
858 866 865 917
858 865 910 917
858 910 911 917
865 910 917 916
858 859 867 912
858 867 866 917
858 911 912 917
867 912 918 917
858 912 867 917
859 860 867 912
860 868 867 919
860 867 912 919
860 912 913 919
867 912 919 918
860 861 870 914
860 870 868 919
860 913 914 919
870 914 920 919
860 914 870 919
861 863 870 914
863 921 870 922
863 870 914 922
863 914 915 922
870 914 922 920
872 875 876 924
872 876 874 925
872 923 924 925
876 924 926 925
872 924 876 925
875 877 876 924
877 878 876 928
877 876 924 928
877 924 927 928
876 924 928 926
873 874 882 925
873 882 881 930
873 929 925 930
882 925 931 930
873 925 882 930
874 876 882 925
876 887 882 932
876 882 925 932
876 925 926 932
882 925 932 931
876 878 887 928
876 926 928 932
887 928 933 932
876 928 887 932
878 880 887 928
880 888 887 935
880 887 928 935
880 928 934 935
887 928 935 933
880 883 884 936
880 884 888 935
880 934 936 935
884 936 937 935
880 936 884 935
881 882 885 930
882 886 885 939
882 885 930 939
882 930 931 939
885 930 939 938
882 887 886 939
882 931 932 939
882 932 887 939
884 935 937 888
884 889 890 940
884 937 940 888
890 940 941 888
884 940 890 888
885 886 892 939
885 892 891 942
885 938 939 942
892 939 943 942
885 939 892 942
886 887 892 939
887 892 939 944
892 939 944 943
888 944 887 945
890 888 945 897
890 888 941 897
890 893 894 946
890 941 946 897
894 946 947 897
890 946 894 897
893 948 894 946
948 898 894 950
948 894 946 950
948 946 949 950
894 946 950 947
891 892 895 942
892 896 895 952
892 895 942 952
892 942 943 952
895 942 952 951
892 944 896 952
892 943 944 952
894 898 899 950
894 947 950 897
899 950 953 897
894 950 899 897
898 954 899 950
954 955 899 957
954 899 950 957
954 950 956 957
899 950 957 953
895 896 901 952
895 901 900 958
895 951 952 958
901 952 959 958
895 952 901 958
896 944 901 952
944 901 952 902
901 952 902 959
945 902 944 960
897 960 945 961
899 903 961 962
899 961 897 962
899 897 953 962
899 955 963 957
899 963 903 962
899 953 957 962
963 957 964 962
899 957 963 962
900 901 904 958
901 905 904 966
901 904 958 966
901 958 959 966
904 958 966 965
901 906 905 966
901 959 902 966
906 902 967 966
901 902 906 966
961 903 907 962
903 963 907 962
963 968 907 969
963 907 962 969
963 962 964 969
905 906 908 966
906 909 908 971
906 908 966 971
906 966 967 971
908 966 971 970
906 910 909 971
906 967 902 971
910 902 972 971
906 902 910 971
960 911 910 973
960 910 902 973
910 902 973 972
960 912 911 973
912 960 974 973
961 913 912 975
961 912 960 975
912 960 975 974
961 914 913 975
914 961 976 975
907 915 914 977
907 914 961 977
907 961 962 977
914 961 977 976
907 968 978 969
907 978 915 977
907 962 969 977
978 969 979 977
907 969 978 977
910 911 917 973
910 917 916 980
910 972 973 980
917 973 981 980
910 973 917 980
911 912 917 973
912 918 917 982
912 917 973 982
912 973 974 982
917 973 982 981
912 913 919 975
912 919 918 982
912 974 975 982
919 975 983 982
912 975 919 982
913 914 919 975
914 920 919 984
914 919 975 984
914 975 976 984
919 975 984 983
914 915 922 977
914 922 920 984
914 976 977 984
922 977 985 984
914 977 922 984
926 928 932 986
928 933 932 989
928 932 986 989
928 986 987 989
932 986 989 988
931 932 939 990
932 887 939 992
932 939 990 992
932 990 988 992
939 990 992 991
932 933 887 989
932 988 989 992
887 989 993 992
932 989 887 992
933 935 887 989
935 888 887 995
935 887 989 995
935 989 994 995
887 989 995 993
935 937 888 996
935 994 996 995
888 996 997 995
935 996 888 995
937 940 888 996
940 941 888 999
940 888 996 999
940 996 998 999
888 996 999 997
939 887 944 992
939 944 943 1000
939 991 992 1000
944 992 1001 1000
939 992 944 1000
887 944 992 1002
887 992 993 1002
944 992 1002 1001
887 888 945 995
887 945 944 1002
887 993 995 1002
945 995 1003 1002
887 995 945 1002
888 945 995 1003
888 995 997 1003
888 941 897 999
888 897 945 1003
888 997 999 1003
897 999 1010 1003
888 999 897 1003
941 946 897 999
946 947 897 1005
946 897 999 1005
946 999 1004 1005
897 999 1005 1010
946 949 950 1006
946 950 947 1005
946 1004 1006 1005
950 1006 1007 1005
946 1006 950 1005
943 944 952 1000
944 952 1000 1009
944 1000 1001 1009
952 1000 1009 1008
944 1001 1002 1009
945 944 1002 1003
897 945 1003 1010
947 950 897 1005
950 953 897 1011
950 897 1005 1011
950 1005 1007 1011
897 1005 1011 1010
950 956 957 1012
950 957 953 1011
950 1007 1012 1011
957 1012 1013 1011
950 1012 957 1011
952 944 902 1009
952 902 959 1014
952 1008 1009 1014
902 1009 1015 1014
952 1009 902 1014
944 902 1009 1016
944 1009 1002 1016
902 1009 1016 1015
944 945 960 1003
944 960 902 1016
944 1002 1003 1016
960 1003 1017 1016
944 1003 960 1016
945 960 1003 1017
945 897 961 1010
945 961 960 1017
945 1003 1010 1017
961 1010 1018 1017
945 1010 961 1017
897 961 1010 1018
897 953 962 1011
897 962 961 1018
897 1010 1011 1018
962 1011 1019 1018
897 1011 962 1018
953 957 962 1011
957 964 962 1020
957 962 1011 1020
957 1011 1013 1020
962 1011 1020 1019
957 1021 1022 1023
957 1022 964 1020
957 1013 1023 1020
1022 1023 1024 1020
957 1023 1022 1020
959 902 966 1014
902 967 966 1026
902 966 1014 1026
902 1014 1015 1026
966 1014 1026 1025
902 1015 1016 1026
960 902 1016 1017
961 960 1017 1018
962 961 1018 1019
962 964 969 1020
969 1020 1027 1019
962 1020 969 1019
964 1022 969 1020
1022 1028 969 1029
1022 969 1020 1029
1022 1020 1024 1029
969 1020 1029 1027
967 902 971 1026
902 972 971 1031
902 971 1026 1031
902 1026 1016 1031
971 1026 1031 1030
902 960 973 1017
902 973 972 1031
902 1016 1017 1031
973 1017 1032 1031
902 1017 973 1031
960 974 973 1033
960 973 1017 1033
973 1017 1033 1032
960 961 975 1018
960 975 974 1033
960 1017 1018 1033
975 1018 1034 1033
960 1018 975 1033
961 976 975 1035
961 975 1018 1035
975 1018 1035 1034
961 962 977 1019
961 977 976 1035
961 1018 1019 1035
977 1019 1036 1035
961 1019 977 1035
962 969 977 1019
969 979 977 1037
969 977 1019 1037
969 1019 1027 1037
977 1019 1037 1036
972 973 980 1031
973 981 980 1039
973 980 1031 1039
973 1031 1032 1039
980 1031 1039 1038
973 974 982 1033
973 982 981 1039
973 1032 1033 1039
982 1033 1040 1039
973 1033 982 1039
974 975 982 1033
975 983 982 1041
975 982 1033 1041
975 1033 1034 1041
982 1033 1041 1040
975 976 984 1035
975 984 983 1041
975 1034 1035 1041
984 1035 1042 1041
975 1035 984 1041
976 977 984 1035
977 985 984 1043
977 984 1035 1043
977 1035 1036 1043
984 1035 1043 1042
989 994 995 1045
989 995 993 1046
989 1044 1045 1046
995 1045 1047 1046
989 1045 995 1046
994 996 995 1045
996 997 995 1049
996 995 1045 1049
996 1045 1048 1049
995 1045 1049 1047
996 998 999 1050
996 999 997 1049
996 1048 1050 1049
999 1050 1051 1049
996 1050 999 1049
992 993 1002 1046
992 1002 1001 1053
992 1052 1046 1053
1002 1046 1054 1053
992 1046 1002 1053
993 995 1002 1046
995 1003 1002 1055
995 1002 1046 1055
995 1046 1047 1055
1002 1046 1055 1054
995 997 1003 1049
995 1047 1049 1055
1003 1049 1056 1055
995 1049 1003 1055
997 999 1003 1049
999 1010 1003 1057
999 1003 1049 1057
999 1049 1051 1057
1003 1049 1057 1056
999 1004 1005 1058
999 1005 1010 1057
999 1051 1058 1057
1005 1058 1059 1057
999 1058 1005 1057
1004 1006 1005 1058
1006 1007 1005 1061
1006 1005 1058 1061
1006 1058 1060 1061
1005 1058 1061 1059
1001 1002 1009 1053
1002 1009 1053 1063
1002 1053 1054 1063
1009 1053 1063 1062
1002 1054 1055 1063
1003 1055 1064 1063
1002 1055 1003 1063
1003 1055 1056 1065
1003 1055 1065 1064
1003 1056 1057 1065
1003 1057 1010 1065
1005 1057 1059 1010
1005 1007 1011 1061
1005 1059 1061 1010
1005 1061 1011 1010
1007 1012 1011 1061
1012 1013 1011 1067
1012 1011 1061 1067
1012 1061 1066 1067
1009 1002 1016 1063
1009 1016 1015 1068
1009 1062 1063 1068
1016 1063 1069 1068
1009 1063 1016 1068
1002 1003 1016 1063
1003 1017 1016 1070
1003 1016 1063 1070
1003 1063 1064 1070
1016 1063 1070 1069
1003 1064 1065 1070
1017 1065 1071 1070
1003 1065 1017 1070
1003 1010 1017 1065
1010 1017 1065 1018
1017 1065 1018 1071
1011 1018 1010 1019
1011 1013 1020 1067
1020 1067 1072 1019
1011 1067 1020 1019
1013 1023 1020 1067
1023 1024 1020 1074
1023 1020 1067 1074
1023 1067 1073 1074
1020 1067 1074 1072
1015 1016 1026 1068
1016 1026 1068 1076
1016 1068 1069 1076
1026 1068 1076 1075
1016 1069 1070 1076
1017 1070 1077 1076
1016 1070 1017 1076
1017 1070 1071 1078
1017 1070 1078 1077
1017 1071 1018 1078
1020 1027 1019 1080
1020 1019 1072 1080
1020 1024 1029 1074
1020 1029 1027 1080
1020 1072 1074 1080
1029 1074 1081 1080
1020 1074 1029 1080
1026 1016 1031 1076
1026 1031 1030 1082
1026 1075 1076 1082
1031 1076 1083 1082
1026 1076 1031 1082
1016 1017 1031 1076
1017 1032 1031 1084
1017 1031 1076 1084
1017 1076 1077 1084
1031 1076 1084 1083
1017 1033 1032 1084
1017 1077 1078 1084
1033 1078 1085 1084
1017 1078 1033 1084
1017 1018 1033 1078
1018 1034 1033 1086
1018 1033 1078 1086
1018 1078 1079 1086
1033 1078 1086 1085
1018 1035 1034 1086
1035 1018 1087 1086
1019 1036 1035 1088
1019 1035 1018 1088
1035 1018 1088 1087
1019 1027 1037 1080
1019 1037 1036 1088
1037 1080 1089 1088
1019 1080 1037 1088
1027 1029 1037 1080
1029 1090 1037 1091
1029 1037 1080 1091
1029 1080 1081 1091
1037 1080 1091 1089
1032 1033 1039 1084
1033 1040 1039 1093
1033 1039 1084 1093
1033 1084 1085 1093
1039 1084 1093 1092
1033 1034 1041 1086
1033 1041 1040 1093
1033 1085 1086 1093
1041 1086 1094 1093
1033 1086 1041 1093
1035 1036 1043 1088
1035 1043 1042 1095
1035 1087 1088 1095
1043 1088 1096 1095
1035 1088 1043 1095
1047 1049 1055 1097
1049 1056 1055 1100
1049 1055 1097 1100
1049 1097 1098 1100
1055 1097 1100 1099
1049 1051 1057 1101
1049 1057 1056 1100
1049 1098 1101 1100
1057 1101 1102 1100
1049 1101 1057 1100
1054 1055 1063 1103
1055 1064 1063 1105
1055 1063 1103 1105
1055 1103 1099 1105
1063 1103 1105 1104
1055 1056 1065 1100
1055 1065 1064 1105
1055 1099 1100 1105
1065 1100 1106 1105
1055 1100 1065 1105
1056 1057 1065 1100
1057 1010 1065 1107
1057 1065 1100 1107
1057 1100 1102 1107
1065 1100 1107 1106
1057 1059 1010 1108
1057 1102 1108 1107
1010 1108 1109 1107
1057 1108 1010 1107
1059 1061 1010 1108
1061 1011 1010 1111
1061 1010 1108 1111
1061 1108 1110 1111
1010 1108 1111 1109
1061 1066 1067 1112
1061 1067 1011 1111
1061 1110 1112 1111
1067 1112 1113 1111
1061 1112 1067 1111
1063 1064 1070 1105
1063 1070 1069 1114
1063 1104 1105 1114
1070 1105 1115 1114
1063 1105 1070 1114
1064 1065 1070 1105
1065 1071 1070 1116
1065 1070 1105 1116
1065 1105 1106 1116
1070 1105 1116 1115
1065 1010 1018 1107
1065 1018 1071 1116
1065 1106 1107 1116
1018 1107 1117 1116
1065 1107 1018 1116
1010 1018 1107 1118
1010 1107 1109 1118
1018 1107 1118 1117
1010 1011 1019 1111
1010 1019 1018 1118
1010 1109 1111 1118
1019 1111 1119 1118
1010 1111 1019 1118
1011 1067 1019 1111
1067 1072 1019 1120
1067 1019 1111 1120
1067 1111 1113 1120
1019 1111 1120 1119
1067 1073 1074 1121
1067 1074 1072 1120
1067 1113 1121 1120
1074 1121 1122 1120
1067 1121 1074 1120
1069 1070 1076 1114
1070 1077 1076 1124
1070 1076 1114 1124
1070 1114 1115 1124
1076 1114 1124 1123
1070 1071 1078 1116
1070 1078 1077 1124
1070 1115 1116 1124
1078 1116 1125 1124
1070 1116 1078 1124
1071 1018 1078 1116
1018 1079 1078 1126
1018 1078 1116 1126
1018 1116 1117 1126
1078 1116 1126 1125
1018 1117 1118 1126
1018 1118 1127 1126
1019 1018 1118 1128
1019 1118 1119 1128
1018 1118 1128 1127
1019 1072 1080 1120
1019 1119 1120 1128
1080 1120 1129 1128
1019 1120 1080 1128
1072 1074 1080 1120
1074 1081 1080 1130
1074 1080 1120 1130
1074 1120 1122 1130
1080 1120 1130 1129
1074 1131 1132 1133
1074 1132 1081 1130
1074 1122 1133 1130
1132 1133 1134 1130
1074 1133 1132 1130
1077 1078 1084 1124
1078 1085 1084 1136
1078 1084 1124 1136
1078 1124 1125 1136
1084 1124 1136 1135
1078 1079 1086 1126
1078 1086 1085 1136
1078 1125 1126 1136
1086 1126 1137 1136
1078 1126 1086 1136
1079 1018 1086 1126
1018 1087 1086 1138
1018 1086 1126 1138
1018 1126 1127 1138
1086 1126 1138 1137
1018 1019 1088 1128
1018 1088 1087 1138
1018 1127 1128 1138
1088 1128 1139 1138
1018 1128 1088 1138
1019 1080 1088 1128
1080 1089 1088 1140
1080 1088 1128 1140
1080 1128 1129 1140
1088 1128 1140 1139
1080 1081 1091 1130
1080 1091 1089 1140
1080 1129 1130 1140
1091 1130 1141 1140
1080 1130 1091 1140
1081 1132 1091 1130
1132 1142 1091 1143
1132 1091 1130 1143
1132 1130 1134 1143
1091 1130 1143 1141
1108 1110 1111 1145
1108 1111 1109 1146
1108 1144 1145 1146
1111 1145 1147 1146
1108 1145 1111 1146
1110 1112 1111 1145
1112 1113 1111 1149
1112 1111 1145 1149
1112 1145 1148 1149
1111 1145 1149 1147
1107 1109 1118 1146
1107 1118 1117 1151
1107 1150 1146 1151
1118 1146 1152 1151
1107 1146 1118 1151
1109 1111 1118 1146
1111 1119 1118 1153
1111 1118 1146 1153
1111 1146 1147 1153
1118 1146 1153 1152
1111 1113 1120 1149
1111 1120 1119 1153
1111 1147 1149 1153
1120 1149 1154 1153
1111 1149 1120 1153
1113 1121 1120 1149
1121 1122 1120 1156
1121 1120 1149 1156
1121 1149 1155 1156
1120 1149 1156 1154
1117 1118 1126 1151
1118 1127 1126 1158
1118 1126 1151 1158
1118 1151 1152 1158
1126 1151 1158 1157
1118 1119 1128 1153
1118 1128 1127 1158
1118 1152 1153 1158
1128 1153 1159 1158
1118 1153 1128 1158
1119 1120 1128 1153
1120 1129 1128 1160
1120 1128 1153 1160
1120 1153 1154 1160
1128 1153 1160 1159
1120 1122 1130 1156
1120 1130 1129 1160
1120 1154 1156 1160
1130 1156 1161 1160
1120 1156 1130 1160
1122 1133 1130 1156
1133 1134 1130 1163
1133 1130 1156 1163
1133 1156 1162 1163
1130 1156 1163 1161
1127 1128 1138 1158
1128 1139 1138 1165
1128 1138 1158 1165
1128 1158 1159 1165
1138 1158 1165 1164
1128 1129 1140 1160
1128 1140 1139 1165
1128 1159 1160 1165
1140 1160 1166 1165
1128 1160 1140 1165
1129 1130 1140 1160
1130 1141 1140 1167
1130 1140 1160 1167
1130 1160 1161 1167
1140 1160 1167 1166
1130 1134 1143 1163
1130 1143 1141 1167
1130 1161 1163 1167
1143 1163 1168 1167
1130 1163 1143 1167
1153 1154 1160 1170
1153 1160 1159 1171
1153 1169 1170 1171
1160 1170 1172 1171
1153 1170 1160 1171
1154 1156 1160 1170
1156 1161 1160 1174
1156 1160 1170 1174
1156 1170 1173 1174
1160 1170 1174 1172
1160 1161 1167 1174
1160 1167 1166 1175
1160 1172 1174 1175
1167 1174 1176 1175
1160 1174 1167 1175

EDGES
0 1
0 2
0 4
1 2
1 3
1 4
1 5
1 7
1 8
1 9
1 10
2 3
2 4
2 6
2 7
2 12
2 13
2 14
2 15
2 17
2 18
3 7
3 9
3 18
4 5
4 6
4 7
4 15
4 60
4 61
4 62
4 64
4 65
5 7
5 10
5 65
6 7
6 15
6 17
6 64
7 9
7 10
7 11
7 17
7 18
7 19
7 21
7 64
7 65
7 67
7 84
8 9
8 10
9 10
9 11
9 18
9 20
9 21
9 22
9 23
9 24
10 11
10 24
10 65
10 66
10 67
10 68
10 69
11 21
11 24
11 67
12 13
12 15
13 14
13 15
13 16
13 17
13 26
13 27
13 28
14 17
14 18
14 27
15 16
15 17
15 60
15 61
15 63
15 64
15 74
15 75
15 76
15 78
16 17
16 28
16 75
16 78
17 18
17 19
17 27
17 28
17 29
17 31
17 64
17 78
17 84
18 19
18 20
18 21
18 27
18 30
18 31
18 32
19 21
19 31
19 84
20 21
20 23
20 32
21 23
21 24
21 25
21 31
21 32
21 33
21 35
21 67
21 84
21 85
22 23
22 24
23 24
23 25
23 32
23 34
23 35
24 25
24 67
24 68
24 69
24 70
24 71
24 73
24 79
24 85
25 35
25 79
25 85
26 27
26 28
26 36
27 28
27 29
27 30
27 31
27 36
27 37
27 39
27 40
28 29
28 36
28 38
28 39
28 75
28 78
28 81
28 82
28 83
28 84
28 88
28 90
29 31
29 39
29 84
30 31
30 32
30 40
31 32
31 33
31 39
31 40
31 41
31 43
31 84
31 85
31 91
32 33
32 34
32 35
32 40
32 42
32 43
32 44
33 35
33 43
33 85
34 35
34 44
35 43
35 44
35 45
35 79
35 85
35 86
35 87
35 92
35 93
36 37
36 38
36 39
37 39
37 40
37 46
38 39
38 88
38 90
38 96
39 40
39 41
39 46
39 48
39 49
39 84
39 90
39 91
39 96
40 41
40 42
40 43
40 46
40 47
40 49
40 50
41 43
41 49
41 91
42 43
42 44
42 50
43 44
43 45
43 49
43 50
43 51
43 53
43 85
43 91
43 92
44 45
44 50
44 52
44 53
45 53
45 92
45 93
46 47
46 48
46 49
46 54
46 55
46 56
47 49
47 50
47 55
48 49
48 56
48 91
48 96
49 50
49 51
49 55
49 56
49 57
49 59
49 91
49 92
49 161
50 51
50 52
50 53
50 55
50 58
50 59
51 53
51 59
51 92
52 53
53 59
53 92
53 93
53 99
53 100
53 105
53 106
53 107
54 55
54 56
55 56
55 57
55 58
55 59
56 57
56 91
56 96
56 102
56 104
56 109
56 110
56 112
56 113
56 161
57 59
57 113
57 161
58 59
59 92
59 105
59 106
59 113
59 115
59 116
59 117
59 161
59 162
60 61
61 62
61 63
61 64
61 123
61 131
61 132
62 64
62 65
62 119
62 123
63 64
63 76
63 78
63 132
64 65
64 67
64 78
64 84
64 85
64 123
64 124
64 127
64 132
64 183
64 196
64 197
64 271
65 66
65 67
65 119
65 120
65 122
65 123
65 124
65 125
65 127
66 67
66 69
66 125
66 127
67 69
67 73
67 84
67 85
67 127
67 130
67 133
67 134
67 142
67 187
67 197
67 198
67 272
68 69
68 70
69 70
69 72
69 73
69 125
69 127
69 128
69 129
69 130
69 133
70 71
70 72
70 73
71 73
71 79
72 73
72 133
72 135
73 79
73 80
73 85
73 133
73 134
73 135
73 136
73 138
73 142
73 143
74 75
74 76
75 76
75 77
75 78
75 81
75 82
76 77
76 78
76 132
76 139
76 140
77 78
77 82
77 140
78 82
78 83
78 84
78 132
78 140
78 141
78 146
79 80
79 85
79 86
79 87
80 85
80 87
80 142
80 143
81 82
81 88
82 83
82 88
82 89
82 90
82 140
82 145
82 146
82 150
83 84
83 90
83 146
84 85
84 90
84 91
84 92
84 132
84 141
84 146
84 196
84 202
84 271
84 272
84 276
85 87
85 91
85 92
85 142
85 147
85 152
85 197
85 207
85 271
85 272
85 277
86 87
86 93
87 92
87 93
87 94
87 142
87 143
87 147
87 148
87 149
87 152
87 153
88 89
88 90
88 95
88 96
88 97
89 90
89 97
89 150
90 91
90 96
90 97
90 98
90 146
90 150
90 151
91 92
91 96
91 98
91 104
91 146
91 151
91 161
91 162
91 210
91 271
91 276
91 277
91 287
92 93
92 94
92 100
92 106
92 152
92 156
92 161
92 162
92 163
92 218
92 272
92 276
92 277
92 288
93 94
93 99
93 100
94 100
94 152
94 153
95 96
95 97
95 101
96 97
96 98
96 101
96 102
96 104
97 98
97 101
97 103
97 104
97 150
97 151
97 155
97 159
98 104
98 151
99 100
99 107
100 106
100 107
100 108
100 152
100 153
100 156
100 157
100 158
100 163
101 102
101 103
101 104
102 104
102 109
103 104
103 159
103 164
104 109
104 111
104 112
104 151
104 159
104 160
104 161
104 164
104 166
105 106
105 107
105 117
106 107
106 108
106 116
106 117
106 118
106 162
106 163
106 167
106 168
107 108
108 163
108 168
109 110
109 111
109 112
110 112
110 113
111 112
111 164
111 166
111 170
112 113
112 114
112 161
112 166
112 170
112 171
112 173
112 174
113 114
113 115
113 116
113 161
114 116
114 161
114 174
115 116
115 117
116 117
116 118
116 161
116 162
116 167
116 174
116 176
116 177
116 178
117 118
118 167
118 168
118 178
119 120
119 121
119 122
119 123
120 122
120 125
121 122
121 123
121 180
122 123
122 124
122 125
122 126
122 127
122 180
122 181
122 183
122 184
123 124
123 131
123 132
123 180
123 182
123 183
123 193
123 196
124 127
124 183
125 126
125 127
125 128
125 129
126 127
126 129
126 184
127 129
127 130
127 183
127 184
127 185
127 187
127 197
128 129
129 130
129 133
129 184
129 186
129 187
129 188
129 189
130 133
130 187
131 132
131 191
131 193
132 139
132 140
132 141
132 191
132 193
132 194
132 195
132 196
132 202
133 134
133 135
133 137
133 138
133 187
133 188
133 189
133 190
133 198
133 199
134 138
134 142
134 198
135 136
135 137
135 138
136 138
136 143
137 138
137 199
138 142
138 143
138 144
138 198
138 199
138 200
138 204
139 140
139 191
139 194
140 141
140 145
140 146
140 194
140 201
140 202
140 205
141 146
141 202
142 143
142 144
142 147
142 149
142 198
142 203
142 204
142 207
142 272
143 144
143 148
143 149
144 149
144 204
145 146
145 150
145 205
146 150
146 151
146 202
146 205
146 206
146 210
146 271
147 149
147 152
147 207
148 149
148 153
149 152
149 153
149 154
149 204
149 207
149 208
149 212
150 151
150 155
150 205
150 209
150 210
150 213
150 214
150 215
150 217
151 155
151 159
151 160
151 161
151 210
151 217
151 223
151 276
152 153
152 154
152 156
152 158
152 207
152 211
152 212
152 218
152 277
153 154
153 157
153 158
154 158
154 212
155 159
155 214
155 217
156 158
156 163
156 218
157 158
158 163
158 212
158 218
158 219
158 225
158 226
159 160
159 164
159 165
159 166
159 214
159 217
159 220
159 221
159 222
159 223
159 227
160 161
160 166
160 223
161 162
161 166
161 173
161 174
161 175
161 177
161 223
161 276
161 287
161 288
161 299
162 163
162 167
162 177
162 277
162 287
162 288
163 167
163 168
163 169
163 218
163 224
163 225
163 226
163 228
163 288
164 165
164 166
165 166
165 227
165 229
166 170
166 172
166 173
166 223
166 227
166 229
166 231
166 287
167 168
167 169
167 177
167 178
167 179
167 228
167 232
167 288
167 300
168 169
169 228
169 232
170 171
170 172
170 173
171 173
171 174
172 173
172 229
172 231
172 234
173 174
173 175
173 231
173 234
173 235
173 237
173 238
173 287
173 299
174 175
174 176
174 177
175 177
175 238
175 299
176 177
176 178
177 178
177 179
177 238
177 240
177 241
177 242
177 288
177 299
177 300
178 179
179 232
179 242
179 300
180 181
180 182
180 183
180 193
180 244
180 245
180 246
180 248
180 249
181 183
181 184
181 249
182 183
182 193
182 196
182 248
183 184
183 185
183 196
183 197
183 248
183 249
183 250
183 252
184 185
184 186
184 187
184 249
184 251
184 252
184 253
185 187
185 197
185 252
186 187
186 189
186 253
187 189
187 190
187 197
187 198
187 252
187 253
187 254
187 256
188 189
189 190
189 199
189 253
189 255
189 256
189 257
189 258
190 198
190 199
190 256
191 192
191 193
191 194
192 193
192 194
192 260
193 194
193 195
193 196
193 244
193 245
193 247
193 248
193 260
193 262
194 195
194 201
194 202
194 260
194 261
194 262
194 265
195 196
195 202
195 262
196 197
196 202
196 248
196 250
196 252
196 262
196 271
196 272
196 336
196 346
196 413
196 423
197 198
197 252
197 254
197 256
197 263
197 267
197 271
197 272
197 340
197 347
197 413
197 424
198 199
198 200
198 203
198 204
198 256
198 263
198 264
198 267
198 272
199 200
199 256
199 257
199 258
199 259
199 264
200 204
200 264
201 202
201 205
201 265
202 205
202 206
202 262
202 265
202 266
202 270
202 271
203 204
203 207
203 267
203 272
204 207
204 208
204 264
204 267
204 268
204 274
205 206
205 209
205 210
205 265
205 269
205 270
205 275
206 210
206 270
206 271
207 208
207 211
207 212
207 267
207 272
207 273
207 274
207 277
207 278
208 212
208 274
209 210
209 215
209 217
209 275
210 217
210 223
210 270
210 271
210 275
210 276
210 282
210 286
210 287
210 359
210 361
210 362
210 367
210 429
211 212
211 218
211 277
211 278
212 218
212 219
212 274
212 278
212 279
212 284
213 214
213 215
214 215
214 216
214 217
214 220
214 221
215 216
215 217
215 275
215 280
215 281
216 217
216 221
216 281
217 221
217 222
217 223
217 275
217 281
217 282
217 286
218 219
218 224
218 226
218 277
218 278
218 283
218 284
218 288
218 289
219 226
219 284
220 221
221 222
221 227
221 281
221 285
221 286
221 291
221 292
222 223
222 227
222 286
223 227
223 231
223 276
223 286
223 287
223 293
223 297
223 298
223 299
223 367
223 371
223 377
223 442
224 226
224 228
224 288
224 289
225 226
226 228
226 284
226 289
226 290
226 295
226 296
227 229
227 230
227 231
227 286
227 291
227 292
227 293
227 297
228 232
228 233
228 288
228 289
228 294
228 295
228 296
228 300
228 301
228 302
229 230
229 231
230 231
230 297
230 304
231 234
231 236
231 237
231 287
231 297
231 298
231 299
231 304
231 306
232 233
232 300
233 300
233 301
233 302
233 307
234 235
234 236
234 237
235 237
235 238
236 237
236 304
236 306
236 310
237 238
237 239
237 299
237 306
237 310
237 313
237 314
237 315
238 239
238 240
238 241
238 299
239 241
239 299
239 315
240 241
240 242
241 242
241 243
241 299
241 300
241 315
241 317
241 318
241 319
242 243
242 300
243 300
243 307
243 319
244 245
245 246
245 247
245 248
245 331
245 332
245 333
246 248
246 249
246 332
247 248
247 260
247 262
247 333
248 249
248 250
248 262
248 332
248 333
248 334
248 336
248 346
249 250
249 251
249 252
249 332
249 335
249 336
249 337
250 252
250 336
251 252
251 253
251 337
252 253
252 254
252 336
252 337
252 338
252 340
252 413
253 254
253 255
253 256
253 337
253 339
253 340
253 341
254 256
254 340
255 256
255 258
255 341
256 258
256 259
256 263
256 264
256 340
256 341
256 342
256 344
256 347
257 258
258 259
258 341
258 343
258 344
259 264
259 344
260 261
260 262
261 262
261 265
261 349
262 265
262 266
262 271
262 333
262 345
262 346
262 349
262 351
263 264
263 267
263 347
264 267
264 268
264 344
264 347
264 348
264 353
265 266
265 269
265 270
265 349
265 350
265 351
265 354
266 270
266 271
266 351
267 268
267 272
267 273
267 274
267 347
267 352
267 353
267 356
267 424
268 274
268 353
269 270
269 275
269 354
270 271
270 275
270 276
270 351
270 354
270 355
270 359
270 423
271 272
271 276
271 277
271 346
271 351
271 423
271 424
271 429
272 273
272 276
272 277
272 278
272 356
272 413
272 423
272 424
272 430
273 274
273 278
273 356
274 278
274 279
274 353
274 356
274 357
274 360
275 280
275 281
275 282
275 354
275 358
275 359
275 361
276 277
276 287
276 288
276 359
276 423
276 429
276 430
276 442
277 278
277 283
277 287
277 288
277 289
277 424
277 429
277 430
277 431
277 443
278 279
278 283
278 284
278 356
278 360
278 430
278 431
279 284
279 360
280 281
281 282
281 285
281 286
281 361
281 364
281 365
282 286
282 361
283 284
283 289
283 431
284 289
284 290
284 360
284 363
284 369
284 431
285 286
285 292
285 365
286 292
286 293
286 361
286 365
286 366
286 367
286 371
287 288
287 299
287 300
287 367
287 429
287 442
287 443
287 452
288 289
288 294
288 299
288 300
288 301
288 372
288 430
288 442
288 443
288 453
289 290
289 294
289 296
289 368
289 369
289 372
289 431
289 443
290 296
290 369
291 292
292 293
292 297
292 365
292 370
292 371
292 374
292 375
293 297
293 371
294 296
294 301
294 372
295 296
295 302
296 301
296 302
296 303
296 369
296 372
296 373
296 379
297 298
297 304
297 305
297 306
297 371
297 374
297 375
297 376
297 377
297 380
298 299
298 306
298 377
299 300
299 306
299 314
299 315
299 316
299 318
299 377
299 442
299 452
299 453
299 462
300 301
300 307
300 308
300 318
300 319
300 320
300 322
300 382
300 443
300 452
300 453
300 463
301 302
301 303
301 307
301 308
301 372
301 378
301 379
301 382
301 383
301 453
302 303
303 379
303 383
304 305
304 306
304 309
304 310
304 311
305 306
305 311
305 380
306 310
306 311
306 312
306 314
306 377
306 380
306 381
306 386
306 452
307 308
307 319
307 321
307 322
308 322
308 382
308 383
309 310
309 311
310 311
310 312
310 313
310 314
310 323
310 324
310 325
311 312
311 380
311 385
311 386
312 314
312 325
312 386
313 314
313 315
313 324
314 315
314 316
314 324
314 325
314 326
314 328
314 386
314 389
314 452
314 462
315 316
315 317
315 318
315 324
315 327
315 328
315 329
316 318
316 328
316 462
317 318
317 319
317 329
318 319
318 320
318 328
318 329
318 330
318 391
318 392
318 453
318 462
318 463
319 320
319 321
319 322
320 322
320 392
320 463
321 322
322 382
322 387
322 463
323 324
323 325
324 325
324 326
324 327
324 328
325 326
325 386
325 388
325 389
326 328
326 389
326 394
327 328
327 329
328 329
328 330
328 389
328 390
328 391
328 394
328 395
328 397
328 398
328 462
329 330
330 391
330 392
330 398
331 332
331 333
332 333
332 334
332 335
332 336
332 400
332 401
332 402
333 334
333 345
333 346
333 402
333 410
333 411
334 336
334 346
334 402
335 336
335 337
335 401
336 337
336 338
336 346
336 401
336 402
336 403
336 405
336 413
337 338
337 339
337 340
337 401
337 404
337 405
337 406
338 340
338 405
338 413
339 340
339 341
339 406
340 341
340 342
340 347
340 405
340 406
340 407
340 409
340 413
341 342
341 343
341 344
341 406
341 408
341 409
342 344
342 347
342 409
343 344
344 347
344 348
344 409
344 415
344 416
345 346
345 349
345 351
345 411
346 351
346 402
346 403
346 405
346 411
346 412
346 413
346 423
346 424
346 482
346 489
346 490
346 491
346 500
347 348
347 352
347 353
347 409
347 413
347 414
347 416
347 418
347 424
348 353
348 416
349 350
349 351
350 351
350 354
350 420
351 354
351 355
351 411
351 417
351 420
351 422
351 423
352 353
352 356
352 418
352 424
353 356
353 357
353 416
353 418
353 419
353 426
354 355
354 358
354 359
354 420
354 421
354 422
354 427
355 359
355 422
355 423
356 357
356 360
356 418
356 424
356 425
356 426
356 430
356 431
357 360
357 426
358 359
358 361
358 427
359 361
359 362
359 422
359 423
359 427
359 428
359 429
359 434
360 363
360 426
360 431
360 432
360 435
360 436
360 437
360 438
361 362
361 364
361 365
361 366
361 367
361 427
361 433
361 434
361 440
362 367
362 429
362 434
363 369
363 431
363 435
363 437
364 365
365 366
365 370
365 371
366 367
366 371
366 440
367 371
367 377
367 429
367 434
367 440
367 441
367 442
367 447
368 369
368 372
368 431
368 443
368 444
369 372
369 373
369 431
369 435
369 444
369 445
369 449
370 371
370 375
371 375
371 376
371 377
371 440
371 446
371 447
371 450
372 373
372 378
372 379
372 443
372 444
372 448
372 449
372 453
372 454
373 379
373 449
374 375
375 376
376 377
376 380
376 450
377 380
377 381
377 442
377 447
377 450
377 451
377 452
377 457
378 379
378 382
378 453
378 454
379 382
379 383
379 384
379 449
379 454
379 455
379 459
380 381
380 385
380 386
380 450
380 456
380 457
380 460
381 386
381 452
381 457
382 383
382 384
382 387
382 453
382 454
382 458
382 459
382 463
382 464
382 465
383 384
384 459
384 465
385 386
385 460
386 388
386 389
386 452
386 457
386 460
386 461
386 462
386 467
387 463
387 464
387 465
387 472
388 389
388 467
389 390
389 394
389 396
389 397
389 462
389 467
389 468
389 469
389 474
390 391
390 397
390 462
390 469
391 392
391 393
391 397
391 398
391 399
391 462
391 463
391 469
391 470
391 471
391 476
391 477
392 393
392 463
393 463
393 471
393 472
393 477
394 395
394 396
394 397
395 397
395 398
396 397
396 474
397 398
397 399
397 469
397 474
397 475
397 476
398 399
399 476
399 477
400 401
400 402
400 479
401 402
401 403
401 404
401 405
401 479
401 480
401 482
401 483
402 403
402 410
402 411
402 412
402 479
402 481
402 482
402 487
402 489
403 405
403 482
404 405
404 406
404 483
405 406
405 407
405 413
405 482
405 483
405 484
405 486
405 491
406 407
406 408
406 409
406 483
406 485
406 486
407 409
407 413
407 486
408 409
409 413
409 414
409 415
409 416
409 486
409 492
409 493
410 411
410 487
411 412
411 417
411 423
411 487
411 488
411 489
411 494
412 423
412 489
413 414
413 418
413 423
413 424
413 486
413 491
413 493
413 560
414 416
414 418
414 493
415 416
416 418
416 419
416 493
416 497
416 498
417 420
417 422
417 423
417 494
418 419
418 424
418 425
418 426
418 493
418 496
418 498
418 501
418 560
419 426
419 498
420 421
420 422
421 422
421 427
421 503
422 423
422 427
422 428
422 429
422 494
422 499
422 500
422 503
422 505
423 424
423 429
423 430
423 489
423 494
423 495
423 500
423 560
423 565
424 425
424 429
424 430
424 431
424 491
424 500
424 501
424 560
424 566
425 426
425 431
425 501
426 431
426 432
426 498
426 501
426 502
426 507
427 428
427 433
427 434
427 503
427 504
427 505
427 508
428 429
428 434
428 505
429 430
429 434
429 442
429 443
429 500
429 505
429 565
429 566
429 576
430 431
430 442
430 443
430 444
430 506
430 560
430 565
430 566
430 577
431 432
431 435
431 443
431 444
431 501
431 506
431 507
431 566
432 435
432 438
432 507
433 434
433 440
433 508
434 440
434 441
434 442
434 505
434 508
434 509
434 514
434 565
435 437
435 438
435 439
435 444
435 445
435 506
435 507
435 510
435 512
435 515
435 516
436 437
436 438
437 438
437 439
438 439
438 507
438 511
438 512
439 512
439 516
440 441
440 446
440 447
440 508
440 513
440 514
440 518
441 442
441 447
441 514
442 443
442 447
442 452
442 453
442 514
442 565
442 576
442 577
442 585
443 444
443 448
443 452
443 453
443 454
443 566
443 576
443 577
443 578
443 586
444 445
444 448
444 449
444 506
444 515
444 577
444 578
445 449
445 515
445 516
446 447
446 450
446 518
447 450
447 451
447 452
447 514
447 518
447 519
447 522
447 576
448 449
448 454
448 578
449 454
449 455
449 515
449 520
449 523
449 578
450 451
450 456
450 457
450 518
450 521
450 522
450 524
451 452
451 457
451 522
452 453
452 457
452 462
452 463
452 522
452 529
452 576
452 585
452 586
453 454
453 458
453 462
453 463
453 464
453 577
453 585
453 586
453 587
453 600
454 455
454 458
454 459
454 523
454 578
454 586
454 587
455 459
455 523
456 457
456 460
456 524
457 460
457 461
457 462
457 522
457 524
457 525
457 528
457 585
458 459
458 464
458 587
459 464
459 465
459 466
459 523
459 526
459 530
459 587
460 461
460 524
460 527
460 528
461 462
461 467
461 528
462 463
462 467
462 468
462 469
462 528
462 529
462 532
462 585
463 464
463 469
463 470
463 471
463 472
463 529
463 586
463 600
464 465
464 466
464 471
464 472
464 473
464 530
464 533
464 534
464 587
464 600
464 601
465 466
466 530
466 534
467 468
467 474
467 528
467 531
467 532
467 536
467 537
468 469
468 474
468 532
469 470
469 474
469 475
469 476
469 529
469 532
469 539
469 600
470 471
470 476
470 600
471 472
471 473
471 476
471 477
471 478
471 533
471 541
471 542
471 600
472 473
473 533
473 534
473 542
474 475
474 532
474 536
474 537
474 538
474 539
475 476
475 539
476 477
476 478
476 539
476 540
476 541
476 600
477 478
478 541
478 542
479 480
479 481
479 482
480 482
480 483
481 482
481 487
481 489
481 544
482 483
482 484
482 489
482 490
482 491
482 544
482 545
482 547
482 548
483 484
483 485
483 486
484 486
484 491
484 548
485 486
486 491
486 492
486 493
486 548
486 550
486 551
486 552
487 488
487 489
488 489
488 494
488 554
489 490
489 494
489 495
489 500
489 544
489 546
489 547
489 554
489 556
490 491
490 500
490 547
491 493
491 500
491 547
491 548
491 549
491 551
491 560
492 493
492 552
493 496
493 497
493 498
493 551
493 552
493 553
493 557
493 560
494 495
494 499
494 500
494 554
494 555
494 556
494 558
495 500
495 556
496 498
496 501
496 557
496 560
497 498
498 501
498 502
498 557
498 562
498 563
499 500
499 503
499 505
499 558
500 505
500 547
500 556
500 558
500 559
500 560
500 565
500 566
500 634
500 635
500 636
500 644
501 502
501 506
501 507
501 557
501 560
501 561
501 563
501 566
501 567
502 507
502 563
503 504
503 505
504 505
504 508
504 569
505 508
505 509
505 558
505 564
505 565
505 569
505 571
506 507
506 510
506 515
506 566
506 567
506 572
506 573
506 577
506 578
507 510
507 511
507 512
507 563
507 567
507 568
507 573
508 509
508 513
508 514
508 569
508 570
508 571
508 574
509 514
509 565
509 571
510 512
510 515
510 573
511 512
512 515
512 516
512 517
513 514
513 518
513 574
514 518
514 519
514 565
514 571
514 574
514 575
514 576
514 581
515 516
515 517
515 520
515 573
515 578
515 579
515 582
516 517
518 519
518 521
518 522
518 574
518 580
518 581
518 583
519 522
519 576
519 581
520 523
520 578
520 582
520 589
521 522
521 524
521 583
522 524
522 525
522 576
522 581
522 583
522 584
522 585
522 594
523 526
523 578
523 582
523 587
523 588
523 589
523 590
523 592
523 595
523 596
524 525
524 527
524 528
524 583
524 593
524 594
525 528
525 585
525 594
526 530
526 587
526 595
526 596
527 528
528 529
528 531
528 532
528 585
528 594
528 598
528 599
528 605
529 532
529 539
529 585
529 586
529 599
529 600
529 606
529 608
529 609
529 610
529 668
529 671
529 675
529 728
530 533
530 534
530 535
530 587
530 595
530 596
530 601
530 602
530 603
530 604
530 607
531 532
531 537
531 605
532 537
532 538
532 539
532 599
532 605
532 606
532 608
533 534
533 535
533 541
533 542
533 543
533 600
533 601
533 607
533 612
533 613
534 535
535 607
535 613
536 537
537 538
538 539
538 608
539 540
539 600
539 608
539 609
539 610
539 615
539 616
539 617
540 541
540 600
540 610
540 616
541 542
541 543
541 600
541 610
541 611
541 612
541 616
541 619
541 620
542 543
543 612
543 613
544 545
544 546
544 547
545 547
545 548
545 621
546 547
546 554
546 556
546 627
547 548
547 549
547 556
547 560
547 621
547 623
547 624
547 627
547 635
548 549
548 550
548 551
548 621
548 622
548 624
548 625
549 551
549 560
549 624
550 551
550 552
550 625
551 552
551 553
551 557
551 560
551 624
551 625
551 626
551 629
551 630
552 553
553 557
553 630
554 555
554 556
555 556
555 558
555 632
556 558
556 559
556 627
556 628
556 632
556 634
556 635
557 560
557 561
557 562
557 563
557 629
557 630
557 631
557 637
558 559
558 564
558 565
558 632
558 633
558 634
558 638
559 565
559 634
560 561
560 565
560 566
560 567
560 624
560 629
560 635
560 636
560 637
560 697
561 563
561 567
561 637
562 563
563 567
563 568
563 637
563 641
563 642
564 565
564 569
564 571
564 638
565 566
565 571
565 576
565 577
565 634
565 638
565 639
565 644
565 650
565 697
566 567
566 572
566 576
566 577
566 578
566 636
566 644
566 645
566 697
566 707
567 568
567 572
567 573
567 637
567 640
567 642
567 645
567 697
568 573
568 642
569 570
569 571
570 571
570 574
570 647
571 574
571 575
571 576
571 638
571 643
571 644
571 647
571 649
572 573
572 578
572 645
573 578
573 579
573 642
573 645
573 646
573 652
574 575
574 580
574 581
574 647
574 648
574 649
574 653
575 576
575 581
575 649
576 577
576 581
576 585
576 586
576 644
576 649
576 650
576 661
576 707
577 578
577 585
577 586
577 587
577 650
577 651
577 697
577 707
577 716
578 579
578 582
578 586
578 587
578 645
578 651
578 652
578 707
579 582
579 652
579 656
580 581
580 583
580 653
581 583
581 584
581 585
581 649
581 650
581 653
581 654
581 659
582 587
582 588
582 589
582 591
582 592
582 651
582 652
582 655
582 656
582 658
582 717
583 584
583 593
583 594
584 585
584 594
584 659
585 586
585 594
585 599
585 600
585 650
585 659
585 660
585 661
585 664
585 668
585 716
586 587
586 600
586 601
586 661
586 707
586 716
586 717
586 728
587 588
587 595
587 600
587 601
587 651
587 716
587 717
588 592
588 595
588 717
589 590
589 591
589 592
590 592
590 596
591 592
591 656
591 658
592 595
592 596
592 597
592 658
592 662
592 665
592 717
593 594
594 598
594 599
594 659
594 663
594 664
594 666
595 596
595 597
595 601
595 602
595 604
595 665
595 717
595 729
596 597
596 603
596 604
597 604
597 665
598 599
598 605
598 666
599 605
599 606
599 664
599 666
599 667
599 668
599 671
600 601
600 610
600 611
600 612
600 668
600 677
600 716
600 728
600 729
601 602
601 607
601 612
601 717
601 728
601 729
602 604
602 607
602 729
603 604
604 607
604 665
604 669
604 672
604 673
604 729
605 606
605 666
605 670
605 671
606 608
606 671
607 612
607 613
607 614
607 672
607 673
607 679
607 729
608 609
608 671
608 674
608 675
609 610
609 617
609 675
610 611
610 616
610 617
610 618
610 620
610 675
610 676
610 677
610 681
610 728
611 612
611 620
611 677
612 613
612 614
612 620
612 677
612 678
612 679
612 683
612 684
612 729
613 614
614 679
615 616
615 617
616 617
616 618
616 619
616 620
617 618
617 675
617 680
617 681
618 620
618 681
619 620
620 677
620 681
620 682
620 683
620 684
621 622
621 623
621 624
622 624
622 625
623 624
623 627
623 635
623 685
624 625
624 626
624 629
624 635
624 636
624 685
624 686
624 688
624 689
625 626
626 629
626 630
626 689
627 628
627 635
628 632
628 634
628 635
628 691
629 630
629 631
629 636
629 637
629 688
629 689
629 690
629 693
630 631
631 637
632 633
632 634
633 634
633 638
633 694
634 635
634 638
634 639
634 644
634 691
634 692
634 694
634 696
635 636
635 644
635 685
635 687
635 688
635 691
635 692
635 696
635 697
635 752
635 754
635 755
635 758
635 764
636 637
636 644
636 688
636 693
636 697
636 755
637 640
637 641
637 642
637 693
637 697
637 698
637 699
638 639
638 643
638 644
638 694
638 695
638 696
638 700
639 644
639 696
640 642
640 645
640 697
640 699
641 642
642 645
642 646
642 699
642 703
642 704
643 644
643 647
643 649
643 700
644 649
644 650
644 696
644 697
644 700
644 701
644 706
644 707
644 763
644 764
644 765
644 770
645 646
645 651
645 652
645 697
645 699
645 702
645 704
645 707
646 652
646 704
647 648
647 649
648 649
648 653
649 650
649 653
649 654
649 700
649 705
649 706
649 709
650 654
650 659
650 660
650 661
650 697
650 706
650 707
650 709
650 710
650 715
650 716
650 770
650 771
650 775
650 781
651 652
651 655
651 697
651 702
651 704
651 707
651 708
651 711
651 716
651 717
651 767
651 771
651 773
651 776
652 655
652 656
652 657
652 658
652 704
652 708
652 711
652 712
653 654
654 659
654 709
655 658
655 711
655 717
656 657
656 658
657 658
657 712
658 662
658 711
658 712
658 713
658 717
658 718
659 660
659 663
659 664
659 709
659 714
659 715
659 719
660 661
660 664
660 715
661 664
661 668
661 707
661 715
661 716
661 720
661 727
661 728
661 781
661 782
661 786
661 791
662 665
662 717
662 718
662 722
663 664
663 666
663 719
664 666
664 667
664 668
664 715
664 719
664 720
664 727
665 669
665 717
665 718
665 721
665 722
665 723
665 725
665 729
665 730
665 731
666 667
666 670
666 671
666 719
666 726
666 727
666 733
667 668
667 671
667 727
668 671
668 675
668 716
668 727
668 728
668 734
668 738
668 739
668 740
668 791
668 792
668 796
668 797
668 800
669 673
669 729
669 730
669 731
670 671
670 733
671 674
671 675
671 727
671 733
671 734
671 738
672 673
673 679
673 729
673 730
673 731
673 735
673 736
673 737
673 744
673 745
674 675
674 738
675 676
675 680
675 681
675 728
675 738
675 739
675 740
675 746
676 677
676 681
676 728
676 740
677 678
677 681
677 682
677 684
677 728
677 729
677 740
677 741
677 742
677 748
678 679
678 684
678 729
678 742
679 684
679 729
679 742
679 743
679 744
679 745
679 750
679 751
680 681
680 746
681 682
681 740
681 746
681 747
681 748
682 684
682 748
683 684
684 742
684 748
684 749
684 750
684 751
685 686
685 687
685 688
686 688
686 689
687 688
687 752
688 689
688 690
688 693
688 752
688 753
688 755
688 756
689 690
690 693
690 756
691 692
692 694
692 696
692 758
693 697
693 698
693 699
693 755
693 756
693 757
693 760
694 695
694 696
695 696
695 700
695 761
696 700
696 701
696 758
696 759
696 761
696 763
696 764
697 699
697 702
697 707
697 755
697 760
697 764
697 765
697 767
697 771
698 699
699 702
699 703
699 704
699 760
699 766
699 767
700 701
700 705
700 706
700 761
700 762
700 763
700 768
701 706
701 763
702 704
702 767
703 704
704 708
704 767
704 772
704 773
705 706
705 709
705 768
706 709
706 710
706 763
706 768
706 769
706 770
706 775
707 716
707 717
707 765
707 770
707 771
707 776
707 782
708 711
708 712
708 773
709 710
709 714
709 715
709 768
709 774
709 775
709 779
710 715
710 775
711 712
711 713
711 717
711 718
711 773
711 776
711 778
711 783
712 713
712 773
712 777
712 778
713 718
713 778
714 715
714 719
714 779
715 719
715 720
715 775
715 779
715 780
715 781
715 786
716 717
716 728
716 729
716 771
716 781
716 782
716 783
716 792
717 718
717 721
717 728
717 729
717 730
717 776
717 782
717 783
717 784
717 793
718 721
718 722
718 724
718 725
718 778
718 783
718 784
718 787
719 720
719 726
719 727
719 779
719 785
719 786
719 789
720 727
720 786
721 725
721 730
721 784
722 723
722 724
722 725
723 725
723 731
724 725
724 787
725 730
725 731
725 732
725 784
725 787
725 788
725 795
726 727
726 733
726 789
727 733
727 734
727 786
727 789
727 790
727 791
727 796
728 729
728 740
728 741
728 742
728 782
728 791
728 792
728 793
728 802
729 730
729 735
729 742
729 743
729 745
729 783
729 792
729 793
729 794
729 804
730 731
730 732
730 735
730 737
730 784
730 793
730 794
730 795
731 732
731 736
731 737
732 737
732 795
733 734
734 738
734 796
735 737
735 745
735 794
736 737
737 745
737 794
737 795
737 798
737 806
737 807
738 739
738 796
738 799
738 800
739 740
739 746
739 800
740 741
740 746
740 747
740 748
740 792
740 800
740 801
740 802
740 808
741 742
741 748
741 802
742 743
742 748
742 749
742 751
742 793
742 802
742 803
742 804
742 810
743 745
743 751
743 804
744 745
745 751
745 794
745 804
745 805
745 806
745 807
745 812
745 813
746 747
747 748
747 808
748 749
748 802
748 808
748 809
748 810
749 751
749 810
750 751
751 804
751 810
751 811
751 812
751 813
752 753
752 754
752 755
753 755
753 756
754 755
754 758
754 764
754 814
755 756
755 757
755 760
755 764
755 765
755 814
755 815
755 817
755 818
756 757
757 760
757 818
758 759
758 764
759 761
759 763
759 764
759 820
760 765
760 766
760 767
760 817
760 818
760 819
760 822
761 762
761 763
762 763
762 768
762 824
763 764
763 768
763 769
763 770
763 820
763 821
763 824
763 826
764 765
764 770
764 771
764 814
764 816
764 817
764 820
764 821
764 826
764 872
764 873
764 874
764 876
764 882
765 767
765 770
765 771
765 776
765 817
765 819
765 822
765 823
765 876
765 877
765 878
765 880
765 887
766 767
766 822
767 771
767 772
767 773
767 776
767 822
767 823
767 827
768 769
768 774
768 775
768 824
768 825
768 826
768 829
769 770
769 775
769 826
770 771
770 775
770 781
770 782
770 826
770 830
770 834
770 882
770 885
770 886
770 887
770 892
771 776
771 781
771 782
771 783
771 876
771 882
771 887
771 888
771 944
772 773
772 827
773 776
773 777
773 778
773 827
773 828
773 831
774 775
774 779
774 829
775 779
775 780
775 781
775 826
775 829
775 830
775 834
776 778
776 782
776 783
776 784
776 823
776 827
776 828
776 831
776 832
776 880
776 884
776 887
776 888
776 890
776 945
777 778
777 831
778 783
778 784
778 787
778 831
778 832
778 835
778 836
779 780
779 785
779 786
779 829
779 833
779 834
780 781
780 786
780 834
781 782
781 786
781 791
781 834
781 839
781 892
782 783
782 791
782 792
782 793
782 839
782 887
782 892
782 902
782 944
782 945
783 784
783 792
783 793
783 794
783 888
783 897
783 944
783 945
783 960
784 787
784 788
784 793
784 794
784 795
784 832
784 836
784 837
784 840
784 890
784 894
784 897
784 945
785 786
785 789
786 789
786 790
786 791
786 834
786 838
786 839
786 845
787 788
787 835
787 836
787 837
787 840
787 841
787 842
787 843
788 795
788 840
788 842
789 790
790 791
790 796
790 845
791 792
791 796
791 797
791 839
791 845
791 846
791 851
792 793
792 797
792 800
792 801
792 802
792 839
792 846
792 851
792 856
792 857
792 858
792 901
792 902
792 906
792 910
792 944
792 960
793 794
793 802
793 803
793 804
793 858
793 859
793 860
793 902
793 912
793 945
793 960
793 961
794 795
794 798
794 804
794 805
794 807
794 840
794 847
794 852
794 860
794 897
794 960
794 961
795 798
795 840
795 842
795 847
795 848
795 849
795 852
795 853
796 797
796 799
796 800
796 845
796 850
796 851
797 800
797 851
798 807
798 852
798 853
799 800
800 801
800 851
800 855
800 856
801 802
801 808
801 856
802 803
802 808
802 809
802 810
802 856
802 857
802 858
802 865
803 804
803 810
803 858
804 805
804 810
804 811
804 813
804 858
804 859
804 860
804 867
805 807
805 813
805 860
806 807
807 813
807 852
807 853
807 860
807 861
807 862
807 863
807 869
807 870
808 809
808 856
808 864
808 865
809 810
809 865
810 811
810 858
810 865
810 866
810 867
811 813
811 867
812 813
813 860
813 867
813 868
813 869
813 870
814 815
814 816
814 817
815 817
815 818
816 817
816 820
816 872
817 818
817 819
817 872
817 875
817 876
817 877
818 819
819 822
819 877
820 821
820 871
820 872
820 873
821 824
821 826
821 873
822 823
822 877
822 879
822 880
823 827
823 880
824 825
824 826
825 826
825 829
826 829
826 830
826 873
826 881
826 882
826 885
827 828
827 880
827 883
827 884
828 831
828 884
829 830
829 833
829 834
830 834
830 885
831 832
831 884
831 889
831 890
832 836
832 890
833 834
834 838
834 839
834 885
834 891
834 892
834 895
835 836
836 837
836 890
836 893
836 894
837 840
837 843
837 894
838 839
838 845
838 895
839 845
839 846
839 892
839 895
839 896
839 901
839 944
840 842
840 843
840 844
840 847
840 849
840 894
840 897
840 899
840 961
841 842
841 843
842 843
842 844
842 848
842 849
843 844
843 894
843 898
843 899
844 849
844 899
845 846
845 850
845 851
845 895
845 900
845 901
845 904
846 851
846 901
847 849
847 852
847 961
848 849
848 853
849 852
849 853
849 854
849 899
849 903
849 907
849 961
850 851
850 904
851 855
851 856
851 901
851 904
851 905
851 906
851 908
852 853
852 854
852 860
852 861
852 863
852 907
852 914
852 961
853 854
853 862
853 863
854 863
854 907
855 856
855 908
856 857
856 864
856 865
856 906
856 908
856 909
856 910
857 858
857 865
857 910
858 859
858 865
858 866
858 867
858 910
858 911
858 912
858 917
858 960
859 860
859 867
859 912
860 861
860 867
860 868
860 870
860 912
860 913
860 914
860 919
860 961
861 863
861 870
861 914
862 863
863 870
863 907
863 914
863 915
863 921
863 922
864 865
865 866
865 910
865 916
865 917
866 867
866 917
867 868
867 912
867 917
867 918
867 919
868 870
868 919
869 870
870 914
870 919
870 920
870 921
870 922
871 872
871 873
872 873
872 874
872 875
872 876
872 923
872 924
872 925
873 874
873 881
873 882
873 925
873 929
873 930
874 876
874 882
874 925
875 876
875 877
875 924
876 877
876 878
876 882
876 887
876 924
876 925
876 926
876 928
876 932
877 878
877 879
877 880
877 924
877 927
877 928
878 880
878 887
878 928
879 880
880 883
880 884
880 887
880 888
880 928
880 934
880 935
880 936
881 882
881 885
881 930
882 885
882 886
882 887
882 925
882 930
882 931
882 932
882 939
883 884
883 936
884 888
884 889
884 890
884 935
884 936
884 937
884 940
885 886
885 891
885 892
885 930
885 938
885 939
885 942
886 887
886 892
886 939
887 888
887 892
887 928
887 932
887 933
887 935
887 939
887 944
887 945
887 989
887 992
887 993
887 995
887 1002
888 890
888 897
888 935
888 937
888 940
888 941
888 944
888 945
888 995
888 996
888 997
888 999
888 1003
889 890
889 940
890 893
890 894
890 897
890 940
890 941
890 945
890 946
891 892
891 895
891 942
892 895
892 896
892 939
892 942
892 943
892 944
892 952
893 894
893 946
893 948
894 897
894 898
894 899
894 946
894 947
894 948
894 950
895 896
895 900
895 901
895 942
895 951
895 952
895 958
896 901
896 944
896 952
897 899
897 941
897 945
897 946
897 947
897 950
897 953
897 960
897 961
897 962
897 999
897 1003
897 1005
897 1010
897 1011
897 1018
898 899
898 948
898 950
898 954
899 903
899 950
899 953
899 954
899 955
899 957
899 961
899 962
899 963
900 901
900 904
900 958
901 902
901 904
901 905
901 906
901 944
901 952
901 958
901 959
901 966
902 906
902 910
902 944
902 945
902 952
902 959
902 960
902 966
902 967
902 971
902 972
902 973
902 1009
902 1014
902 1015
902 1016
902 1017
902 1026
902 1031
903 907
903 961
903 962
903 963
904 905
904 958
904 965
904 966
905 906
905 908
905 966
906 908
906 909
906 910
906 966
906 967
906 971
907 914
907 915
907 961
907 962
907 963
907 968
907 969
907 977
907 978
908 909
908 966
908 970
908 971
909 910
909 971
910 911
910 916
910 917
910 960
910 971
910 972
910 973
910 980
911 912
911 917
911 960
911 973
912 913
912 917
912 918
912 919
912 960
912 961
912 973
912 974
912 975
912 982
913 914
913 919
913 961
913 975
914 915
914 919
914 920
914 922
914 961
914 975
914 976
914 977
914 984
915 922
915 977
915 978
916 917
916 980
917 918
917 973
917 980
917 981
917 982
918 919
918 982
919 920
919 975
919 982
919 983
919 984
920 922
920 984
921 922
922 977
922 984
922 985
923 924
923 925
924 925
924 926
924 927
924 928
925 926
925 929
925 930
925 931
925 932
926 928
926 932
926 986
927 928
928 932
928 933
928 934
928 935
928 986
928 987
928 989
929 930
930 931
930 938
930 939
931 932
931 939
931 990
932 933
932 939
932 986
932 988
932 989
932 990
932 992
933 935
933 989
934 935
934 936
935 936
935 937
935 989
935 994
935 995
935 996
936 937
937 940
937 996
938 939
938 942
939 942
939 943
939 944
939 990
939 991
939 992
939 1000
940 941
940 996
940 998
940 999
941 946
941 999
942 943
942 951
942 952
943 944
943 952
943 1000
944 945
944 952
944 960
944 992
944 1000
944 1001
944 1002
944 1003
944 1009
944 1016
945 960
945 961
945 995
945 1002
945 1003
945 1010
945 1017
946 947
946 948
946 949
946 950
946 999
946 1004
946 1005
946 1006
947 950
947 1005
948 949
948 950
949 950
949 1006
950 953
950 954
950 956
950 957
950 1005
950 1006
950 1007
950 1011
950 1012
951 952
951 958
952 958
952 959
952 1000
952 1008
952 1009
952 1014
953 957
953 962
953 1011
954 955
954 956
954 957
955 957
955 963
956 957
956 1012
957 962
957 963
957 964
957 1011
957 1012
957 1013
957 1020
957 1021
957 1022
957 1023
958 959
958 965
958 966
959 966
959 1014
960 961
960 973
960 974
960 975
960 1003
960 1016
960 1017
960 1018
960 1033
961 962
961 975
961 976
961 977
961 1010
961 1017
961 1018
961 1019
961 1035
962 963
962 964
962 969
962 977
962 1011
962 1018
962 1019
962 1020
963 964
963 968
963 969
964 969
964 1020
964 1022
965 966
966 967
966 970
966 971
966 1014
966 1025
966 1026
967 971
967 1026
968 969
968 978
969 977
969 978
969 979
969 1019
969 1020
969 1022
969 1027
969 1028
969 1029
969 1037
970 971
971 972
971 1026
971 1030
971 1031
972 973
972 980
972 1031
973 974
973 980
973 981
973 982
973 1017
973 1031
973 1032
973 1033
973 1039
974 975
974 982
974 1033
975 976
975 982
975 983
975 984
975 1018
975 1033
975 1034
975 1035
975 1041
976 977
976 984
976 1035
977 978
977 979
977 984
977 985
977 1019
977 1035
977 1036
977 1037
977 1043
978 979
979 1037
980 981
980 1031
980 1038
980 1039
981 982
981 1039
982 983
982 1033
982 1039
982 1040
982 1041
983 984
983 1041
984 985
984 1035
984 1041
984 1042
984 1043
985 1043
986 987
986 988
986 989
987 989
988 989
988 990
988 992
989 992
989 993
989 994
989 995
989 1044
989 1045
989 1046
990 991
990 992
991 992
991 1000
992 993
992 1000
992 1001
992 1002
992 1046
992 1052
992 1053
993 995
993 1002
993 1046
994 995
994 996
994 1045
995 996
995 997
995 1002
995 1003
995 1045
995 1046
995 1047
995 1049
995 1055
996 997
996 998
996 999
996 1045
996 1048
996 1049
996 1050
997 999
997 1003
997 1049
998 999
998 1050
999 1003
999 1004
999 1005
999 1010
999 1049
999 1050
999 1051
999 1057
999 1058
1000 1001
1000 1008
1000 1009
1001 1002
1001 1009
1001 1053
1002 1003
1002 1009
1002 1016
1002 1046
1002 1053
1002 1054
1002 1055
1002 1063
1003 1010
1003 1016
1003 1017
1003 1049
1003 1055
1003 1056
1003 1057
1003 1063
1003 1064
1003 1065
1003 1070
1004 1005
1004 1006
1004 1058
1005 1006
1005 1007
1005 1010
1005 1011
1005 1057
1005 1058
1005 1059
1005 1061
1006 1007
1006 1058
1006 1060
1006 1061
1007 1011
1007 1012
1007 1061
1008 1009
1008 1014
1009 1014
1009 1015
1009 1016
1009 1053
1009 1062
1009 1063
1009 1068
1010 1011
1010 1017
1010 1018
1010 1019
1010 1057
1010 1059
1010 1061
1010 1065
1010 1107
1010 1108
1010 1109
1010 1111
1010 1118
1011 1012
1011 1013
1011 1018
1011 1019
1011 1020
1011 1061
1011 1067
1011 1111
1012 1013
1012 1061
1012 1066
1012 1067
1013 1020
1013 1023
1013 1067
1014 1015
1014 1025
1014 1026
1015 1016
1015 1026
1015 1068
1016 1017
1016 1026
1016 1031
1016 1063
1016 1068
1016 1069
1016 1070
1016 1076
1017 1018
1017 1031
1017 1032
1017 1033
1017 1065
1017 1070
1017 1071
1017 1076
1017 1077
1017 1078
1017 1084
1018 1019
1018 1033
1018 1034
1018 1035
1018 1065
1018 1071
1018 1078
1018 1079
1018 1086
1018 1087
1018 1088
1018 1107
1018 1116
1018 1117
1018 1118
1018 1126
1018 1127
1018 1128
1018 1138
1019 1020
1019 1027
1019 1035
1019 1036
1019 1037
1019 1067
1019 1072
1019 1080
1019 1088
1019 1111
1019 1118
1019 1119
1019 1120
1019 1128
1020 1022
1020 1023
1020 1024
1020 1027
1020 1029
1020 1067
1020 1072
1020 1074
1020 1080
1021 1022
1021 1023
1022 1023
1022 1024
1022 1028
1022 1029
1023 1024
1023 1067
1023 1073
1023 1074
1024 1029
1024 1074
1025 1026
1026 1030
1026 1031
1026 1068
1026 1075
1026 1076
1026 1082
1027 1029
1027 1037
1027 1080
1028 1029
1029 1037
1029 1074
1029 1080
1029 1081
1029 1090
1029 1091
1030 1031
1030 1082
1031 1032
1031 1038
1031 1039
1031 1076
1031 1082
1031 1083
1031 1084
1032 1033
1032 1039
1032 1084
1033 1034
1033 1039
1033 1040
1033 1041
1033 1078
1033 1084
1033 1085
1033 1086
1033 1093
1034 1035
1034 1041
1034 1086
1035 1036
1035 1041
1035 1042
1035 1043
1035 1086
1035 1087
1035 1088
1035 1095
1036 1037
1036 1043
1036 1088
1037 1080
1037 1088
1037 1089
1037 1090
1037 1091
1038 1039
1039 1040
1039 1084
1039 1092
1039 1093
1040 1041
1040 1093
1041 1042
1041 1086
1041 1093
1041 1094
1042 1043
1042 1095
1043 1088
1043 1095
1043 1096
1044 1045
1044 1046
1045 1046
1045 1047
1045 1048
1045 1049
1046 1047
1046 1052
1046 1053
1046 1054
1046 1055
1047 1049
1047 1055
1047 1097
1048 1049
1048 1050
1049 1050
1049 1051
1049 1055
1049 1056
1049 1057
1049 1097
1049 1098
1049 1100
1049 1101
1050 1051
1051 1057
1051 1058
1051 1101
1052 1053
1053 1054
1053 1062
1053 1063
1054 1055
1054 1063
1054 1103
1055 1056
1055 1063
1055 1064
1055 1065
1055 1097
1055 1099
1055 1100
1055 1103
1055 1105
1056 1057
1056 1065
1056 1100
1057 1058
1057 1059
1057 1065
1057 1100
1057 1101
1057 1102
1057 1107
1057 1108
1058 1059
1058 1060
1058 1061
1059 1061
1059 1108
1060 1061
1061 1066
1061 1067
1061 1108
1061 1110
1061 1111
1061 1112
1062 1063
1062 1068
1063 1064
1063 1068
1063 1069
1063 1070
1063 1103
1063 1104
1063 1105
1063 1114
1064 1065
1064 1070
1064 1105
1065 1070
1065 1071
1065 1100
1065 1105
1065 1106
1065 1107
1065 1116
1066 1067
1066 1112
1067 1072
1067 1073
1067 1074
1067 1111
1067 1112
1067 1113
1067 1120
1067 1121
1068 1069
1068 1075
1068 1076
1069 1070
1069 1076
1069 1114
1070 1071
1070 1076
1070 1077
1070 1078
1070 1105
1070 1114
1070 1115
1070 1116
1070 1124
1071 1078
1071 1116
1072 1074
1072 1080
1072 1120
1073 1074
1073 1121
1074 1080
1074 1081
1074 1120
1074 1121
1074 1122
1074 1130
1074 1131
1074 1132
1074 1133
1075 1076
1075 1082
1076 1077
1076 1082
1076 1083
1076 1084
1076 1114
1076 1123
1076 1124
1077 1078
1077 1084
1077 1124
1078 1079
1078 1084
1078 1085
1078 1086
1078 1116
1078 1124
1078 1125
1078 1126
1078 1136
1079 1086
1079 1126
1080 1081
1080 1088
1080 1089
1080 1091
1080 1120
1080 1128
1080 1129
1080 1130
1080 1140
1081 1091
1081 1130
1081 1132
1082 1083
1083 1084
1084 1085
1084 1092
1084 1093
1084 1124
1084 1135
1084 1136
1085 1086
1085 1093
1085 1136
1086 1087
1086 1093
1086 1094
1086 1126
1086 1136
1086 1137
1086 1138
1087 1088
1087 1095
1087 1138
1088 1089
1088 1095
1088 1096
1088 1128
1088 1138
1088 1139
1088 1140
1089 1091
1089 1140
1090 1091
1091 1130
1091 1132
1091 1140
1091 1141
1091 1142
1091 1143
1092 1093
1093 1094
1095 1096
1097 1098
1097 1099
1097 1100
1098 1100
1098 1101
1099 1100
1099 1103
1099 1105
1100 1101
1100 1102
1100 1105
1100 1106
1100 1107
1101 1102
1102 1107
1102 1108
1103 1104
1103 1105
1104 1105
1104 1114
1105 1106
1105 1114
1105 1115
1105 1116
1106 1107
1106 1116
1107 1108
1107 1109
1107 1116
1107 1117
1107 1118
1107 1146
1107 1150
1107 1151
1108 1109
1108 1110
1108 1111
1108 1144
1108 1145
1108 1146
1109 1111
1109 1118
1109 1146
1110 1111
1110 1112
1110 1145
1111 1112
1111 1113
1111 1118
1111 1119
1111 1120
1111 1145
1111 1146
1111 1147
1111 1149
1111 1153
1112 1113
1112 1145
1112 1148
1112 1149
1113 1120
1113 1121
1113 1149
1114 1115
1114 1123
1114 1124
1115 1116
1115 1124
1116 1117
1116 1124
1116 1125
1116 1126
1117 1118
1117 1126
1117 1151
1118 1119
1118 1126
1118 1127
1118 1128
1118 1146
1118 1151
1118 1152
1118 1153
1118 1158
1119 1120
1119 1128
1119 1153
1120 1121
1120 1122
1120 1128
1120 1129
1120 1130
1120 1149
1120 1153
1120 1154
1120 1156
1120 1160
1121 1122
1121 1149
1121 1155
1121 1156
1122 1130
1122 1133
1122 1156
1123 1124
1124 1125
1124 1135
1124 1136
1125 1126
1125 1136
1126 1127
1126 1136
1126 1137
1126 1138
1126 1151
1126 1157
1126 1158
1127 1128
1127 1138
1127 1158
1128 1129
1128 1138
1128 1139
1128 1140
1128 1153
1128 1158
1128 1159
1128 1160
1128 1165
1129 1130
1129 1140
1129 1160
1130 1132
1130 1133
1130 1134
1130 1140
1130 1141
1130 1143
1130 1156
1130 1160
1130 1161
1130 1163
1130 1167
1131 1132
1131 1133
1132 1133
1132 1134
1132 1142
1132 1143
1133 1134
1133 1156
1133 1162
1133 1163
1134 1143
1134 1163
1135 1136
1136 1137
1137 1138
1138 1139
1138 1158
1138 1164
1138 1165
1139 1140
1139 1165
1140 1141
1140 1160
1140 1165
1140 1166
1140 1167
1141 1143
1141 1167
1142 1143
1143 1163
1143 1167
1143 1168
1144 1145
1144 1146
1145 1146
1145 1147
1145 1148
1145 1149
1146 1147
1146 1150
1146 1151
1146 1152
1146 1153
1147 1149
1147 1153
1148 1149
1149 1153
1149 1154
1149 1155
1149 1156
1150 1151
1151 1152
1151 1157
1151 1158
1152 1153
1152 1158
1153 1154
1153 1158
1153 1159
1153 1160
1153 1169
1153 1170
1153 1171
1154 1156
1154 1160
1154 1170
1155 1156
1156 1160
1156 1161
1156 1162
1156 1163
1156 1170
1156 1173
1156 1174
1157 1158
1158 1159
1158 1164
1158 1165
1159 1160
1159 1165
1159 1171
1160 1161
1160 1165
1160 1166
1160 1167
1160 1170
1160 1171
1160 1172
1160 1174
1160 1175
1161 1163
1161 1167
1161 1174
1162 1163
1163 1167
1163 1168
1164 1165
1165 1166
1166 1167
1166 1175
1167 1168
1167 1174
1167 1175
1167 1176
1169 1170
1169 1171
1170 1171
1170 1172
1170 1173
1170 1174
1171 1172
1172 1174
1172 1175
1173 1174
1174 1175
1174 1176
1175 1176

SURFACE_TRIANGLES
44 53 45
82 150 89
88 89 97
332 334 333
10 11 24
0 2 1
0 1 4
814 817 816
2 14 18
236 304 310
414 416 493
40 47 50
8 9 10
659 709 714
74 76 75
133 189 188
1086 1137 1138
103 159 164
194 261 265
0 4 2
87 148 143
136 143 138
53 105 107
1 2 3
460 527 528
422 494 499
122 184 181
1 5 4
172 231 234
2 4 6
3 18 9
315 327 329
1110 1112 1145
237 315 239
81 82 88
16 75 28
199 264 259
169 232 228
1131 1132 1133
1 9 8
1 8 10
471 477 478
992 1046 1052
1 3 9
106 168 108
692 696 694
461 528 467
40 46 47
22 23 24
1 10 5
69 72 133
9 18 20
841 842 843
9 11 10
112 174 114
319 322 321
28 38 36
787 841 843
140 205 145
632 634 633
156 163 158
940 941 999
241 243 242
184 253 251
2 12 13
2 15 12
826 873 881
13 15 16
380 460 385
12 15 13
2 13 14
46 54 55
13 28 26
322 463 387
1132 1134 1133
68 70 69
159 227 165
15 61 63
159 214 220
969 1028 1022
129 186 184
2 6 15
427 508 433
53 107 99
2 18 3
932 988 990
1076 1124 1077
574 647 648
518 574 580
764 814 816
524 594 525
738 799 800
1112 1113 1149
308 322 382
330 398 391
386 467 388
189 257 258
177 242 179
88 97 95
27 36 37
397 399 398
845 895 900
1156 1173 1170
180 249 246
9 23 22
9 22 24
100 107 108
9 20 23
337 406 404
106 118 168
39 48 46
361 433 440
861 870 863
654 709 659
138 143 144
9 24 11
56 102 109
165 227 229
23 25 24
102 104 109
591 592 658
138 204 200
100 108 163
23 35 25
1158 1159 1165
199 258 257
402 481 487
13 27 14
643 700 649
13 26 27
191 192 194
13 16 28
221 285 292
551 552 553
1156 1163 1161
1013 1023 1067
4 62 61
989 1046 993
38 96 39
87 93 94
411 487 488
704 772 767
1116 1117 1126
679 750 751
14 27 18
406 409 407
18 27 30
455 459 523
75 77 82
65 125 120
371 376 375
1105 1106 1116
205 269 275
57 113 59
105 106 107
132 191 139
38 88 96
760 766 822
498 563 562
18 32 20
18 30 32
297 305 304
924 926 925
20 32 23
180 246 245
581 584 583
23 32 34
24 71 70
23 34 35
1084 1085 1093
393 471 472
108 168 163
393 477 471
42 50 44
26 36 27
26 28 36
133 190 189
1029 1081 1074
328 394 395
863 915 907
69 129 128
227 291 292
10 69 66
37 39 46
189 199 257
36 39 37
1134 1143 1163
36 38 39
133 199 190
27 40 30
977 1043 1036
365 371 370
27 37 40
39 96 48
30 40 32
325 389 326
481 544 489
228 233 302
779 780 786
32 40 42
541 543 542
24 70 68
488 554 494
59 117 105
435 439 437
449 520 515
1062 1063 1068
47 55 50
753 756 755
50 53 52
32 44 34
129 188 189
255 258 341
34 44 35
240 241 242
226 295 296
32 42 44
258 344 343
82 140 145
35 44 45
371 440 446
1057 1108 1102
100 157 153
158 219 212
905 966 908
44 50 52
37 46 40
56 109 110
688 690 756
982 1041 983
143 149 144
213 215 214
80 87 143
616 620 619
176 177 178
40 50 42
129 130 133
1145 1147 1146
163 228 224
686 689 688
406 407 486
328 398 330
44 52 53
4 5 65
895 958 900
45 53 93
50 51 53
46 55 47
87 153 148
918 982 919
46 56 54
54 56 55
319 320 322
46 48 56
935 936 937
109 112 110
475 539 476
59 115 117
55 56 57
884 940 937
387 463 472
50 55 58
946 948 949
50 58 59
55 59 58
114 174 116
97 159 103
50 59 51
557 631 630
193 244 245
55 57 59
582 589 591
666 719 726
165 229 166
4 60 15
309 311 310
4 61 60
15 60 61
612 678 679
4 15 6
779 834 780
79 86 87
1114 1115 1124
857 910 865
543 612 613
79 87 80
873 874 925
4 65 62
5 10 65
1163 1168 1167
10 66 65
15 63 76
515 517 516
967 1026 971
635 754 758
893 948 946
324 328 327
10 24 68
612 620 683
150 205 209
354 421 427
616 618 620
10 68 69
35 93 86
173 175 174
264 268 353
70 71 73
69 70 72
70 73 72
15 74 75
116 174 176
15 76 74
766 767 822
15 75 16
1160 1175 1166
939 990 991
1009 1015 1014
75 76 77
1107 1109 1146
76 140 77
440 508 513
307 321 322
778 784 787
569 571 570
827 828 884
153 157 158
807 870 861
360 363 437
397 475 476
924 927 928
977 1036 1037
24 79 71
71 79 73
24 25 79
856 910 857
331 332 333
73 79 80
125 128 129
952 1008 1014
313 324 315
525 594 528
28 75 81
75 82 81
82 89 88
624 625 626
643 649 647
482 484 548
253 341 339
856 865 864
688 756 753
177 240 242
530 603 596
474 538 539
745 805 807
481 482 544
1014 1026 1025
725 731 732
166 172 170
25 35 79
224 228 226
35 86 79
670 733 671
28 81 88
1158 1165 1164
311 380 385
1115 1116 1124
28 88 38
937 940 996
487 489 488
427 503 504
734 796 738
360 438 432
205 265 269
317 329 318
133 135 137
389 474 396
159 221 222
249 251 337
320 392 463
826 830 829
620 684 683
1116 1125 1124
400 479 402
740 801 808
530 602 604
318 320 319
86 93 87
1154 1156 1170
35 45 93
602 607 604
116 118 117
467 528 531
88 95 96
439 516 512
72 135 133
665 723 722
77 140 82
258 259 344
261 349 265
296 373 369
53 99 93
467 536 474
93 99 100
93 100 94
95 101 96
95 97 101
96 101 102
330 391 392
946 949 1006
718 722 724
524 525 528
101 104 102
327 328 329
386 460 461
399 476 477
97 103 101
101 103 104
112 171 174
104 164 111
48 96 56
133 137 199
56 96 102
167 169 168
65 66 125
366 440 371
759 763 761
233 307 301
61 131 132
898 954 950
167 178 179
121 122 180
100 158 157
150 209 215
507 511 512
877 928 927
774 829 779
324 325 326
573 646 642
681 747 748
988 992 990
237 310 313
544 547 546
253 339 337
51 59 53
53 59 105
116 176 178
99 107 100
617 681 618
1012 1013 1067
946 1004 999
836 894 893
164 165 166
106 108 107
464 466 465
115 116 117
1086 1136 1137
725 795 788
281 364 365
104 111 109
109 111 112
541 620 611
1087 1088 1095
56 113 57
139 191 194
1103 1105 1104
426 502 498
456 524 460
56 110 113
110 112 113
417 494 422
652 657 712
112 114 113
59 113 115
539 616 540
1122 1133 1156
113 116 115
241 319 243
541 612 543
227 230 229
1026 1068 1075
113 114 116
315 329 317
533 542 543
97 155 159
813 870 869
177 238 240
105 117 106
1167 1176 1174
957 963 964
106 117 118
241 315 317
427 504 508
65 120 119
119 120 122
360 436 438
143 148 149
292 370 375
62 65 119
402 487 410
393 472 463
62 119 123
671 733 734
119 122 121
607 729 673
119 121 123
940 998 996
1100 1101 1102
66 69 125
120 125 122
1089 1140 1091
538 608 539
76 132 139
184 251 249
122 125 126
69 128 125
718 787 784
125 129 126
69 130 129
459 530 526
139 194 140
61 62 123
499 558 505
61 132 63
221 281 285
61 123 131
69 133 130
1108 1144 1146
97 150 155
231 304 236
72 73 135
547 623 627
73 136 135
379 459 455
135 136 138
129 189 186
87 94 153
171 173 174
982 1040 1041
135 138 137
63 132 76
476 478 477
800 851 855
73 143 136
830 885 834
345 411 351
76 139 140
731 736 737
174 175 177
712 777 773
694 696 695
258 343 341
100 156 158
777 778 831
341 409 408
545 548 621
73 80 143
332 335 401
898 899 954
166 229 172
880 936 934
82 145 150
494 554 555
358 427 361
850 904 851
432 438 507
482 548 545
1117 1151 1126
626 629 689
103 164 104
301 303 302
545 621 547
530 607 602
627 635 628
1114 1124 1123
870 920 922
275 281 280
421 503 427
148 153 149
149 153 154
89 150 97
274 357 353
764 816 820
810 866 867
112 170 171
94 100 153
153 158 154
510 512 515
232 300 233
100 163 156
111 164 166
339 341 406
665 669 731
159 165 164
281 365 285
479 480 482
700 762 768
118 167 168
163 168 169
411 488 494
111 170 112
416 498 497
938 939 942
126 129 184
341 342 409
111 166 170
170 173 171
170 172 173
292 365 370
174 177 176
173 238 175
899 903 963
116 178 118
357 360 426
118 178 167
177 179 178
121 180 123
466 534 530
259 264 344
880 883 936
122 181 180
380 456 460
123 180 182
1081 1091 1132
122 126 184
822 879 877
129 133 188
131 191 132
131 193 191
1054 1055 1103
191 193 192
550 551 625
123 193 131
547 621 623
123 182 193
1043 1096 1088
822 823 880
1063 1104 1114
634 692 694
550 552 551
409 493 492
137 138 199
1047 1049 1097
227 292 293
138 144 204
138 200 199
884 889 940
498 562 557
1053 1054 1063
140 194 201
186 189 253
158 163 225
699 767 766
167 232 169
637 699 698
723 731 725
249 337 335
325 386 388
233 301 302
199 259 258
539 609 617
768 825 829
785 786 789
140 201 205
957 1023 1013
449 455 523
699 704 702
144 149 204
494 558 499
842 849 844
149 208 204
983 1041 984
807 869 870
145 205 150
290 296 369
296 303 379
604 607 672
212 219 284
838 895 845
180 244 193
326 394 328
1088 1139 1140
260 262 261
915 977 978
149 154 212
149 212 208
150 213 214
150 215 213
150 214 155
984 1043 985
499 505 503
779 833 834
214 215 216
1046 1053 1052
154 158 212
238 239 241
155 214 159
825 826 829
489 546 554
214 221 220
159 220 221
214 216 221
323 325 324
1051 1057 1101
179 300 232
292 374 297
539 617 615
528 598 605
417 422 420
977 1037 979
649 709 654
573 579 652
1077 1124 1084
1042 1095 1043
877 879 880
737 807 798
416 497 493
193 245 247
158 225 226
163 226 225
158 226 219
163 224 226
159 222 227
837 843 894
1091 1142 1132
163 169 228
371 446 450
1133 1134 1163
1059 1061 1108
172 229 231
1132 1142 1143
229 230 231
748 810 749
231 236 234
391 477 393
167 179 232
228 232 233
189 258 255
172 234 173
173 234 235
234 237 235
179 242 300
234 236 237
518 583 521
173 235 238
989 993 992
235 237 238
842 844 843
237 239 238
175 238 177
238 241 240
242 243 300
348 353 416
810 867 811
180 245 244
180 193 182
1112 1149 1148
1088 1096 1095
836 837 894
180 181 249
851 908 855
216 281 221
295 302 296
181 184 249
184 186 253
361 440 366
221 227 222
1160 1172 1175
189 255 253
851 905 908
371 450 376
856 857 865
189 190 199
192 193 260
192 260 194
227 293 297
663 719 666
193 247 260
935 994 989
247 262 260
194 260 261
551 553 630
199 200 264
265 350 354
215 280 281
480 483 482
1143 1167 1168
194 265 201
474 539 475
800 856 801
822 880 879
722 723 725
926 928 986
200 204 264
969 978 979
917 981 982
204 268 264
307 319 321
201 265 205
209 275 215
337 404 401
1166 1175 1167
541 611 612
204 208 274
204 274 268
1026 1082 1030
878 880 928
205 275 209
540 616 541
208 212 274
917 980 981
212 279 274
1140 1165 1166
215 281 216
493 496 557
215 275 280
992 1001 1000
275 282 281
1161 1167 1174
515 520 582
909 971 910
317 318 319
816 817 872
221 292 291
212 284 279
982 1039 1040
344 348 416
605 671 606
1037 1088 1089
898 950 948
219 226 284
228 302 295
226 290 284
594 666 598
221 291 227
253 255 341
226 228 295
226 296 290
335 337 401
227 297 230
296 302 303
230 304 231
230 297 304
353 419 416
972 1031 980
699 703 704
350 351 420
233 300 307
301 307 308
382 465 384
310 312 325
304 309 310
515 582 579
304 311 309
304 305 311
1029 1037 1090
310 311 312
236 310 237
657 658 712
1161 1163 1167
243 307 300
237 313 315
333 334 402
307 322 308
239 315 241
966 1014 1025
241 317 319
820 871 873
243 319 307
310 324 313
310 323 324
394 397 395
310 325 323
351 417 420
315 324 327
324 326 328
928 987 986
318 329 330
328 330 329
245 246 332
1045 1048 1049
245 333 247
245 332 331
245 331 333
249 335 332
246 249 332
325 388 389
823 827 880
251 253 337
647 649 648
389 468 474
1035 1086 1087
612 614 613
341 343 344
341 344 342
247 333 262
262 333 345
284 363 360
333 411 345
265 349 350
488 489 554
796 797 800
637 642 640
504 569 508
379 383 384
264 348 344
261 262 349
262 345 349
345 351 349
349 351 350
928 933 989
1126 1138 1137
943 1000 952
796 851 797
553 557 630
666 733 670
264 353 348
265 354 269
376 450 380
592 596 597
1048 1050 1049
268 274 353
332 402 334
620 682 684
580 653 581
541 616 619
269 354 275
1156 1161 1174
275 354 358
438 512 511
1108 1145 1144
1098 1101 1100
621 622 624
797 851 800
1147 1149 1153
591 658 656
308 382 383
274 279 360
807 813 869
274 360 357
275 361 282
275 358 361
556 628 632
482 483 484
279 284 360
712 778 777
281 282 361
281 361 364
361 365 364
361 366 365
435 445 516
437 439 438
284 290 369
284 369 363
285 365 292
666 726 733
1143 1168 1163
866 917 867
365 366 371
1007 1012 1061
951 952 958
292 297 293
523 590 589
539 615 616
754 814 764
384 465 459
292 375 374
297 374 375
320 463 322
370 371 375
581 659 584
297 375 376
589 592 591
1153 1171 1159
1031 1032 1039
510 515 573
385 460 386
406 486 485
685 686 688
296 379 373
1012 1066 1061
297 380 305
530 534 535
297 376 380
885 938 942
369 373 449
498 502 563
872 875 924
301 383 303
1133 1163 1162
303 383 379
301 308 383
382 384 383
379 384 459
871 872 873
305 380 311
311 386 312
311 385 386
392 393 463
605 670 671
1107 1146 1150
826 881 885
322 387 382
312 386 325
831 832 890
318 392 320
521 583 524
318 330 392
391 393 392
326 389 394
925 931 930
360 437 436
996 998 1050
389 396 394
394 396 397
328 395 398
395 397 398
952 1014 959
391 398 399
332 401 400
935 937 996
332 400 402
481 489 487
1000 1001 1009
1105 1115 1114
337 339 406
688 753 752
933 935 989
1126 1157 1158
446 518 450
341 408 406
406 408 409
1153 1159 1158
333 402 410
333 410 411
1099 1100 1105
571 638 643
342 344 409
344 415 409
344 416 415
409 415 416
409 416 414
904 965 966
351 411 417
624 626 689
539 608 609
350 420 354
899 963 955
629 631 637
354 420 421
440 513 518
420 422 421
353 357 426
407 409 486
353 426 419
849 903 899
354 427 358
396 474 397
363 369 435
360 432 426
971 1031 972
483 485 486
361 427 433
673 736 731
436 437 438
787 836 835
363 435 437
557 563 561
622 625 624
681 748 682
1091 1143 1142
1084 1136 1085
827 883 880
369 445 435
872 923 925
369 449 445
1149 1155 1156
954 957 956
373 379 449
474 536 537
379 455 449
845 900 904
486 550 548
507 510 573
628 691 634
380 450 456
548 622 621
397 474 475
1061 1112 1110
1132 1143 1134
583 584 594
391 399 477
382 387 465
387 464 465
459 465 466
388 467 389
386 461 467
389 467 468
628 634 632
387 472 464
895 942 951
464 472 473
471 473 472
397 476 399
400 401 479
508 569 570
530 604 603
829 834 833
401 480 479
402 479 481
479 482 481
401 404 483
1075 1076 1082
401 483 480
404 406 483
656 658 657
872 925 874
406 485 483
483 486 484
410 487 411
969 1027 1029
574 653 580
445 449 515
409 414 493
476 539 540
409 492 486
999 1051 1050
831 889 884
411 494 417
422 499 503
1046 1047 1055
459 526 523
867 918 919
568 573 642
991 992 1000
1049 1101 1098
416 419 498
493 497 498
493 498 496
419 426 498
421 422 503
877 880 878
503 505 504
704 773 772
508 570 574
1006 1061 1060
426 432 507
426 507 502
528 605 531
438 439 512
438 511 507
507 512 510
433 508 440
584 659 594
865 910 916
1023 1074 1073
435 516 439
445 515 516
512 516 517
512 517 515
533 613 535
440 518 446
931 932 990
460 524 527
1105 1116 1115
523 596 590
958 959 966
675 739 746
1084 1135 1136
450 518 521
745 813 805
486 552 550
1121 1122 1156
449 523 520
450 524 456
450 521 524
1126 1151 1157
460 528 461
966 967 971
524 528 527
969 979 1037
459 466 530
464 534 466
464 473 534
473 533 534
533 535 534
467 474 468
504 505 569
467 537 536
798 807 853
467 531 537
531 532 537
474 537 538
532 538 537
548 550 625
476 541 478
476 540 541
471 542 473
473 542 533
471 478 542
478 541 542
482 545 544
544 545 547
1036 1043 1088
489 544 546
590 596 592
1086 1138 1087
484 486 548
486 492 552
492 493 552
493 553 552
515 579 573
546 556 554
554 556 555
607 679 729
493 557 553
494 555 558
787 842 841
496 498 557
580 581 583
920 984 922
763 821 824
557 562 563
505 558 564
502 507 563
507 568 563
505 564 569
564 571 569
507 573 568
508 574 513
714 779 719
513 574 518
1153 1154 1170
1066 1067 1112
518 580 583
633 634 694
704 708 773
930 939 938
693 698 699
520 523 589
520 589 582
589 590 592
524 583 593
700 761 762
524 593 594
583 594 593
526 530 596
523 526 596
528 594 598
596 603 604
596 604 597
531 605 532
633 694 638
532 605 606
532 606 608
1074 1132 1131
530 535 607
532 608 538
535 613 607
533 543 613
607 613 614
682 748 684
615 617 616
616 617 618
541 619 620
863 922 915
621 624 623
548 625 622
551 626 625
546 547 627
546 627 556
623 635 627
556 627 628
977 979 978
648 649 653
551 630 626
725 732 795
626 630 629
629 630 631
555 556 632
555 632 558
558 632 633
732 737 795
628 635 691
557 561 637
557 637 631
629 637 636
558 638 564
558 633 638
1015 1068 1026
561 563 637
563 568 642
563 641 637
563 642 641
637 641 642
925 926 932
564 638 571
700 768 705
727 790 796
570 571 647
570 647 574
684 748 749
571 643 647
612 679 614
573 652 646
574 648 653
581 653 654
649 654 653
1102 1108 1107
842 848 849
950 1007 1006
738 800 739
579 582 656
579 656 652
582 591 656
652 656 657
581 654 659
856 908 909
592 662 658
594 659 663
592 597 665
592 665 662
939 943 942
594 663 666
1074 1133 1122
597 604 665
604 669 665
996 1048 1045
598 666 605
1127 1158 1138
605 666 670
673 679 744
604 672 673
940 999 998
607 673 672
642 646 704
604 673 669
877 878 928
606 671 608
608 675 609
608 671 674
608 674 675
824 826 825
931 990 939
607 614 679
609 675 617
693 699 697
617 675 680
617 680 681
618 681 620
1146 1153 1152
620 681 682
856 909 910
611 620 612
773 831 828
612 683 684
612 684 678
623 624 685
623 685 635
624 686 685
635 685 687
685 688 687
624 689 686
629 690 689
688 689 690
634 691 692
635 692 691
629 636 693
629 693 690
638 694 695
697 699 760
817 877 875
636 637 693
637 640 699
637 698 693
638 700 643
638 695 700
1021 1022 1023
1040 1093 1041
640 642 699
679 745 744
642 703 699
642 704 703
942 952 951
649 700 705
819 822 877
646 652 704
652 708 704
1156 1162 1163
649 705 709
652 712 708
658 713 712
727 789 790
658 662 718
658 718 713
924 928 926
1039 1093 1040
659 719 663
907 968 963
659 714 719
662 665 722
662 722 718
722 725 724
665 731 723
968 978 969
726 727 733
727 734 733
669 673 731
673 737 736
743 751 745
731 737 732
673 735 737
671 738 674
674 738 675
671 734 738
675 738 739
853 863 854
673 744 745
673 729 679
727 796 734
762 824 768
673 745 735
679 743 745
675 746 680
680 746 681
709 768 774
739 740 746
681 746 747
740 747 746
678 684 679
679 684 750
713 718 778
684 751 750
1146 1152 1151
679 751 743
684 749 751
687 688 752
635 687 752
1000 1009 1008
752 753 755
635 752 754
752 755 754
690 693 756
693 757 756
755 756 757
635 758 692
692 758 696
754 764 758
696 758 759
758 764 759
1035 1095 1042
1031 1082 1083
693 697 760
693 760 757
695 696 761
695 761 700
696 759 761
761 763 762
699 702 767
811 867 813
699 766 760
872 874 873
702 704 767
778 787 835
705 768 709
708 712 773
712 713 778
1041 1094 1086
724 725 787
709 779 714
1054 1103 1063
709 774 779
922 985 977
718 784 778
1170 1172 1171
1009 1068 1015
719 779 785
779 786 785
950 1012 1007
1014 1015 1026
718 724 787
1044 1045 1046
725 788 787
719 789 726
726 789 727
719 785 789
786 790 789
910 980 916
1156 1174 1173
737 798 795
738 796 799
796 800 799
854 863 907
739 800 740
740 800 801
939 1000 943
1170 1173 1174
735 745 737
737 745 806
737 806 807
745 807 806
740 808 747
747 808 748
748 808 809
1126 1137 1136
748 809 810
749 810 751
930 931 939
751 810 811
755 757 818
745 751 812
745 812 813
751 813 812
751 811 813
754 755 814
755 815 814
814 815 817
757 760 818
755 818 815
815 818 817
760 819 818
808 864 865
817 818 819
759 764 820
759 820 763
763 820 821
760 822 819
889 890 940
767 823 822
762 763 824
821 826 824
768 824 825
767 772 827
772 773 827
767 827 823
773 828 827
768 829 774
1012 1067 1066
773 777 831
778 832 831
829 830 834
779 829 833
1006 1007 1061
778 835 836
778 836 832
907 978 968
787 837 836
780 834 786
910 972 980
786 834 838
915 922 977
787 843 837
787 788 842
786 845 790
786 838 845
788 795 842
844 849 899
795 848 842
790 845 796
1068 1069 1076
796 845 850
796 850 851
795 853 848
848 853 849
795 798 853
849 853 854
800 855 856
958 966 965
807 862 853
853 862 863
807 863 862
807 861 863
908 970 971
801 856 808
808 865 809
808 856 864
809 865 810
922 984 985
934 936 935
810 865 866
813 867 868
805 813 807
813 868 870
816 872 820
820 873 821
820 872 871
817 875 872
817 819 877
821 873 826
827 884 883
826 885 830
828 831 884
831 890 889
834 885 891
832 836 890
836 893 890
873 930 881
834 895 838
834 891 895
843 844 899
843 898 894
843 899 898
1112 1148 1145
1100 1102 1107
845 904 850
851 904 905
849 854 907
849 907 903
855 908 856
1061 1066 1112
919 982 983
865 917 866
865 916 917
867 917 918
867 919 868
868 919 870
870 919 920
863 870 921
863 921 922
870 922 921
999 1004 1058
872 924 923
923 924 925
875 877 924
877 927 924
873 925 929
873 929 930
1035 1042 1041
971 1026 1030
925 930 929
925 932 931
1100 1106 1105
880 934 928
928 934 935
928 935 933
883 884 936
884 937 936
881 930 885
885 930 938
890 941 940
885 942 891
890 893 946
1022 1029 1024
890 946 941
893 894 948
894 898 948
948 950 949
891 942 895
1067 1073 1121
1160 1166 1165
942 943 952
910 971 972
899 955 954
954 955 957
950 954 956
895 951 958
952 959 958
955 963 957
1039 1092 1093
900 958 904
904 966 905
950 956 1012
904 958 965
1097 1098 1100
903 907 963
963 968 969
963 969 964
908 971 909
908 966 970
966 971 970
992 993 1046
907 915 978
1034 1035 1041
916 980 917
957 1022 1021
917 982 918
919 984 920
919 983 984
926 986 932
928 989 987
986 987 989
932 986 988
986 989 988
990 992 991
988 989 992
935 996 994
952 1000 1008
939 991 1000
941 946 999
949 950 1006
946 1006 1004
956 957 1012
1074 1081 1132
957 1013 1012
1008 1009 1014
1068 1076 1075
1091 1140 1141
957 1021 1023
957 964 1022
1022 1024 1023
959 1014 966
966 1026 967
966 1025 1026
964 969 1022
1022 1028 1029
969 1029 1028
1133 1162 1156
971 1030 1031
969 1037 1027
980 1039 981
980 1031 1038
980 1038 1039
1031 1039 1038
981 1039 982
984 1042 1043
984 1041 1042
977 985 1043
989 994 1045
989 1045 1044
989 1044 1046
1045 1047 1046
994 996 1045
1124 1136 1135
1045 1049 1047
1144 1145 1146
998 999 1050
996 1050 1048
1049 1050 1051
992 1053 1001
992 1052 1053
1046 1054 1053
1046 1055 1054
999 1058 1051
1051 1058 1057
1057 1058 1059
1004 1006 1058
1006 1060 1058
1058 1060 1061
1058 1061 1059
1001 1053 1009
1009 1053 1062
1053 1063 1062
1009 1062 1068
1063 1069 1068
1023 1024 1074
1023 1073 1067
1024 1029 1074
1030 1082 1031
1026 1075 1082
1076 1083 1082
1031 1084 1032
1076 1077 1084
1031 1083 1084
1076 1084 1083
1034 1086 1035
1036 1088 1037
1027 1037 1029
1029 1090 1091
1037 1091 1090
1029 1091 1081
1037 1089 1091
1032 1084 1039
1039 1084 1092
1084 1093 1092
1034 1041 1086
1085 1086 1093
1041 1093 1094
1086 1094 1093
1035 1087 1095
1043 1095 1096
1047 1097 1055
1049 1098 1097
1055 1097 1099
1097 1100 1099
1049 1051 1101
1057 1102 1101
1055 1099 1103
1099 1105 1103
1063 1103 1104
1100 1107 1106
1057 1059 1108
1107 1108 1109
1061 1110 1108
1067 1113 1112
1063 1114 1069
1104 1105 1114
1106 1107 1116
1107 1117 1116
1073 1074 1121
1067 1121 1113
1074 1122 1121
1069 1114 1076
1076 1114 1123
1076 1123 1124
1140 1167 1141
1116 1126 1125
1074 1131 1133
1124 1125 1136
1084 1124 1135
1085 1136 1086
1125 1126 1136
1174 1176 1175
1126 1127 1138
1087 1138 1088
1088 1138 1139
1088 1140 1089
1091 1141 1143
1108 1110 1145
1108 1146 1109
1145 1148 1149
1145 1149 1147
1107 1151 1117
1107 1150 1151
1146 1151 1150
1146 1147 1153
1149 1154 1153
1113 1121 1149
1121 1155 1149
1121 1156 1155
1149 1156 1154
1126 1158 1127
1151 1152 1158
1151 1158 1157
1152 1153 1158
1170 1174 1172
1172 1174 1175
1138 1165 1139
1138 1158 1164
1138 1164 1165
1139 1165 1140
1159 1160 1165
1140 1166 1167
1141 1167 1143
1159 1171 1160
1153 1170 1169
1153 1169 1171
1169 1170 1171
1160 1171 1172
1167 1175 1176
