# CentVoxTetrahedralizerHybrid tetrahedral mesh
# Detection mode: HYBRID
# Grid: 40^3
# Merge block size: 1
# Protection layers: 1
# Smoothed: Yes
# Vertices: 4505
# Tetrahedra: 10120

VERTICES
-1.101816 0.394522 -1.809351
-1.023400 0.394522 -1.809351
-1.101816 0.472938 -1.809351
-1.023400 0.472938 -1.809351
-1.101816 0.394522 -1.730935
-1.023400 0.394522 -1.730935
-1.101816 0.472938 -1.730935
-1.023400 0.472938 -1.730935
-1.101816 0.394522 -1.652519
-1.023400 0.394522 -1.652519
-1.101816 0.472938 -1.652519
-1.023400 0.472938 -1.652519
-0.944984 0.394522 -1.730935
-0.944984 0.472938 -1.730935
-0.944984 0.394522 -1.652519
-0.944984 0.472938 -1.652519
-1.023400 -0.154392 -1.652519
-0.944984 -0.154392 -1.652519
-1.023400 -0.075975 -1.652519
-0.944984 -0.075975 -1.652519
-1.023400 -0.154392 -1.574103
-0.944984 -0.154392 -1.574103
-1.023400 -0.075975 -1.574103
-0.944984 -0.075975 -1.574103
-0.866568 -0.154392 -1.652519
-0.866568 -0.075975 -1.652519
-0.866568 -0.154392 -1.574103
-0.866568 -0.075975 -1.574103
-1.023400 0.002441 -1.652519
-0.944984 0.002441 -1.652519
-1.023400 0.002441 -1.574103
-0.944984 0.002441 -1.574103
-0.866568 0.002441 -1.652519
-0.866568 0.002441 -1.574103
-1.023400 0.316105 -1.652519
-0.944984 0.316105 -1.652519
-1.023400 0.316105 -1.574103
-0.944984 0.316105 -1.574103
-1.023400 0.394522 -1.574103
-0.944984 0.394522 -1.574103
-0.866568 0.316105 -1.652519
-0.866568 0.394522 -1.652519
-0.866568 0.316105 -1.574103
-0.866568 0.394522 -1.574103
-1.023400 0.472938 -1.574103
-0.944984 0.472938 -1.574103
-0.866568 0.472938 -1.652519
-0.866568 0.472938 -1.574103
-1.023400 -0.154392 -1.495687
-0.944984 -0.154392 -1.495687
-1.023400 -0.075975 -1.495687
-0.944984 -0.075975 -1.495687
-0.866568 -0.154392 -1.495687
-0.866568 -0.075975 -1.495687
-1.023400 0.002441 -1.495687
-0.944984 0.002441 -1.495687
-0.866568 0.002441 -1.495687
-0.944984 0.237689 -1.574103
-0.866568 0.237689 -1.574103
-0.944984 0.237689 -1.495687
-0.866568 0.237689 -1.495687
-0.944984 0.316105 -1.495687
-0.866568 0.316105 -1.495687
-1.023400 0.316105 -1.495687
-1.023400 0.394522 -1.495687
-0.944984 0.394522 -1.495687
-0.866568 0.394522 -1.495687
-1.023400 0.472938 -1.495687
-0.944984 0.472938 -1.495687
-0.866568 0.472938 -1.495687
-1.023400 -0.154392 -1.417270
-0.944984 -0.154392 -1.417270
-1.023400 -0.075975 -1.417270
-0.944984 -0.075975 -1.417270
-0.866568 -0.154392 -1.417270
-0.866568 -0.075975 -1.417270
-1.023400 0.002441 -1.417270
-0.944984 0.002441 -1.417270
-0.866568 0.002441 -1.417270
-1.023400 0.237689 -1.495687
-1.023400 0.237689 -1.417270
-0.944984 0.237689 -1.417270
-1.023400 0.316105 -1.417270
-0.944984 0.316105 -1.417270
-0.866568 0.237689 -1.417270
-0.866568 0.316105 -1.417270
-1.023400 0.394522 -1.417270
-0.944984 0.394522 -1.417270
-0.866568 0.394522 -1.417270
-1.023400 -0.232808 -1.417270
-0.944984 -0.232808 -1.417270
-1.023400 -0.232808 -1.338854
-0.944984 -0.232808 -1.338854
-1.023400 -0.154392 -1.338854
-0.944984 -0.154392 -1.338854
-0.866568 -0.232808 -1.417270
-0.866568 -0.232808 -1.338854
-0.866568 -0.154392 -1.338854
-1.023400 -0.075975 -1.338854
-0.944984 -0.075975 -1.338854
-0.866568 -0.075975 -1.338854
-1.023400 0.002441 -1.338854
-0.944984 0.002441 -1.338854
-0.866568 0.002441 -1.338854
-0.944984 0.237689 -1.338854
-0.866568 0.237689 -1.338854
-0.944984 0.316105 -1.338854
-0.866568 0.316105 -1.338854
-0.788152 0.237689 -1.417270
-0.788152 0.316105 -1.417270
-0.788152 0.237689 -1.338854
-0.788152 0.316105 -1.338854
-0.944984 0.394522 -1.338854
-0.866568 0.394522 -1.338854
-0.788152 0.394522 -1.417270
-0.788152 0.394522 -1.338854
-1.023400 -0.154392 -1.260438
-0.944984 -0.154392 -1.260438
-1.023400 -0.075975 -1.260438
-0.944984 -0.075975 -1.260438
-0.866568 -0.154392 -1.260438
-0.866568 -0.075975 -1.260438
-0.788152 -0.154392 -1.338854
-0.788152 -0.075975 -1.338854
-0.788152 -0.154392 -1.260438
-0.788152 -0.075975 -1.260438
-0.709736 -0.154392 -1.338854
-0.709736 -0.075975 -1.338854
-0.709736 -0.154392 -1.260438
-0.709736 -0.075975 -1.260438
-1.023400 0.002441 -1.260438
-0.944984 0.002441 -1.260438
-0.866568 0.002441 -1.260438
-0.788152 0.002441 -1.338854
-0.788152 0.002441 -1.260438
-0.709736 0.002441 -1.338854
-0.709736 0.002441 -1.260438
-0.944984 0.237689 -1.260438
-0.866568 0.237689 -1.260438
-0.944984 0.316105 -1.260438
-0.866568 0.316105 -1.260438
-0.788152 0.237689 -1.260438
-0.788152 0.316105 -1.260438
-0.944984 0.394522 -1.260438
-0.866568 0.394522 -1.260438
-0.788152 0.394522 -1.260438
-0.944984 -0.075975 -1.182022
-0.866568 -0.075975 -1.182022
-0.944984 0.002441 -1.182022
-0.866568 0.002441 -1.182022
-0.788152 -0.075975 -1.182022
-0.788152 0.002441 -1.182022
-0.866568 0.080857 -1.260438
-0.788152 0.080857 -1.260438
-0.866568 0.080857 -1.182022
-0.788152 0.080857 -1.182022
-0.944984 0.237689 -1.182022
-0.866568 0.237689 -1.182022
-0.944984 0.316105 -1.182022
-0.866568 0.316105 -1.182022
-0.788152 0.237689 -1.182022
-0.788152 0.316105 -1.182022
-1.180233 0.316105 -1.260438
-1.101816 0.316105 -1.260438
-1.180233 0.394522 -1.260438
-1.101816 0.394522 -1.260438
-1.180233 0.316105 -1.182022
-1.101816 0.316105 -1.182022
-1.180233 0.394522 -1.182022
-1.101816 0.394522 -1.182022
-0.944984 0.394522 -1.182022
-0.866568 0.394522 -1.182022
-0.788152 0.394522 -1.182022
-0.944984 0.786602 -1.260438
-0.866568 0.786602 -1.260438
-0.944984 0.865019 -1.260438
-0.866568 0.865019 -1.260438
-0.944984 0.786602 -1.182022
-0.866568 0.786602 -1.182022
-0.944984 0.865019 -1.182022
-0.866568 0.865019 -1.182022
-0.944984 -0.075975 -1.103606
-0.866568 -0.075975 -1.103606
-0.944984 0.002441 -1.103606
-0.866568 0.002441 -1.103606
-0.788152 -0.075975 -1.103606
-0.788152 0.002441 -1.103606
-0.709736 -0.075975 -1.182022
-0.709736 0.002441 -1.182022
-0.709736 -0.075975 -1.103606
-0.709736 0.002441 -1.103606
-0.866568 0.080857 -1.103606
-0.788152 0.080857 -1.103606
-0.709736 0.080857 -1.182022
-0.709736 0.080857 -1.103606
-1.258649 0.159273 -1.182022
-1.180233 0.159273 -1.182022
-1.258649 0.237689 -1.182022
-1.180233 0.237689 -1.182022
-1.258649 0.159273 -1.103606
-1.180233 0.159273 -1.103606
-1.258649 0.237689 -1.103606
-1.180233 0.237689 -1.103606
-1.101816 0.159273 -1.182022
-1.101816 0.237689 -1.182022
-1.101816 0.159273 -1.103606
-1.101816 0.237689 -1.103606
-0.944984 0.159273 -1.182022
-0.866568 0.159273 -1.182022
-0.944984 0.159273 -1.103606
-0.866568 0.159273 -1.103606
-0.944984 0.237689 -1.103606
-0.866568 0.237689 -1.103606
-0.788152 0.159273 -1.182022
-0.788152 0.159273 -1.103606
-0.788152 0.237689 -1.103606
-1.180233 0.316105 -1.103606
-1.101816 0.316105 -1.103606
-1.023400 0.237689 -1.182022
-1.023400 0.316105 -1.182022
-1.023400 0.237689 -1.103606
-1.023400 0.316105 -1.103606
-0.944984 0.316105 -1.103606
-0.866568 0.316105 -1.103606
-0.788152 0.316105 -1.103606
-1.180233 0.394522 -1.103606
-1.101816 0.394522 -1.103606
-0.944984 0.394522 -1.103606
-0.866568 0.394522 -1.103606
-0.788152 0.394522 -1.103606
-0.944984 0.708186 -1.182022
-0.866568 0.708186 -1.182022
-0.944984 0.708186 -1.103606
-0.866568 0.708186 -1.103606
-0.944984 0.786602 -1.103606
-0.866568 0.786602 -1.103606
-0.944984 0.865019 -1.103606
-0.866568 0.865019 -1.103606
-0.866568 -0.075975 -1.025190
-0.788152 -0.075975 -1.025190
-0.866568 0.002441 -1.025190
-0.788152 0.002441 -1.025190
-0.866568 0.080857 -1.025190
-0.788152 0.080857 -1.025190
-0.709736 0.002441 -1.025190
-0.709736 0.080857 -1.025190
-0.866568 0.159273 -1.025190
-0.788152 0.159273 -1.025190
-0.709736 0.159273 -1.103606
-0.709736 0.159273 -1.025190
-1.258649 0.159273 -1.025190
-1.180233 0.159273 -1.025190
-1.258649 0.237689 -1.025190
-1.180233 0.237689 -1.025190
-1.101816 0.159273 -1.025190
-1.101816 0.237689 -1.025190
-1.023400 0.159273 -1.103606
-1.023400 0.159273 -1.025190
-0.944984 0.159273 -1.025190
-1.023400 0.237689 -1.025190
-0.944984 0.237689 -1.025190
-0.866568 0.237689 -1.025190
-0.788152 0.237689 -1.025190
-1.180233 0.316105 -1.025190
-1.101816 0.316105 -1.025190
-1.023400 0.316105 -1.025190
-0.944984 0.316105 -1.025190
-0.866568 0.316105 -1.025190
-0.788152 0.316105 -1.025190
-0.944984 0.708186 -1.025190
-0.866568 0.708186 -1.025190
-0.944984 0.786602 -1.025190
-0.866568 0.786602 -1.025190
-0.788152 0.708186 -1.103606
-0.788152 0.786602 -1.103606
-0.788152 0.708186 -1.025190
-0.788152 0.786602 -1.025190
-0.944984 0.865019 -1.025190
-0.866568 0.865019 -1.025190
-0.788152 0.865019 -1.103606
-0.788152 0.865019 -1.025190
-0.866568 0.002441 -0.946773
-0.788152 0.002441 -0.946773
-0.866568 0.080857 -0.946773
-0.788152 0.080857 -0.946773
-0.709736 0.002441 -0.946773
-0.709736 0.080857 -0.946773
-0.631319 0.002441 -1.025190
-0.631319 0.080857 -1.025190
-0.631319 0.002441 -0.946773
-0.631319 0.080857 -0.946773
-0.866568 0.159273 -0.946773
-0.788152 0.159273 -0.946773
-0.709736 0.159273 -0.946773
-0.944984 0.159273 -0.946773
-0.944984 0.237689 -0.946773
-0.866568 0.237689 -0.946773
-0.788152 0.237689 -0.946773
-0.709736 0.237689 -1.025190
-0.709736 0.237689 -0.946773
-0.944984 0.316105 -0.946773
-0.866568 0.316105 -0.946773
-0.788152 0.316105 -0.946773
-0.944984 0.708186 -0.946773
-0.866568 0.708186 -0.946773
-0.944984 0.786602 -0.946773
-0.866568 0.786602 -0.946773
-0.788152 0.708186 -0.946773
-0.788152 0.786602 -0.946773
-0.944984 0.865019 -0.946773
-0.866568 0.865019 -0.946773
-0.788152 0.865019 -0.946773
-0.866568 -0.546472 -0.946773
-0.788152 -0.546472 -0.946773
-0.866568 -0.468056 -0.946773
-0.788152 -0.468056 -0.946773
-0.866568 -0.546472 -0.868357
-0.788152 -0.546472 -0.868357
-0.866568 -0.468056 -0.868357
-0.788152 -0.468056 -0.868357
-0.866568 0.080857 -0.868357
-0.788152 0.080857 -0.868357
-0.866568 0.159273 -0.868357
-0.788152 0.159273 -0.868357
-0.709736 0.080857 -0.868357
-0.709736 0.159273 -0.868357
-0.631319 0.159273 -0.946773
-0.631319 0.080857 -0.868357
-0.631319 0.159273 -0.868357
-0.866568 0.237689 -0.868357
-0.788152 0.237689 -0.868357
-0.709736 0.237689 -0.868357
-0.631319 0.237689 -0.946773
-0.631319 0.237689 -0.868357
-0.866568 0.708186 -0.868357
-0.788152 0.708186 -0.868357
-0.866568 0.786602 -0.868357
-0.788152 0.786602 -0.868357
-0.866568 0.865019 -0.868357
-0.788152 0.865019 -0.868357
-0.866568 -0.546472 -0.789941
-0.788152 -0.546472 -0.789941
-0.866568 -0.468056 -0.789941
-0.788152 -0.468056 -0.789941
-0.631319 -0.546472 -0.868357
-0.552903 -0.546472 -0.868357
-0.631319 -0.468056 -0.868357
-0.552903 -0.468056 -0.868357
-0.631319 -0.546472 -0.789941
-0.552903 -0.546472 -0.789941
-0.631319 -0.468056 -0.789941
-0.552903 -0.468056 -0.789941
-0.944984 -0.468056 -0.868357
-0.944984 -0.389640 -0.868357
-0.866568 -0.389640 -0.868357
-0.944984 -0.468056 -0.789941
-0.944984 -0.389640 -0.789941
-0.866568 -0.389640 -0.789941
-0.788152 -0.389640 -0.868357
-0.788152 -0.389640 -0.789941
-0.709736 -0.468056 -0.868357
-0.709736 -0.389640 -0.868357
-0.709736 -0.468056 -0.789941
-0.709736 -0.389640 -0.789941
-0.631319 -0.389640 -0.868357
-0.631319 -0.389640 -0.789941
-0.552903 -0.389640 -0.868357
-0.552903 -0.389640 -0.789941
-1.023400 -0.389640 -0.868357
-1.023400 -0.311224 -0.868357
-0.944984 -0.311224 -0.868357
-1.023400 -0.389640 -0.789941
-1.023400 -0.311224 -0.789941
-0.944984 -0.311224 -0.789941
-0.866568 -0.311224 -0.868357
-0.866568 -0.311224 -0.789941
-0.788152 -0.311224 -0.868357
-0.709736 -0.311224 -0.868357
-0.788152 -0.311224 -0.789941
-0.709736 -0.311224 -0.789941
-0.866568 0.080857 -0.789941
-0.788152 0.080857 -0.789941
-0.866568 0.159273 -0.789941
-0.788152 0.159273 -0.789941
-0.709736 0.080857 -0.789941
-0.709736 0.159273 -0.789941
-0.631319 0.080857 -0.789941
-0.631319 0.159273 -0.789941
-0.552903 0.080857 -0.868357
-0.552903 0.159273 -0.868357
-0.552903 0.080857 -0.789941
-0.552903 0.159273 -0.789941
-0.866568 0.237689 -0.789941
-0.788152 0.237689 -0.789941
-0.709736 0.237689 -0.789941
-0.631319 0.237689 -0.789941
-0.552903 0.237689 -0.868357
-0.552903 0.237689 -0.789941
-0.866568 0.708186 -0.789941
-0.788152 0.708186 -0.789941
-0.866568 0.786602 -0.789941
-0.788152 0.786602 -0.789941
-0.709736 0.708186 -0.868357
-0.709736 0.786602 -0.868357
-0.709736 0.708186 -0.789941
-0.709736 0.786602 -0.789941
-1.180233 0.786602 -0.868357
-1.101816 0.786602 -0.868357
-1.180233 0.865019 -0.868357
-1.101816 0.865019 -0.868357
-1.180233 0.786602 -0.789941
-1.101816 0.786602 -0.789941
-1.180233 0.865019 -0.789941
-1.101816 0.865019 -0.789941
-1.023400 0.786602 -0.868357
-1.023400 0.865019 -0.868357
-1.023400 0.786602 -0.789941
-1.023400 0.865019 -0.789941
-0.866568 0.865019 -0.789941
-0.788152 0.865019 -0.789941
-0.709736 0.865019 -0.868357
-0.709736 0.865019 -0.789941
-1.101816 0.943435 -0.868357
-1.023400 0.943435 -0.868357
-1.101816 0.943435 -0.789941
-1.023400 0.943435 -0.789941
-0.866568 -0.546472 -0.711525
-0.788152 -0.546472 -0.711525
-0.866568 -0.468056 -0.711525
-0.788152 -0.468056 -0.711525
-0.944984 -0.468056 -0.711525
-0.944984 -0.389640 -0.711525
-0.866568 -0.389640 -0.711525
-0.788152 -0.389640 -0.711525
-0.709736 -0.468056 -0.711525
-0.709736 -0.389640 -0.711525
-0.944984 -0.311224 -0.711525
-0.866568 -0.311224 -0.711525
-0.788152 -0.311224 -0.711525
-0.709736 -0.311224 -0.711525
-0.709736 0.002441 -0.789941
-0.631319 0.002441 -0.789941
-0.709736 0.002441 -0.711525
-0.631319 0.002441 -0.711525
-0.709736 0.080857 -0.711525
-0.631319 0.080857 -0.711525
-0.552903 0.002441 -0.789941
-0.552903 0.002441 -0.711525
-0.552903 0.080857 -0.711525
-0.788152 0.080857 -0.711525
-0.788152 0.159273 -0.711525
-0.709736 0.159273 -0.711525
-0.631319 0.159273 -0.711525
-0.552903 0.159273 -0.711525
-0.788152 0.237689 -0.711525
-0.709736 0.237689 -0.711525
-0.631319 0.237689 -0.711525
-0.552903 0.237689 -0.711525
-0.788152 0.629770 -0.789941
-0.709736 0.629770 -0.789941
-0.788152 0.629770 -0.711525
-0.709736 0.629770 -0.711525
-0.788152 0.708186 -0.711525
-0.709736 0.708186 -0.711525
-0.631319 0.629770 -0.789941
-0.631319 0.708186 -0.789941
-0.631319 0.629770 -0.711525
-0.631319 0.708186 -0.711525
-0.866568 0.708186 -0.711525
-0.866568 0.786602 -0.711525
-0.788152 0.786602 -0.711525
-0.709736 0.786602 -0.711525
-1.101816 0.786602 -0.711525
-1.023400 0.786602 -0.711525
-1.101816 0.865019 -0.711525
-1.023400 0.865019 -0.711525
-0.944984 0.786602 -0.789941
-0.944984 0.865019 -0.789941
-0.944984 0.786602 -0.711525
-0.944984 0.865019 -0.711525
-0.866568 0.865019 -0.711525
-0.788152 0.865019 -0.711525
-0.709736 0.865019 -0.711525
-1.101816 0.943435 -0.711525
-1.023400 0.943435 -0.711525
-0.944984 0.943435 -0.789941
-0.944984 0.943435 -0.711525
-0.866568 0.943435 -0.789941
-0.866568 0.943435 -0.711525
-0.396071 -1.095386 -0.711525
-0.317655 -1.095386 -0.711525
-0.396071 -1.016969 -0.711525
-0.317655 -1.016969 -0.711525
-0.396071 -1.095386 -0.633109
-0.317655 -1.095386 -0.633109
-0.396071 -1.016969 -0.633109
-0.317655 -1.016969 -0.633109
-0.239239 -1.095386 -0.711525
-0.239239 -1.016969 -0.711525
-0.239239 -1.095386 -0.633109
-0.239239 -1.016969 -0.633109
-0.396071 -0.938553 -0.711525
-0.317655 -0.938553 -0.711525
-0.396071 -0.938553 -0.633109
-0.317655 -0.938553 -0.633109
-0.239239 -0.938553 -0.711525
-0.239239 -0.938553 -0.633109
-0.866568 -0.468056 -0.633109
-0.788152 -0.468056 -0.633109
-0.866568 -0.389640 -0.633109
-0.788152 -0.389640 -0.633109
-0.866568 -0.311224 -0.633109
-0.788152 -0.311224 -0.633109
-0.709736 0.002441 -0.633109
-0.631319 0.002441 -0.633109
-0.709736 0.080857 -0.633109
-0.631319 0.080857 -0.633109
-0.552903 0.002441 -0.633109
-0.552903 0.080857 -0.633109
-0.709736 0.159273 -0.633109
-0.631319 0.159273 -0.633109
-0.552903 0.159273 -0.633109
-0.474487 0.080857 -0.711525
-0.474487 0.159273 -0.711525
-0.474487 0.080857 -0.633109
-0.474487 0.159273 -0.633109
-0.709736 0.237689 -0.633109
-0.631319 0.237689 -0.633109
-0.552903 0.237689 -0.633109
-0.474487 0.237689 -0.711525
-0.474487 0.237689 -0.633109
-0.788152 0.629770 -0.633109
-0.709736 0.629770 -0.633109
-0.788152 0.708186 -0.633109
-0.709736 0.708186 -0.633109
-0.631319 0.629770 -0.633109
-0.631319 0.708186 -0.633109
-0.866568 0.708186 -0.633109
-0.866568 0.786602 -0.633109
-0.788152 0.786602 -0.633109
-0.709736 0.786602 -0.633109
-0.631319 0.786602 -0.711525
-0.631319 0.786602 -0.633109
-1.023400 0.786602 -0.633109
-0.944984 0.786602 -0.633109
-1.023400 0.865019 -0.633109
-0.944984 0.865019 -0.633109
-0.866568 0.865019 -0.633109
-0.788152 0.865019 -0.633109
-0.709736 0.865019 -0.633109
-0.631319 0.865019 -0.711525
-0.631319 0.865019 -0.633109
-1.023400 0.943435 -0.633109
-0.944984 0.943435 -0.633109
-0.866568 0.943435 -0.633109
-0.396071 -1.016969 -0.554692
-0.317655 -1.016969 -0.554692
-0.396071 -0.938553 -0.554692
-0.317655 -0.938553 -0.554692
-0.239239 -1.016969 -0.554692
-0.239239 -0.938553 -0.554692
-0.317655 -0.860137 -0.633109
-0.239239 -0.860137 -0.633109
-0.317655 -0.860137 -0.554692
-0.239239 -0.860137 -0.554692
-0.866568 -0.468056 -0.554692
-0.788152 -0.468056 -0.554692
-0.866568 -0.389640 -0.554692
-0.788152 -0.389640 -0.554692
-0.866568 -0.311224 -0.554692
-0.788152 -0.311224 -0.554692
-0.709736 -0.389640 -0.633109
-0.709736 -0.311224 -0.633109
-0.709736 -0.389640 -0.554692
-0.709736 -0.311224 -0.554692
-0.866568 -0.232808 -0.633109
-0.788152 -0.232808 -0.633109
-0.866568 -0.232808 -0.554692
-0.788152 -0.232808 -0.554692
-0.709736 -0.232808 -0.633109
-0.709736 -0.232808 -0.554692
-0.631319 0.002441 -0.554692
-0.552903 0.002441 -0.554692
-0.631319 0.080857 -0.554692
-0.552903 0.080857 -0.554692
-0.474487 0.002441 -0.633109
-0.474487 0.002441 -0.554692
-0.474487 0.080857 -0.554692
-0.396071 0.002441 -0.633109
-0.396071 0.080857 -0.633109
-0.396071 0.002441 -0.554692
-0.396071 0.080857 -0.554692
-0.709736 0.080857 -0.554692
-0.709736 0.159273 -0.554692
-0.631319 0.159273 -0.554692
-0.552903 0.159273 -0.554692
-0.474487 0.159273 -0.554692
-0.396071 0.159273 -0.633109
-0.396071 0.159273 -0.554692
-0.709736 0.237689 -0.554692
-0.631319 0.237689 -0.554692
-0.552903 0.237689 -0.554692
-0.474487 0.237689 -0.554692
-0.396071 0.237689 -0.633109
-0.396071 0.237689 -0.554692
-0.709736 0.629770 -0.554692
-0.631319 0.629770 -0.554692
-0.709736 0.708186 -0.554692
-0.631319 0.708186 -0.554692
-0.552903 0.629770 -0.633109
-0.552903 0.708186 -0.633109
-0.552903 0.629770 -0.554692
-0.552903 0.708186 -0.554692
-0.474487 0.629770 -0.633109
-0.474487 0.708186 -0.633109
-0.474487 0.629770 -0.554692
-0.474487 0.708186 -0.554692
-0.788152 0.708186 -0.554692
-0.788152 0.786602 -0.554692
-0.709736 0.786602 -0.554692
-0.631319 0.786602 -0.554692
-0.552903 0.786602 -0.633109
-0.552903 0.786602 -0.554692
-0.866568 0.786602 -0.554692
-0.866568 0.865019 -0.554692
-0.788152 0.865019 -0.554692
-0.709736 0.865019 -0.554692
-0.631319 0.865019 -0.554692
-0.317655 -1.016969 -0.476276
-0.239239 -1.016969 -0.476276
-0.317655 -0.938553 -0.476276
-0.239239 -0.938553 -0.476276
-0.317655 -0.860137 -0.476276
-0.239239 -0.860137 -0.476276
-0.160823 -0.938553 -0.554692
-0.160823 -0.860137 -0.554692
-0.160823 -0.938553 -0.476276
-0.160823 -0.860137 -0.476276
-0.866568 -0.468056 -0.476276
-0.788152 -0.468056 -0.476276
-0.866568 -0.389640 -0.476276
-0.788152 -0.389640 -0.476276
-0.866568 -0.311224 -0.476276
-0.788152 -0.311224 -0.476276
-0.709736 -0.389640 -0.476276
-0.709736 -0.311224 -0.476276
-0.866568 -0.232808 -0.476276
-0.788152 -0.232808 -0.476276
-0.709736 -0.232808 -0.476276
-0.866568 -0.154392 -0.554692
-0.788152 -0.154392 -0.554692
-0.866568 -0.154392 -0.476276
-0.788152 -0.154392 -0.476276
-0.709736 -0.154392 -0.554692
-0.709736 -0.154392 -0.476276
-0.631319 0.002441 -0.476276
-0.552903 0.002441 -0.476276
-0.631319 0.080857 -0.476276
-0.552903 0.080857 -0.476276
-0.474487 0.002441 -0.476276
-0.474487 0.080857 -0.476276
-0.396071 0.002441 -0.476276
-0.396071 0.080857 -0.476276
-0.317655 0.002441 -0.554692
-0.317655 0.080857 -0.554692
-0.317655 0.002441 -0.476276
-0.317655 0.080857 -0.476276
-0.631319 0.159273 -0.476276
-0.552903 0.159273 -0.476276
-0.474487 0.159273 -0.476276
-0.396071 0.159273 -0.476276
-0.317655 0.159273 -0.554692
-0.317655 0.159273 -0.476276
-1.337065 0.159273 -0.554692
-1.258649 0.159273 -0.554692
-1.337065 0.237689 -0.554692
-1.258649 0.237689 -0.554692
-1.337065 0.159273 -0.476276
-1.258649 0.159273 -0.476276
-1.337065 0.237689 -0.476276
-1.258649 0.237689 -0.476276
-1.180233 0.159273 -0.554692
-1.180233 0.237689 -0.554692
-1.180233 0.159273 -0.476276
-1.180233 0.237689 -0.476276
-0.631319 0.237689 -0.476276
-0.552903 0.237689 -0.476276
-0.474487 0.237689 -0.476276
-0.396071 0.237689 -0.476276
-0.317655 0.237689 -0.554692
-0.317655 0.237689 -0.476276
-1.337065 0.316105 -0.554692
-1.258649 0.316105 -0.554692
-1.337065 0.316105 -0.476276
-1.258649 0.316105 -0.476276
-1.180233 0.316105 -0.554692
-1.180233 0.316105 -0.476276
-1.101816 0.237689 -0.554692
-1.101816 0.316105 -0.554692
-1.101816 0.237689 -0.476276
-1.101816 0.316105 -0.476276
-1.180233 0.394522 -0.554692
-1.101816 0.394522 -0.554692
-1.180233 0.394522 -0.476276
-1.101816 0.394522 -0.476276
-0.631319 0.551354 -0.554692
-0.552903 0.551354 -0.554692
-0.631319 0.551354 -0.476276
-0.552903 0.551354 -0.476276
-0.631319 0.629770 -0.476276
-0.552903 0.629770 -0.476276
-0.474487 0.551354 -0.554692
-0.474487 0.551354 -0.476276
-0.474487 0.629770 -0.476276
-0.396071 0.551354 -0.554692
-0.396071 0.629770 -0.554692
-0.396071 0.551354 -0.476276
-0.396071 0.629770 -0.476276
-0.709736 0.629770 -0.476276
-0.709736 0.708186 -0.476276
-0.631319 0.708186 -0.476276
-0.552903 0.708186 -0.476276
-0.474487 0.708186 -0.476276
-0.396071 0.708186 -0.554692
-0.396071 0.708186 -0.476276
-0.317655 0.629770 -0.554692
-0.317655 0.708186 -0.554692
-0.317655 0.629770 -0.476276
-0.317655 0.708186 -0.476276
-0.709736 0.786602 -0.476276
-0.631319 0.786602 -0.476276
-0.552903 0.786602 -0.476276
-0.474487 0.786602 -0.554692
-0.474487 0.786602 -0.476276
-0.396071 0.786602 -0.554692
-0.396071 0.786602 -0.476276
-0.317655 -0.938553 -0.397860
-0.239239 -0.938553 -0.397860
-0.317655 -0.860137 -0.397860
-0.239239 -0.860137 -0.397860
-0.866568 -0.311224 -0.397860
-0.788152 -0.311224 -0.397860
-0.866568 -0.232808 -0.397860
-0.788152 -0.232808 -0.397860
-0.709736 -0.311224 -0.397860
-0.709736 -0.232808 -0.397860
-0.866568 -0.154392 -0.397860
-0.788152 -0.154392 -0.397860
-0.709736 -0.154392 -0.397860
-0.631319 -0.232808 -0.476276
-0.631319 -0.154392 -0.476276
-0.631319 -0.232808 -0.397860
-0.631319 -0.154392 -0.397860
-1.415481 -0.154392 -0.476276
-1.337065 -0.154392 -0.476276
-1.415481 -0.075975 -0.476276
-1.337065 -0.075975 -0.476276
-1.415481 -0.154392 -0.397860
-1.337065 -0.154392 -0.397860
-1.415481 -0.075975 -0.397860
-1.337065 -0.075975 -0.397860
-1.258649 -0.154392 -0.476276
-1.258649 -0.075975 -0.476276
-1.258649 -0.154392 -0.397860
-1.258649 -0.075975 -0.397860
-1.180233 -0.154392 -0.476276
-1.180233 -0.075975 -0.476276
-1.180233 -0.154392 -0.397860
-1.180233 -0.075975 -0.397860
-0.788152 -0.075975 -0.476276
-0.709736 -0.075975 -0.476276
-0.788152 -0.075975 -0.397860
-0.709736 -0.075975 -0.397860
-0.631319 -0.075975 -0.476276
-0.631319 -0.075975 -0.397860
-0.552903 -0.154392 -0.476276
-0.552903 -0.075975 -0.476276
-0.552903 -0.154392 -0.397860
-0.552903 -0.075975 -0.397860
-1.415481 0.002441 -0.476276
-1.337065 0.002441 -0.476276
-1.415481 0.002441 -0.397860
-1.337065 0.002441 -0.397860
-1.258649 0.002441 -0.476276
-1.258649 0.002441 -0.397860
-1.180233 0.002441 -0.476276
-1.180233 0.002441 -0.397860
-0.396071 -0.075975 -0.476276
-0.317655 -0.075975 -0.476276
-0.396071 -0.075975 -0.397860
-0.317655 -0.075975 -0.397860
-0.396071 0.002441 -0.397860
-0.317655 0.002441 -0.397860
-0.552903 0.002441 -0.397860
-0.474487 0.002441 -0.397860
-0.552903 0.080857 -0.397860
-0.474487 0.080857 -0.397860
-0.396071 0.080857 -0.397860
-0.317655 0.080857 -0.397860
-0.239239 0.002441 -0.476276
-0.239239 0.080857 -0.476276
-0.239239 0.002441 -0.397860
-0.239239 0.080857 -0.397860
-0.631319 0.080857 -0.397860
-0.631319 0.159273 -0.397860
-0.552903 0.159273 -0.397860
-0.474487 0.159273 -0.397860
-0.396071 0.159273 -0.397860
-0.317655 0.159273 -0.397860
-0.239239 0.159273 -0.476276
-0.239239 0.159273 -0.397860
-1.337065 0.159273 -0.397860
-1.258649 0.159273 -0.397860
-1.337065 0.237689 -0.397860
-1.258649 0.237689 -0.397860
-0.552903 0.237689 -0.397860
-0.474487 0.237689 -0.397860
-0.396071 0.237689 -0.397860
-0.317655 0.237689 -0.397860
-1.337065 0.316105 -0.397860
-1.258649 0.316105 -0.397860
-1.180233 0.237689 -0.397860
-1.180233 0.316105 -0.397860
-1.101816 0.237689 -0.397860
-1.101816 0.316105 -0.397860
-1.023400 0.237689 -0.476276
-1.023400 0.316105 -0.476276
-1.023400 0.237689 -0.397860
-1.023400 0.316105 -0.397860
-0.944984 0.237689 -0.476276
-0.944984 0.316105 -0.476276
-0.944984 0.237689 -0.397860
-0.944984 0.316105 -0.397860
-1.180233 0.394522 -0.397860
-1.101816 0.394522 -0.397860
-1.023400 0.394522 -0.476276
-1.023400 0.394522 -0.397860
-0.944984 0.394522 -0.476276
-0.944984 0.394522 -0.397860
-0.160823 0.316105 -0.476276
-0.082406 0.316105 -0.476276
-0.160823 0.394522 -0.476276
-0.082406 0.394522 -0.476276
-0.160823 0.316105 -0.397860
-0.082406 0.316105 -0.397860
-0.160823 0.394522 -0.397860
-0.082406 0.394522 -0.397860
-0.317655 0.394522 -0.476276
-0.239239 0.394522 -0.476276
-0.317655 0.472938 -0.476276
-0.239239 0.472938 -0.476276
-0.317655 0.394522 -0.397860
-0.239239 0.394522 -0.397860
-0.317655 0.472938 -0.397860
-0.239239 0.472938 -0.397860
-0.160823 0.472938 -0.476276
-0.160823 0.472938 -0.397860
-0.082406 0.472938 -0.476276
-0.082406 0.472938 -0.397860
-0.003990 0.394522 -0.476276
-0.003990 0.472938 -0.476276
-0.003990 0.394522 -0.397860
-0.003990 0.472938 -0.397860
-0.474487 0.472938 -0.476276
-0.396071 0.472938 -0.476276
-0.474487 0.472938 -0.397860
-0.396071 0.472938 -0.397860
-0.474487 0.551354 -0.397860
-0.396071 0.551354 -0.397860
-0.317655 0.551354 -0.476276
-0.317655 0.551354 -0.397860
-0.239239 0.551354 -0.476276
-0.239239 0.551354 -0.397860
-0.160823 0.551354 -0.476276
-0.160823 0.551354 -0.397860
-0.082406 0.551354 -0.476276
-0.082406 0.551354 -0.397860
-0.003990 0.551354 -0.476276
-0.003990 0.551354 -0.397860
-0.552903 0.551354 -0.397860
-0.552903 0.629770 -0.397860
-0.474487 0.629770 -0.397860
-0.396071 0.629770 -0.397860
-0.317655 0.629770 -0.397860
-0.239239 0.629770 -0.476276
-0.239239 0.629770 -0.397860
-0.160823 0.629770 -0.476276
-0.160823 0.629770 -0.397860
-0.631319 0.629770 -0.397860
-0.631319 0.708186 -0.397860
-0.552903 0.708186 -0.397860
-0.474487 0.708186 -0.397860
-0.396071 0.708186 -0.397860
-0.317655 0.708186 -0.397860
-0.239239 0.708186 -0.476276
-0.239239 0.708186 -0.397860
-0.552903 0.786602 -0.397860
-0.474487 0.786602 -0.397860
-0.396071 0.786602 -0.397860
-0.317655 0.786602 -0.476276
-0.317655 0.786602 -0.397860
-0.082406 -1.252218 -0.397860
-0.003990 -1.252218 -0.397860
-0.082406 -1.173802 -0.397860
-0.003990 -1.173802 -0.397860
-0.082406 -1.252218 -0.319444
-0.003990 -1.252218 -0.319444
-0.082406 -1.173802 -0.319444
-0.003990 -1.173802 -0.319444
0.074426 -1.252218 -0.397860
0.074426 -1.173802 -0.397860
0.074426 -1.252218 -0.319444
0.074426 -1.173802 -0.319444
0.152842 -1.252218 -0.397860
0.152842 -1.173802 -0.397860
0.152842 -1.252218 -0.319444
0.152842 -1.173802 -0.319444
-0.082406 -1.095386 -0.397860
-0.003990 -1.095386 -0.397860
-0.082406 -1.095386 -0.319444
-0.003990 -1.095386 -0.319444
0.074426 -1.095386 -0.397860
0.074426 -1.095386 -0.319444
0.152842 -1.095386 -0.397860
0.152842 -1.095386 -0.319444
-0.317655 -1.016969 -0.397860
-0.239239 -1.016969 -0.397860
-0.317655 -1.016969 -0.319444
-0.239239 -1.016969 -0.319444
-0.317655 -0.938553 -0.319444
-0.239239 -0.938553 -0.319444
-0.317655 -0.860137 -0.319444
-0.239239 -0.860137 -0.319444
-0.866568 -0.311224 -0.319444
-0.788152 -0.311224 -0.319444
-0.866568 -0.232808 -0.319444
-0.788152 -0.232808 -0.319444
-0.709736 -0.311224 -0.319444
-0.709736 -0.232808 -0.319444
-0.396071 -0.311224 -0.397860
-0.317655 -0.311224 -0.397860
-0.396071 -0.232808 -0.397860
-0.317655 -0.232808 -0.397860
-0.396071 -0.311224 -0.319444
-0.317655 -0.311224 -0.319444
-0.396071 -0.232808 -0.319444
-0.317655 -0.232808 -0.319444
-0.239239 -0.311224 -0.397860
-0.239239 -0.232808 -0.397860
-0.239239 -0.311224 -0.319444
-0.239239 -0.232808 -0.319444
1.015420 -0.311224 -0.397860
1.093836 -0.311224 -0.397860
1.015420 -0.232808 -0.397860
1.093836 -0.232808 -0.397860
1.015420 -0.311224 -0.319444
1.093836 -0.311224 -0.319444
1.015420 -0.232808 -0.319444
1.093836 -0.232808 -0.319444
1.172252 -0.311224 -0.397860
1.172252 -0.232808 -0.397860
1.172252 -0.311224 -0.319444
1.172252 -0.232808 -0.319444
-0.788152 -0.154392 -0.319444
-0.709736 -0.154392 -0.319444
-0.631319 -0.232808 -0.319444
-0.631319 -0.154392 -0.319444
-0.552903 -0.232808 -0.397860
-0.552903 -0.232808 -0.319444
-0.552903 -0.154392 -0.319444
-0.396071 -0.154392 -0.397860
-0.317655 -0.154392 -0.397860
-0.396071 -0.154392 -0.319444
-0.317655 -0.154392 -0.319444
-0.239239 -0.154392 -0.397860
-0.239239 -0.154392 -0.319444
0.937004 -0.232808 -0.397860
0.937004 -0.154392 -0.397860
1.015420 -0.154392 -0.397860
0.937004 -0.232808 -0.319444
0.937004 -0.154392 -0.319444
1.015420 -0.154392 -0.319444
1.093836 -0.154392 -0.397860
1.093836 -0.154392 -0.319444
1.172252 -0.154392 -0.397860
1.172252 -0.154392 -0.319444
-1.337065 -0.154392 -0.319444
-1.258649 -0.154392 -0.319444
-1.337065 -0.075975 -0.319444
-1.258649 -0.075975 -0.319444
-1.180233 -0.154392 -0.319444
-1.180233 -0.075975 -0.319444
-1.101816 -0.154392 -0.397860
-1.101816 -0.075975 -0.397860
-1.101816 -0.154392 -0.319444
-1.101816 -0.075975 -0.319444
-0.788152 -0.075975 -0.319444
-0.709736 -0.075975 -0.319444
-0.631319 -0.075975 -0.319444
-0.552903 -0.075975 -0.319444
-0.474487 -0.154392 -0.397860
-0.474487 -0.075975 -0.397860
-0.474487 -0.154392 -0.319444
-0.474487 -0.075975 -0.319444
-0.396071 -0.075975 -0.319444
-0.317655 -0.075975 -0.319444
-0.239239 -0.075975 -0.397860
-0.239239 -0.075975 -0.319444
0.937004 -0.075975 -0.397860
1.015420 -0.075975 -0.397860
0.937004 -0.075975 -0.319444
1.015420 -0.075975 -0.319444
1.093836 -0.075975 -0.397860
1.093836 -0.075975 -0.319444
1.172252 -0.075975 -0.397860
1.172252 -0.075975 -0.319444
-1.415481 -0.075975 -0.319444
-1.415481 0.002441 -0.319444
-1.337065 0.002441 -0.319444
-1.258649 0.002441 -0.319444
-1.180233 0.002441 -0.319444
-1.101816 0.002441 -0.397860
-1.101816 0.002441 -0.319444
-1.023400 -0.075975 -0.397860
-1.023400 0.002441 -0.397860
-1.023400 -0.075975 -0.319444
-1.023400 0.002441 -0.319444
-0.709736 0.002441 -0.397860
-0.631319 0.002441 -0.397860
-0.709736 0.002441 -0.319444
-0.631319 0.002441 -0.319444
-0.552903 0.002441 -0.319444
-0.474487 0.002441 -0.319444
-0.396071 0.002441 -0.319444
-0.317655 0.002441 -0.319444
-0.239239 0.002441 -0.319444
0.937004 0.002441 -0.397860
1.015420 0.002441 -0.397860
0.937004 0.002441 -0.319444
1.015420 0.002441 -0.319444
1.093836 0.002441 -0.397860
1.093836 0.002441 -0.319444
1.172252 0.002441 -0.397860
1.172252 0.002441 -0.319444
-0.552903 0.080857 -0.319444
-0.474487 0.080857 -0.319444
-0.396071 0.080857 -0.319444
-0.317655 0.080857 -0.319444
-0.239239 0.080857 -0.319444
-0.160823 0.002441 -0.397860
-0.160823 0.080857 -0.397860
-0.160823 0.002441 -0.319444
-0.160823 0.080857 -0.319444
-0.552903 0.159273 -0.319444
-0.474487 0.159273 -0.319444
-0.396071 0.159273 -0.319444
-0.317655 0.159273 -0.319444
-0.239239 0.159273 -0.319444
-0.474487 0.237689 -0.319444
-0.396071 0.237689 -0.319444
-0.317655 0.237689 -0.319444
-1.101816 0.237689 -0.319444
-1.023400 0.237689 -0.319444
-1.101816 0.316105 -0.319444
-1.023400 0.316105 -0.319444
-0.944984 0.237689 -0.319444
-0.944984 0.316105 -0.319444
-0.866568 0.237689 -0.397860
-0.866568 0.316105 -0.397860
-0.866568 0.237689 -0.319444
-0.866568 0.316105 -0.319444
-0.788152 0.237689 -0.397860
-0.788152 0.316105 -0.397860
-0.788152 0.237689 -0.319444
-0.788152 0.316105 -0.319444
-1.180233 0.316105 -0.319444
-1.180233 0.394522 -0.319444
-1.101816 0.394522 -0.319444
-1.023400 0.394522 -0.319444
-0.944984 0.394522 -0.319444
-0.866568 0.394522 -0.397860
-0.866568 0.394522 -0.319444
-0.788152 0.394522 -0.397860
-0.788152 0.394522 -0.319444
-0.239239 0.316105 -0.397860
-0.239239 0.316105 -0.319444
-0.160823 0.316105 -0.319444
-0.239239 0.394522 -0.319444
-0.160823 0.394522 -0.319444
-0.082406 0.316105 -0.319444
-0.082406 0.394522 -0.319444
-0.003990 0.316105 -0.397860
-0.003990 0.316105 -0.319444
-0.003990 0.394522 -0.319444
0.074426 0.316105 -0.397860
0.074426 0.394522 -0.397860
0.074426 0.316105 -0.319444
0.074426 0.394522 -0.319444
-0.317655 0.394522 -0.319444
-0.317655 0.472938 -0.319444
-0.239239 0.472938 -0.319444
-0.160823 0.472938 -0.319444
-0.082406 0.472938 -0.319444
-0.003990 0.472938 -0.319444
0.074426 0.472938 -0.397860
0.074426 0.472938 -0.319444
-0.396071 0.472938 -0.319444
-0.396071 0.551354 -0.319444
-0.317655 0.551354 -0.319444
-0.239239 0.551354 -0.319444
-0.160823 0.551354 -0.319444
-0.082406 0.551354 -0.319444
-0.003990 0.551354 -0.319444
-0.474487 0.551354 -0.319444
-0.474487 0.629770 -0.319444
-0.396071 0.629770 -0.319444
-0.317655 0.629770 -0.319444
-0.239239 0.629770 -0.319444
-0.160823 0.629770 -0.319444
-0.082406 0.629770 -0.397860
-0.082406 0.629770 -0.319444
-0.552903 0.629770 -0.319444
-0.552903 0.708186 -0.319444
-0.474487 0.708186 -0.319444
-0.396071 0.708186 -0.319444
-0.317655 0.708186 -0.319444
-0.239239 0.708186 -0.319444
-0.552903 0.786602 -0.319444
-0.474487 0.786602 -0.319444
-0.396071 0.786602 -0.319444
-0.317655 0.786602 -0.319444
-0.552903 0.865019 -0.397860
-0.474487 0.865019 -0.397860
-0.552903 0.865019 -0.319444
-0.474487 0.865019 -0.319444
-0.396071 0.865019 -0.397860
-0.396071 0.865019 -0.319444
-0.082406 -1.252218 -0.241028
-0.003990 -1.252218 -0.241028
-0.082406 -1.173802 -0.241028
-0.003990 -1.173802 -0.241028
0.074426 -1.252218 -0.241028
0.074426 -1.173802 -0.241028
-0.082406 -1.095386 -0.241028
-0.003990 -1.095386 -0.241028
0.074426 -1.095386 -0.241028
0.152842 -1.173802 -0.241028
0.152842 -1.095386 -0.241028
-0.474487 -1.095386 -0.319444
-0.396071 -1.095386 -0.319444
-0.474487 -1.016969 -0.319444
-0.396071 -1.016969 -0.319444
-0.474487 -1.095386 -0.241028
-0.396071 -1.095386 -0.241028
-0.474487 -1.016969 -0.241028
-0.396071 -1.016969 -0.241028
-0.317655 -1.095386 -0.319444
-0.317655 -1.095386 -0.241028
-0.317655 -1.016969 -0.241028
-0.474487 -0.938553 -0.319444
-0.396071 -0.938553 -0.319444
-0.474487 -0.938553 -0.241028
-0.396071 -0.938553 -0.241028
-0.317655 -0.938553 -0.241028
-0.239239 -1.016969 -0.241028
-0.239239 -0.938553 -0.241028
-0.160823 -1.016969 -0.319444
-0.160823 -0.938553 -0.319444
-0.160823 -1.016969 -0.241028
-0.160823 -0.938553 -0.241028
-0.317655 -0.860137 -0.241028
-0.239239 -0.860137 -0.241028
-0.160823 -0.860137 -0.319444
-0.160823 -0.860137 -0.241028
0.937004 -0.311224 -0.319444
0.937004 -0.311224 -0.241028
1.015420 -0.311224 -0.241028
0.937004 -0.232808 -0.241028
1.015420 -0.232808 -0.241028
1.093836 -0.311224 -0.241028
1.093836 -0.232808 -0.241028
1.172252 -0.311224 -0.241028
1.172252 -0.232808 -0.241028
-0.396071 -0.232808 -0.241028
-0.317655 -0.232808 -0.241028
-0.396071 -0.154392 -0.241028
-0.317655 -0.154392 -0.241028
-0.239239 -0.232808 -0.241028
-0.239239 -0.154392 -0.241028
0.858588 -0.232808 -0.319444
0.858588 -0.154392 -0.319444
0.858588 -0.232808 -0.241028
0.858588 -0.154392 -0.241028
0.937004 -0.154392 -0.241028
1.015420 -0.154392 -0.241028
1.093836 -0.154392 -0.241028
1.172252 -0.154392 -0.241028
-1.415481 -0.154392 -0.319444
-1.415481 -0.154392 -0.241028
-1.337065 -0.154392 -0.241028
-1.415481 -0.075975 -0.241028
-1.337065 -0.075975 -0.241028
-1.258649 -0.154392 -0.241028
-1.258649 -0.075975 -0.241028
-1.180233 -0.154392 -0.241028
-1.180233 -0.075975 -0.241028
-1.101816 -0.154392 -0.241028
-1.101816 -0.075975 -0.241028
-1.023400 -0.154392 -0.319444
-1.023400 -0.154392 -0.241028
-1.023400 -0.075975 -0.241028
-0.944984 -0.154392 -0.319444
-0.944984 -0.075975 -0.319444
-0.944984 -0.154392 -0.241028
-0.944984 -0.075975 -0.241028
-0.709736 -0.154392 -0.241028
-0.631319 -0.154392 -0.241028
-0.709736 -0.075975 -0.241028
-0.631319 -0.075975 -0.241028
-0.552903 -0.154392 -0.241028
-0.552903 -0.075975 -0.241028
-0.474487 -0.154392 -0.241028
-0.474487 -0.075975 -0.241028
-0.396071 -0.075975 -0.241028
-0.317655 -0.075975 -0.241028
-0.239239 -0.075975 -0.241028
-0.160823 -0.154392 -0.319444
-0.160823 -0.075975 -0.319444
-0.160823 -0.154392 -0.241028
-0.160823 -0.075975 -0.241028
0.780171 -0.154392 -0.319444
0.780171 -0.075975 -0.319444
0.858588 -0.075975 -0.319444
0.780171 -0.154392 -0.241028
0.780171 -0.075975 -0.241028
0.858588 -0.075975 -0.241028
0.937004 -0.075975 -0.241028
1.015420 -0.075975 -0.241028
1.093836 -0.075975 -0.241028
1.172252 -0.075975 -0.241028
-1.337065 0.002441 -0.241028
-1.258649 0.002441 -0.241028
-1.180233 0.002441 -0.241028
-1.101816 0.002441 -0.241028
-1.023400 0.002441 -0.241028
-0.944984 0.002441 -0.319444
-0.944984 0.002441 -0.241028
-0.709736 0.002441 -0.241028
-0.631319 0.002441 -0.241028
-0.552903 0.002441 -0.241028
-0.474487 0.002441 -0.241028
-0.396071 0.002441 -0.241028
-0.317655 0.002441 -0.241028
-0.239239 0.002441 -0.241028
-0.160823 0.002441 -0.241028
0.780171 0.002441 -0.319444
0.858588 0.002441 -0.319444
0.780171 0.002441 -0.241028
0.858588 0.002441 -0.241028
0.937004 0.002441 -0.241028
1.015420 0.002441 -0.241028
1.093836 0.002441 -0.241028
1.172252 0.002441 -0.241028
1.250669 -0.075975 -0.319444
1.250669 0.002441 -0.319444
1.250669 -0.075975 -0.241028
1.250669 0.002441 -0.241028
-1.180233 0.080857 -0.319444
-1.101816 0.080857 -0.319444
-1.180233 0.080857 -0.241028
-1.101816 0.080857 -0.241028
-1.023400 0.080857 -0.319444
-1.023400 0.080857 -0.241028
-0.552903 0.080857 -0.241028
-0.474487 0.080857 -0.241028
-0.396071 0.080857 -0.241028
-0.317655 0.080857 -0.241028
-0.239239 0.080857 -0.241028
-0.160823 0.080857 -0.241028
0.780171 0.080857 -0.319444
0.858588 0.080857 -0.319444
0.780171 0.080857 -0.241028
0.858588 0.080857 -0.241028
0.937004 0.080857 -0.319444
0.937004 0.080857 -0.241028
1.015420 0.080857 -0.319444
1.015420 0.080857 -0.241028
1.093836 0.080857 -0.319444
1.093836 0.080857 -0.241028
1.172252 0.080857 -0.319444
1.172252 0.080857 -0.241028
1.250669 0.080857 -0.319444
1.250669 0.080857 -0.241028
-0.474487 0.159273 -0.241028
-0.396071 0.159273 -0.241028
-0.317655 0.159273 -0.241028
-0.239239 0.159273 -0.241028
-0.160823 0.159273 -0.319444
-0.160823 0.159273 -0.241028
-0.003990 0.159273 -0.319444
0.074426 0.159273 -0.319444
-0.003990 0.237689 -0.319444
0.074426 0.237689 -0.319444
-0.003990 0.159273 -0.241028
0.074426 0.159273 -0.241028
-0.003990 0.237689 -0.241028
0.074426 0.237689 -0.241028
0.152842 0.159273 -0.319444
0.152842 0.237689 -0.319444
0.152842 0.159273 -0.241028
0.152842 0.237689 -0.241028
-1.023400 0.237689 -0.241028
-0.944984 0.237689 -0.241028
-1.023400 0.316105 -0.241028
-0.944984 0.316105 -0.241028
-0.866568 0.237689 -0.241028
-0.866568 0.316105 -0.241028
-0.788152 0.237689 -0.241028
-0.788152 0.316105 -0.241028
-0.709736 0.237689 -0.319444
-0.709736 0.316105 -0.319444
-0.709736 0.237689 -0.241028
-0.709736 0.316105 -0.241028
-0.631319 0.237689 -0.319444
-0.631319 0.316105 -0.319444
-0.631319 0.237689 -0.241028
-0.631319 0.316105 -0.241028
-0.082406 0.237689 -0.319444
-0.082406 0.237689 -0.241028
-0.082406 0.316105 -0.241028
-0.003990 0.316105 -0.241028
0.074426 0.316105 -0.241028
0.152842 0.316105 -0.319444
0.152842 0.316105 -0.241028
0.231258 0.237689 -0.319444
0.231258 0.316105 -0.319444
0.231258 0.237689 -0.241028
0.231258 0.316105 -0.241028
-1.023400 0.394522 -0.241028
-0.944984 0.394522 -0.241028
-0.866568 0.394522 -0.241028
-0.788152 0.394522 -0.241028
-0.709736 0.394522 -0.319444
-0.709736 0.394522 -0.241028
-0.631319 0.394522 -0.319444
-0.631319 0.394522 -0.241028
-0.239239 0.316105 -0.241028
-0.160823 0.316105 -0.241028
-0.239239 0.394522 -0.241028
-0.160823 0.394522 -0.241028
-0.082406 0.394522 -0.241028
-0.003990 0.394522 -0.241028
0.074426 0.394522 -0.241028
0.152842 0.394522 -0.319444
0.152842 0.394522 -0.241028
0.231258 0.394522 -0.319444
0.231258 0.394522 -0.241028
-0.317655 0.394522 -0.241028
-0.317655 0.472938 -0.241028
-0.239239 0.472938 -0.241028
-0.160823 0.472938 -0.241028
-0.082406 0.472938 -0.241028
-0.003990 0.472938 -0.241028
0.074426 0.472938 -0.241028
0.152842 0.472938 -0.319444
0.152842 0.472938 -0.241028
-0.396071 0.472938 -0.241028
-0.396071 0.551354 -0.241028
-0.317655 0.551354 -0.241028
-0.239239 0.551354 -0.241028
-0.160823 0.551354 -0.241028
-0.082406 0.551354 -0.241028
-0.003990 0.551354 -0.241028
-0.396071 0.629770 -0.241028
-0.317655 0.629770 -0.241028
-0.239239 0.629770 -0.241028
-0.552903 0.708186 -0.241028
-0.474487 0.708186 -0.241028
-0.552903 0.786602 -0.241028
-0.474487 0.786602 -0.241028
-0.552903 0.865019 -0.241028
-0.474487 0.865019 -0.241028
-0.082406 -1.173802 -0.162612
-0.003990 -1.173802 -0.162612
-0.082406 -1.095386 -0.162612
-0.003990 -1.095386 -0.162612
0.074426 -1.173802 -0.162612
0.074426 -1.095386 -0.162612
-0.552903 -1.095386 -0.241028
-0.552903 -1.016969 -0.241028
-0.552903 -1.095386 -0.162612
-0.474487 -1.095386 -0.162612
-0.552903 -1.016969 -0.162612
-0.474487 -1.016969 -0.162612
-0.396071 -1.095386 -0.162612
-0.396071 -1.016969 -0.162612
-0.317655 -1.095386 -0.162612
-0.317655 -1.016969 -0.162612
-0.552903 -0.938553 -0.241028
-0.552903 -0.938553 -0.162612
-0.474487 -0.938553 -0.162612
-0.396071 -0.938553 -0.162612
-0.317655 -0.938553 -0.162612
-0.239239 -1.016969 -0.162612
-0.239239 -0.938553 -0.162612
-0.160823 -1.016969 -0.162612
-0.160823 -0.938553 -0.162612
-0.317655 -0.860137 -0.162612
-0.239239 -0.860137 -0.162612
-0.160823 -0.860137 -0.162612
-0.082406 -0.938553 -0.241028
-0.082406 -0.860137 -0.241028
-0.082406 -0.938553 -0.162612
-0.082406 -0.860137 -0.162612
0.937004 -0.311224 -0.162612
1.015420 -0.311224 -0.162612
0.937004 -0.232808 -0.162612
1.015420 -0.232808 -0.162612
1.093836 -0.311224 -0.162612
1.093836 -0.232808 -0.162612
1.172252 -0.311224 -0.162612
1.172252 -0.232808 -0.162612
0.780171 -0.232808 -0.241028
0.780171 -0.232808 -0.162612
0.858588 -0.232808 -0.162612
0.780171 -0.154392 -0.162612
0.858588 -0.154392 -0.162612
0.937004 -0.154392 -0.162612
1.015420 -0.154392 -0.162612
1.093836 -0.154392 -0.162612
1.172252 -0.154392 -0.162612
-1.101816 -0.154392 -0.162612
-1.023400 -0.154392 -0.162612
-1.101816 -0.075975 -0.162612
-1.023400 -0.075975 -0.162612
-0.944984 -0.154392 -0.162612
-0.944984 -0.075975 -0.162612
-0.631319 -0.154392 -0.162612
-0.552903 -0.154392 -0.162612
-0.631319 -0.075975 -0.162612
-0.552903 -0.075975 -0.162612
-0.474487 -0.154392 -0.162612
-0.474487 -0.075975 -0.162612
-0.396071 -0.154392 -0.162612
-0.396071 -0.075975 -0.162612
0.623339 -0.154392 -0.241028
0.701755 -0.154392 -0.241028
0.623339 -0.075975 -0.241028
0.701755 -0.075975 -0.241028
0.623339 -0.154392 -0.162612
0.701755 -0.154392 -0.162612
0.623339 -0.075975 -0.162612
0.701755 -0.075975 -0.162612
0.780171 -0.075975 -0.162612
0.858588 -0.075975 -0.162612
0.937004 -0.075975 -0.162612
1.015420 -0.075975 -0.162612
1.093836 -0.075975 -0.162612
1.172252 -0.075975 -0.162612
1.250669 -0.154392 -0.241028
1.250669 -0.154392 -0.162612
1.250669 -0.075975 -0.162612
-1.101816 0.002441 -0.162612
-1.023400 0.002441 -0.162612
-0.944984 0.002441 -0.162612
-0.866568 -0.075975 -0.241028
-0.866568 0.002441 -0.241028
-0.866568 -0.075975 -0.162612
-0.866568 0.002441 -0.162612
-0.788152 -0.075975 -0.241028
-0.788152 0.002441 -0.241028
-0.788152 -0.075975 -0.162612
-0.788152 0.002441 -0.162612
-0.631319 0.002441 -0.162612
-0.552903 0.002441 -0.162612
-0.474487 0.002441 -0.162612
-0.396071 0.002441 -0.162612
-0.317655 -0.075975 -0.162612
-0.317655 0.002441 -0.162612
-0.239239 -0.075975 -0.162612
-0.239239 0.002441 -0.162612
-0.160823 -0.075975 -0.162612
-0.160823 0.002441 -0.162612
-0.082406 -0.075975 -0.241028
-0.082406 0.002441 -0.241028
-0.082406 -0.075975 -0.162612
-0.082406 0.002441 -0.162612
-0.003990 -0.075975 -0.241028
-0.003990 0.002441 -0.241028
-0.003990 -0.075975 -0.162612
-0.003990 0.002441 -0.162612
0.623339 0.002441 -0.241028
0.701755 0.002441 -0.241028
0.623339 0.002441 -0.162612
0.701755 0.002441 -0.162612
0.780171 0.002441 -0.162612
0.858588 0.002441 -0.162612
0.937004 0.002441 -0.162612
1.015420 0.002441 -0.162612
1.093836 0.002441 -0.162612
1.172252 0.002441 -0.162612
1.250669 0.002441 -0.162612
-0.944984 0.080857 -0.241028
-0.866568 0.080857 -0.241028
-0.944984 0.080857 -0.162612
-0.866568 0.080857 -0.162612
-0.788152 0.080857 -0.241028
-0.788152 0.080857 -0.162612
-0.709736 0.080857 -0.241028
-0.709736 0.002441 -0.162612
-0.709736 0.080857 -0.162612
-0.631319 0.080857 -0.241028
-0.631319 0.080857 -0.162612
-0.552903 0.080857 -0.162612
-0.474487 0.080857 -0.162612
-0.396071 0.080857 -0.162612
-0.317655 0.080857 -0.162612
-0.239239 0.080857 -0.162612
-0.160823 0.080857 -0.162612
-0.082406 0.080857 -0.241028
-0.082406 0.080857 -0.162612
-0.003990 0.080857 -0.241028
-0.003990 0.080857 -0.162612
0.074426 0.002441 -0.241028
0.074426 0.080857 -0.241028
0.074426 0.002441 -0.162612
0.074426 0.080857 -0.162612
0.152842 0.002441 -0.241028
0.152842 0.080857 -0.241028
0.152842 0.002441 -0.162612
0.152842 0.080857 -0.162612
0.623339 0.080857 -0.241028
0.701755 0.080857 -0.241028
0.623339 0.080857 -0.162612
0.701755 0.080857 -0.162612
0.780171 0.080857 -0.162612
0.858588 0.080857 -0.162612
0.937004 0.080857 -0.162612
1.015420 0.080857 -0.162612
1.093836 0.080857 -0.162612
1.172252 0.080857 -0.162612
1.250669 0.080857 -0.162612
-0.631319 0.159273 -0.241028
-0.552903 0.159273 -0.241028
-0.631319 0.159273 -0.162612
-0.552903 0.159273 -0.162612
-0.474487 0.159273 -0.162612
-0.396071 0.159273 -0.162612
-0.317655 0.159273 -0.162612
-0.239239 0.159273 -0.162612
-0.160823 0.159273 -0.162612
-0.082406 0.159273 -0.241028
-0.082406 0.159273 -0.162612
-0.003990 0.159273 -0.162612
0.074426 0.159273 -0.162612
0.231258 0.080857 -0.241028
0.231258 0.159273 -0.241028
0.231258 0.080857 -0.162612
0.152842 0.159273 -0.162612
0.231258 0.159273 -0.162612
0.309675 0.080857 -0.241028
0.309675 0.159273 -0.241028
0.309675 0.080857 -0.162612
0.309675 0.159273 -0.162612
0.780171 0.159273 -0.241028
0.858588 0.159273 -0.241028
0.780171 0.159273 -0.162612
0.858588 0.159273 -0.162612
0.937004 0.159273 -0.241028
0.937004 0.159273 -0.162612
1.015420 0.159273 -0.241028
1.015420 0.159273 -0.162612
1.093836 0.159273 -0.241028
1.093836 0.159273 -0.162612
-0.552903 0.237689 -0.241028
-0.631319 0.237689 -0.162612
-0.552903 0.237689 -0.162612
-0.474487 0.237689 -0.241028
-0.474487 0.237689 -0.162612
-0.396071 0.237689 -0.241028
-0.396071 0.237689 -0.162612
-0.317655 0.237689 -0.241028
-0.317655 0.237689 -0.162612
-0.239239 0.237689 -0.241028
-0.239239 0.237689 -0.162612
-0.003990 0.237689 -0.162612
0.074426 0.237689 -0.162612
0.152842 0.237689 -0.162612
0.231258 0.237689 -0.162612
0.309675 0.237689 -0.241028
0.309675 0.237689 -0.162612
-0.866568 0.237689 -0.162612
-0.788152 0.237689 -0.162612
-0.866568 0.316105 -0.162612
-0.788152 0.316105 -0.162612
-0.709736 0.237689 -0.162612
-0.709736 0.316105 -0.162612
-0.631319 0.316105 -0.162612
-0.552903 0.316105 -0.241028
-0.552903 0.316105 -0.162612
-0.474487 0.316105 -0.241028
-0.474487 0.316105 -0.162612
-0.082406 0.237689 -0.162612
-0.082406 0.316105 -0.162612
-0.003990 0.316105 -0.162612
0.074426 0.316105 -0.162612
0.152842 0.316105 -0.162612
0.231258 0.316105 -0.162612
0.309675 0.316105 -0.241028
0.309675 0.316105 -0.162612
-0.866568 0.394522 -0.162612
-0.788152 0.394522 -0.162612
-0.709736 0.394522 -0.162612
-0.631319 0.394522 -0.162612
-0.160823 0.316105 -0.162612
-0.160823 0.394522 -0.162612
-0.082406 0.394522 -0.162612
-0.003990 0.394522 -0.162612
0.074426 0.394522 -0.162612
0.152842 0.394522 -0.162612
0.231258 0.394522 -0.162612
-0.160823 0.472938 -0.162612
-0.082406 0.472938 -0.162612
-0.003990 0.472938 -0.162612
0.074426 0.472938 -0.162612
0.152842 0.472938 -0.162612
-0.082406 0.551354 -0.162612
-0.003990 0.551354 -0.162612
-0.082406 -1.252218 -0.162612
-0.003990 -1.252218 -0.162612
-0.082406 -1.252218 -0.084195
-0.003990 -1.252218 -0.084195
-0.082406 -1.173802 -0.084195
-0.003990 -1.173802 -0.084195
-0.082406 -1.095386 -0.084195
-0.003990 -1.095386 -0.084195
0.074426 -1.173802 -0.084195
0.074426 -1.095386 -0.084195
0.152842 -1.173802 -0.162612
0.152842 -1.095386 -0.162612
0.152842 -1.173802 -0.084195
0.152842 -1.095386 -0.084195
-0.003990 -1.016969 -0.162612
0.074426 -1.016969 -0.162612
-0.003990 -1.016969 -0.084195
0.074426 -1.016969 -0.084195
0.152842 -1.016969 -0.162612
0.152842 -1.016969 -0.084195
-0.317655 -1.016969 -0.084195
-0.239239 -1.016969 -0.084195
-0.317655 -0.938553 -0.084195
-0.239239 -0.938553 -0.084195
-0.160823 -1.016969 -0.084195
-0.160823 -0.938553 -0.084195
0.074426 -0.938553 -0.162612
0.152842 -0.938553 -0.162612
0.074426 -0.938553 -0.084195
0.152842 -0.938553 -0.084195
-0.317655 -0.860137 -0.084195
-0.239239 -0.860137 -0.084195
-0.160823 -0.860137 -0.084195
-0.082406 -0.938553 -0.084195
-0.082406 -0.860137 -0.084195
-0.003990 -0.938553 -0.162612
-0.003990 -0.860137 -0.162612
-0.003990 -0.938553 -0.084195
-0.003990 -0.860137 -0.084195
-0.239239 -0.781721 -0.162612
-0.160823 -0.781721 -0.162612
-0.239239 -0.781721 -0.084195
-0.160823 -0.781721 -0.084195
-0.082406 -0.781721 -0.162612
-0.082406 -0.781721 -0.084195
-0.003990 -0.781721 -0.162612
-0.003990 -0.781721 -0.084195
0.937004 -0.311224 -0.084195
1.015420 -0.311224 -0.084195
0.937004 -0.232808 -0.084195
1.015420 -0.232808 -0.084195
1.093836 -0.311224 -0.084195
1.093836 -0.232808 -0.084195
1.172252 -0.311224 -0.084195
1.172252 -0.232808 -0.084195
0.623339 -0.232808 -0.162612
0.701755 -0.232808 -0.162612
0.623339 -0.232808 -0.084195
0.701755 -0.232808 -0.084195
0.623339 -0.154392 -0.084195
0.701755 -0.154392 -0.084195
0.780171 -0.232808 -0.084195
0.780171 -0.154392 -0.084195
0.858588 -0.232808 -0.084195
0.858588 -0.154392 -0.084195
0.937004 -0.154392 -0.084195
1.015420 -0.154392 -0.084195
1.093836 -0.154392 -0.084195
1.172252 -0.154392 -0.084195
0.388091 -0.154392 -0.162612
0.466507 -0.154392 -0.162612
0.388091 -0.075975 -0.162612
0.466507 -0.075975 -0.162612
0.388091 -0.154392 -0.084195
0.466507 -0.154392 -0.084195
0.388091 -0.075975 -0.084195
0.466507 -0.075975 -0.084195
0.544923 -0.154392 -0.162612
0.544923 -0.075975 -0.162612
0.544923 -0.154392 -0.084195
0.544923 -0.075975 -0.084195
0.623339 -0.075975 -0.084195
0.701755 -0.075975 -0.084195
0.780171 -0.075975 -0.084195
0.858588 -0.075975 -0.084195
0.937004 -0.075975 -0.084195
1.015420 -0.075975 -0.084195
1.093836 -0.075975 -0.084195
1.172252 -0.075975 -0.084195
1.250669 -0.154392 -0.084195
1.250669 -0.075975 -0.084195
-1.023400 -0.075975 -0.084195
-0.944984 -0.075975 -0.084195
-1.023400 0.002441 -0.084195
-0.944984 0.002441 -0.084195
-0.866568 -0.075975 -0.084195
-0.866568 0.002441 -0.084195
-0.788152 -0.075975 -0.084195
-0.788152 0.002441 -0.084195
-0.709736 -0.075975 -0.162612
-0.709736 -0.075975 -0.084195
-0.709736 0.002441 -0.084195
-0.631319 -0.075975 -0.084195
-0.631319 0.002441 -0.084195
-0.552903 -0.075975 -0.084195
-0.552903 0.002441 -0.084195
-0.474487 -0.075975 -0.084195
-0.474487 0.002441 -0.084195
-0.396071 -0.075975 -0.084195
-0.396071 0.002441 -0.084195
-0.317655 -0.075975 -0.084195
-0.317655 0.002441 -0.084195
-0.239239 -0.075975 -0.084195
-0.239239 0.002441 -0.084195
-0.160823 -0.075975 -0.084195
-0.160823 0.002441 -0.084195
-0.082406 -0.075975 -0.084195
-0.082406 0.002441 -0.084195
-0.003990 -0.075975 -0.084195
-0.003990 0.002441 -0.084195
0.074426 -0.075975 -0.162612
0.074426 -0.075975 -0.084195
0.074426 0.002441 -0.084195
0.152842 -0.075975 -0.162612
0.152842 -0.075975 -0.084195
0.152842 0.002441 -0.084195
0.231258 -0.075975 -0.162612
0.231258 0.002441 -0.162612
0.231258 -0.075975 -0.084195
0.231258 0.002441 -0.084195
0.309675 -0.075975 -0.162612
0.309675 0.002441 -0.162612
0.309675 -0.075975 -0.084195
0.309675 0.002441 -0.084195
0.388091 0.002441 -0.162612
0.388091 0.002441 -0.084195
0.466507 0.002441 -0.162612
0.466507 0.002441 -0.084195
0.544923 0.002441 -0.162612
0.544923 0.002441 -0.084195
0.623339 0.002441 -0.084195
0.701755 0.002441 -0.084195
0.780171 0.002441 -0.084195
0.858588 0.002441 -0.084195
0.937004 0.002441 -0.084195
1.015420 0.002441 -0.084195
1.093836 0.002441 -0.084195
1.172252 0.002441 -0.084195
1.250669 0.002441 -0.084195
-0.944984 0.080857 -0.084195
-0.866568 0.080857 -0.084195
-0.788152 0.080857 -0.084195
-0.709736 0.080857 -0.084195
-0.631319 0.080857 -0.084195
-0.552903 0.080857 -0.084195
-0.474487 0.080857 -0.084195
-0.396071 0.080857 -0.084195
-0.317655 0.080857 -0.084195
-0.239239 0.080857 -0.084195
-0.160823 0.080857 -0.084195
-0.082406 0.080857 -0.084195
-0.003990 0.080857 -0.084195
0.074426 0.080857 -0.084195
0.152842 0.080857 -0.084195
0.231258 0.080857 -0.084195
0.309675 0.080857 -0.084195
0.388091 0.080857 -0.162612
0.388091 0.080857 -0.084195
0.466507 0.080857 -0.162612
0.466507 0.080857 -0.084195
0.544923 0.080857 -0.162612
0.544923 0.080857 -0.084195
0.623339 0.080857 -0.084195
0.701755 0.080857 -0.084195
0.780171 0.080857 -0.084195
0.858588 0.080857 -0.084195
0.937004 0.080857 -0.084195
1.015420 0.080857 -0.084195
1.093836 0.080857 -0.084195
1.172252 0.080857 -0.084195
1.250669 0.080857 -0.084195
-0.631319 0.159273 -0.084195
-0.552903 0.159273 -0.084195
-0.474487 0.159273 -0.084195
-0.396071 0.159273 -0.084195
-0.317655 0.159273 -0.084195
-0.239239 0.159273 -0.084195
-0.160823 0.159273 -0.084195
-0.082406 0.159273 -0.084195
-0.003990 0.159273 -0.084195
0.074426 0.159273 -0.084195
0.152842 0.159273 -0.084195
0.231258 0.159273 -0.084195
0.309675 0.159273 -0.084195
0.388091 0.159273 -0.162612
0.388091 0.159273 -0.084195
0.466507 0.159273 -0.162612
0.466507 0.159273 -0.084195
0.544923 0.159273 -0.162612
0.544923 0.159273 -0.084195
0.623339 0.159273 -0.162612
0.623339 0.159273 -0.084195
0.701755 0.159273 -0.162612
0.701755 0.159273 -0.084195
0.780171 0.159273 -0.084195
0.858588 0.159273 -0.084195
0.937004 0.159273 -0.084195
1.015420 0.159273 -0.084195
1.093836 0.159273 -0.084195
-0.709736 0.159273 -0.162612
-0.709736 0.159273 -0.084195
-0.709736 0.237689 -0.084195
-0.631319 0.237689 -0.084195
-0.552903 0.237689 -0.084195
-0.474487 0.237689 -0.084195
-0.396071 0.237689 -0.084195
-0.317655 0.237689 -0.084195
-0.239239 0.237689 -0.084195
-0.160823 0.237689 -0.162612
-0.160823 0.237689 -0.084195
-0.082406 0.237689 -0.084195
-0.003990 0.237689 -0.084195
0.074426 0.237689 -0.084195
0.152842 0.237689 -0.084195
0.231258 0.237689 -0.084195
0.309675 0.237689 -0.084195
0.388091 0.237689 -0.162612
0.388091 0.237689 -0.084195
-0.788152 0.237689 -0.084195
-0.788152 0.316105 -0.084195
-0.709736 0.316105 -0.084195
-0.631319 0.316105 -0.084195
-0.552903 0.316105 -0.084195
-0.474487 0.316105 -0.084195
-0.082406 0.316105 -0.084195
-0.003990 0.316105 -0.084195
0.074426 0.316105 -0.084195
0.152842 0.316105 -0.084195
0.231258 0.316105 -0.084195
0.309675 0.316105 -0.084195
0.388091 0.316105 -0.162612
0.388091 0.316105 -0.084195
-0.788152 0.394522 -0.084195
-0.709736 0.394522 -0.084195
-0.631319 0.394522 -0.084195
-0.552903 0.394522 -0.162612
-0.552903 0.394522 -0.084195
-0.082406 0.394522 -0.084195
-0.003990 0.394522 -0.084195
0.074426 0.394522 -0.084195
0.152842 0.394522 -0.084195
0.231258 0.394522 -0.084195
0.309675 0.394522 -0.162612
0.309675 0.394522 -0.084195
-0.944984 0.394522 -0.162612
-0.944984 0.472938 -0.162612
-0.866568 0.472938 -0.162612
-0.944984 0.394522 -0.084195
-0.866568 0.394522 -0.084195
-0.944984 0.472938 -0.084195
-0.866568 0.472938 -0.084195
-0.944984 0.551354 -0.162612
-0.866568 0.551354 -0.162612
-0.944984 0.551354 -0.084195
-0.866568 0.551354 -0.084195
-1.101816 0.708186 -0.162612
-1.023400 0.708186 -0.162612
-1.101816 0.786602 -0.162612
-1.023400 0.786602 -0.162612
-1.101816 0.708186 -0.084195
-1.023400 0.708186 -0.084195
-1.101816 0.786602 -0.084195
-1.023400 0.786602 -0.084195
-0.944984 0.708186 -0.162612
-0.944984 0.786602 -0.162612
-0.944984 0.708186 -0.084195
-0.944984 0.786602 -0.084195
-1.101816 0.865019 -0.162612
-1.023400 0.865019 -0.162612
-1.101816 0.865019 -0.084195
-1.023400 0.865019 -0.084195
-0.944984 0.865019 -0.162612
-0.944984 0.865019 -0.084195
-1.101816 0.943435 -0.162612
-1.023400 0.943435 -0.162612
-1.101816 0.943435 -0.084195
-1.023400 0.943435 -0.084195
-0.003990 -1.173802 -0.005779
0.074426 -1.173802 -0.005779
-0.003990 -1.095386 -0.005779
0.074426 -1.095386 -0.005779
0.152842 -1.173802 -0.005779
0.152842 -1.095386 -0.005779
-0.003990 -1.016969 -0.005779
0.074426 -1.016969 -0.005779
0.152842 -1.016969 -0.005779
0.231258 -1.095386 -0.084195
0.231258 -1.016969 -0.084195
0.231258 -1.095386 -0.005779
0.231258 -1.016969 -0.005779
0.074426 -0.938553 -0.005779
0.152842 -0.938553 -0.005779
0.231258 -0.938553 -0.084195
0.231258 -0.938553 -0.005779
-0.239239 -0.938553 -0.005779
-0.160823 -0.938553 -0.005779
-0.239239 -0.860137 -0.005779
-0.160823 -0.860137 -0.005779
-0.082406 -0.938553 -0.005779
-0.082406 -0.860137 -0.005779
-0.003990 -0.938553 -0.005779
-0.003990 -0.860137 -0.005779
0.074426 -0.860137 -0.084195
0.074426 -0.860137 -0.005779
0.152842 -0.860137 -0.084195
0.152842 -0.860137 -0.005779
-0.239239 -0.781721 -0.005779
-0.160823 -0.781721 -0.005779
-0.082406 -0.781721 -0.005779
-0.003990 -0.781721 -0.005779
0.074426 -0.781721 -0.084195
0.074426 -0.781721 -0.005779
0.466507 -0.232808 -0.084195
0.544923 -0.232808 -0.084195
0.466507 -0.232808 -0.005779
0.544923 -0.232808 -0.005779
0.466507 -0.154392 -0.005779
0.544923 -0.154392 -0.005779
0.623339 -0.232808 -0.005779
0.623339 -0.154392 -0.005779
0.701755 -0.232808 -0.005779
0.701755 -0.154392 -0.005779
0.780171 -0.232808 -0.005779
0.780171 -0.154392 -0.005779
0.858588 -0.232808 -0.005779
0.858588 -0.154392 -0.005779
0.937004 -0.232808 -0.005779
0.937004 -0.154392 -0.005779
1.015420 -0.232808 -0.005779
1.015420 -0.154392 -0.005779
1.093836 -0.232808 -0.005779
1.093836 -0.154392 -0.005779
1.172252 -0.232808 -0.005779
1.172252 -0.154392 -0.005779
-0.709736 -0.154392 -0.084195
-0.631319 -0.154392 -0.084195
-0.709736 -0.154392 -0.005779
-0.631319 -0.154392 -0.005779
-0.709736 -0.075975 -0.005779
-0.631319 -0.075975 -0.005779
-0.552903 -0.154392 -0.084195
-0.552903 -0.154392 -0.005779
-0.552903 -0.075975 -0.005779
0.074426 -0.154392 -0.084195
0.152842 -0.154392 -0.084195
0.074426 -0.154392 -0.005779
0.152842 -0.154392 -0.005779
0.074426 -0.075975 -0.005779
0.152842 -0.075975 -0.005779
0.231258 -0.154392 -0.084195
0.231258 -0.154392 -0.005779
0.231258 -0.075975 -0.005779
0.309675 -0.154392 -0.084195
0.309675 -0.154392 -0.005779
0.388091 -0.154392 -0.005779
0.309675 -0.075975 -0.005779
0.388091 -0.075975 -0.005779
0.466507 -0.075975 -0.005779
0.544923 -0.075975 -0.005779
0.623339 -0.075975 -0.005779
0.701755 -0.075975 -0.005779
0.780171 -0.075975 -0.005779
0.858588 -0.075975 -0.005779
0.937004 -0.075975 -0.005779
1.015420 -0.075975 -0.005779
1.093836 -0.075975 -0.005779
1.172252 -0.075975 -0.005779
1.250669 -0.154392 -0.005779
1.250669 -0.075975 -0.005779
-0.866568 -0.075975 -0.005779
-0.788152 -0.075975 -0.005779
-0.866568 0.002441 -0.005779
-0.788152 0.002441 -0.005779
-0.709736 0.002441 -0.005779
-0.631319 0.002441 -0.005779
-0.552903 0.002441 -0.005779
-0.474487 -0.075975 -0.005779
-0.474487 0.002441 -0.005779
-0.396071 -0.075975 -0.005779
-0.396071 0.002441 -0.005779
-0.317655 -0.075975 -0.005779
-0.239239 -0.075975 -0.005779
-0.317655 0.002441 -0.005779
-0.239239 0.002441 -0.005779
-0.160823 -0.075975 -0.005779
-0.160823 0.002441 -0.005779
-0.082406 -0.075975 -0.005779
-0.082406 0.002441 -0.005779
-0.003990 -0.075975 -0.005779
-0.003990 0.002441 -0.005779
0.074426 0.002441 -0.005779
0.152842 0.002441 -0.005779
0.231258 0.002441 -0.005779
0.309675 0.002441 -0.005779
0.388091 0.002441 -0.005779
0.466507 0.002441 -0.005779
0.544923 0.002441 -0.005779
0.623339 0.002441 -0.005779
0.701755 0.002441 -0.005779
0.780171 0.002441 -0.005779
0.858588 0.002441 -0.005779
0.937004 0.002441 -0.005779
1.015420 0.002441 -0.005779
1.093836 0.002441 -0.005779
1.172252 0.002441 -0.005779
-0.866568 0.080857 -0.005779
-0.788152 0.080857 -0.005779
-0.709736 0.080857 -0.005779
-0.631319 0.080857 -0.005779
-0.552903 0.080857 -0.005779
-0.474487 0.080857 -0.005779
-0.396071 0.080857 -0.005779
-0.317655 0.080857 -0.005779
-0.239239 0.080857 -0.005779
-0.160823 0.080857 -0.005779
-0.082406 0.080857 -0.005779
-0.003990 0.080857 -0.005779
0.074426 0.080857 -0.005779
0.152842 0.080857 -0.005779
0.231258 0.080857 -0.005779
0.309675 0.080857 -0.005779
0.388091 0.080857 -0.005779
0.466507 0.080857 -0.005779
0.544923 0.080857 -0.005779
0.623339 0.080857 -0.005779
0.701755 0.080857 -0.005779
0.780171 0.080857 -0.005779
0.858588 0.080857 -0.005779
0.937004 0.080857 -0.005779
1.015420 0.080857 -0.005779
1.093836 0.080857 -0.005779
1.172252 0.080857 -0.005779
-0.709736 0.159273 -0.005779
-0.631319 0.159273 -0.005779
-0.552903 0.159273 -0.005779
-0.474487 0.159273 -0.005779
-0.396071 0.159273 -0.005779
-0.317655 0.159273 -0.005779
-0.239239 0.159273 -0.005779
-0.160823 0.159273 -0.005779
-0.082406 0.159273 -0.005779
-0.003990 0.159273 -0.005779
0.074426 0.159273 -0.005779
0.152842 0.159273 -0.005779
0.231258 0.159273 -0.005779
0.309675 0.159273 -0.005779
0.388091 0.159273 -0.005779
0.466507 0.159273 -0.005779
0.544923 0.159273 -0.005779
0.623339 0.159273 -0.005779
0.701755 0.159273 -0.005779
0.780171 0.159273 -0.005779
0.858588 0.159273 -0.005779
0.937004 0.159273 -0.005779
1.015420 0.159273 -0.005779
-0.709736 0.237689 -0.005779
-0.631319 0.237689 -0.005779
-0.552903 0.237689 -0.005779
-0.474487 0.237689 -0.005779
-0.396071 0.237689 -0.005779
-0.160823 0.237689 -0.005779
-0.082406 0.237689 -0.005779
-0.003990 0.237689 -0.005779
0.074426 0.237689 -0.005779
0.152842 0.237689 -0.005779
0.231258 0.237689 -0.005779
0.309675 0.237689 -0.005779
0.388091 0.237689 -0.005779
0.466507 0.237689 -0.084195
0.466507 0.237689 -0.005779
-0.709736 0.316105 -0.005779
-0.631319 0.316105 -0.005779
-0.552903 0.316105 -0.005779
-0.474487 0.316105 -0.005779
0.074426 0.316105 -0.005779
0.152842 0.316105 -0.005779
0.231258 0.316105 -0.005779
0.309675 0.316105 -0.005779
0.388091 0.316105 -0.005779
-0.709736 0.394522 -0.005779
-0.631319 0.394522 -0.005779
-0.552903 0.394522 -0.005779
-0.474487 0.394522 -0.084195
-0.474487 0.394522 -0.005779
0.074426 0.394522 -0.005779
0.152842 0.394522 -0.005779
0.231258 0.394522 -0.005779
0.309675 0.394522 -0.005779
-0.944984 0.394522 -0.005779
-0.866568 0.394522 -0.005779
-0.944984 0.472938 -0.005779
-0.866568 0.472938 -0.005779
-0.788152 0.472938 -0.084195
-0.788152 0.394522 -0.005779
-0.788152 0.472938 -0.005779
0.074426 0.472938 -0.084195
0.152842 0.472938 -0.084195
0.074426 0.472938 -0.005779
0.152842 0.472938 -0.005779
0.231258 0.472938 -0.084195
0.231258 0.472938 -0.005779
0.309675 0.472938 -0.084195
0.309675 0.472938 -0.005779
-0.944984 0.551354 -0.005779
-0.866568 0.551354 -0.005779
-0.788152 0.551354 -0.084195
-0.788152 0.551354 -0.005779
-1.023400 0.551354 -0.084195
-1.023400 0.629770 -0.084195
-0.944984 0.629770 -0.084195
-1.023400 0.551354 -0.005779
-1.023400 0.629770 -0.005779
-0.944984 0.629770 -0.005779
-0.866568 0.629770 -0.084195
-0.866568 0.629770 -0.005779
-0.788152 0.629770 -0.084195
-0.788152 0.629770 -0.005779
-1.023400 0.708186 -0.005779
-0.944984 0.708186 -0.005779
-0.866568 0.708186 -0.084195
-0.866568 0.708186 -0.005779
-1.101816 0.708186 -0.005779
-1.101816 0.786602 -0.005779
-1.023400 0.786602 -0.005779
-0.944984 0.786602 -0.005779
-1.101816 0.865019 -0.005779
-1.023400 0.865019 -0.005779
-0.944984 0.865019 -0.005779
-1.101816 0.943435 -0.005779
-1.023400 0.943435 -0.005779
-1.101816 1.021851 -0.084195
-1.023400 1.021851 -0.084195
-1.101816 1.021851 -0.005779
-1.023400 1.021851 -0.005779
-0.160823 1.100267 -0.084195
-0.082406 1.100267 -0.084195
-0.160823 1.178683 -0.084195
-0.082406 1.178683 -0.084195
-0.160823 1.100267 -0.005779
-0.082406 1.100267 -0.005779
-0.160823 1.178683 -0.005779
-0.082406 1.178683 -0.005779
0.074426 -1.095386 0.072637
0.152842 -1.095386 0.072637
0.074426 -1.016969 0.072637
0.152842 -1.016969 0.072637
0.231258 -1.095386 0.072637
0.231258 -1.016969 0.072637
-0.082406 -1.016969 -0.005779
-0.082406 -1.016969 0.072637
-0.003990 -1.016969 0.072637
-0.082406 -0.938553 0.072637
-0.003990 -0.938553 0.072637
0.074426 -0.938553 0.072637
0.152842 -0.938553 0.072637
0.231258 -0.938553 0.072637
-0.082406 -0.860137 0.072637
-0.003990 -0.860137 0.072637
0.074426 -0.860137 0.072637
0.152842 -0.860137 0.072637
0.231258 -0.860137 -0.005779
0.231258 -0.860137 0.072637
0.309675 -0.938553 -0.005779
0.309675 -0.860137 -0.005779
0.309675 -0.938553 0.072637
0.309675 -0.860137 0.072637
-0.082406 -0.781721 0.072637
-0.003990 -0.781721 0.072637
0.074426 -0.781721 0.072637
0.152842 -0.781721 -0.005779
0.152842 -0.781721 0.072637
0.231258 -0.781721 -0.005779
0.231258 -0.781721 0.072637
0.309675 -0.781721 -0.005779
0.309675 -0.781721 0.072637
-1.023400 -0.389640 -0.005779
-0.944984 -0.389640 -0.005779
-1.023400 -0.311224 -0.005779
-0.944984 -0.311224 -0.005779
-1.023400 -0.389640 0.072637
-0.944984 -0.389640 0.072637
-1.023400 -0.311224 0.072637
-0.944984 -0.311224 0.072637
-0.866568 -0.389640 -0.005779
-0.866568 -0.311224 -0.005779
-0.866568 -0.389640 0.072637
-0.866568 -0.311224 0.072637
-0.944984 -0.232808 -0.005779
-0.866568 -0.232808 -0.005779
-0.944984 -0.232808 0.072637
-0.866568 -0.232808 0.072637
0.623339 -0.311224 -0.005779
0.701755 -0.311224 -0.005779
0.623339 -0.311224 0.072637
0.701755 -0.311224 0.072637
0.623339 -0.232808 0.072637
0.701755 -0.232808 0.072637
-0.788152 -0.232808 -0.005779
-0.709736 -0.232808 -0.005779
-0.788152 -0.154392 -0.005779
-0.788152 -0.232808 0.072637
-0.709736 -0.232808 0.072637
-0.788152 -0.154392 0.072637
-0.709736 -0.154392 0.072637
-0.631319 -0.232808 -0.005779
-0.631319 -0.232808 0.072637
-0.631319 -0.154392 0.072637
-0.552903 -0.232808 -0.005779
-0.552903 -0.232808 0.072637
-0.552903 -0.154392 0.072637
0.466507 -0.232808 0.072637
0.544923 -0.232808 0.072637
0.466507 -0.154392 0.072637
0.544923 -0.154392 0.072637
0.623339 -0.154392 0.072637
0.701755 -0.154392 0.072637
0.780171 -0.232808 0.072637
0.780171 -0.154392 0.072637
0.858588 -0.232808 0.072637
0.858588 -0.154392 0.072637
0.937004 -0.232808 0.072637
0.937004 -0.154392 0.072637
-0.788152 -0.075975 0.072637
-0.709736 -0.075975 0.072637
-0.631319 -0.075975 0.072637
-0.552903 -0.075975 0.072637
-0.474487 -0.154392 -0.005779
-0.474487 -0.154392 0.072637
-0.474487 -0.075975 0.072637
0.309675 -0.154392 0.072637
0.388091 -0.154392 0.072637
0.309675 -0.075975 0.072637
0.388091 -0.075975 0.072637
0.466507 -0.075975 0.072637
0.544923 -0.075975 0.072637
0.623339 -0.075975 0.072637
0.701755 -0.075975 0.072637
0.780171 -0.075975 0.072637
0.858588 -0.075975 0.072637
0.937004 -0.075975 0.072637
1.015420 -0.154392 0.072637
1.015420 -0.075975 0.072637
1.093836 -0.154392 0.072637
1.093836 -0.075975 0.072637
-0.709736 0.002441 0.072637
-0.631319 0.002441 0.072637
-0.552903 0.002441 0.072637
-0.474487 0.002441 0.072637
-0.082406 -0.075975 0.072637
-0.003990 -0.075975 0.072637
-0.082406 0.002441 0.072637
-0.003990 0.002441 0.072637
0.074426 -0.075975 0.072637
0.074426 0.002441 0.072637
0.152842 -0.075975 0.072637
0.152842 0.002441 0.072637
0.231258 -0.075975 0.072637
0.231258 0.002441 0.072637
0.309675 0.002441 0.072637
0.388091 0.002441 0.072637
0.466507 0.002441 0.072637
0.544923 0.002441 0.072637
0.623339 0.002441 0.072637
0.701755 0.002441 0.072637
0.780171 0.002441 0.072637
0.858588 0.002441 0.072637
0.937004 0.002441 0.072637
1.015420 0.002441 0.072637
1.093836 0.002441 0.072637
-0.709736 0.080857 0.072637
-0.631319 0.080857 0.072637
-0.552903 0.080857 0.072637
-0.474487 0.080857 0.072637
-0.160823 0.002441 0.072637
-0.160823 0.080857 0.072637
-0.082406 0.080857 0.072637
-0.003990 0.080857 0.072637
0.074426 0.080857 0.072637
0.152842 0.080857 0.072637
0.231258 0.080857 0.072637
0.309675 0.080857 0.072637
0.388091 0.080857 0.072637
0.466507 0.080857 0.072637
0.544923 0.080857 0.072637
0.623339 0.080857 0.072637
0.701755 0.080857 0.072637
0.780171 0.080857 0.072637
0.858588 0.080857 0.072637
0.937004 0.080857 0.072637
1.015420 0.080857 0.072637
-0.631319 0.159273 0.072637
-0.552903 0.159273 0.072637
-0.474487 0.159273 0.072637
-0.160823 0.159273 0.072637
-0.082406 0.159273 0.072637
-0.003990 0.159273 0.072637
0.074426 0.159273 0.072637
0.152842 0.159273 0.072637
0.231258 0.159273 0.072637
0.309675 0.159273 0.072637
0.388091 0.159273 0.072637
0.466507 0.159273 0.072637
0.544923 0.159273 0.072637
0.623339 0.159273 0.072637
0.701755 0.159273 0.072637
0.780171 0.159273 0.072637
0.858588 0.159273 0.072637
0.937004 0.159273 0.072637
-0.631319 0.237689 0.072637
-0.552903 0.237689 0.072637
-0.474487 0.237689 0.072637
-0.082406 0.237689 0.072637
-0.003990 0.237689 0.072637
0.074426 0.237689 0.072637
0.152842 0.237689 0.072637
0.231258 0.237689 0.072637
0.309675 0.237689 0.072637
0.388091 0.237689 0.072637
0.466507 0.237689 0.072637
-0.709736 0.237689 0.072637
-0.709736 0.316105 0.072637
-0.631319 0.316105 0.072637
-0.552903 0.316105 0.072637
-0.474487 0.316105 0.072637
0.074426 0.316105 0.072637
0.152842 0.316105 0.072637
0.231258 0.316105 0.072637
0.309675 0.316105 0.072637
-0.944984 0.316105 -0.005779
-0.866568 0.316105 -0.005779
-0.944984 0.316105 0.072637
-0.866568 0.316105 0.072637
-0.944984 0.394522 0.072637
-0.866568 0.394522 0.072637
-0.788152 0.316105 -0.005779
-0.788152 0.316105 0.072637
-0.788152 0.394522 0.072637
-0.709736 0.394522 0.072637
-0.631319 0.394522 0.072637
-0.552903 0.394522 0.072637
-0.474487 0.394522 0.072637
0.074426 0.394522 0.072637
0.152842 0.394522 0.072637
0.231258 0.394522 0.072637
0.309675 0.394522 0.072637
-0.866568 0.472938 0.072637
-0.788152 0.472938 0.072637
-0.709736 0.472938 -0.005779
-0.709736 0.472938 0.072637
-0.631319 0.472938 -0.005779
-0.631319 0.472938 0.072637
-0.552903 0.472938 -0.005779
-0.552903 0.472938 0.072637
0.074426 0.472938 0.072637
0.152842 0.472938 0.072637
0.231258 0.472938 0.072637
0.309675 0.472938 0.072637
-1.023400 0.472938 -0.005779
-1.023400 0.472938 0.072637
-0.944984 0.472938 0.072637
-1.023400 0.551354 0.072637
-0.944984 0.551354 0.072637
-0.866568 0.551354 0.072637
-0.788152 0.551354 0.072637
-0.709736 0.551354 -0.005779
-0.709736 0.551354 0.072637
-0.631319 0.551354 -0.005779
-0.631319 0.551354 0.072637
0.152842 0.551354 -0.005779
0.231258 0.551354 -0.005779
0.152842 0.551354 0.072637
0.231258 0.551354 0.072637
0.309675 0.551354 -0.005779
0.309675 0.551354 0.072637
-1.101816 0.551354 -0.005779
-1.101816 0.629770 -0.005779
-1.101816 0.551354 0.072637
-1.101816 0.629770 0.072637
-1.023400 0.629770 0.072637
-0.944984 0.629770 0.072637
-0.866568 0.629770 0.072637
-0.788152 0.629770 0.072637
-1.023400 0.708186 0.072637
-0.944984 0.708186 0.072637
-0.866568 0.708186 0.072637
-0.082406 0.943435 -0.005779
-0.003990 0.943435 -0.005779
-0.082406 1.021851 -0.005779
-0.003990 1.021851 -0.005779
-0.082406 0.943435 0.072637
-0.003990 0.943435 0.072637
-0.082406 1.021851 0.072637
-0.003990 1.021851 0.072637
-0.160823 1.021851 -0.005779
-0.160823 1.021851 0.072637
-0.160823 1.100267 0.072637
-0.082406 1.100267 0.072637
-0.003990 1.100267 -0.005779
-0.003990 1.100267 0.072637
-0.160823 1.178683 0.072637
-0.082406 1.178683 0.072637
-0.003990 1.178683 -0.005779
-0.003990 1.178683 0.072637
-0.239239 -1.252218 0.072637
-0.160823 -1.252218 0.072637
-0.239239 -1.173802 0.072637
-0.160823 -1.173802 0.072637
-0.239239 -1.252218 0.151053
-0.160823 -1.252218 0.151053
-0.239239 -1.173802 0.151053
-0.160823 -1.173802 0.151053
0.074426 -1.016969 0.151053
0.152842 -1.016969 0.151053
0.074426 -0.938553 0.151053
0.152842 -0.938553 0.151053
0.231258 -1.016969 0.151053
0.231258 -0.938553 0.151053
-0.082406 -0.938553 0.151053
-0.003990 -0.938553 0.151053
-0.082406 -0.860137 0.151053
-0.003990 -0.860137 0.151053
0.074426 -0.860137 0.151053
0.152842 -0.860137 0.151053
0.231258 -0.860137 0.151053
0.309675 -0.938553 0.151053
0.309675 -0.860137 0.151053
0.388091 -0.938553 0.072637
0.388091 -0.860137 0.072637
0.388091 -0.938553 0.151053
0.388091 -0.860137 0.151053
0.466507 -0.938553 0.072637
0.466507 -0.860137 0.072637
0.466507 -0.938553 0.151053
0.466507 -0.860137 0.151053
-0.082406 -0.781721 0.151053
-0.003990 -0.781721 0.151053
0.074426 -0.781721 0.151053
0.152842 -0.781721 0.151053
0.231258 -0.781721 0.151053
0.309675 -0.781721 0.151053
0.388091 -0.781721 0.072637
0.388091 -0.781721 0.151053
0.466507 -0.781721 0.072637
0.466507 -0.781721 0.151053
0.544923 -0.860137 0.072637
0.544923 -0.781721 0.072637
0.544923 -0.860137 0.151053
0.544923 -0.781721 0.151053
0.231258 -0.703305 0.072637
0.309675 -0.703305 0.072637
0.231258 -0.703305 0.151053
0.309675 -0.703305 0.151053
0.388091 -0.703305 0.072637
0.388091 -0.703305 0.151053
0.466507 -0.703305 0.072637
0.466507 -0.703305 0.151053
0.544923 -0.703305 0.072637
0.544923 -0.703305 0.151053
-1.023400 -0.389640 0.151053
-0.944984 -0.389640 0.151053
-1.023400 -0.311224 0.151053
-0.944984 -0.311224 0.151053
-0.866568 -0.389640 0.151053
-0.866568 -0.311224 0.151053
-0.944984 -0.232808 0.151053
-0.866568 -0.232808 0.151053
-0.788152 -0.311224 0.072637
-0.788152 -0.311224 0.151053
-0.788152 -0.232808 0.151053
-0.709736 -0.311224 0.072637
-0.709736 -0.311224 0.151053
-0.709736 -0.232808 0.151053
-0.631319 -0.311224 0.072637
-0.631319 -0.311224 0.151053
-0.631319 -0.232808 0.151053
0.544923 -0.311224 0.072637
0.544923 -0.311224 0.151053
0.623339 -0.311224 0.151053
0.544923 -0.232808 0.151053
0.623339 -0.232808 0.151053
0.701755 -0.311224 0.151053
0.701755 -0.232808 0.151053
0.780171 -0.311224 0.072637
0.780171 -0.311224 0.151053
0.780171 -0.232808 0.151053
-0.866568 -0.154392 0.072637
-0.866568 -0.154392 0.151053
-0.788152 -0.154392 0.151053
-0.709736 -0.154392 0.151053
-0.631319 -0.154392 0.151053
-0.552903 -0.232808 0.151053
-0.552903 -0.154392 0.151053
0.466507 -0.232808 0.151053
0.466507 -0.154392 0.151053
0.544923 -0.154392 0.151053
0.623339 -0.154392 0.151053
0.701755 -0.154392 0.151053
0.780171 -0.154392 0.151053
-0.788152 -0.075975 0.151053
-0.709736 -0.075975 0.151053
-0.631319 -0.075975 0.151053
-0.552903 -0.075975 0.151053
0.388091 -0.154392 0.151053
0.388091 -0.075975 0.151053
0.466507 -0.075975 0.151053
0.544923 -0.075975 0.151053
0.623339 -0.075975 0.151053
0.701755 -0.075975 0.151053
0.780171 -0.075975 0.151053
0.858588 -0.154392 0.151053
0.858588 -0.075975 0.151053
-0.788152 0.002441 0.072637
-0.788152 0.002441 0.151053
-0.709736 0.002441 0.151053
-0.631319 0.002441 0.151053
-0.552903 0.002441 0.151053
-0.474487 -0.075975 0.151053
-0.474487 0.002441 0.151053
0.074426 -0.075975 0.151053
0.152842 -0.075975 0.151053
0.074426 0.002441 0.151053
0.152842 0.002441 0.151053
0.231258 -0.075975 0.151053
0.231258 0.002441 0.151053
0.309675 -0.075975 0.151053
0.309675 0.002441 0.151053
0.388091 0.002441 0.151053
0.466507 0.002441 0.151053
0.544923 0.002441 0.151053
0.623339 0.002441 0.151053
0.701755 0.002441 0.151053
0.780171 0.002441 0.151053
0.858588 0.002441 0.151053
-0.709736 0.080857 0.151053
-0.631319 0.080857 0.151053
-0.552903 0.080857 0.151053
-0.474487 0.080857 0.151053
0.074426 0.080857 0.151053
0.152842 0.080857 0.151053
0.231258 0.080857 0.151053
0.309675 0.080857 0.151053
0.388091 0.080857 0.151053
0.466507 0.080857 0.151053
0.544923 0.080857 0.151053
0.623339 0.080857 0.151053
0.701755 0.080857 0.151053
0.780171 0.080857 0.151053
0.858588 0.080857 0.151053
-0.003990 0.080857 0.151053
-0.003990 0.159273 0.151053
0.074426 0.159273 0.151053
0.152842 0.159273 0.151053
0.231258 0.159273 0.151053
0.309675 0.159273 0.151053
0.388091 0.159273 0.151053
0.466507 0.159273 0.151053
0.544923 0.159273 0.151053
0.623339 0.159273 0.151053
-0.082406 0.159273 0.151053
-0.082406 0.237689 0.151053
-0.003990 0.237689 0.151053
0.074426 0.237689 0.151053
-0.709736 0.237689 0.151053
-0.631319 0.237689 0.151053
-0.709736 0.316105 0.151053
-0.631319 0.316105 0.151053
-0.552903 0.237689 0.151053
-0.552903 0.316105 0.151053
-0.474487 0.237689 0.151053
-0.474487 0.316105 0.151053
-0.944984 0.316105 0.151053
-0.866568 0.316105 0.151053
-0.944984 0.394522 0.151053
-0.866568 0.394522 0.151053
-0.788152 0.316105 0.151053
-0.788152 0.394522 0.151053
-0.709736 0.394522 0.151053
-0.631319 0.394522 0.151053
-0.552903 0.394522 0.151053
-0.474487 0.394522 0.151053
-0.396071 0.316105 0.072637
-0.396071 0.394522 0.072637
-0.396071 0.316105 0.151053
-0.396071 0.394522 0.151053
0.152842 0.316105 0.151053
0.231258 0.316105 0.151053
0.152842 0.394522 0.151053
0.231258 0.394522 0.151053
0.309675 0.316105 0.151053
0.309675 0.394522 0.151053
-0.866568 0.472938 0.151053
-0.788152 0.472938 0.151053
-0.709736 0.472938 0.151053
-0.631319 0.472938 0.151053
-0.552903 0.472938 0.151053
-0.474487 0.472938 0.072637
-0.474487 0.472938 0.151053
-0.396071 0.472938 0.072637
-0.396071 0.472938 0.151053
0.152842 0.472938 0.151053
0.231258 0.472938 0.151053
0.309675 0.472938 0.151053
-1.023400 0.472938 0.151053
-0.944984 0.472938 0.151053
-1.023400 0.551354 0.151053
-0.944984 0.551354 0.151053
-0.866568 0.551354 0.151053
-0.788152 0.551354 0.151053
-0.709736 0.551354 0.151053
-0.631319 0.551354 0.151053
0.152842 0.551354 0.151053
0.231258 0.551354 0.151053
0.309675 0.551354 0.151053
-1.258649 0.551354 0.072637
-1.180233 0.551354 0.072637
-1.258649 0.629770 0.072637
-1.180233 0.629770 0.072637
-1.258649 0.551354 0.151053
-1.180233 0.551354 0.151053
-1.258649 0.629770 0.151053
-1.180233 0.629770 0.151053
-1.101816 0.551354 0.151053
-1.101816 0.629770 0.151053
-1.023400 0.629770 0.151053
-0.944984 0.629770 0.151053
-0.866568 0.629770 0.151053
0.152842 0.629770 0.072637
0.231258 0.629770 0.072637
0.152842 0.629770 0.151053
0.231258 0.629770 0.151053
0.309675 0.629770 0.072637
0.309675 0.629770 0.151053
-1.258649 0.708186 0.072637
-1.180233 0.708186 0.072637
-1.258649 0.708186 0.151053
-1.180233 0.708186 0.151053
-1.101816 0.708186 0.072637
-1.101816 0.708186 0.151053
-1.023400 0.708186 0.151053
-0.944984 0.708186 0.151053
-1.258649 0.786602 0.072637
-1.180233 0.786602 0.072637
-1.258649 0.786602 0.151053
-1.180233 0.786602 0.151053
-1.101816 0.786602 0.072637
-1.101816 0.786602 0.151053
0.074426 0.708186 0.072637
0.152842 0.708186 0.072637
0.074426 0.786602 0.072637
0.152842 0.786602 0.072637
0.074426 0.708186 0.151053
0.152842 0.708186 0.151053
0.074426 0.786602 0.151053
0.152842 0.786602 0.151053
0.074426 0.865019 0.072637
0.152842 0.865019 0.072637
0.074426 0.865019 0.151053
0.152842 0.865019 0.151053
-0.082406 0.943435 0.151053
-0.003990 0.943435 0.151053
-0.082406 1.021851 0.151053
-0.003990 1.021851 0.151053
-0.082406 1.100267 0.151053
-0.003990 1.100267 0.151053
-0.082406 -1.330634 0.151053
-0.003990 -1.330634 0.151053
-0.082406 -1.252218 0.151053
-0.003990 -1.252218 0.151053
-0.082406 -1.330634 0.229469
-0.003990 -1.330634 0.229469
-0.082406 -1.252218 0.229469
-0.003990 -1.252218 0.229469
0.074426 -1.330634 0.151053
0.074426 -1.252218 0.151053
0.074426 -1.330634 0.229469
0.074426 -1.252218 0.229469
-0.317655 -1.252218 0.151053
-0.317655 -1.173802 0.151053
-0.317655 -1.252218 0.229469
-0.239239 -1.252218 0.229469
-0.317655 -1.173802 0.229469
-0.239239 -1.173802 0.229469
-0.160823 -1.252218 0.229469
-0.160823 -1.173802 0.229469
-0.082406 -1.173802 0.151053
-0.082406 -1.173802 0.229469
-0.003990 -1.173802 0.151053
-0.003990 -1.173802 0.229469
0.074426 -1.173802 0.151053
0.074426 -1.173802 0.229469
0.152842 -1.252218 0.151053
0.152842 -1.173802 0.151053
0.152842 -1.252218 0.229469
0.152842 -1.173802 0.229469
0.231258 -1.252218 0.151053
0.231258 -1.173802 0.151053
0.231258 -1.252218 0.229469
0.231258 -1.173802 0.229469
-0.239239 -1.095386 0.151053
-0.160823 -1.095386 0.151053
-0.239239 -1.095386 0.229469
-0.160823 -1.095386 0.229469
-0.082406 -1.095386 0.151053
-0.082406 -1.095386 0.229469
0.152842 -1.095386 0.151053
0.231258 -1.095386 0.151053
0.152842 -1.095386 0.229469
0.231258 -1.095386 0.229469
0.309675 -1.173802 0.151053
0.309675 -1.095386 0.151053
0.309675 -1.173802 0.229469
0.309675 -1.095386 0.229469
0.388091 -1.173802 0.151053
0.388091 -1.095386 0.151053
0.388091 -1.173802 0.229469
0.388091 -1.095386 0.229469
0.466507 -1.173802 0.151053
0.466507 -1.095386 0.151053
0.466507 -1.173802 0.229469
0.466507 -1.095386 0.229469
0.152842 -1.016969 0.229469
0.231258 -1.016969 0.229469
0.309675 -1.016969 0.151053
0.309675 -1.016969 0.229469
0.388091 -1.016969 0.151053
0.388091 -1.016969 0.229469
0.466507 -1.016969 0.151053
0.466507 -1.016969 0.229469
0.544923 -1.095386 0.151053
0.544923 -1.016969 0.151053
0.544923 -1.095386 0.229469
0.544923 -1.016969 0.229469
0.388091 -0.938553 0.229469
0.466507 -0.938553 0.229469
0.544923 -0.938553 0.151053
0.544923 -0.938553 0.229469
0.623339 -1.016969 0.151053
0.623339 -0.938553 0.151053
0.623339 -1.016969 0.229469
0.623339 -0.938553 0.229469
0.152842 -0.938553 0.229469
0.231258 -0.938553 0.229469
0.152842 -0.860137 0.229469
0.231258 -0.860137 0.229469
0.309675 -0.938553 0.229469
0.309675 -0.860137 0.229469
0.388091 -0.860137 0.229469
0.466507 -0.860137 0.229469
0.544923 -0.860137 0.229469
-0.082406 -0.860137 0.229469
-0.003990 -0.860137 0.229469
-0.082406 -0.781721 0.229469
-0.003990 -0.781721 0.229469
0.074426 -0.860137 0.229469
0.074426 -0.781721 0.229469
0.152842 -0.781721 0.229469
0.231258 -0.781721 0.229469
0.309675 -0.781721 0.229469
0.388091 -0.781721 0.229469
0.466507 -0.781721 0.229469
0.544923 -0.781721 0.229469
0.623339 -0.860137 0.151053
0.623339 -0.781721 0.151053
0.623339 -0.860137 0.229469
0.623339 -0.781721 0.229469
0.701755 -0.860137 0.151053
0.701755 -0.781721 0.151053
0.701755 -0.860137 0.229469
0.701755 -0.781721 0.229469
0.231258 -0.703305 0.229469
0.309675 -0.703305 0.229469
0.388091 -0.703305 0.229469
0.466507 -0.703305 0.229469
0.544923 -0.703305 0.229469
0.623339 -0.703305 0.151053
0.623339 -0.703305 0.229469
0.701755 -0.703305 0.151053
0.701755 -0.703305 0.229469
0.388091 -0.624889 0.151053
0.466507 -0.624889 0.151053
0.388091 -0.624889 0.229469
0.466507 -0.624889 0.229469
0.544923 -0.624889 0.151053
0.544923 -0.624889 0.229469
0.623339 -0.624889 0.151053
0.623339 -0.624889 0.229469
0.701755 -0.624889 0.151053
0.701755 -0.624889 0.229469
-0.788152 -0.389640 0.151053
-0.709736 -0.389640 0.151053
-0.788152 -0.389640 0.229469
-0.709736 -0.389640 0.229469
-0.788152 -0.311224 0.229469
-0.709736 -0.311224 0.229469
-0.631319 -0.389640 0.151053
-0.631319 -0.389640 0.229469
-0.631319 -0.311224 0.229469
-0.552903 -0.389640 0.151053
-0.552903 -0.311224 0.151053
-0.552903 -0.389640 0.229469
-0.552903 -0.311224 0.229469
-1.023400 -0.232808 0.151053
-1.023400 -0.311224 0.229469
-0.944984 -0.311224 0.229469
-1.023400 -0.232808 0.229469
-0.944984 -0.232808 0.229469
-0.866568 -0.311224 0.229469
-0.866568 -0.232808 0.229469
-0.788152 -0.232808 0.229469
-0.709736 -0.232808 0.229469
-0.631319 -0.232808 0.229469
-0.552903 -0.232808 0.229469
0.544923 -0.311224 0.229469
0.623339 -0.311224 0.229469
0.544923 -0.232808 0.229469
0.623339 -0.232808 0.229469
0.701755 -0.311224 0.229469
0.701755 -0.232808 0.229469
0.780171 -0.311224 0.229469
0.780171 -0.232808 0.229469
0.858588 -0.311224 0.151053
0.858588 -0.232808 0.151053
0.858588 -0.311224 0.229469
0.858588 -0.232808 0.229469
-1.023400 -0.154392 0.151053
-0.944984 -0.154392 0.151053
-1.023400 -0.154392 0.229469
-0.944984 -0.154392 0.229469
-0.866568 -0.154392 0.229469
-0.788152 -0.154392 0.229469
-0.709736 -0.154392 0.229469
-0.631319 -0.154392 0.229469
-0.552903 -0.154392 0.229469
0.466507 -0.232808 0.229469
0.466507 -0.154392 0.229469
0.544923 -0.154392 0.229469
0.623339 -0.154392 0.229469
0.701755 -0.154392 0.229469
0.780171 -0.154392 0.229469
0.858588 -0.154392 0.229469
-0.788152 -0.075975 0.229469
-0.709736 -0.075975 0.229469
-0.631319 -0.075975 0.229469
-0.552903 -0.075975 0.229469
0.466507 -0.075975 0.229469
0.544923 -0.075975 0.229469
0.623339 -0.075975 0.229469
0.701755 -0.075975 0.229469
0.780171 -0.075975 0.229469
0.858588 -0.075975 0.229469
-0.709736 0.002441 0.229469
-0.631319 0.002441 0.229469
0.466507 0.002441 0.229469
0.544923 0.002441 0.229469
0.623339 0.002441 0.229469
0.701755 0.002441 0.229469
0.780171 0.002441 0.229469
0.466507 0.080857 0.229469
0.544923 0.080857 0.229469
0.623339 0.080857 0.229469
0.701755 0.080857 0.229469
-0.552903 0.237689 0.229469
-0.474487 0.237689 0.229469
-0.552903 0.316105 0.229469
-0.474487 0.316105 0.229469
-0.631319 0.316105 0.229469
-0.631319 0.394522 0.229469
-0.552903 0.394522 0.229469
-0.474487 0.394522 0.229469
-0.396071 0.316105 0.229469
-0.396071 0.394522 0.229469
-0.317655 0.316105 0.151053
-0.317655 0.394522 0.151053
-0.317655 0.316105 0.229469
-0.317655 0.394522 0.229469
-0.788152 0.394522 0.229469
-0.709736 0.394522 0.229469
-0.788152 0.472938 0.229469
-0.709736 0.472938 0.229469
-0.631319 0.472938 0.229469
-0.552903 0.472938 0.229469
-0.474487 0.472938 0.229469
-0.396071 0.472938 0.229469
0.152842 0.394522 0.229469
0.231258 0.394522 0.229469
0.152842 0.472938 0.229469
0.231258 0.472938 0.229469
0.309675 0.394522 0.229469
0.309675 0.472938 0.229469
-0.788152 0.551354 0.229469
-0.709736 0.551354 0.229469
-0.631319 0.551354 0.229469
0.152842 0.551354 0.229469
0.231258 0.551354 0.229469
0.309675 0.551354 0.229469
-1.258649 0.551354 0.229469
-1.180233 0.551354 0.229469
-1.258649 0.629770 0.229469
-1.180233 0.629770 0.229469
-1.101816 0.551354 0.229469
-1.101816 0.629770 0.229469
-0.788152 0.629770 0.151053
-0.709736 0.629770 0.151053
-0.788152 0.629770 0.229469
-0.709736 0.629770 0.229469
-0.631319 0.629770 0.151053
-0.631319 0.629770 0.229469
0.152842 0.629770 0.229469
0.231258 0.629770 0.229469
0.309675 0.629770 0.229469
-1.180233 0.708186 0.229469
-1.101816 0.708186 0.229469
-0.709736 0.708186 0.151053
-0.631319 0.708186 0.151053
-0.709736 0.708186 0.229469
-0.631319 0.708186 0.229469
0.074426 0.629770 0.151053
0.074426 0.629770 0.229469
0.074426 0.708186 0.229469
0.152842 0.708186 0.229469
0.231258 0.708186 0.151053
0.231258 0.708186 0.229469
0.309675 0.708186 0.151053
0.309675 0.708186 0.229469
-1.258649 0.708186 0.229469
-1.258649 0.786602 0.229469
-1.180233 0.786602 0.229469
0.074426 0.786602 0.229469
0.152842 0.786602 0.229469
0.231258 0.786602 0.151053
0.231258 0.786602 0.229469
-0.003990 0.786602 0.151053
-0.003990 0.865019 0.151053
-0.003990 0.786602 0.229469
-0.003990 0.865019 0.229469
0.074426 0.865019 0.229469
0.152842 0.865019 0.229469
0.231258 0.865019 0.151053
0.231258 0.865019 0.229469
-0.082406 0.865019 0.151053
-0.082406 0.865019 0.229469
-0.082406 0.943435 0.229469
-0.003990 0.943435 0.229469
0.074426 0.943435 0.151053
0.074426 0.943435 0.229469
0.152842 0.943435 0.151053
0.152842 0.943435 0.229469
-0.160823 0.943435 0.151053
-0.160823 1.021851 0.151053
-0.160823 0.943435 0.229469
-0.160823 1.021851 0.229469
-0.082406 1.021851 0.229469
-0.003990 1.021851 0.229469
0.074426 1.021851 0.151053
0.074426 1.021851 0.229469
-0.082406 -1.330634 0.307885
-0.003990 -1.330634 0.307885
-0.082406 -1.252218 0.307885
-0.003990 -1.252218 0.307885
0.074426 -1.330634 0.307885
0.074426 -1.252218 0.307885
0.152842 -1.330634 0.229469
0.152842 -1.330634 0.307885
0.152842 -1.252218 0.307885
-0.082406 -1.173802 0.307885
-0.003990 -1.173802 0.307885
0.074426 -1.173802 0.307885
0.152842 -1.173802 0.307885
0.231258 -1.252218 0.307885
0.231258 -1.173802 0.307885
0.309675 -1.252218 0.229469
0.309675 -1.252218 0.307885
0.309675 -1.173802 0.307885
0.388091 -1.252218 0.229469
0.388091 -1.252218 0.307885
0.388091 -1.173802 0.307885
0.074426 -1.095386 0.229469
0.074426 -1.095386 0.307885
0.152842 -1.095386 0.307885
0.231258 -1.095386 0.307885
0.309675 -1.095386 0.307885
0.388091 -1.095386 0.307885
0.466507 -1.173802 0.307885
0.466507 -1.095386 0.307885
0.231258 -1.016969 0.307885
0.309675 -1.016969 0.307885
0.388091 -1.016969 0.307885
0.466507 -1.016969 0.307885
0.544923 -1.095386 0.307885
0.544923 -1.016969 0.307885
0.309675 -0.938553 0.307885
0.388091 -0.938553 0.307885
0.466507 -0.938553 0.307885
0.544923 -0.938553 0.307885
0.623339 -1.016969 0.307885
0.623339 -0.938553 0.307885
-0.709736 -0.938553 0.229469
-0.631319 -0.938553 0.229469
-0.709736 -0.860137 0.229469
-0.631319 -0.860137 0.229469
-0.709736 -0.938553 0.307885
-0.631319 -0.938553 0.307885
-0.709736 -0.860137 0.307885
-0.631319 -0.860137 0.307885
-0.552903 -0.938553 0.229469
-0.552903 -0.860137 0.229469
-0.552903 -0.938553 0.307885
-0.552903 -0.860137 0.307885
0.388091 -0.860137 0.307885
0.466507 -0.860137 0.307885
0.544923 -0.860137 0.307885
0.623339 -0.860137 0.307885
0.701755 -0.938553 0.229469
0.701755 -0.938553 0.307885
0.701755 -0.860137 0.307885
-0.631319 -0.781721 0.229469
-0.552903 -0.781721 0.229469
-0.631319 -0.781721 0.307885
-0.552903 -0.781721 0.307885
-0.474487 -0.860137 0.229469
-0.474487 -0.781721 0.229469
-0.474487 -0.860137 0.307885
-0.474487 -0.781721 0.307885
0.309675 -0.860137 0.307885
0.309675 -0.781721 0.307885
0.388091 -0.781721 0.307885
0.466507 -0.781721 0.307885
0.544923 -0.781721 0.307885
0.623339 -0.781721 0.307885
0.701755 -0.781721 0.307885
0.780171 -0.860137 0.229469
0.780171 -0.781721 0.229469
0.780171 -0.860137 0.307885
0.780171 -0.781721 0.307885
-0.631319 -0.703305 0.229469
-0.552903 -0.703305 0.229469
-0.631319 -0.703305 0.307885
-0.552903 -0.703305 0.307885
-0.474487 -0.703305 0.229469
-0.474487 -0.703305 0.307885
0.309675 -0.703305 0.307885
0.388091 -0.703305 0.307885
0.466507 -0.703305 0.307885
0.544923 -0.703305 0.307885
0.623339 -0.703305 0.307885
0.701755 -0.703305 0.307885
0.780171 -0.703305 0.229469
0.780171 -0.703305 0.307885
-0.631319 -0.624889 0.229469
-0.552903 -0.624889 0.229469
-0.631319 -0.624889 0.307885
-0.552903 -0.624889 0.307885
-0.474487 -0.624889 0.229469
-0.474487 -0.624889 0.307885
0.388091 -0.624889 0.307885
0.466507 -0.624889 0.307885
0.544923 -0.624889 0.307885
0.623339 -0.624889 0.307885
0.701755 -0.624889 0.307885
0.780171 -0.624889 0.229469
0.780171 -0.624889 0.307885
-0.709736 -0.624889 0.229469
-0.709736 -0.546472 0.229469
-0.631319 -0.546472 0.229469
-0.709736 -0.624889 0.307885
-0.709736 -0.546472 0.307885
-0.631319 -0.546472 0.307885
-0.552903 -0.546472 0.229469
-0.552903 -0.546472 0.307885
-0.474487 -0.546472 0.229469
-0.474487 -0.546472 0.307885
-0.709736 -0.468056 0.229469
-0.631319 -0.468056 0.229469
-0.709736 -0.468056 0.307885
-0.631319 -0.468056 0.307885
-0.552903 -0.468056 0.229469
-0.552903 -0.468056 0.307885
-0.709736 -0.389640 0.307885
-0.631319 -0.389640 0.307885
-0.552903 -0.389640 0.307885
-0.474487 -0.468056 0.229469
-0.474487 -0.389640 0.229469
-0.474487 -0.468056 0.307885
-0.474487 -0.389640 0.307885
-0.788152 -0.389640 0.307885
-0.788152 -0.311224 0.307885
-0.709736 -0.311224 0.307885
-0.631319 -0.311224 0.307885
-0.552903 -0.311224 0.307885
-0.474487 -0.311224 0.229469
-0.474487 -0.311224 0.307885
0.623339 -0.389640 0.229469
0.701755 -0.389640 0.229469
0.623339 -0.389640 0.307885
0.701755 -0.389640 0.307885
0.623339 -0.311224 0.307885
0.701755 -0.311224 0.307885
0.780171 -0.389640 0.229469
0.780171 -0.389640 0.307885
0.780171 -0.311224 0.307885
0.858588 -0.389640 0.229469
0.858588 -0.389640 0.307885
0.858588 -0.311224 0.307885
-1.101816 -0.311224 0.229469
-1.101816 -0.232808 0.229469
-1.101816 -0.311224 0.307885
-1.023400 -0.311224 0.307885
-1.101816 -0.232808 0.307885
-1.023400 -0.232808 0.307885
-0.944984 -0.311224 0.307885
-0.944984 -0.232808 0.307885
-0.866568 -0.311224 0.307885
-0.866568 -0.232808 0.307885
-0.788152 -0.232808 0.307885
-0.709736 -0.232808 0.307885
-0.631319 -0.232808 0.307885
-0.552903 -0.232808 0.307885
0.544923 -0.311224 0.307885
0.544923 -0.232808 0.307885
0.623339 -0.232808 0.307885
0.701755 -0.232808 0.307885
0.780171 -0.232808 0.307885
0.858588 -0.232808 0.307885
0.937004 -0.311224 0.229469
0.937004 -0.232808 0.229469
0.937004 -0.311224 0.307885
0.937004 -0.232808 0.307885
-1.180233 -0.232808 0.229469
-1.180233 -0.154392 0.229469
-1.101816 -0.154392 0.229469
-1.180233 -0.232808 0.307885
-1.180233 -0.154392 0.307885
-1.101816 -0.154392 0.307885
-1.023400 -0.154392 0.307885
-0.944984 -0.154392 0.307885
-0.866568 -0.154392 0.307885
-0.788152 -0.154392 0.307885
-0.709736 -0.154392 0.307885
-0.631319 -0.154392 0.307885
-0.552903 -0.154392 0.307885
0.466507 -0.232808 0.307885
0.466507 -0.154392 0.307885
0.544923 -0.154392 0.307885
0.623339 -0.154392 0.307885
0.701755 -0.154392 0.307885
0.780171 -0.154392 0.307885
0.858588 -0.154392 0.307885
0.937004 -0.154392 0.229469
0.937004 -0.154392 0.307885
-0.709736 -0.075975 0.307885
-0.631319 -0.075975 0.307885
0.466507 -0.075975 0.307885
0.544923 -0.075975 0.307885
0.623339 -0.075975 0.307885
0.701755 -0.075975 0.307885
0.780171 -0.075975 0.307885
0.858588 -0.075975 0.307885
0.466507 0.002441 0.307885
0.544923 0.002441 0.307885
0.623339 0.002441 0.307885
0.701755 0.002441 0.307885
0.780171 0.002441 0.307885
0.466507 0.080857 0.307885
0.544923 0.080857 0.307885
0.623339 0.080857 0.307885
-0.396071 0.237689 0.229469
-0.474487 0.237689 0.307885
-0.396071 0.237689 0.307885
-0.474487 0.316105 0.307885
-0.396071 0.316105 0.307885
-0.317655 0.237689 0.229469
-0.317655 0.237689 0.307885
-0.317655 0.316105 0.307885
-0.552903 0.316105 0.307885
-0.552903 0.394522 0.307885
-0.474487 0.394522 0.307885
-0.396071 0.394522 0.307885
-0.317655 0.394522 0.307885
-0.709736 0.394522 0.307885
-0.631319 0.394522 0.307885
-0.709736 0.472938 0.307885
-0.631319 0.472938 0.307885
-0.474487 0.472938 0.307885
-0.396071 0.472938 0.307885
-0.788152 0.472938 0.307885
-0.788152 0.551354 0.307885
-0.709736 0.551354 0.307885
-0.631319 0.551354 0.307885
0.152842 0.472938 0.307885
0.231258 0.472938 0.307885
0.152842 0.551354 0.307885
0.231258 0.551354 0.307885
0.309675 0.472938 0.307885
0.309675 0.551354 0.307885
-0.788152 0.629770 0.307885
-0.709736 0.629770 0.307885
-0.631319 0.629770 0.307885
0.152842 0.629770 0.307885
0.231258 0.629770 0.307885
0.309675 0.629770 0.307885
-0.788152 0.708186 0.229469
-0.788152 0.708186 0.307885
-0.709736 0.708186 0.307885
-0.631319 0.708186 0.307885
0.074426 0.629770 0.307885
0.074426 0.708186 0.307885
0.152842 0.708186 0.307885
0.231258 0.708186 0.307885
0.309675 0.708186 0.307885
0.074426 0.786602 0.307885
0.152842 0.786602 0.307885
0.231258 0.786602 0.307885
0.309675 0.786602 0.229469
0.309675 0.786602 0.307885
-0.003990 0.786602 0.307885
-0.003990 0.865019 0.307885
0.074426 0.865019 0.307885
0.152842 0.865019 0.307885
0.231258 0.865019 0.307885
-0.160823 0.865019 0.229469
-0.160823 0.865019 0.307885
-0.082406 0.865019 0.307885
-0.160823 0.943435 0.307885
-0.082406 0.943435 0.307885
-0.003990 0.943435 0.307885
0.074426 0.943435 0.307885
0.152842 0.943435 0.307885
-0.160823 1.021851 0.307885
-0.082406 1.021851 0.307885
-0.003990 1.021851 0.307885
0.074426 1.021851 0.307885
-0.160823 1.100267 0.229469
-0.082406 1.100267 0.229469
-0.160823 1.100267 0.307885
-0.082406 1.100267 0.307885
-0.003990 1.100267 0.229469
-0.003990 1.100267 0.307885
-0.239239 1.100267 0.229469
-0.239239 1.178683 0.229469
-0.160823 1.178683 0.229469
-0.239239 1.100267 0.307885
-0.239239 1.178683 0.307885
-0.160823 1.178683 0.307885
-0.082406 1.178683 0.229469
-0.082406 1.178683 0.307885
-0.239239 1.257099 0.229469
-0.160823 1.257099 0.229469
-0.239239 1.257099 0.307885
-0.160823 1.257099 0.307885
-0.082406 1.257099 0.229469
-0.082406 1.257099 0.307885
-0.317655 1.257099 0.229469
-0.317655 1.335515 0.229469
-0.239239 1.335515 0.229469
-0.317655 1.257099 0.307885
-0.317655 1.335515 0.307885
-0.239239 1.335515 0.307885
-0.160823 1.335515 0.229469
-0.160823 1.335515 0.307885
0.074426 -1.252218 0.386302
0.152842 -1.252218 0.386302
0.074426 -1.173802 0.386302
0.152842 -1.173802 0.386302
0.231258 -1.252218 0.386302
0.231258 -1.173802 0.386302
0.309675 -1.252218 0.386302
0.309675 -1.173802 0.386302
0.152842 -1.095386 0.386302
0.231258 -1.095386 0.386302
0.309675 -1.095386 0.386302
0.388091 -1.173802 0.386302
0.388091 -1.095386 0.386302
0.544923 -1.173802 0.307885
0.466507 -1.173802 0.386302
0.544923 -1.173802 0.386302
0.466507 -1.095386 0.386302
0.544923 -1.095386 0.386302
0.466507 -1.016969 0.386302
0.544923 -1.016969 0.386302
0.623339 -1.095386 0.307885
0.623339 -1.095386 0.386302
0.623339 -1.016969 0.386302
1.093836 -1.095386 0.307885
1.172252 -1.095386 0.307885
1.093836 -1.016969 0.307885
1.172252 -1.016969 0.307885
1.093836 -1.095386 0.386302
1.172252 -1.095386 0.386302
1.093836 -1.016969 0.386302
1.172252 -1.016969 0.386302
1.250669 -1.095386 0.307885
1.250669 -1.016969 0.307885
1.250669 -1.095386 0.386302
1.250669 -1.016969 0.386302
0.466507 -0.938553 0.386302
0.544923 -0.938553 0.386302
0.623339 -0.938553 0.386302
1.093836 -0.938553 0.307885
1.172252 -0.938553 0.307885
1.093836 -0.938553 0.386302
1.172252 -0.938553 0.386302
1.250669 -0.938553 0.307885
1.250669 -0.938553 0.386302
-0.631319 -0.938553 0.386302
-0.552903 -0.938553 0.386302
-0.631319 -0.860137 0.386302
-0.552903 -0.860137 0.386302
-0.474487 -0.938553 0.307885
-0.474487 -0.938553 0.386302
-0.474487 -0.860137 0.386302
-0.396071 -0.938553 0.307885
-0.396071 -0.860137 0.307885
-0.396071 -0.938553 0.386302
-0.396071 -0.860137 0.386302
0.466507 -0.860137 0.386302
0.544923 -0.860137 0.386302
0.623339 -0.860137 0.386302
0.701755 -0.938553 0.386302
0.701755 -0.860137 0.386302
0.858588 -0.938553 0.307885
0.937004 -0.938553 0.307885
0.858588 -0.860137 0.307885
0.937004 -0.860137 0.307885
0.858588 -0.938553 0.386302
0.937004 -0.938553 0.386302
0.858588 -0.860137 0.386302
0.937004 -0.860137 0.386302
-0.631319 -0.781721 0.386302
-0.552903 -0.781721 0.386302
-0.474487 -0.781721 0.386302
-0.396071 -0.781721 0.307885
-0.396071 -0.781721 0.386302
0.466507 -0.781721 0.386302
0.544923 -0.781721 0.386302
0.623339 -0.781721 0.386302
0.701755 -0.781721 0.386302
0.780171 -0.860137 0.386302
0.780171 -0.781721 0.386302
0.858588 -0.781721 0.307885
0.858588 -0.781721 0.386302
0.937004 -0.781721 0.307885
0.937004 -0.781721 0.386302
-0.631319 -0.703305 0.386302
-0.552903 -0.703305 0.386302
-0.474487 -0.703305 0.386302
0.466507 -0.703305 0.386302
0.544923 -0.703305 0.386302
0.623339 -0.703305 0.386302
0.701755 -0.703305 0.386302
0.780171 -0.703305 0.386302
0.858588 -0.703305 0.307885
0.858588 -0.703305 0.386302
0.937004 -0.703305 0.307885
0.937004 -0.703305 0.386302
-0.631319 -0.624889 0.386302
-0.552903 -0.624889 0.386302
-0.474487 -0.624889 0.386302
0.466507 -0.624889 0.386302
0.544923 -0.624889 0.386302
0.623339 -0.624889 0.386302
0.701755 -0.624889 0.386302
0.780171 -0.624889 0.386302
0.858588 -0.624889 0.307885
0.858588 -0.624889 0.386302
0.937004 -0.624889 0.307885
0.937004 -0.624889 0.386302
-0.788152 -0.624889 0.307885
-0.788152 -0.546472 0.307885
-0.788152 -0.624889 0.386302
-0.709736 -0.624889 0.386302
-0.788152 -0.546472 0.386302
-0.709736 -0.546472 0.386302
-0.631319 -0.546472 0.386302
-0.552903 -0.546472 0.386302
0.701755 -0.546472 0.307885
0.780171 -0.546472 0.307885
0.701755 -0.546472 0.386302
0.780171 -0.546472 0.386302
0.858588 -0.546472 0.307885
0.858588 -0.546472 0.386302
0.937004 -0.546472 0.307885
0.937004 -0.546472 0.386302
-0.709736 -0.468056 0.386302
-0.631319 -0.468056 0.386302
-0.552903 -0.468056 0.386302
-0.474487 -0.546472 0.386302
-0.474487 -0.468056 0.386302
0.701755 -0.468056 0.307885
0.780171 -0.468056 0.307885
0.701755 -0.468056 0.386302
0.780171 -0.468056 0.386302
0.858588 -0.468056 0.307885
0.858588 -0.468056 0.386302
0.937004 -0.468056 0.307885
0.937004 -0.468056 0.386302
-0.709736 -0.389640 0.386302
-0.631319 -0.389640 0.386302
-0.552903 -0.389640 0.386302
-0.474487 -0.389640 0.386302
0.780171 -0.389640 0.386302
0.858588 -0.389640 0.386302
0.937004 -0.389640 0.307885
0.937004 -0.389640 0.386302
-0.709736 -0.311224 0.386302
-0.631319 -0.311224 0.386302
-0.552903 -0.311224 0.386302
-0.474487 -0.311224 0.386302
-0.396071 -0.389640 0.307885
-0.396071 -0.311224 0.307885
-0.396071 -0.389640 0.386302
-0.396071 -0.311224 0.386302
0.623339 -0.389640 0.386302
0.701755 -0.389640 0.386302
0.623339 -0.311224 0.386302
0.701755 -0.311224 0.386302
0.780171 -0.311224 0.386302
0.858588 -0.311224 0.386302
0.937004 -0.311224 0.386302
-0.709736 -0.232808 0.386302
-0.631319 -0.232808 0.386302
-0.552903 -0.232808 0.386302
0.544923 -0.311224 0.386302
0.544923 -0.232808 0.386302
0.623339 -0.232808 0.386302
0.701755 -0.232808 0.386302
0.780171 -0.232808 0.386302
0.858588 -0.232808 0.386302
0.937004 -0.232808 0.386302
-1.180233 -0.232808 0.386302
-1.101816 -0.232808 0.386302
-1.180233 -0.154392 0.386302
-1.101816 -0.154392 0.386302
-1.023400 -0.232808 0.386302
-1.023400 -0.154392 0.386302
-0.788152 -0.232808 0.386302
-0.788152 -0.154392 0.386302
-0.709736 -0.154392 0.386302
-0.631319 -0.154392 0.386302
0.544923 -0.154392 0.386302
0.623339 -0.154392 0.386302
0.701755 -0.154392 0.386302
0.780171 -0.154392 0.386302
0.858588 -0.154392 0.386302
0.937004 -0.154392 0.386302
-0.788152 -0.075975 0.307885
-0.788152 -0.075975 0.386302
-0.709736 -0.075975 0.386302
-0.631319 -0.075975 0.386302
0.544923 -0.075975 0.386302
0.623339 -0.075975 0.386302
0.701755 -0.075975 0.386302
0.780171 -0.075975 0.386302
0.858588 -0.075975 0.386302
-0.788152 0.002441 0.307885
-0.709736 0.002441 0.307885
-0.788152 0.002441 0.386302
-0.709736 0.002441 0.386302
0.623339 0.002441 0.386302
0.701755 0.002441 0.386302
0.780171 0.002441 0.386302
0.858588 0.002441 0.307885
0.858588 0.002441 0.386302
0.937004 -0.075975 0.307885
0.937004 0.002441 0.307885
0.937004 -0.075975 0.386302
0.937004 0.002441 0.386302
-0.474487 0.237689 0.386302
-0.396071 0.237689 0.386302
-0.474487 0.316105 0.386302
-0.396071 0.316105 0.386302
-0.317655 0.237689 0.386302
-0.317655 0.316105 0.386302
-0.474487 0.394522 0.386302
-0.396071 0.394522 0.386302
-0.317655 0.394522 0.386302
-0.239239 0.316105 0.307885
-0.239239 0.394522 0.307885
-0.239239 0.316105 0.386302
-0.239239 0.394522 0.386302
-0.317655 0.472938 0.307885
-0.396071 0.472938 0.386302
-0.317655 0.472938 0.386302
-0.866568 0.551354 0.307885
-0.866568 0.629770 0.307885
-0.866568 0.551354 0.386302
-0.788152 0.551354 0.386302
-0.866568 0.629770 0.386302
-0.788152 0.629770 0.386302
-0.709736 0.551354 0.386302
-0.709736 0.629770 0.386302
-0.631319 0.551354 0.386302
-0.631319 0.629770 0.386302
0.231258 0.551354 0.386302
0.309675 0.551354 0.386302
0.231258 0.629770 0.386302
0.309675 0.629770 0.386302
-0.866568 0.708186 0.307885
-0.866568 0.708186 0.386302
-0.788152 0.708186 0.386302
-0.709736 0.708186 0.386302
0.231258 0.708186 0.386302
0.309675 0.708186 0.386302
-0.788152 0.786602 0.307885
-0.709736 0.786602 0.307885
-0.788152 0.786602 0.386302
-0.709736 0.786602 0.386302
-0.631319 0.786602 0.307885
-0.631319 0.708186 0.386302
-0.631319 0.786602 0.386302
0.074426 0.708186 0.386302
0.152842 0.708186 0.386302
0.074426 0.786602 0.386302
0.152842 0.786602 0.386302
0.231258 0.786602 0.386302
-0.788152 0.865019 0.307885
-0.709736 0.865019 0.307885
-0.788152 0.865019 0.386302
-0.709736 0.865019 0.386302
-0.631319 0.865019 0.307885
-0.631319 0.865019 0.386302
-0.788152 0.943435 0.307885
-0.709736 0.943435 0.307885
-0.788152 0.943435 0.386302
-0.709736 0.943435 0.386302
-0.631319 0.943435 0.307885
-0.631319 0.943435 0.386302
-0.082406 0.865019 0.386302
-0.003990 0.865019 0.386302
-0.082406 0.943435 0.386302
-0.003990 0.943435 0.386302
-0.788152 1.021851 0.307885
-0.709736 1.021851 0.307885
-0.788152 1.021851 0.386302
-0.709736 1.021851 0.386302
-0.160823 1.021851 0.386302
-0.082406 1.021851 0.386302
-0.160823 1.100267 0.386302
-0.082406 1.100267 0.386302
-0.317655 1.100267 0.307885
-0.317655 1.178683 0.307885
-0.317655 1.100267 0.386302
-0.239239 1.100267 0.386302
-0.317655 1.178683 0.386302
-0.239239 1.178683 0.386302
-0.160823 1.178683 0.386302
-0.082406 1.178683 0.386302
-0.239239 1.257099 0.386302
-0.160823 1.257099 0.386302
-0.003990 -1.252218 0.386302
-0.003990 -1.173802 0.386302
-0.003990 -1.252218 0.464718
0.074426 -1.252218 0.464718
-0.003990 -1.173802 0.464718
0.074426 -1.173802 0.464718
0.152842 -1.252218 0.464718
0.152842 -1.173802 0.464718
0.388091 -1.173802 0.464718
0.466507 -1.173802 0.464718
0.388091 -1.095386 0.464718
0.466507 -1.095386 0.464718
0.544923 -1.173802 0.464718
0.544923 -1.095386 0.464718
0.466507 -1.016969 0.464718
0.544923 -1.016969 0.464718
0.623339 -1.095386 0.464718
0.623339 -1.016969 0.464718
1.015420 -1.095386 0.386302
1.015420 -1.016969 0.386302
1.015420 -1.095386 0.464718
1.093836 -1.095386 0.464718
1.015420 -1.016969 0.464718
1.093836 -1.016969 0.464718
1.172252 -1.095386 0.464718
1.172252 -1.016969 0.464718
1.250669 -1.095386 0.464718
1.250669 -1.016969 0.464718
1.329085 -1.095386 0.386302
1.329085 -1.016969 0.386302
1.329085 -1.095386 0.464718
1.329085 -1.016969 0.464718
-0.474487 -1.016969 0.386302
-0.396071 -1.016969 0.386302
-0.474487 -1.016969 0.464718
-0.396071 -1.016969 0.464718
-0.474487 -0.938553 0.464718
-0.396071 -0.938553 0.464718
-0.317655 -1.016969 0.386302
-0.317655 -0.938553 0.386302
-0.317655 -1.016969 0.464718
-0.317655 -0.938553 0.464718
0.466507 -0.938553 0.464718
0.544923 -0.938553 0.464718
0.623339 -0.938553 0.464718
0.858588 -1.016969 0.386302
0.937004 -1.016969 0.386302
0.858588 -1.016969 0.464718
0.937004 -1.016969 0.464718
0.858588 -0.938553 0.464718
0.937004 -0.938553 0.464718
1.015420 -0.938553 0.386302
1.015420 -0.938553 0.464718
1.093836 -0.938553 0.464718
1.172252 -0.938553 0.464718
1.250669 -0.938553 0.464718
1.329085 -0.938553 0.386302
1.329085 -0.938553 0.464718
-0.552903 -0.938553 0.464718
-0.552903 -0.860137 0.464718
-0.474487 -0.860137 0.464718
-0.396071 -0.860137 0.464718
-0.317655 -0.860137 0.386302
-0.317655 -0.860137 0.464718
0.544923 -0.860137 0.464718
0.623339 -0.860137 0.464718
0.780171 -0.938553 0.386302
0.780171 -0.938553 0.464718
0.780171 -0.860137 0.464718
0.858588 -0.860137 0.464718
0.937004 -0.860137 0.464718
1.015420 -0.860137 0.386302
1.015420 -0.860137 0.464718
1.093836 -0.860137 0.386302
1.093836 -0.860137 0.464718
-0.552903 -0.781721 0.464718
-0.474487 -0.781721 0.464718
-0.396071 -0.781721 0.464718
0.544923 -0.781721 0.464718
0.623339 -0.781721 0.464718
0.701755 -0.860137 0.464718
0.701755 -0.781721 0.464718
0.780171 -0.781721 0.464718
0.858588 -0.781721 0.464718
0.937004 -0.781721 0.464718
1.015420 -0.781721 0.386302
1.015420 -0.781721 0.464718
0.544923 -0.703305 0.464718
0.623339 -0.703305 0.464718
0.701755 -0.703305 0.464718
0.780171 -0.703305 0.464718
0.858588 -0.703305 0.464718
0.937004 -0.703305 0.464718
-0.788152 -0.703305 0.386302
-0.709736 -0.703305 0.386302
-0.788152 -0.703305 0.464718
-0.709736 -0.703305 0.464718
-0.788152 -0.624889 0.464718
-0.709736 -0.624889 0.464718
-0.631319 -0.703305 0.464718
-0.631319 -0.624889 0.464718
0.544923 -0.624889 0.464718
0.623339 -0.624889 0.464718
0.701755 -0.624889 0.464718
0.780171 -0.624889 0.464718
0.858588 -0.624889 0.464718
0.937004 -0.624889 0.464718
-0.788152 -0.546472 0.464718
-0.709736 -0.546472 0.464718
-0.631319 -0.546472 0.464718
0.701755 -0.546472 0.464718
0.780171 -0.546472 0.464718
0.858588 -0.546472 0.464718
0.937004 -0.546472 0.464718
0.701755 -0.468056 0.464718
0.780171 -0.468056 0.464718
0.858588 -0.468056 0.464718
0.937004 -0.468056 0.464718
-0.631319 -0.468056 0.464718
-0.552903 -0.468056 0.464718
-0.631319 -0.389640 0.464718
-0.552903 -0.389640 0.464718
-0.474487 -0.468056 0.464718
-0.474487 -0.389640 0.464718
-0.396071 -0.468056 0.386302
-0.396071 -0.468056 0.464718
-0.396071 -0.389640 0.464718
0.701755 -0.389640 0.464718
0.780171 -0.389640 0.464718
0.858588 -0.389640 0.464718
0.937004 -0.389640 0.464718
1.015420 -0.468056 0.386302
1.015420 -0.389640 0.386302
1.015420 -0.468056 0.464718
1.015420 -0.389640 0.464718
-0.631319 -0.311224 0.464718
-0.552903 -0.311224 0.464718
-0.474487 -0.311224 0.464718
-0.396071 -0.311224 0.464718
0.623339 -0.389640 0.464718
0.623339 -0.311224 0.464718
0.701755 -0.311224 0.464718
0.780171 -0.311224 0.464718
0.858588 -0.311224 0.464718
0.937004 -0.311224 0.464718
1.015420 -0.311224 0.386302
1.015420 -0.311224 0.464718
-1.180233 -0.311224 0.386302
-1.101816 -0.311224 0.386302
-1.180233 -0.311224 0.464718
-1.101816 -0.311224 0.464718
-1.180233 -0.232808 0.464718
-1.101816 -0.232808 0.464718
0.623339 -0.232808 0.464718
0.701755 -0.232808 0.464718
0.780171 -0.232808 0.464718
0.858588 -0.232808 0.464718
0.937004 -0.232808 0.464718
1.015420 -0.232808 0.386302
1.015420 -0.232808 0.464718
-1.180233 -0.154392 0.464718
-1.101816 -0.154392 0.464718
-0.709736 -0.232808 0.464718
-0.631319 -0.232808 0.464718
-0.709736 -0.154392 0.464718
-0.631319 -0.154392 0.464718
0.623339 -0.154392 0.464718
0.701755 -0.154392 0.464718
0.780171 -0.154392 0.464718
0.858588 -0.154392 0.464718
0.937004 -0.154392 0.464718
-0.788152 -0.154392 0.464718
-0.788152 -0.075975 0.464718
-0.709736 -0.075975 0.464718
-0.631319 -0.075975 0.464718
0.623339 -0.075975 0.464718
0.701755 -0.075975 0.464718
0.780171 -0.075975 0.464718
0.858588 -0.075975 0.464718
-0.866568 -0.075975 0.386302
-0.866568 0.002441 0.386302
-0.866568 -0.075975 0.464718
-0.866568 0.002441 0.464718
-0.788152 0.002441 0.464718
-0.709736 0.002441 0.464718
-0.631319 0.002441 0.386302
-0.631319 0.002441 0.464718
0.780171 0.002441 0.464718
0.858588 0.002441 0.464718
0.937004 -0.075975 0.464718
0.937004 0.002441 0.464718
-0.944984 0.002441 0.386302
-0.944984 0.080857 0.386302
-0.866568 0.080857 0.386302
-0.944984 0.002441 0.464718
-0.944984 0.080857 0.464718
-0.866568 0.080857 0.464718
-0.788152 0.080857 0.386302
-0.788152 0.080857 0.464718
-0.709736 0.080857 0.386302
-0.709736 0.080857 0.464718
-0.396071 0.316105 0.464718
-0.317655 0.316105 0.464718
-0.396071 0.394522 0.464718
-0.317655 0.394522 0.464718
-0.239239 0.316105 0.464718
-0.239239 0.394522 0.464718
-0.396071 0.472938 0.464718
-0.317655 0.472938 0.464718
-0.239239 0.472938 0.386302
-0.239239 0.472938 0.464718
-0.788152 0.708186 0.464718
-0.709736 0.708186 0.464718
-0.788152 0.786602 0.464718
-0.709736 0.786602 0.464718
-0.631319 0.708186 0.464718
-0.631319 0.786602 0.464718
-0.788152 0.865019 0.464718
-0.709736 0.865019 0.464718
-0.631319 0.865019 0.464718
-0.552903 0.786602 0.386302
-0.552903 0.865019 0.386302
-0.552903 0.786602 0.464718
-0.552903 0.865019 0.464718
-0.788152 0.943435 0.464718
-0.709736 0.943435 0.464718
-0.631319 0.943435 0.464718
-0.788152 1.021851 0.464718
-0.709736 1.021851 0.464718
0.388091 -1.173802 0.543134
0.466507 -1.173802 0.543134
0.388091 -1.095386 0.543134
0.466507 -1.095386 0.543134
0.544923 -1.173802 0.543134
0.544923 -1.095386 0.543134
1.093836 -1.173802 0.464718
1.172252 -1.173802 0.464718
1.093836 -1.173802 0.543134
1.172252 -1.173802 0.543134
1.093836 -1.095386 0.543134
1.172252 -1.095386 0.543134
1.015420 -1.095386 0.543134
1.015420 -1.016969 0.543134
1.093836 -1.016969 0.543134
1.172252 -1.016969 0.543134
1.250669 -1.095386 0.543134
1.250669 -1.016969 0.543134
1.329085 -1.095386 0.543134
1.329085 -1.016969 0.543134
1.407501 -1.095386 0.464718
1.407501 -1.016969 0.464718
1.407501 -1.095386 0.543134
1.407501 -1.016969 0.543134
1.485917 -1.095386 0.464718
1.485917 -1.016969 0.464718
1.485917 -1.095386 0.543134
1.485917 -1.016969 0.543134
-0.474487 -1.016969 0.543134
-0.396071 -1.016969 0.543134
-0.474487 -0.938553 0.543134
-0.396071 -0.938553 0.543134
-0.317655 -1.016969 0.543134
-0.317655 -0.938553 0.543134
0.937004 -1.016969 0.543134
0.937004 -0.938553 0.543134
1.015420 -0.938553 0.543134
1.093836 -0.938553 0.543134
1.172252 -0.938553 0.543134
1.250669 -0.938553 0.543134
1.329085 -0.938553 0.543134
-0.474487 -0.860137 0.543134
-0.396071 -0.860137 0.543134
-0.317655 -0.860137 0.543134
0.858588 -0.938553 0.543134
0.858588 -0.860137 0.543134
0.937004 -0.860137 0.543134
1.015420 -0.860137 0.543134
1.093836 -0.860137 0.543134
0.701755 -0.860137 0.543134
0.780171 -0.860137 0.543134
0.701755 -0.781721 0.543134
0.780171 -0.781721 0.543134
0.858588 -0.781721 0.543134
0.937004 -0.781721 0.543134
1.015420 -0.781721 0.543134
0.623339 -0.781721 0.543134
0.623339 -0.703305 0.543134
0.701755 -0.703305 0.543134
0.780171 -0.703305 0.543134
0.858588 -0.703305 0.543134
0.937004 -0.703305 0.543134
1.015420 -0.703305 0.464718
1.015420 -0.703305 0.543134
-0.788152 -0.703305 0.543134
-0.709736 -0.703305 0.543134
-0.788152 -0.624889 0.543134
-0.709736 -0.624889 0.543134
-0.631319 -0.703305 0.543134
-0.631319 -0.624889 0.543134
0.623339 -0.624889 0.543134
0.701755 -0.624889 0.543134
0.780171 -0.624889 0.543134
0.858588 -0.624889 0.543134
0.937004 -0.624889 0.543134
0.701755 -0.546472 0.543134
0.780171 -0.546472 0.543134
0.858588 -0.546472 0.543134
0.937004 -0.546472 0.543134
0.701755 -0.468056 0.543134
0.780171 -0.468056 0.543134
0.858588 -0.468056 0.543134
0.937004 -0.468056 0.543134
-0.552903 -0.468056 0.543134
-0.474487 -0.468056 0.543134
-0.552903 -0.389640 0.543134
-0.474487 -0.389640 0.543134
-0.396071 -0.468056 0.543134
-0.396071 -0.389640 0.543134
0.701755 -0.389640 0.543134
0.780171 -0.389640 0.543134
0.858588 -0.389640 0.543134
0.937004 -0.389640 0.543134
1.015420 -0.468056 0.543134
1.015420 -0.389640 0.543134
-0.552903 -0.311224 0.543134
-0.474487 -0.311224 0.543134
-0.396071 -0.311224 0.543134
-0.317655 -0.389640 0.464718
-0.317655 -0.311224 0.464718
-0.317655 -0.389640 0.543134
-0.317655 -0.311224 0.543134
0.701755 -0.311224 0.543134
0.780171 -0.311224 0.543134
0.858588 -0.311224 0.543134
0.937004 -0.311224 0.543134
1.015420 -0.311224 0.543134
1.093836 -0.389640 0.464718
1.093836 -0.311224 0.464718
1.093836 -0.389640 0.543134
1.093836 -0.311224 0.543134
-0.474487 -0.232808 0.464718
-0.396071 -0.232808 0.464718
-0.474487 -0.232808 0.543134
-0.396071 -0.232808 0.543134
-0.317655 -0.232808 0.464718
-0.317655 -0.232808 0.543134
0.701755 -0.232808 0.543134
0.780171 -0.232808 0.543134
0.858588 -0.232808 0.543134
0.937004 -0.232808 0.543134
1.015420 -0.232808 0.543134
1.093836 -0.232808 0.464718
1.093836 -0.232808 0.543134
0.701755 -0.154392 0.543134
0.780171 -0.154392 0.543134
0.858588 -0.154392 0.543134
0.937004 -0.154392 0.543134
-0.788152 -0.154392 0.543134
-0.709736 -0.154392 0.543134
-0.788152 -0.075975 0.543134
-0.709736 -0.075975 0.543134
-0.866568 -0.075975 0.543134
-0.866568 0.002441 0.543134
-0.788152 0.002441 0.543134
-0.709736 0.002441 0.543134
-0.866568 0.080857 0.543134
-0.788152 0.080857 0.543134
-0.709736 0.080857 0.543134
-0.396071 0.316105 0.543134
-0.317655 0.316105 0.543134
-0.396071 0.394522 0.543134
-0.317655 0.394522 0.543134
-0.239239 0.316105 0.543134
-0.239239 0.394522 0.543134
-0.317655 0.472938 0.543134
-0.239239 0.472938 0.543134
-0.552903 0.708186 0.464718
-0.631319 0.708186 0.543134
-0.552903 0.708186 0.543134
-0.631319 0.786602 0.543134
-0.552903 0.786602 0.543134
-0.631319 0.865019 0.543134
-0.552903 0.865019 0.543134
0.388091 -1.173802 0.621550
0.466507 -1.173802 0.621550
0.388091 -1.095386 0.621550
0.466507 -1.095386 0.621550
-0.396071 -1.016969 0.621550
-0.317655 -1.016969 0.621550
-0.396071 -0.938553 0.621550
-0.317655 -0.938553 0.621550
-0.239239 -1.016969 0.543134
-0.239239 -0.938553 0.543134
-0.239239 -1.016969 0.621550
-0.239239 -0.938553 0.621550
-0.396071 -0.860137 0.621550
-0.317655 -0.860137 0.621550
-0.239239 -0.860137 0.543134
-0.239239 -0.860137 0.621550
0.937004 -0.938553 0.621550
1.015420 -0.938553 0.621550
0.937004 -0.860137 0.621550
1.015420 -0.860137 0.621550
1.093836 -0.938553 0.621550
1.093836 -0.860137 0.621550
0.701755 -0.860137 0.621550
0.780171 -0.860137 0.621550
0.701755 -0.781721 0.621550
0.780171 -0.781721 0.621550
0.858588 -0.860137 0.621550
0.858588 -0.781721 0.621550
0.937004 -0.781721 0.621550
1.015420 -0.781721 0.621550
1.093836 -0.781721 0.543134
1.093836 -0.781721 0.621550
1.172252 -0.860137 0.543134
1.172252 -0.781721 0.543134
1.172252 -0.860137 0.621550
1.172252 -0.781721 0.621550
0.701755 -0.703305 0.621550
0.780171 -0.703305 0.621550
0.858588 -0.703305 0.621550
0.937004 -0.703305 0.621550
1.015420 -0.703305 0.621550
1.093836 -0.703305 0.543134
1.093836 -0.703305 0.621550
0.780171 -0.624889 0.621550
0.858588 -0.624889 0.621550
0.701755 -0.624889 0.621550
0.701755 -0.546472 0.621550
0.780171 -0.546472 0.621550
0.858588 -0.546472 0.621550
0.937004 -0.624889 0.621550
0.937004 -0.546472 0.621550
-0.396071 -0.546472 0.543134
-0.317655 -0.546472 0.543134
-0.317655 -0.468056 0.543134
-0.396071 -0.546472 0.621550
-0.317655 -0.546472 0.621550
-0.396071 -0.468056 0.621550
-0.317655 -0.468056 0.621550
0.701755 -0.468056 0.621550
0.780171 -0.468056 0.621550
0.858588 -0.468056 0.621550
0.937004 -0.468056 0.621550
-0.552903 -0.468056 0.621550
-0.474487 -0.468056 0.621550
-0.552903 -0.389640 0.621550
-0.474487 -0.389640 0.621550
-0.396071 -0.389640 0.621550
-0.317655 -0.389640 0.621550
0.701755 -0.389640 0.621550
0.780171 -0.389640 0.621550
0.858588 -0.389640 0.621550
0.937004 -0.389640 0.621550
-0.474487 -0.311224 0.621550
-0.396071 -0.311224 0.621550
-0.317655 -0.311224 0.621550
0.701755 -0.311224 0.621550
0.780171 -0.311224 0.621550
0.858588 -0.311224 0.621550
0.937004 -0.311224 0.621550
1.015420 -0.389640 0.621550
1.015420 -0.311224 0.621550
1.093836 -0.389640 0.621550
1.093836 -0.311224 0.621550
-0.474487 -0.232808 0.621550
-0.396071 -0.232808 0.621550
-0.317655 -0.232808 0.621550
0.780171 -0.232808 0.621550
0.858588 -0.232808 0.621550
0.937004 -0.232808 0.621550
1.015420 -0.232808 0.621550
1.093836 -0.232808 0.621550
1.172252 -0.311224 0.543134
1.172252 -0.232808 0.543134
1.172252 -0.311224 0.621550
1.172252 -0.232808 0.621550
-0.474487 -0.154392 0.543134
-0.396071 -0.154392 0.543134
-0.474487 -0.154392 0.621550
-0.396071 -0.154392 0.621550
-0.317655 -0.154392 0.543134
-0.317655 -0.154392 0.621550
1.015420 -0.154392 0.543134
1.093836 -0.154392 0.543134
1.015420 -0.154392 0.621550
1.093836 -0.154392 0.621550
1.172252 -0.154392 0.543134
1.172252 -0.154392 0.621550
-0.866568 0.002441 0.621550
-0.788152 0.002441 0.621550
-0.866568 0.080857 0.621550
-0.788152 0.080857 0.621550
-0.944984 0.080857 0.543134
-0.944984 0.159273 0.543134
-0.866568 0.159273 0.543134
-0.944984 0.080857 0.621550
-0.944984 0.159273 0.621550
-0.866568 0.159273 0.621550
-0.788152 0.159273 0.543134
-0.788152 0.159273 0.621550
-0.709736 0.159273 0.543134
-0.709736 0.080857 0.621550
-0.709736 0.159273 0.621550
-0.396071 0.237689 0.543134
-0.317655 0.237689 0.543134
-0.396071 0.237689 0.621550
-0.317655 0.237689 0.621550
-0.396071 0.316105 0.621550
-0.317655 0.316105 0.621550
-0.239239 0.237689 0.543134
-0.239239 0.237689 0.621550
-0.239239 0.316105 0.621550
-0.396071 0.394522 0.621550
-0.317655 0.394522 0.621550
-0.239239 0.394522 0.621550
-0.317655 0.472938 0.621550
-0.239239 0.472938 0.621550
-0.631319 0.708186 0.621550
-0.552903 0.708186 0.621550
-0.631319 0.786602 0.621550
-0.552903 0.786602 0.621550
-0.631319 0.865019 0.621550
-0.552903 0.865019 0.621550
0.780171 -0.938553 0.621550
0.858588 -0.938553 0.621550
0.780171 -0.938553 0.699966
0.858588 -0.938553 0.699966
0.780171 -0.860137 0.699966
0.858588 -0.860137 0.699966
0.937004 -0.938553 0.699966
0.937004 -0.860137 0.699966
1.172252 -0.938553 0.621550
1.093836 -0.938553 0.699966
1.172252 -0.938553 0.699966
1.093836 -0.860137 0.699966
1.172252 -0.860137 0.699966
1.250669 -0.938553 0.621550
1.250669 -0.860137 0.621550
1.250669 -0.938553 0.699966
1.250669 -0.860137 0.699966
0.701755 -0.860137 0.699966
0.701755 -0.781721 0.699966
0.780171 -0.781721 0.699966
0.858588 -0.781721 0.699966
0.937004 -0.781721 0.699966
1.015420 -0.860137 0.699966
1.015420 -0.781721 0.699966
1.093836 -0.781721 0.699966
1.172252 -0.781721 0.699966
1.250669 -0.781721 0.621550
1.250669 -0.781721 0.699966
0.466507 -0.781721 0.621550
0.544923 -0.781721 0.621550
0.466507 -0.703305 0.621550
0.544923 -0.703305 0.621550
0.466507 -0.781721 0.699966
0.544923 -0.781721 0.699966
0.466507 -0.703305 0.699966
0.544923 -0.703305 0.699966
0.623339 -0.781721 0.621550
0.623339 -0.703305 0.621550
0.623339 -0.781721 0.699966
0.623339 -0.703305 0.699966
0.701755 -0.703305 0.699966
0.780171 -0.703305 0.699966
0.858588 -0.703305 0.699966
1.015420 -0.703305 0.699966
1.093836 -0.703305 0.699966
1.172252 -0.703305 0.621550
1.172252 -0.703305 0.699966
0.466507 -0.624889 0.621550
0.544923 -0.624889 0.621550
0.466507 -0.624889 0.699966
0.544923 -0.624889 0.699966
0.623339 -0.624889 0.621550
0.623339 -0.624889 0.699966
0.701755 -0.624889 0.699966
0.780171 -0.624889 0.699966
-0.396071 -0.546472 0.699966
-0.317655 -0.546472 0.699966
-0.396071 -0.468056 0.699966
-0.317655 -0.468056 0.699966
-0.239239 -0.546472 0.621550
-0.239239 -0.468056 0.621550
-0.239239 -0.546472 0.699966
-0.239239 -0.468056 0.699966
-0.474487 -0.468056 0.699966
-0.474487 -0.389640 0.699966
-0.396071 -0.389640 0.699966
-0.317655 -0.389640 0.699966
-0.239239 -0.389640 0.621550
-0.239239 -0.389640 0.699966
-0.396071 -0.311224 0.699966
-0.317655 -0.311224 0.699966
1.250669 -0.389640 0.621550
1.329085 -0.389640 0.621550
1.250669 -0.311224 0.621550
1.329085 -0.311224 0.621550
1.250669 -0.389640 0.699966
1.329085 -0.389640 0.699966
1.250669 -0.311224 0.699966
1.329085 -0.311224 0.699966
-0.474487 -0.311224 0.699966
-0.474487 -0.232808 0.699966
-0.396071 -0.232808 0.699966
-0.317655 -0.232808 0.699966
1.015420 -0.311224 0.699966
1.093836 -0.311224 0.699966
1.015420 -0.232808 0.699966
1.093836 -0.232808 0.699966
1.172252 -0.311224 0.699966
1.172252 -0.232808 0.699966
1.250669 -0.232808 0.621550
1.250669 -0.232808 0.699966
1.329085 -0.232808 0.621550
1.329085 -0.232808 0.699966
-0.474487 -0.154392 0.699966
-0.396071 -0.154392 0.699966
-0.317655 -0.154392 0.699966
-0.239239 -0.232808 0.621550
-0.239239 -0.154392 0.621550
-0.239239 -0.232808 0.699966
-0.239239 -0.154392 0.699966
1.093836 -0.154392 0.699966
1.172252 -0.154392 0.699966
1.250669 -0.154392 0.621550
1.250669 -0.154392 0.699966
1.329085 -0.154392 0.621550
1.329085 -0.154392 0.699966
1.407501 -0.232808 0.621550
1.407501 -0.154392 0.621550
1.407501 -0.232808 0.699966
1.407501 -0.154392 0.699966
1.485917 -0.232808 0.621550
1.485917 -0.154392 0.621550
1.485917 -0.232808 0.699966
1.485917 -0.154392 0.699966
-0.396071 -0.075975 0.621550
-0.317655 -0.075975 0.621550
-0.396071 -0.075975 0.699966
-0.317655 -0.075975 0.699966
-0.239239 -0.075975 0.621550
-0.239239 -0.075975 0.699966
-0.944984 0.002441 0.621550
-0.944984 0.002441 0.699966
-0.866568 0.002441 0.699966
-0.944984 0.080857 0.699966
-0.866568 0.080857 0.699966
-0.788152 0.002441 0.699966
-0.788152 0.080857 0.699966
-0.866568 0.159273 0.699966
-0.788152 0.159273 0.699966
-0.709736 0.080857 0.699966
-0.709736 0.159273 0.699966
-0.396071 0.237689 0.699966
-0.317655 0.237689 0.699966
-0.396071 0.316105 0.699966
-0.317655 0.316105 0.699966
-0.396071 0.394522 0.699966
-0.317655 0.394522 0.699966
-0.239239 0.316105 0.699966
-0.239239 0.394522 0.699966
0.780171 -0.938553 0.778382
0.858588 -0.938553 0.778382
0.780171 -0.860137 0.778382
0.858588 -0.860137 0.778382
0.937004 -0.938553 0.778382
0.937004 -0.860137 0.778382
1.172252 -0.938553 0.778382
1.250669 -0.938553 0.778382
1.172252 -0.860137 0.778382
1.250669 -0.860137 0.778382
1.329085 -0.938553 0.699966
1.329085 -0.860137 0.699966
1.329085 -0.938553 0.778382
1.329085 -0.860137 0.778382
0.780171 -0.781721 0.778382
0.858588 -0.781721 0.778382
0.937004 -0.781721 0.778382
1.015420 -0.860137 0.778382
1.093836 -0.860137 0.778382
1.015420 -0.781721 0.778382
1.093836 -0.781721 0.778382
1.172252 -0.781721 0.778382
1.250669 -0.781721 0.778382
0.388091 -0.781721 0.699966
0.388091 -0.703305 0.699966
0.388091 -0.781721 0.778382
0.466507 -0.781721 0.778382
0.388091 -0.703305 0.778382
0.466507 -0.703305 0.778382
0.544923 -0.781721 0.778382
0.544923 -0.703305 0.778382
0.623339 -0.781721 0.778382
0.623339 -0.703305 0.778382
0.701755 -0.781721 0.778382
0.701755 -0.703305 0.778382
0.780171 -0.703305 0.778382
1.015420 -0.703305 0.778382
1.093836 -0.703305 0.778382
1.172252 -0.703305 0.778382
1.250669 -0.703305 0.699966
1.250669 -0.703305 0.778382
0.231258 -0.703305 0.699966
0.309675 -0.703305 0.699966
0.231258 -0.624889 0.699966
0.309675 -0.624889 0.699966
0.231258 -0.703305 0.778382
0.309675 -0.703305 0.778382
0.231258 -0.624889 0.778382
0.309675 -0.624889 0.778382
0.388091 -0.624889 0.699966
0.388091 -0.624889 0.778382
0.466507 -0.624889 0.778382
0.544923 -0.624889 0.778382
0.623339 -0.624889 0.778382
0.701755 -0.624889 0.778382
0.780171 -0.624889 0.778382
1.172252 -0.624889 0.699966
1.250669 -0.624889 0.699966
1.172252 -0.624889 0.778382
1.250669 -0.624889 0.778382
-0.239239 -0.624889 0.699966
-0.160823 -0.624889 0.699966
-0.160823 -0.546472 0.699966
-0.239239 -0.624889 0.778382
-0.160823 -0.624889 0.778382
-0.239239 -0.546472 0.778382
-0.160823 -0.546472 0.778382
-0.317655 -0.546472 0.778382
-0.317655 -0.468056 0.778382
-0.239239 -0.468056 0.778382
-0.160823 -0.468056 0.699966
-0.160823 -0.468056 0.778382
-0.317655 -0.389640 0.778382
-0.239239 -0.389640 0.778382
1.250669 -0.389640 0.778382
1.329085 -0.389640 0.778382
1.250669 -0.311224 0.778382
1.329085 -0.311224 0.778382
-0.474487 -0.311224 0.778382
-0.396071 -0.311224 0.778382
-0.474487 -0.232808 0.778382
-0.396071 -0.232808 0.778382
-0.317655 -0.311224 0.778382
-0.317655 -0.232808 0.778382
1.172252 -0.311224 0.778382
1.172252 -0.232808 0.778382
1.250669 -0.232808 0.778382
1.329085 -0.232808 0.778382
1.407501 -0.311224 0.699966
1.407501 -0.311224 0.778382
1.407501 -0.232808 0.778382
-0.396071 -0.154392 0.778382
-0.317655 -0.154392 0.778382
-0.239239 -0.232808 0.778382
-0.239239 -0.154392 0.778382
1.172252 -0.154392 0.778382
1.250669 -0.154392 0.778382
1.329085 -0.154392 0.778382
1.407501 -0.154392 0.778382
1.485917 -0.232808 0.778382
1.485917 -0.154392 0.778382
1.564333 -0.232808 0.699966
1.564333 -0.154392 0.699966
1.564333 -0.232808 0.778382
1.564333 -0.154392 0.778382
-0.396071 -0.075975 0.778382
-0.317655 -0.075975 0.778382
-0.239239 -0.075975 0.778382
1.407501 -0.075975 0.699966
1.485917 -0.075975 0.699966
1.407501 -0.075975 0.778382
1.485917 -0.075975 0.778382
-0.317655 0.002441 0.699966
-0.239239 0.002441 0.699966
-0.317655 0.002441 0.778382
-0.239239 0.002441 0.778382
-0.396071 0.237689 0.778382
-0.317655 0.237689 0.778382
-0.396071 0.316105 0.778382
-0.317655 0.316105 0.778382
-0.396071 0.394522 0.778382
-0.317655 0.394522 0.778382
0.858588 -0.860137 0.856798
0.937004 -0.860137 0.856798
0.858588 -0.781721 0.856798
0.937004 -0.781721 0.856798
0.152842 -0.781721 0.778382
0.231258 -0.781721 0.778382
0.152842 -0.703305 0.778382
0.152842 -0.781721 0.856798
0.231258 -0.781721 0.856798
0.152842 -0.703305 0.856798
0.231258 -0.703305 0.856798
0.309675 -0.781721 0.778382
0.309675 -0.781721 0.856798
0.309675 -0.703305 0.856798
1.093836 -0.781721 0.856798
1.172252 -0.781721 0.856798
1.093836 -0.703305 0.856798
1.172252 -0.703305 0.856798
1.250669 -0.781721 0.856798
1.250669 -0.703305 0.856798
0.152842 -0.624889 0.778382
0.152842 -0.624889 0.856798
0.231258 -0.624889 0.856798
0.309675 -0.624889 0.856798
0.388091 -0.703305 0.856798
0.388091 -0.624889 0.856798
1.172252 -0.624889 0.856798
1.250669 -0.624889 0.856798
1.329085 -0.703305 0.778382
1.329085 -0.624889 0.778382
1.329085 -0.703305 0.856798
1.329085 -0.624889 0.856798
-0.239239 -0.624889 0.856798
-0.160823 -0.624889 0.856798
-0.239239 -0.546472 0.856798
-0.160823 -0.546472 0.856798
-0.239239 -0.468056 0.856798
-0.160823 -0.468056 0.856798
-0.396071 -0.311224 0.856798
-0.317655 -0.311224 0.856798
-0.396071 -0.232808 0.856798
-0.317655 -0.232808 0.856798
-0.396071 -0.154392 0.856798
-0.317655 -0.154392 0.856798
-0.396071 -0.075975 0.856798
-0.317655 -0.075975 0.856798
-0.239239 -0.154392 0.856798
-0.239239 -0.075975 0.856798
-0.160823 -0.154392 0.778382
-0.160823 -0.075975 0.778382
-0.160823 -0.154392 0.856798
-0.160823 -0.075975 0.856798
-0.396071 0.002441 0.778382
-0.396071 0.002441 0.856798
-0.317655 0.002441 0.856798
-0.239239 0.002441 0.856798
-0.160823 0.002441 0.778382
-0.160823 0.002441 0.856798
-0.239239 0.080857 0.778382
-0.160823 0.080857 0.778382
-0.239239 0.080857 0.856798
-0.160823 0.080857 0.856798
-0.396071 0.316105 0.856798
-0.317655 0.316105 0.856798
-0.396071 0.394522 0.856798
-0.317655 0.394522 0.856798
-0.474487 0.394522 0.778382
-0.474487 0.472938 0.778382
-0.396071 0.472938 0.778382
-0.474487 0.394522 0.856798
-0.474487 0.472938 0.856798
-0.396071 0.472938 0.856798
-0.317655 0.472938 0.778382
-0.317655 0.472938 0.856798
0.152842 -0.781721 0.935215
0.231258 -0.781721 0.935215
0.152842 -0.703305 0.935215
0.231258 -0.703305 0.935215
0.309675 -0.781721 0.935215
0.309675 -0.703305 0.935215
0.152842 -0.624889 0.935215
0.231258 -0.624889 0.935215
0.309675 -0.624889 0.935215
1.172252 -0.703305 0.935215
1.250669 -0.703305 0.935215
1.172252 -0.624889 0.935215
1.250669 -0.624889 0.935215
1.329085 -0.703305 0.935215
1.329085 -0.624889 0.935215
1.407501 -0.703305 0.856798
1.407501 -0.624889 0.856798
1.407501 -0.703305 0.935215
1.407501 -0.624889 0.935215
-0.239239 -0.624889 0.935215
-0.160823 -0.624889 0.935215
-0.239239 -0.546472 0.935215
-0.160823 -0.546472 0.935215
-0.082406 -0.624889 0.856798
-0.082406 -0.546472 0.856798
-0.082406 -0.624889 0.935215
-0.082406 -0.546472 0.935215
1.329085 -0.546472 0.856798
1.407501 -0.546472 0.856798
1.329085 -0.546472 0.935215
1.407501 -0.546472 0.935215
-0.396071 -0.311224 0.935215
-0.317655 -0.311224 0.935215
-0.396071 -0.232808 0.935215
-0.317655 -0.232808 0.935215
-0.239239 -0.311224 0.856798
-0.239239 -0.232808 0.856798
-0.239239 -0.311224 0.935215
-0.239239 -0.232808 0.935215
-0.239239 -0.075975 0.935215
-0.160823 -0.075975 0.935215
-0.239239 0.002441 0.935215
-0.160823 0.002441 0.935215
-0.082406 -0.075975 0.856798
-0.082406 0.002441 0.856798
-0.082406 -0.075975 0.935215
-0.082406 0.002441 0.935215
-0.239239 0.080857 0.935215
-0.160823 0.080857 0.935215
-0.082406 0.080857 0.856798
-0.082406 0.080857 0.935215
-0.396071 0.316105 0.935215
-0.317655 0.316105 0.935215
-0.396071 0.394522 0.935215
-0.317655 0.394522 0.935215
-0.160823 0.002441 1.013631
-0.082406 0.002441 1.013631
-0.160823 0.080857 1.013631
-0.082406 0.080857 1.013631

TETRAHEDRA
0 1 2 4
1 3 2 7
1 2 4 7
1 4 5 7
2 4 7 6
4 5 7 9
4 7 6 10
4 8 9 10
7 9 11 10
4 9 7 10
5 12 7 9
12 13 7 15
12 7 9 15
12 9 14 15
7 9 15 11
16 17 18 20
17 19 18 23
17 18 20 23
17 20 21 23
18 20 23 22
17 24 25 26
17 25 19 23
17 21 26 23
25 26 27 23
17 26 25 23
18 19 29 23
18 29 28 30
18 22 23 30
29 23 31 30
18 23 29 30
19 25 29 23
25 32 29 33
25 29 23 33
25 23 27 33
29 23 33 31
34 35 9 36
35 14 9 39
35 9 36 39
35 36 37 39
9 36 39 38
35 40 41 42
35 41 14 39
35 37 42 39
41 42 43 39
35 42 41 39
9 14 15 39
9 15 11 44
9 38 39 44
15 39 45 44
9 39 15 44
14 41 15 39
41 46 15 47
41 15 39 47
41 39 43 47
15 39 47 45
20 21 23 49
20 23 22 50
20 48 49 50
23 49 51 50
20 49 23 50
21 26 23 49
26 27 23 53
26 23 49 53
26 49 52 53
23 49 53 51
22 23 30 50
23 31 30 55
23 30 50 55
23 50 51 55
30 50 55 54
23 27 33 53
23 33 31 55
23 51 53 55
33 53 56 55
23 53 33 55
57 58 42 60
57 42 37 61
57 59 60 61
42 60 62 61
57 60 42 61
36 37 39 61
36 39 38 64
36 63 61 64
39 61 65 64
36 61 39 64
37 42 39 61
42 43 39 66
42 39 61 66
42 61 62 66
39 61 66 65
38 39 44 64
39 45 44 68
39 44 64 68
39 64 65 68
44 64 68 67
39 43 47 66
39 47 45 68
39 65 66 68
47 66 69 68
39 66 47 68
48 49 50 70
49 51 50 73
49 50 70 73
49 70 71 73
50 70 73 72
49 52 53 74
49 53 51 73
49 71 74 73
53 74 75 73
49 74 53 73
50 51 55 73
50 55 54 76
50 72 73 76
55 73 77 76
50 73 55 76
51 53 55 73
53 56 55 78
53 55 73 78
53 73 75 78
55 73 78 77
79 59 61 81
79 61 63 82
79 80 81 82
61 81 83 82
79 81 61 82
59 60 61 81
60 62 61 85
60 61 81 85
60 81 84 85
61 81 85 83
63 61 64 82
61 65 64 87
61 64 82 87
61 82 83 87
64 82 87 86
61 62 66 85
61 66 65 87
61 83 85 87
66 85 88 87
61 85 66 87
89 90 70 91
90 71 70 94
90 70 91 94
90 91 92 94
70 91 94 93
90 95 74 96
90 74 71 94
90 92 96 94
74 96 97 94
90 96 74 94
70 71 73 94
70 73 72 98
70 93 94 98
73 94 99 98
70 94 73 98
71 74 73 94
74 75 73 100
74 73 94 100
74 94 97 100
73 94 100 99
72 73 76 98
73 77 76 102
73 76 98 102
73 98 99 102
76 98 102 101
73 75 78 100
73 78 77 102
73 99 100 102
78 100 103 102
73 100 78 102
81 84 85 105
81 85 83 106
81 104 105 106
85 105 107 106
81 105 85 106
84 108 85 105
108 109 85 111
108 85 105 111
108 105 110 111
85 105 111 107
83 85 87 106
85 88 87 113
85 87 106 113
85 106 107 113
87 106 113 112
85 109 114 111
85 114 88 113
85 107 111 113
114 111 115 113
85 111 114 113
93 94 98 116
94 99 98 119
94 98 116 119
94 116 117 119
98 116 119 118
94 97 100 120
94 100 99 119
94 117 120 119
100 120 121 119
94 120 100 119
97 122 100 120
122 123 100 125
122 100 120 125
122 120 124 125
100 120 125 121
122 126 127 128
122 127 123 125
122 124 128 125
127 128 129 125
122 128 127 125
98 99 102 119
98 102 101 130
98 118 119 130
102 119 131 130
98 119 102 130
99 100 102 119
100 103 102 132
100 102 119 132
100 119 121 132
102 119 132 131
100 123 133 125
100 133 103 132
100 121 125 132
133 125 134 132
100 125 133 132
123 127 133 125
127 135 133 136
127 133 125 136
127 125 129 136
133 125 136 134
104 105 106 137
105 107 106 140
105 106 137 140
105 137 138 140
106 137 140 139
105 110 111 141
105 111 107 140
105 138 141 140
111 141 142 140
105 141 111 140
106 107 113 140
106 113 112 143
106 139 140 143
113 140 144 143
106 140 113 143
107 111 113 140
111 115 113 145
111 113 140 145
111 140 142 145
113 140 145 144
119 121 132 147
119 132 131 148
119 146 147 148
132 147 149 148
119 147 132 148
121 125 132 147
125 134 132 151
125 132 147 151
125 147 150 151
132 147 151 149
132 134 153 151
132 153 152 154
132 149 151 154
153 151 155 154
132 151 153 154
137 138 140 157
137 140 139 158
137 156 157 158
140 157 159 158
137 157 140 158
138 141 140 157
141 142 140 161
141 140 157 161
141 157 160 161
140 157 161 159
162 163 165 167
162 165 164 168
162 166 167 168
165 167 169 168
162 167 165 168
139 140 143 158
140 144 143 171
140 143 158 171
140 158 159 171
143 158 171 170
140 142 145 161
140 145 144 171
140 159 161 171
145 161 172 171
140 161 145 171
173 174 175 177
174 176 175 180
174 175 177 180
174 177 178 180
175 177 180 179
146 147 148 181
147 149 148 184
147 148 181 184
147 181 182 184
148 181 184 183
147 150 151 185
147 151 149 184
147 182 185 184
151 185 186 184
147 185 151 184
150 187 151 185
187 188 151 190
187 151 185 190
187 185 189 190
151 185 190 186
149 151 154 184
151 155 154 192
151 154 184 192
151 184 186 192
154 184 192 191
151 188 193 190
151 193 155 192
151 186 190 192
193 190 194 192
151 190 193 192
195 196 198 200
195 198 197 201
195 199 200 201
198 200 202 201
195 200 198 201
196 203 198 200
203 204 198 206
203 198 200 206
203 200 205 206
198 200 206 202
207 208 157 210
207 157 156 211
207 209 210 211
157 210 212 211
207 210 157 211
208 213 157 210
213 160 157 215
213 157 210 215
213 210 214 215
157 210 215 212
198 204 167 206
198 167 166 216
198 202 206 216
167 206 217 216
198 206 167 216
204 218 167 206
218 219 167 221
218 167 206 221
218 206 220 221
167 206 221 217
218 156 158 211
218 158 219 221
218 220 211 221
158 211 222 221
218 211 158 221
156 157 158 211
157 159 158 223
157 158 211 223
157 211 212 223
158 211 223 222
157 160 161 215
157 161 159 223
157 212 215 223
161 215 224 223
157 215 161 223
166 167 168 216
167 169 168 226
167 168 216 226
167 216 217 226
168 216 226 225
158 159 171 223
158 171 170 227
158 222 223 227
171 223 228 227
158 223 171 227
159 161 171 223
161 172 171 229
161 171 223 229
161 223 224 229
171 223 229 228
230 231 177 232
231 178 177 235
231 177 232 235
231 232 233 235
177 232 235 234
177 178 180 235
177 180 179 236
177 234 235 236
180 235 237 236
177 235 180 236
182 185 184 238
185 186 184 241
185 184 238 241
185 238 239 241
184 238 241 240
184 186 192 241
184 192 191 242
184 240 241 242
192 241 243 242
184 241 192 242
186 190 192 241
190 194 192 245
190 192 241 245
190 241 244 245
192 241 245 243
191 192 210 242
192 214 210 247
192 210 242 247
192 242 243 247
210 242 247 246
192 194 248 245
192 248 214 247
192 243 245 247
248 245 249 247
192 245 248 247
199 200 201 250
200 202 201 253
200 201 250 253
200 250 251 253
201 250 253 252
200 205 206 254
200 206 202 253
200 251 254 253
206 254 255 253
200 254 206 253
256 209 211 258
256 211 220 259
256 257 258 259
211 258 260 259
256 258 211 259
209 210 211 258
210 212 211 261
210 211 258 261
210 258 246 261
211 258 261 260
210 214 215 247
210 215 212 261
210 246 247 261
215 247 262 261
210 247 215 261
202 206 216 253
206 217 216 264
206 216 253 264
206 253 255 264
216 253 264 263
206 220 221 259
206 221 217 264
206 255 259 264
221 259 265 264
206 259 221 264
220 211 221 259
211 222 221 266
211 221 259 266
211 259 260 266
221 259 266 265
211 212 223 261
211 223 222 266
211 260 261 266
223 261 267 266
211 261 223 266
212 215 223 261
215 224 223 268
215 223 261 268
215 261 262 268
223 261 268 267
232 233 235 270
232 235 234 271
232 269 270 271
235 270 272 271
232 270 235 271
233 273 235 270
273 274 235 276
273 235 270 276
273 270 275 276
235 270 276 272
234 235 236 271
235 237 236 278
235 236 271 278
235 271 272 278
236 271 278 277
235 274 279 276
235 279 237 278
235 272 276 278
279 276 280 278
235 276 279 278
240 241 242 281
241 243 242 284
241 242 281 284
241 281 282 284
242 281 284 283
241 244 245 285
241 245 243 284
241 282 285 284
245 285 286 284
241 285 245 284
244 287 245 285
287 288 245 290
287 245 285 290
287 285 289 290
245 285 290 286
242 243 247 284
242 247 246 291
242 283 284 291
247 284 292 291
242 284 247 291
243 245 247 284
245 249 247 293
245 247 284 293
245 284 286 293
247 284 293 292
258 246 261 291
258 261 260 295
258 294 291 295
261 291 296 295
258 291 261 295
246 247 261 291
247 262 261 297
247 261 291 297
247 291 292 297
261 291 297 296
247 249 298 293
247 298 262 297
247 292 293 297
298 293 299 297
247 293 298 297
260 261 266 295
261 267 266 301
261 266 295 301
261 295 296 301
266 295 301 300
261 262 268 297
261 268 267 301
261 296 297 301
268 297 302 301
261 297 268 301
269 270 271 303
270 272 271 306
270 271 303 306
270 303 304 306
271 303 306 305
270 275 276 307
270 276 272 306
270 304 307 306
276 307 308 306
270 307 276 306
271 272 278 306
271 278 277 309
271 305 306 309
278 306 310 309
271 306 278 309
272 276 278 306
276 280 278 311
276 278 306 311
276 306 308 311
278 306 311 310
312 313 314 316
313 315 314 319
313 314 316 319
313 316 317 319
314 316 319 318
283 284 291 320
284 292 291 323
284 291 320 323
284 320 321 323
291 320 323 322
284 286 293 324
284 293 292 323
284 321 324 323
293 324 325 323
284 324 293 323
286 290 293 324
290 326 293 328
290 293 324 328
290 324 327 328
293 324 328 325
291 292 297 323
291 297 296 329
291 322 323 329
297 323 330 329
291 323 297 329
292 293 297 323
293 299 297 331
293 297 323 331
293 323 325 331
297 323 331 330
293 326 332 328
293 332 299 331
293 325 328 331
332 328 333 331
293 328 332 331
304 307 306 334
307 308 306 337
307 306 334 337
307 334 335 337
306 334 337 336
306 308 311 337
306 311 310 338
306 336 337 338
311 337 339 338
306 337 311 338
316 317 319 341
316 319 318 342
316 340 341 342
319 341 343 342
316 341 319 342
344 345 346 348
345 347 346 351
345 346 348 351
345 348 349 351
346 348 351 350
352 318 354 342
352 354 353 356
352 355 342 356
354 342 357 356
352 342 354 356
318 319 354 342
319 358 354 359
319 354 342 359
319 342 343 359
354 342 359 357
319 360 361 362
319 361 358 359
319 343 362 359
361 362 363 359
319 362 361 359
360 346 361 362
346 364 361 365
346 361 362 365
346 362 350 365
361 362 365 363
346 347 366 351
346 366 364 365
346 350 351 365
366 351 367 365
346 351 366 365
368 353 370 356
368 370 369 372
368 371 356 372
370 356 373 372
368 356 370 372
353 354 370 356
354 374 370 375
354 370 356 375
354 356 357 375
370 356 375 373
358 361 376 359
361 377 376 379
361 376 359 379
361 359 363 379
376 359 379 378
320 321 323 381
320 323 322 382
320 380 381 382
323 381 383 382
320 381 323 382
321 324 323 381
324 325 323 385
324 323 381 385
324 381 384 385
323 381 385 383
324 327 328 386
324 328 325 385
324 384 386 385
328 386 387 385
324 386 328 385
327 388 328 386
388 389 328 391
388 328 386 391
388 386 390 391
328 386 391 387
322 323 329 382
323 330 329 393
323 329 382 393
323 382 383 393
329 382 393 392
323 325 331 385
323 331 330 393
323 383 385 393
331 385 394 393
323 385 331 393
325 328 331 385
328 333 331 395
328 331 385 395
328 385 387 395
331 385 395 394
328 389 396 391
328 396 333 395
328 387 391 395
396 391 397 395
328 391 396 395
334 335 337 399
334 337 336 400
334 398 399 400
337 399 401 400
334 399 337 400
335 402 337 399
402 403 337 405
402 337 399 405
402 399 404 405
337 399 405 401
406 407 408 410
407 409 408 413
407 408 410 413
407 410 411 413
408 410 413 412
407 414 415 416
407 415 409 413
407 411 416 413
415 416 417 413
407 416 415 413
336 337 338 400
337 339 338 419
337 338 400 419
337 400 401 419
338 400 419 418
337 403 420 405
337 420 339 419
337 401 405 419
420 405 421 419
337 405 420 419
409 415 422 413
415 423 422 425
415 422 413 425
415 413 417 425
422 413 425 424
340 341 342 426
341 343 342 429
341 342 426 429
341 426 427 429
342 426 429 428
355 342 356 430
342 357 356 432
342 356 430 432
342 430 428 432
356 430 432 431
342 343 359 429
342 359 357 432
342 428 429 432
359 429 433 432
342 429 359 432
343 362 359 429
362 363 359 435
362 359 429 435
362 429 434 435
359 429 435 433
356 357 375 432
356 375 373 436
356 431 432 436
375 432 437 436
356 432 375 436
357 359 375 432
359 378 375 438
359 375 432 438
359 432 433 438
375 432 438 437
359 363 379 435
359 379 378 438
359 433 435 438
379 435 439 438
359 435 379 438
440 441 386 443
440 386 384 444
440 442 443 444
386 443 445 444
440 443 386 444
441 446 386 443
446 390 386 448
446 386 443 448
446 443 447 448
386 443 448 445
381 384 385 444
381 385 383 450
381 449 444 450
385 444 451 450
381 444 385 450
384 386 385 444
386 387 385 452
386 385 444 452
386 444 445 452
385 444 452 451
386 390 391 448
386 391 387 452
386 445 448 452
391 448 453 452
386 448 391 452
383 385 393 450
385 394 393 455
385 393 450 455
385 450 451 455
393 450 455 454
385 387 395 452
385 395 394 455
385 451 452 455
395 452 456 455
385 452 395 455
387 391 395 452
391 397 395 457
391 395 452 457
391 452 453 457
395 452 457 456
458 459 399 460
459 404 399 463
459 399 460 463
459 460 461 463
399 460 463 462
459 464 465 466
459 465 404 463
459 461 466 463
465 466 467 463
459 466 465 463
398 399 400 468
399 401 400 470
399 400 468 470
399 468 462 470
400 468 470 469
399 404 405 463
399 405 401 470
399 462 463 470
405 463 471 470
399 463 405 470
411 416 413 472
416 417 413 475
416 413 472 475
416 472 473 475
413 472 475 474
416 476 477 478
416 477 417 475
416 473 478 475
477 478 479 475
416 478 477 475
476 400 477 478
400 418 477 480
400 477 478 480
400 478 469 480
477 478 480 479
400 401 419 470
400 419 418 480
400 469 470 480
419 470 481 480
400 470 419 480
401 405 419 470
405 421 419 482
405 419 470 482
405 470 471 482
419 470 482 481
413 417 425 475
413 425 424 483
413 474 475 483
425 475 484 483
413 475 425 483
417 477 425 475
477 485 425 486
477 425 475 486
477 475 479 486
425 475 486 484
477 418 487 480
477 487 485 486
477 479 480 486
487 480 488 486
477 480 487 486
489 490 491 493
490 492 491 496
490 491 493 496
490 493 494 496
491 493 496 495
490 497 498 499
490 498 492 496
490 494 499 496
498 499 500 496
490 499 498 496
491 492 502 496
491 502 501 503
491 495 496 503
502 496 504 503
491 496 502 503
492 498 502 496
498 505 502 506
498 502 496 506
498 496 500 506
502 496 506 504
428 429 432 507
429 433 432 510
429 432 507 510
429 507 508 510
432 507 510 509
432 433 438 510
432 438 437 511
432 509 510 511
438 510 512 511
432 510 438 511
442 443 444 513
443 445 444 516
443 444 513 516
443 513 514 516
444 513 516 515
443 447 448 517
443 448 445 516
443 514 517 516
448 517 518 516
443 517 448 516
444 445 452 516
444 452 451 519
444 515 516 519
452 516 520 519
444 516 452 519
445 448 452 516
448 453 452 521
448 452 516 521
448 516 518 521
452 516 521 520
448 522 523 524
448 523 453 521
448 518 524 521
523 524 525 521
448 524 523 521
451 452 455 519
452 456 455 527
452 455 519 527
452 519 520 527
455 519 527 526
452 453 457 521
452 457 456 527
452 520 521 527
457 521 528 527
452 521 457 527
453 523 457 521
523 529 457 530
523 457 521 530
523 521 525 530
457 521 530 528
460 461 463 532
460 463 462 533
460 531 532 533
463 532 534 533
460 532 463 533
461 466 463 532
466 467 463 536
466 463 532 536
466 532 535 536
463 532 536 534
468 462 470 533
468 470 469 538
468 537 533 538
470 533 539 538
468 533 470 538
462 463 470 533
463 471 470 540
463 470 533 540
463 533 534 540
470 533 540 539
463 467 541 536
463 541 471 540
463 534 536 540
541 536 542 540
463 536 541 540
473 478 475 543
478 479 475 546
478 475 543 546
478 543 544 546
475 543 546 545
478 469 480 538
478 480 479 546
478 544 538 546
480 538 547 546
478 538 480 546
469 470 480 538
470 481 480 548
470 480 538 548
470 538 539 548
480 538 548 547
470 471 482 540
470 482 481 548
470 539 540 548
482 540 549 548
470 540 482 548
471 541 482 540
541 550 482 551
541 482 540 551
541 540 542 551
482 540 551 549
475 479 486 546
475 486 484 552
475 545 546 552
486 546 553 552
475 546 486 552
479 480 486 546
480 488 486 554
480 486 546 554
480 546 547 554
486 546 554 553
495 496 503 555
496 504 503 558
496 503 555 558
496 555 556 558
503 555 558 557
496 500 506 559
496 506 504 558
496 556 559 558
506 559 560 558
496 559 506 558
504 506 561 558
506 562 561 564
506 561 558 564
506 558 560 564
561 558 564 563
507 508 510 566
507 510 509 567
507 565 566 567
510 566 568 567
507 566 510 567
509 510 511 567
510 512 511 570
510 511 567 570
510 567 568 570
511 567 570 569
510 571 572 573
510 572 512 570
510 568 573 570
572 573 574 570
510 573 572 570
511 512 576 570
511 576 575 577
511 569 570 577
576 570 578 577
511 570 576 577
512 572 576 570
572 579 576 580
572 576 570 580
572 570 574 580
576 570 580 578
514 517 516 581
517 518 516 584
517 516 581 584
517 581 582 584
516 581 584 583
517 585 524 586
517 524 518 584
517 582 586 584
524 586 587 584
517 586 524 584
585 588 524 586
588 589 524 591
588 524 586 591
588 586 590 591
524 586 591 587
515 516 519 592
516 520 519 594
516 519 592 594
516 592 583 594
519 592 594 593
516 518 521 584
516 521 520 594
516 583 584 594
521 584 595 594
516 584 521 594
518 524 521 584
524 525 521 596
524 521 584 596
524 584 587 596
521 584 596 595
524 589 597 591
524 597 525 596
524 587 591 596
597 591 598 596
524 591 597 596
519 520 527 594
519 527 526 599
519 593 594 599
527 594 600 599
519 594 527 599
520 521 527 594
521 528 527 601
521 527 594 601
521 594 595 601
527 594 601 600
521 525 530 596
521 530 528 601
521 595 596 601
530 596 602 601
521 596 530 601
525 597 530 596
597 603 530 604
597 530 596 604
597 596 598 604
530 596 604 602
532 535 536 606
532 536 534 607
532 605 606 607
536 606 608 607
532 606 536 607
535 609 536 606
609 610 536 612
609 536 606 612
609 606 611 612
536 606 612 608
609 613 614 615
609 614 610 612
609 611 615 612
614 615 616 612
609 615 614 612
533 534 540 607
533 540 539 618
533 617 607 618
540 607 619 618
533 607 540 618
534 536 540 607
536 542 540 620
536 540 607 620
536 607 608 620
540 607 620 619
536 610 621 612
536 621 542 620
536 608 612 620
621 612 622 620
536 612 621 620
538 539 548 618
538 548 547 624
538 623 618 624
548 618 625 624
538 618 548 624
539 540 548 618
540 549 548 626
540 548 618 626
540 618 619 626
548 618 626 625
540 542 551 620
540 551 549 626
540 619 620 626
551 620 627 626
540 620 551 626
556 559 558 628
559 560 558 631
559 558 628 631
559 628 629 631
558 628 631 630
558 560 564 631
558 564 563 632
558 630 631 632
564 631 633 632
558 631 564 632
560 634 564 631
634 635 564 637
634 564 631 637
634 631 636 637
564 631 637 633
565 566 567 638
566 568 567 641
566 567 638 641
566 638 639 641
567 638 641 640
567 568 570 641
567 570 569 642
567 640 641 642
570 641 643 642
567 641 570 642
568 573 570 641
573 574 570 645
573 570 641 645
573 641 644 645
570 641 645 643
569 570 577 642
570 578 577 647
570 577 642 647
570 642 643 647
577 642 647 646
570 574 580 645
570 580 578 647
570 643 645 647
580 645 648 647
570 645 580 647
577 578 650 647
577 650 649 651
577 646 647 651
650 647 652 651
577 647 650 651
578 580 650 647
580 653 650 654
580 650 647 654
580 647 648 654
650 647 654 652
581 582 584 656
581 584 583 657
581 655 656 657
584 656 658 657
581 656 584 657
582 586 584 656
586 587 584 660
586 584 656 660
586 656 659 660
584 656 660 658
586 590 591 661
586 591 587 660
586 659 661 660
591 661 662 660
586 661 591 660
590 663 591 661
663 664 591 666
663 591 661 666
663 661 665 666
591 661 666 662
583 584 594 657
584 595 594 668
584 594 657 668
584 657 658 668
594 657 668 667
584 587 596 660
584 596 595 668
584 658 660 668
596 660 669 668
584 660 596 668
587 591 596 660
591 598 596 670
591 596 660 670
591 660 662 670
596 660 670 669
591 664 671 666
591 671 598 670
591 662 666 670
671 666 672 670
591 666 671 670
673 674 675 677
674 676 675 680
674 675 677 680
674 677 678 680
675 677 680 679
674 681 682 683
674 682 676 680
674 678 683 680
682 683 684 680
674 683 682 680
594 595 601 668
594 601 600 685
594 667 668 685
601 668 686 685
594 668 601 685
595 596 601 668
596 602 601 687
596 601 668 687
596 668 669 687
601 668 687 686
596 598 604 670
596 604 602 687
596 669 670 687
604 670 688 687
596 670 604 687
598 671 604 670
671 689 604 690
671 604 670 690
671 670 672 690
604 670 690 688
675 676 692 680
675 692 691 693
675 679 680 693
692 680 694 693
675 680 692 693
676 682 692 680
682 695 692 696
682 692 680 696
682 680 684 696
692 680 696 694
682 697 698 699
682 698 695 696
682 684 699 696
698 699 700 696
682 699 698 696
695 698 701 696
698 702 701 704
698 701 696 704
698 696 700 704
701 696 704 703
705 706 606 707
706 611 606 710
706 606 707 710
706 707 708 710
606 707 710 709
706 711 615 712
706 615 611 710
706 708 712 710
615 712 713 710
706 712 615 710
711 714 615 712
714 715 615 717
714 615 712 717
714 712 716 717
615 712 717 713
605 606 607 718
606 608 607 720
606 607 718 720
606 718 709 720
607 718 720 719
606 611 612 710
606 612 608 720
606 709 710 720
612 710 721 720
606 710 612 720
611 615 612 710
615 616 612 722
615 612 710 722
615 710 713 722
612 710 722 721
615 715 723 717
615 723 616 722
615 713 717 722
723 717 724 722
615 717 723 722
715 725 723 717
725 726 723 728
725 723 717 728
725 717 727 728
723 717 728 724
607 608 620 720
607 620 619 729
607 719 720 729
620 720 730 729
607 720 620 729
608 612 620 720
612 622 620 731
612 620 720 731
612 720 721 731
620 720 731 730
612 616 732 722
612 732 622 731
612 721 722 731
732 722 733 731
612 722 732 731
616 723 732 722
723 734 732 735
723 732 722 735
723 722 724 735
732 722 735 733
630 631 632 736
631 633 632 739
631 632 736 739
631 736 737 739
632 736 739 738
642 643 647 741
642 647 646 742
642 740 741 742
647 741 743 742
642 741 647 742
643 645 647 741
645 648 647 745
645 647 741 745
645 741 744 745
647 741 745 743
646 647 651 742
647 652 651 747
647 651 742 747
647 742 743 747
651 742 747 746
647 648 654 745
647 654 652 747
647 743 745 747
654 745 748 747
647 745 654 747
648 749 654 745
749 750 654 752
749 654 745 752
749 745 751 752
654 745 752 748
753 754 755 757
754 756 755 760
754 755 757 760
754 757 758 760
755 757 760 759
754 761 762 763
754 762 756 760
754 758 763 760
762 763 764 760
754 763 762 760
761 765 762 763
765 766 762 768
765 762 763 768
765 763 767 768
762 763 768 764
652 654 769 747
654 770 769 772
654 769 747 772
654 747 748 772
769 747 772 771
654 750 773 752
654 773 770 772
654 748 752 772
773 752 774 772
654 752 773 772
750 775 773 752
775 776 773 778
775 773 752 778
775 752 777 778
773 752 778 774
755 756 780 760
755 780 779 781
755 759 760 781
780 760 782 781
755 760 780 781
756 762 780 760
762 783 780 784
762 780 760 784
762 760 764 784
780 760 784 782
762 766 785 768
762 785 783 784
762 764 768 784
785 768 786 784
762 768 785 784
787 788 661 789
788 665 661 792
788 661 789 792
788 789 790 792
661 789 792 791
656 659 660 794
656 660 658 795
656 793 794 795
660 794 796 795
656 794 660 795
659 661 660 794
661 662 660 797
661 660 794 797
661 794 791 797
660 794 797 796
661 665 666 792
661 666 662 797
661 791 792 797
666 792 798 797
661 792 666 797
665 799 666 792
799 800 666 802
799 666 792 802
799 792 801 802
666 792 802 798
657 658 668 795
657 668 667 804
657 803 795 804
668 795 805 804
657 795 668 804
658 660 668 795
660 669 668 806
660 668 795 806
660 795 796 806
668 795 806 805
660 662 670 797
660 670 669 806
660 796 797 806
670 797 807 806
660 797 670 806
662 666 670 797
666 672 670 808
666 670 797 808
666 797 798 808
670 797 808 807
666 800 809 802
666 809 672 808
666 798 802 808
809 802 810 808
666 802 809 808
677 678 680 812
677 680 679 813
677 811 812 813
680 812 814 813
677 812 680 813
668 669 687 806
668 687 686 815
668 805 806 815
687 806 816 815
668 806 687 815
669 670 687 806
670 688 687 817
670 687 806 817
670 806 807 817
687 806 817 816
670 672 690 808
670 690 688 817
670 807 808 817
690 808 818 817
670 808 690 817
679 680 693 813
680 694 693 820
680 693 813 820
680 813 814 820
693 813 820 819
680 684 696 821
680 696 694 820
680 814 821 820
696 821 822 820
680 821 696 820
684 699 696 821
699 700 696 824
699 696 821 824
699 821 823 824
696 821 824 822
699 825 826 827
699 826 700 824
699 823 827 824
826 827 828 824
699 827 826 824
825 829 826 827
829 830 826 832
829 826 827 832
829 827 831 832
826 827 832 828
696 700 704 824
696 704 703 833
696 822 824 833
704 824 834 833
696 824 704 833
700 826 704 824
826 835 704 836
826 704 824 836
826 824 828 836
704 824 836 834
826 830 837 832
826 837 835 836
826 828 832 836
837 832 838 836
826 832 837 836
839 840 841 843
840 842 841 846
840 841 843 846
840 843 844 846
841 843 846 845
847 848 850 852
847 850 849 853
847 851 852 853
850 852 854 853
847 852 850 853
848 841 850 852
841 855 850 856
841 850 852 856
841 852 845 856
850 852 856 854
841 842 857 846
841 857 855 856
841 845 846 856
857 846 858 856
841 846 857 856
842 859 857 846
859 860 857 862
859 857 846 862
859 846 861 862
857 846 862 858
863 864 712 865
864 716 712 868
864 712 865 868
864 865 866 868
712 865 868 867
864 849 869 853
864 869 716 868
864 866 853 868
869 853 870 868
864 853 869 868
849 850 869 853
850 871 869 872
850 869 853 872
850 853 854 872
869 853 872 870
850 855 873 856
850 873 871 872
850 854 856 872
873 856 874 872
850 856 873 872
855 857 873 856
857 875 873 876
857 873 856 876
857 856 858 876
873 856 876 874
857 860 877 862
857 877 875 876
857 858 862 876
877 862 878 876
857 862 877 876
708 712 710 879
712 713 710 881
712 710 879 881
712 879 867 881
710 879 881 880
712 716 717 868
712 717 713 881
712 867 868 881
717 868 882 881
712 868 717 881
716 869 717 868
869 727 717 883
869 717 868 883
869 868 870 883
717 868 883 882
869 871 884 872
869 884 727 883
869 870 872 883
884 872 885 883
869 872 884 883
871 873 884 872
873 886 884 887
873 884 872 887
873 872 874 887
884 872 887 885
709 710 720 888
710 721 720 890
710 720 888 890
710 888 880 890
720 888 890 889
710 713 722 881
710 722 721 890
710 880 881 890
722 881 891 890
710 881 722 890
713 717 722 881
717 724 722 892
717 722 881 892
717 881 882 892
722 881 892 891
717 727 728 883
717 728 724 892
717 882 883 892
728 883 893 892
717 883 728 892
727 884 728 883
884 894 728 895
884 728 883 895
884 883 885 895
728 883 895 893
721 722 731 890
722 733 731 897
722 731 890 897
722 890 891 897
731 890 897 896
722 724 735 892
722 735 733 897
722 891 892 897
735 892 898 897
722 892 735 897
724 728 735 892
728 899 735 900
728 735 892 900
728 892 893 900
735 892 900 898
901 902 903 905
902 904 903 908
902 903 905 908
902 905 906 908
903 905 908 907
902 909 910 911
902 910 904 908
902 906 911 908
910 911 912 908
902 911 910 908
909 913 910 911
913 914 910 916
913 910 911 916
913 911 915 916
910 911 916 912
903 904 918 908
903 918 917 919
903 907 908 919
918 908 920 919
903 908 918 919
904 910 918 908
910 921 918 922
910 918 908 922
910 908 912 922
918 908 922 920
910 914 923 916
910 923 921 922
910 912 916 922
923 916 924 922
910 916 923 922
925 926 736 927
926 737 736 930
926 736 927 930
926 927 928 930
736 927 930 929
736 737 739 930
736 739 738 931
736 929 930 931
739 930 932 931
736 930 739 931
740 741 742 933
741 743 742 936
741 742 933 936
741 933 934 936
742 933 936 935
741 744 745 937
741 745 743 936
741 934 937 936
745 937 938 936
741 937 745 936
939 940 941 943
940 942 941 946
940 941 943 946
940 943 944 946
941 943 946 945
940 947 948 949
940 948 942 946
940 944 949 946
948 949 950 946
940 949 948 946
951 952 953 955
952 954 953 958
952 953 955 958
952 955 956 958
953 955 958 957
952 959 960 961
952 960 954 958
952 956 961 958
960 961 962 958
952 961 960 958
743 745 747 936
745 748 747 964
745 747 936 964
745 936 938 964
747 936 964 963
745 751 752 965
745 752 748 964
745 938 965 964
752 965 966 964
745 965 752 964
751 967 752 965
967 777 752 969
967 752 965 969
967 965 968 969
752 965 969 966
941 942 971 946
941 971 970 972
941 945 946 972
971 946 973 972
941 946 971 972
942 948 971 946
948 974 971 975
948 971 946 975
948 946 950 975
971 946 975 973
976 953 977 979
953 978 977 981
953 977 979 981
953 979 957 981
977 979 981 980
953 954 982 958
953 982 978 981
953 957 958 981
982 958 983 981
953 958 982 981
954 960 982 958
960 984 982 985
960 982 958 985
960 958 962 985
982 958 985 983
758 763 760 986
763 764 760 989
763 760 986 989
763 986 987 989
760 986 989 988
763 767 768 990
763 768 764 989
763 987 990 989
768 990 991 989
763 990 768 989
767 992 768 990
992 993 768 995
992 768 990 995
992 990 994 995
768 990 995 991
747 748 772 964
747 772 771 996
747 963 964 996
772 964 997 996
747 964 772 996
748 752 772 964
752 774 772 998
752 772 964 998
752 964 966 998
772 964 998 997
752 777 778 969
752 778 774 998
752 966 969 998
778 969 999 998
752 969 778 998
777 1000 778 969
1000 1001 778 1003
1000 778 969 1003
1000 969 1002 1003
778 969 1003 999
970 971 789 972
971 790 789 1005
971 789 972 1005
971 972 973 1005
789 972 1005 1004
971 974 1006 975
971 1006 790 1005
971 973 975 1005
1006 975 1007 1005
971 975 1006 1005
977 978 1009 981
977 1009 1008 1010
977 980 981 1010
1009 981 1011 1010
977 981 1009 1010
978 982 1009 981
982 1012 1009 1013
982 1009 981 1013
982 981 983 1013
1009 981 1013 1011
982 984 1014 985
982 1014 1012 1013
982 983 985 1013
1014 985 1015 1013
982 985 1014 1013
759 760 781 1016
760 782 781 1018
760 781 1016 1018
760 1016 988 1018
781 1016 1018 1017
760 764 784 989
760 784 782 1018
760 988 989 1018
784 989 1019 1018
760 989 784 1018
764 768 784 989
768 786 784 1020
768 784 989 1020
768 989 991 1020
784 989 1020 1019
768 993 1021 995
768 1021 786 1020
768 991 995 1020
1021 995 1022 1020
768 995 1021 1020
993 1023 1021 995
1023 1024 1021 1026
1023 1021 995 1026
1023 995 1025 1026
1021 995 1026 1022
772 774 1028 998
772 1028 1027 1029
772 997 998 1029
1028 998 1030 1029
772 998 1028 1029
774 778 1028 998
778 793 1028 1031
778 1028 998 1031
778 998 999 1031
1028 998 1031 1030
778 1001 794 1003
778 794 793 1031
778 999 1003 1031
794 1003 1032 1031
778 1003 794 1031
1001 789 794 1003
789 791 794 1033
789 794 1003 1033
789 1003 1004 1033
794 1003 1033 1032
789 790 792 1005
789 792 791 1033
789 1004 1005 1033
792 1005 1034 1033
789 1005 792 1033
790 1006 792 1005
1006 801 792 1035
1006 792 1005 1035
1006 1005 1007 1035
792 1005 1035 1034
1008 1009 1036 1010
1009 1037 1036 1039
1009 1036 1010 1039
1009 1010 1011 1039
1036 1010 1039 1038
1009 1012 1040 1013
1009 1040 1037 1039
1009 1011 1013 1039
1040 1013 1041 1039
1009 1013 1040 1039
1012 1014 1040 1013
1014 1042 1040 1043
1014 1040 1013 1043
1014 1013 1015 1043
1040 1013 1043 1041
793 794 795 1031
794 796 795 1045
794 795 1031 1045
794 1031 1032 1045
795 1031 1045 1044
794 791 797 1033
794 797 796 1045
794 1032 1033 1045
797 1033 1046 1045
794 1033 797 1045
791 792 797 1033
792 798 797 1047
792 797 1033 1047
792 1033 1034 1047
797 1033 1047 1046
792 801 802 1035
792 802 798 1047
792 1034 1035 1047
802 1035 1048 1047
792 1035 802 1047
801 1049 802 1035
1049 1050 802 1052
1049 802 1035 1052
1049 1035 1051 1052
802 1035 1052 1048
795 796 806 1045
795 806 805 1053
795 1044 1045 1053
806 1045 1054 1053
795 1045 806 1053
796 797 806 1045
797 807 806 1055
797 806 1045 1055
797 1045 1046 1055
806 1045 1055 1054
797 798 808 1047
797 808 807 1055
797 1046 1047 1055
808 1047 1056 1055
797 1047 808 1055
798 802 808 1047
802 810 808 1057
802 808 1047 1057
802 1047 1048 1057
808 1047 1057 1056
806 807 817 1055
806 817 816 1058
806 1054 1055 1058
817 1055 1059 1058
806 1055 817 1058
807 808 817 1055
808 818 817 1060
808 817 1055 1060
808 1055 1056 1060
817 1055 1060 1059
823 827 824 1061
827 828 824 1064
827 824 1061 1064
827 1061 1062 1064
824 1061 1064 1063
827 831 832 1065
827 832 828 1064
827 1062 1065 1064
832 1065 1066 1064
827 1065 832 1064
831 1067 832 1065
1067 1068 832 1070
1067 832 1065 1070
1067 1065 1069 1070
832 1065 1070 1066
1067 1071 1072 1073
1067 1072 1068 1070
1067 1069 1073 1070
1072 1073 1074 1070
1067 1073 1072 1070
822 824 833 1075
824 834 833 1077
824 833 1075 1077
824 1075 1063 1077
833 1075 1077 1076
824 828 836 1064
824 836 834 1077
824 1063 1064 1077
836 1064 1078 1077
824 1064 836 1077
828 832 836 1064
832 838 836 1079
832 836 1064 1079
832 1064 1066 1079
836 1064 1079 1078
832 1068 1080 1070
832 1080 838 1079
832 1066 1070 1079
1080 1070 1081 1079
832 1070 1080 1079
1068 1072 1080 1070
1072 1082 1080 1083
1072 1080 1070 1083
1072 1070 1074 1083
1080 1070 1083 1081
1084 843 852 1085
843 845 852 1088
843 852 1085 1088
843 1085 1086 1088
852 1085 1088 1087
843 844 846 1089
843 846 845 1088
843 1086 1089 1088
846 1089 1090 1088
843 1089 846 1088
844 1091 846 1089
1091 861 846 1093
1091 846 1089 1093
1091 1089 1092 1093
846 1089 1093 1090
1091 1094 1095 1096
1091 1095 861 1093
1091 1092 1096 1093
1095 1096 1097 1093
1091 1096 1095 1093
851 852 853 1098
852 854 853 1100
852 853 1098 1100
852 1098 1087 1100
853 1098 1100 1099
852 845 856 1088
852 856 854 1100
852 1087 1088 1100
856 1088 1101 1100
852 1088 856 1100
845 846 856 1088
846 858 856 1102
846 856 1088 1102
846 1088 1090 1102
856 1088 1102 1101
846 861 862 1093
846 862 858 1102
846 1090 1093 1102
862 1093 1103 1102
846 1093 862 1102
861 1095 862 1093
1095 1104 862 1105
1095 862 1093 1105
1095 1093 1097 1105
862 1093 1105 1103
866 853 868 1106
853 870 868 1108
853 868 1106 1108
853 1106 1099 1108
868 1106 1108 1107
853 854 872 1100
853 872 870 1108
853 1099 1100 1108
872 1100 1109 1108
853 1100 872 1108
854 856 872 1100
856 874 872 1110
856 872 1100 1110
856 1100 1101 1110
872 1100 1110 1109
856 858 876 1102
856 876 874 1110
856 1101 1102 1110
876 1102 1111 1110
856 1102 876 1110
858 862 876 1102
862 878 876 1112
862 876 1102 1112
862 1102 1103 1112
876 1102 1112 1111
867 868 881 1113
868 882 881 1115
868 881 1113 1115
868 1113 1107 1115
881 1113 1115 1114
868 870 883 1108
868 883 882 1115
868 1107 1108 1115
883 1108 1116 1115
868 1108 883 1115
870 872 883 1108
872 885 883 1117
872 883 1108 1117
872 1108 1109 1117
883 1108 1117 1116
872 874 887 1110
872 887 885 1117
872 1109 1110 1117
887 1110 1118 1117
872 1110 887 1117
874 876 887 1110
876 1119 887 1120
876 887 1110 1120
876 1110 1111 1120
887 1110 1120 1118
880 881 890 1121
881 891 890 1123
881 890 1121 1123
881 1121 1114 1123
890 1121 1123 1122
881 882 892 1115
881 892 891 1123
881 1114 1115 1123
892 1115 1124 1123
881 1115 892 1123
882 883 892 1115
883 893 892 1125
883 892 1115 1125
883 1115 1116 1125
892 1115 1125 1124
883 885 895 1117
883 895 893 1125
883 1116 1117 1125
895 1117 1126 1125
883 1117 895 1125
890 891 897 1123
890 897 896 1127
890 1122 1123 1127
897 1123 1128 1127
890 1123 897 1127
891 892 897 1123
892 898 897 1129
892 897 1123 1129
892 1123 1124 1129
897 1123 1129 1128
892 893 900 1125
892 900 898 1129
892 1124 1125 1129
900 1125 1130 1129
892 1125 900 1129
896 897 1131 1127
897 1132 1131 1134
897 1131 1127 1134
897 1127 1128 1134
1131 1127 1134 1133
897 898 1135 1129
897 1135 1132 1134
897 1128 1129 1134
1135 1129 1136 1134
897 1129 1135 1134
905 906 908 1138
905 908 907 1139
905 1137 1138 1139
908 1138 1140 1139
905 1138 908 1139
906 911 908 1138
911 912 908 1142
911 908 1138 1142
911 1138 1141 1142
908 1138 1142 1140
907 908 919 1139
908 920 919 1144
908 919 1139 1144
908 1139 1140 1144
919 1139 1144 1143
908 912 922 1142
908 922 920 1144
908 1140 1142 1144
922 1142 1145 1144
908 1142 922 1144
912 916 922 1142
916 924 922 1147
916 922 1142 1147
916 1142 1146 1147
922 1142 1147 1145
1148 1149 1150 1152
1149 1151 1150 1155
1149 1150 1152 1155
1149 1152 1153 1155
1150 1152 1155 1154
1149 1156 927 1157
1149 927 1151 1155
1149 1153 1157 1155
927 1157 1158 1155
1149 1157 927 1155
1150 1151 1160 1155
1150 1160 1159 1161
1150 1154 1155 1161
1160 1155 1162 1161
1150 1155 1160 1161
1151 927 1160 1155
927 929 1160 1163
927 1160 1155 1163
927 1155 1158 1163
1160 1155 1163 1162
927 928 930 1164
927 930 929 1163
927 1158 1164 1163
930 1164 1165 1163
927 1164 930 1163
928 1166 930 1164
1166 1167 930 1169
1166 930 1164 1169
1166 1164 1168 1169
930 1164 1169 1165
929 930 931 1163
930 932 931 1171
930 931 1163 1171
930 1163 1165 1171
931 1163 1171 1170
930 1167 1172 1169
930 1172 932 1171
930 1165 1169 1171
1172 1169 1173 1171
930 1169 1172 1171
1174 955 979 1175
955 957 979 1178
955 979 1175 1178
955 1175 1176 1178
979 1175 1178 1177
955 956 958 1179
955 958 957 1178
955 1176 1179 1178
958 1179 1180 1178
955 1179 958 1178
956 961 958 1179
961 962 958 1182
961 958 1179 1182
961 1179 1181 1182
958 1179 1182 1180
945 946 972 1183
946 973 972 1186
946 972 1183 1186
946 1183 1184 1186
972 1183 1186 1185
946 950 975 1187
946 975 973 1186
946 1184 1187 1186
975 1187 1188 1186
946 1187 975 1186
1189 979 1190 1191
979 980 1190 1193
979 1190 1191 1193
979 1191 1177 1193
1190 1191 1193 1192
979 957 981 1178
979 981 980 1193
979 1177 1178 1193
981 1178 1194 1193
979 1178 981 1193
957 958 981 1178
958 983 981 1195
958 981 1178 1195
958 1178 1180 1195
981 1178 1195 1194
958 962 985 1182
958 985 983 1195
958 1180 1182 1195
985 1182 1196 1195
958 1182 985 1195
1197 986 1016 1198
986 988 1016 1201
986 1016 1198 1201
986 1198 1199 1201
1016 1198 1201 1200
986 987 989 1202
986 989 988 1201
986 1199 1202 1201
989 1202 1203 1201
986 1202 989 1201
987 990 989 1202
990 991 989 1205
990 989 1202 1205
990 1202 1204 1205
989 1202 1205 1203
990 994 995 1206
990 995 991 1205
990 1204 1206 1205
995 1206 1207 1205
990 1206 995 1205
994 1208 995 1206
1208 1025 995 1210
1208 995 1206 1210
1208 1206 1209 1210
995 1206 1210 1207
1208 1211 1212 1213
1208 1212 1025 1210
1208 1209 1213 1210
1212 1213 1214 1210
1208 1213 1212 1210
964 966 998 1216
964 998 997 1217
964 1215 1216 1217
998 1216 1218 1217
964 1216 998 1217
966 969 998 1216
969 999 998 1220
969 998 1216 1220
969 1216 1219 1220
998 1216 1220 1218
969 1002 1003 1221
969 1003 999 1220
969 1219 1221 1220
1003 1221 1222 1220
969 1221 1003 1220
1002 972 1003 1221
972 1004 1003 1223
972 1003 1221 1223
972 1221 1185 1223
1003 1221 1223 1222
972 973 1005 1186
972 1005 1004 1223
972 1185 1186 1223
1005 1186 1224 1223
972 1186 1005 1223
973 975 1005 1186
975 1007 1005 1225
975 1005 1186 1225
975 1186 1188 1225
1005 1186 1225 1224
975 1226 1227 1228
975 1227 1007 1225
975 1188 1228 1225
1227 1228 1229 1225
975 1228 1227 1225
1230 1190 1231 1233
1190 1232 1231 1235
1190 1231 1233 1235
1190 1233 1192 1235
1231 1233 1235 1234
1190 980 1010 1193
1190 1010 1232 1235
1190 1192 1193 1235
1010 1193 1236 1235
1190 1193 1010 1235
980 981 1010 1193
981 1011 1010 1237
981 1010 1193 1237
981 1193 1194 1237
1010 1193 1237 1236
981 983 1013 1195
981 1013 1011 1237
981 1194 1195 1237
1013 1195 1238 1237
981 1195 1013 1237
983 985 1013 1195
985 1015 1013 1239
985 1013 1195 1239
985 1195 1196 1239
1013 1195 1239 1238
988 989 1018 1201
989 1019 1018 1241
989 1018 1201 1241
989 1201 1203 1241
1018 1201 1241 1240
989 991 1020 1205
989 1020 1019 1241
989 1203 1205 1241
1020 1205 1242 1241
989 1205 1020 1241
991 995 1020 1205
995 1022 1020 1243
995 1020 1205 1243
995 1205 1207 1243
1020 1205 1243 1242
995 1025 1026 1210
995 1026 1022 1243
995 1207 1210 1243
1026 1210 1244 1243
995 1210 1026 1243
1025 1212 1026 1210
1212 1245 1026 1246
1212 1026 1210 1246
1212 1210 1214 1246
1026 1210 1246 1244
997 998 1029 1217
998 1030 1029 1248
998 1029 1217 1248
998 1217 1218 1248
1029 1217 1248 1247
998 999 1031 1220
998 1031 1030 1248
998 1218 1220 1248
1031 1220 1249 1248
998 1220 1031 1248
999 1003 1031 1220
1003 1032 1031 1250
1003 1031 1220 1250
1003 1220 1222 1250
1031 1220 1250 1249
1003 1004 1033 1223
1003 1033 1032 1250
1003 1222 1223 1250
1033 1223 1251 1250
1003 1223 1033 1250
1004 1005 1033 1223
1005 1034 1033 1252
1005 1033 1223 1252
1005 1223 1224 1252
1033 1223 1252 1251
1005 1007 1035 1225
1005 1035 1034 1252
1005 1224 1225 1252
1035 1225 1253 1252
1005 1225 1035 1252
1007 1227 1035 1225
1227 1051 1035 1254
1227 1035 1225 1254
1227 1225 1229 1254
1035 1225 1254 1253
1231 1232 1256 1235
1231 1256 1255 1257
1231 1234 1235 1257
1256 1235 1258 1257
1231 1235 1256 1257
1232 1010 1256 1235
1010 1038 1256 1259
1010 1256 1235 1259
1010 1235 1236 1259
1256 1235 1259 1258
1010 1011 1039 1237
1010 1039 1038 1259
1010 1236 1237 1259
1039 1237 1260 1259
1010 1237 1039 1259
1011 1013 1039 1237
1013 1041 1039 1261
1013 1039 1237 1261
1013 1237 1238 1261
1039 1237 1261 1260
1013 1015 1043 1239
1013 1043 1041 1261
1013 1238 1239 1261
1043 1239 1262 1261
1013 1239 1043 1261
1015 1263 1043 1239
1263 1264 1043 1266
1263 1043 1239 1266
1263 1239 1265 1266
1043 1239 1266 1262
1020 1022 1268 1243
1020 1268 1267 1269
1020 1242 1243 1269
1268 1243 1270 1269
1020 1243 1268 1269
1022 1026 1268 1243
1026 1271 1268 1272
1026 1268 1243 1272
1026 1243 1244 1272
1268 1243 1272 1270
1031 1032 1045 1250
1031 1045 1044 1273
1031 1249 1250 1273
1045 1250 1274 1273
1031 1250 1045 1273
1032 1033 1045 1250
1033 1046 1045 1275
1033 1045 1250 1275
1033 1250 1251 1275
1045 1250 1275 1274
1033 1034 1047 1252
1033 1047 1046 1275
1033 1251 1252 1275
1047 1252 1276 1275
1033 1252 1047 1275
1034 1035 1047 1252
1035 1048 1047 1277
1035 1047 1252 1277
1035 1252 1253 1277
1047 1252 1277 1276
1035 1051 1052 1254
1035 1052 1048 1277
1035 1253 1254 1277
1052 1254 1278 1277
1035 1254 1052 1277
1255 1256 1279 1257
1256 1280 1279 1282
1256 1279 1257 1282
1256 1257 1258 1282
1279 1257 1282 1281
1256 1038 1283 1259
1256 1283 1280 1282
1256 1258 1259 1282
1283 1259 1284 1282
1256 1259 1283 1282
1038 1039 1283 1259
1039 1285 1283 1286
1039 1283 1259 1286
1039 1259 1260 1286
1283 1259 1286 1284
1039 1041 1287 1261
1039 1287 1285 1286
1039 1260 1261 1286
1287 1261 1288 1286
1039 1261 1287 1286
1041 1043 1287 1261
1043 1289 1287 1290
1043 1287 1261 1290
1043 1261 1262 1290
1287 1261 1290 1288
1043 1264 1291 1266
1043 1291 1289 1290
1043 1262 1266 1290
1291 1266 1292 1290
1043 1266 1291 1290
1045 1046 1055 1275
1045 1055 1054 1293
1045 1274 1275 1293
1055 1275 1294 1293
1045 1275 1055 1293
1046 1047 1055 1275
1047 1056 1055 1295
1047 1055 1275 1295
1047 1275 1276 1295
1055 1275 1295 1294
1047 1048 1057 1277
1047 1057 1056 1295
1047 1276 1277 1295
1057 1277 1296 1295
1047 1277 1057 1295
1048 1052 1057 1277
1052 1297 1057 1298
1052 1057 1277 1298
1052 1277 1278 1298
1057 1277 1298 1296
1299 1300 1301 1303
1300 1302 1301 1306
1300 1301 1303 1306
1300 1303 1304 1306
1301 1303 1306 1305
1300 1307 1308 1309
1300 1308 1302 1306
1300 1304 1309 1306
1308 1309 1310 1306
1300 1309 1308 1306
1062 1065 1064 1311
1065 1066 1064 1314
1065 1064 1311 1314
1065 1311 1312 1314
1064 1311 1314 1313
1065 1069 1070 1315
1065 1070 1066 1314
1065 1312 1315 1314
1070 1315 1316 1314
1065 1315 1070 1314
1069 1073 1070 1315
1073 1074 1070 1318
1073 1070 1315 1318
1073 1315 1317 1318
1070 1315 1318 1316
1073 1319 1320 1321
1073 1320 1074 1318
1073 1317 1321 1318
1320 1321 1322 1318
1073 1321 1320 1318
1319 1323 1320 1321
1323 1324 1320 1326
1323 1320 1321 1326
1323 1321 1325 1326
1320 1321 1326 1322
1327 1301 1089 1328
1301 1092 1089 1330
1301 1089 1328 1330
1301 1328 1305 1330
1089 1328 1330 1329
1301 1302 1096 1306
1301 1096 1092 1330
1301 1305 1306 1330
1096 1306 1331 1330
1301 1306 1096 1330
1302 1308 1096 1306
1308 1332 1096 1333
1308 1096 1306 1333
1308 1306 1310 1333
1096 1306 1333 1331
1308 1334 1335 1336
1308 1335 1332 1333
1308 1310 1336 1333
1335 1336 1337 1333
1308 1336 1335 1333
1064 1066 1079 1314
1064 1079 1078 1338
1064 1313 1314 1338
1079 1314 1339 1338
1064 1314 1079 1338
1066 1070 1079 1314
1070 1081 1079 1340
1070 1079 1314 1340
1070 1314 1316 1340
1079 1314 1340 1339
1070 1074 1083 1318
1070 1083 1081 1340
1070 1316 1318 1340
1083 1318 1341 1340
1070 1318 1083 1340
1074 1320 1083 1318
1320 1342 1083 1343
1320 1083 1318 1343
1320 1318 1322 1343
1083 1318 1343 1341
1320 1324 1344 1326
1320 1344 1342 1343
1320 1322 1326 1343
1344 1326 1345 1343
1320 1326 1344 1343
1085 1086 1088 1347
1085 1088 1087 1348
1085 1346 1347 1348
1088 1347 1349 1348
1085 1347 1088 1348
1086 1089 1088 1347
1089 1090 1088 1350
1089 1088 1347 1350
1089 1347 1329 1350
1088 1347 1350 1349
1089 1092 1093 1330
1089 1093 1090 1350
1089 1329 1330 1350
1093 1330 1351 1350
1089 1330 1093 1350
1092 1096 1093 1330
1096 1097 1093 1352
1096 1093 1330 1352
1096 1330 1331 1352
1093 1330 1352 1351
1096 1332 1353 1333
1096 1353 1097 1352
1096 1331 1333 1352
1353 1333 1354 1352
1096 1333 1353 1352
1332 1335 1353 1333
1335 1355 1353 1356
1335 1353 1333 1356
1335 1333 1337 1356
1353 1333 1356 1354
1098 1087 1100 1348
1098 1100 1099 1358
1098 1357 1348 1358
1100 1348 1359 1358
1098 1348 1100 1358
1087 1088 1100 1348
1088 1101 1100 1360
1088 1100 1348 1360
1088 1348 1349 1360
1100 1348 1360 1359
1088 1090 1102 1350
1088 1102 1101 1360
1088 1349 1350 1360
1102 1350 1361 1360
1088 1350 1102 1360
1090 1093 1102 1350
1093 1103 1102 1362
1093 1102 1350 1362
1093 1350 1351 1362
1102 1350 1362 1361
1093 1097 1105 1352
1093 1105 1103 1362
1093 1351 1352 1362
1105 1352 1363 1362
1093 1352 1105 1362
1097 1353 1105 1352
1353 1364 1105 1365
1353 1105 1352 1365
1353 1352 1354 1365
1105 1352 1365 1363
1106 1099 1108 1358
1106 1108 1107 1367
1106 1366 1358 1367
1108 1358 1368 1367
1106 1358 1108 1367
1099 1100 1108 1358
1100 1109 1108 1369
1100 1108 1358 1369
1100 1358 1359 1369
1108 1358 1369 1368
1100 1101 1110 1360
1100 1110 1109 1369
1100 1359 1360 1369
1110 1360 1370 1369
1100 1360 1110 1369
1101 1102 1110 1360
1102 1111 1110 1371
1102 1110 1360 1371
1102 1360 1361 1371
1110 1360 1371 1370
1102 1103 1112 1362
1102 1112 1111 1371
1102 1361 1362 1371
1112 1362 1372 1371
1102 1362 1112 1371
1107 1108 1115 1367
1108 1116 1115 1374
1108 1115 1367 1374
1108 1367 1368 1374
1115 1367 1374 1373
1108 1109 1117 1369
1108 1117 1116 1374
1108 1368 1369 1374
1117 1369 1375 1374
1108 1369 1117 1374
1122 1123 1127 1376
1123 1128 1127 1379
1123 1127 1376 1379
1123 1376 1377 1379
1127 1376 1379 1378
1127 1128 1134 1379
1127 1134 1133 1380
1127 1378 1379 1380
1134 1379 1381 1380
1127 1379 1134 1380
1139 1140 1144 1383
1139 1144 1143 1384
1139 1382 1383 1384
1144 1383 1385 1384
1139 1383 1144 1384
1140 1142 1144 1383
1142 1145 1144 1387
1142 1144 1383 1387
1142 1383 1386 1387
1144 1383 1387 1385
1388 1152 1389 1390
1152 1154 1389 1393
1152 1389 1390 1393
1152 1390 1391 1393
1389 1390 1393 1392
1152 1153 1155 1394
1152 1155 1154 1393
1152 1391 1394 1393
1155 1394 1395 1393
1152 1394 1155 1393
1153 1157 1155 1394
1157 1158 1155 1397
1157 1155 1394 1397
1157 1394 1396 1397
1155 1394 1397 1395
1389 1154 1161 1393
1389 1161 1398 1399
1389 1392 1393 1399
1161 1393 1400 1399
1389 1393 1161 1399
1154 1155 1161 1393
1155 1162 1161 1401
1155 1161 1393 1401
1155 1393 1395 1401
1161 1393 1401 1400
1155 1158 1163 1397
1155 1163 1162 1401
1155 1395 1397 1401
1163 1397 1402 1401
1155 1397 1163 1401
1158 1164 1163 1397
1164 1165 1163 1404
1164 1163 1397 1404
1164 1397 1403 1404
1163 1397 1404 1402
1164 1168 1169 1405
1164 1169 1165 1404
1164 1403 1405 1404
1169 1405 1406 1404
1164 1405 1169 1404
1163 1165 1171 1404
1163 1171 1170 1407
1163 1402 1404 1407
1171 1404 1408 1407
1163 1404 1171 1407
1165 1169 1171 1404
1169 1173 1171 1409
1169 1171 1404 1409
1169 1404 1406 1409
1171 1404 1409 1408
1169 1410 1411 1412
1169 1411 1173 1409
1169 1406 1412 1409
1411 1412 1413 1409
1169 1412 1411 1409
1175 1176 1178 1415
1175 1178 1177 1416
1175 1414 1415 1416
1178 1415 1417 1416
1175 1415 1178 1416
1176 1179 1178 1415
1179 1180 1178 1419
1179 1178 1415 1419
1179 1415 1418 1419
1178 1415 1419 1417
1179 1181 1182 1420
1179 1182 1180 1419
1179 1418 1420 1419
1182 1420 1421 1419
1179 1420 1182 1419
1422 1191 1233 1423
1191 1192 1233 1426
1191 1233 1423 1426
1191 1423 1424 1426
1233 1423 1426 1425
1191 1177 1193 1416
1191 1193 1192 1426
1191 1424 1416 1426
1193 1416 1427 1426
1191 1416 1193 1426
1177 1178 1193 1416
1178 1194 1193 1428
1178 1193 1416 1428
1178 1416 1417 1428
1193 1416 1428 1427
1178 1180 1195 1419
1178 1195 1194 1428
1178 1417 1419 1428
1195 1419 1429 1428
1178 1419 1195 1428
1180 1182 1195 1419
1182 1196 1195 1430
1182 1195 1419 1430
1182 1419 1421 1430
1195 1419 1430 1429
1206 1209 1210 1432
1206 1210 1207 1433
1206 1431 1432 1433
1210 1432 1434 1433
1206 1432 1210 1433
1209 1213 1210 1432
1213 1214 1210 1436
1213 1210 1432 1436
1213 1432 1435 1436
1210 1432 1436 1434
1216 1219 1220 1438
1216 1220 1218 1439
1216 1437 1438 1439
1220 1438 1440 1439
1216 1438 1220 1439
1219 1221 1220 1438
1221 1222 1220 1442
1221 1220 1438 1442
1221 1438 1441 1442
1220 1438 1442 1440
1221 1185 1223 1443
1221 1223 1222 1442
1221 1441 1443 1442
1223 1443 1444 1442
1221 1443 1223 1442
1445 1446 1448 1450
1445 1448 1447 1451
1445 1449 1450 1451
1448 1450 1452 1451
1445 1450 1448 1451
1446 1233 1448 1450
1233 1234 1448 1453
1233 1448 1450 1453
1233 1450 1425 1453
1448 1450 1453 1452
1233 1192 1235 1426
1233 1235 1234 1453
1233 1425 1426 1453
1235 1426 1454 1453
1233 1426 1235 1453
1192 1193 1235 1426
1193 1236 1235 1455
1193 1235 1426 1455
1193 1426 1427 1455
1235 1426 1455 1454
1193 1194 1237 1428
1193 1237 1236 1455
1193 1427 1428 1455
1237 1428 1456 1455
1193 1428 1237 1455
1194 1195 1237 1428
1195 1238 1237 1457
1195 1237 1428 1457
1195 1428 1429 1457
1237 1428 1457 1456
1195 1196 1239 1430
1195 1239 1238 1457
1195 1429 1430 1457
1239 1430 1458 1457
1195 1430 1239 1457
1196 1459 1239 1430
1459 1265 1239 1461
1459 1239 1430 1461
1459 1430 1460 1461
1239 1430 1461 1458
1207 1210 1243 1433
1210 1244 1243 1463
1210 1243 1433 1463
1210 1433 1434 1463
1243 1433 1463 1462
1210 1214 1246 1436
1210 1246 1244 1463
1210 1434 1436 1463
1246 1436 1464 1463
1210 1436 1246 1463
1214 1465 1246 1436
1465 1466 1246 1468
1465 1246 1436 1468
1465 1436 1467 1468
1246 1436 1468 1464
1465 1469 1470 1471
1465 1470 1466 1468
1465 1467 1471 1468
1470 1471 1472 1468
1465 1471 1470 1468
1218 1220 1248 1439
1220 1249 1248 1474
1220 1248 1439 1474
1220 1439 1440 1474
1248 1439 1474 1473
1220 1222 1250 1442
1220 1250 1249 1474
1220 1440 1442 1474
1250 1442 1475 1474
1220 1442 1250 1474
1222 1223 1250 1442
1223 1251 1250 1476
1223 1250 1442 1476
1223 1442 1444 1476
1250 1442 1476 1475
1223 1224 1252 1477
1223 1252 1251 1476
1223 1444 1477 1476
1252 1477 1478 1476
1223 1477 1252 1476
1224 1225 1252 1477
1225 1253 1252 1480
1225 1252 1477 1480
1225 1477 1479 1480
1252 1477 1480 1478
1225 1229 1254 1481
1225 1254 1253 1480
1225 1479 1481 1480
1254 1481 1482 1480
1225 1481 1254 1480
1229 1483 1254 1481
1483 1484 1254 1486
1483 1254 1481 1486
1483 1481 1485 1486
1254 1481 1486 1482
1483 1487 1488 1489
1483 1488 1484 1486
1483 1485 1489 1486
1488 1489 1490 1486
1483 1489 1488 1486
1447 1448 1491 1451
1448 1492 1491 1494
1448 1491 1451 1494
1448 1451 1452 1494
1491 1451 1494 1493
1448 1234 1257 1453
1448 1257 1492 1494
1448 1452 1453 1494
1257 1453 1495 1494
1448 1453 1257 1494
1234 1235 1257 1453
1235 1258 1257 1496
1235 1257 1453 1496
1235 1453 1454 1496
1257 1453 1496 1495
1235 1236 1259 1455
1235 1259 1258 1496
1235 1454 1455 1496
1259 1455 1497 1496
1235 1455 1259 1496
1236 1237 1259 1455
1237 1260 1259 1498
1237 1259 1455 1498
1237 1455 1456 1498
1259 1455 1498 1497
1237 1238 1261 1457
1237 1261 1260 1498
1237 1456 1457 1498
1261 1457 1499 1498
1237 1457 1261 1498
1238 1239 1261 1457
1239 1262 1261 1500
1239 1261 1457 1500
1239 1457 1458 1500
1261 1457 1500 1499
1239 1265 1266 1461
1239 1266 1262 1500
1239 1458 1461 1500
1266 1461 1501 1500
1239 1461 1266 1500
1246 1466 1503 1468
1246 1503 1502 1504
1246 1464 1468 1504
1503 1468 1505 1504
1246 1468 1503 1504
1466 1470 1503 1468
1470 1506 1503 1507
1470 1503 1468 1507
1470 1468 1472 1507
1503 1468 1507 1505
1470 1247 1508 1509
1470 1508 1506 1507
1470 1472 1509 1507
1508 1509 1510 1507
1470 1509 1508 1507
1248 1249 1273 1474
1248 1273 1511 1512
1248 1473 1474 1512
1273 1474 1513 1512
1248 1474 1273 1512
1249 1250 1273 1474
1250 1274 1273 1514
1250 1273 1474 1514
1250 1474 1475 1514
1273 1474 1514 1513
1250 1251 1275 1476
1250 1275 1274 1514
1250 1475 1476 1514
1275 1476 1515 1514
1250 1476 1275 1514
1251 1252 1275 1476
1252 1276 1275 1516
1252 1275 1476 1516
1252 1476 1478 1516
1275 1476 1516 1515
1252 1253 1277 1480
1252 1277 1276 1516
1252 1478 1480 1516
1277 1480 1517 1516
1252 1480 1277 1516
1253 1254 1277 1480
1254 1278 1277 1518
1254 1277 1480 1518
1254 1480 1482 1518
1277 1480 1518 1517
1254 1484 1519 1486
1254 1519 1278 1518
1254 1482 1486 1518
1519 1486 1520 1518
1254 1486 1519 1518
1484 1488 1519 1486
1488 1521 1519 1522
1488 1519 1486 1522
1488 1486 1490 1522
1519 1486 1522 1520
1488 1523 1524 1525
1488 1524 1521 1522
1488 1490 1525 1522
1524 1525 1526 1522
1488 1525 1524 1522
1523 1527 1524 1525
1527 1528 1524 1530
1527 1524 1525 1530
1527 1525 1529 1530
1524 1525 1530 1526
1491 1492 1532 1494
1491 1532 1531 1533
1491 1493 1494 1533
1532 1494 1534 1533
1491 1494 1532 1533
1492 1257 1532 1494
1257 1281 1532 1535
1257 1532 1494 1535
1257 1494 1495 1535
1532 1494 1535 1534
1257 1258 1282 1496
1257 1282 1281 1535
1257 1495 1496 1535
1282 1496 1536 1535
1257 1496 1282 1535
1258 1259 1282 1496
1259 1284 1282 1537
1259 1282 1496 1537
1259 1496 1497 1537
1282 1496 1537 1536
1259 1260 1286 1498
1259 1286 1284 1537
1259 1497 1498 1537
1286 1498 1538 1537
1259 1498 1286 1537
1260 1261 1286 1498
1261 1288 1286 1539
1261 1286 1498 1539
1261 1498 1499 1539
1286 1498 1539 1538
1261 1262 1290 1500
1261 1290 1288 1539
1261 1499 1500 1539
1290 1500 1540 1539
1261 1500 1290 1539
1262 1266 1290 1500
1266 1292 1290 1541
1266 1290 1500 1541
1266 1500 1501 1541
1290 1500 1541 1540
1511 1273 1542 1512
1273 1543 1542 1545
1273 1542 1512 1545
1273 1512 1513 1545
1542 1512 1545 1544
1273 1274 1293 1514
1273 1293 1543 1545
1273 1513 1514 1545
1293 1514 1546 1545
1273 1514 1293 1545
1274 1275 1293 1514
1275 1294 1293 1547
1275 1293 1514 1547
1275 1514 1515 1547
1293 1514 1547 1546
1275 1276 1295 1516
1275 1295 1294 1547
1275 1515 1516 1547
1295 1516 1548 1547
1275 1516 1295 1547
1276 1277 1295 1516
1277 1296 1295 1549
1277 1295 1516 1549
1277 1516 1517 1549
1295 1516 1549 1548
1277 1278 1298 1518
1277 1298 1296 1549
1277 1517 1518 1549
1298 1518 1550 1549
1277 1518 1298 1549
1278 1519 1298 1518
1519 1551 1298 1552
1519 1298 1518 1552
1519 1518 1520 1552
1298 1518 1552 1550
1519 1521 1303 1522
1519 1303 1551 1552
1519 1520 1522 1552
1303 1522 1553 1552
1519 1522 1303 1552
1521 1524 1303 1522
1524 1304 1303 1554
1524 1303 1522 1554
1524 1522 1526 1554
1303 1522 1554 1553
1528 1555 1309 1530
1555 1556 1309 1559
1555 1309 1530 1559
1555 1530 1557 1559
1309 1530 1559 1558
1555 1560 1561 1562
1555 1561 1556 1559
1555 1557 1562 1559
1561 1562 1563 1559
1555 1562 1561 1559
1281 1282 1564 1535
1282 1565 1564 1567
1282 1564 1535 1567
1282 1535 1536 1567
1564 1535 1567 1566
1282 1284 1568 1537
1282 1568 1565 1567
1282 1536 1537 1567
1568 1537 1569 1567
1282 1537 1568 1567
1284 1286 1568 1537
1286 1570 1568 1571
1286 1568 1537 1571
1286 1537 1538 1571
1568 1537 1571 1569
1286 1288 1572 1539
1286 1572 1570 1571
1286 1538 1539 1571
1572 1539 1573 1571
1286 1539 1572 1571
1542 1543 1574 1545
1542 1574 1325 1575
1542 1544 1545 1575
1574 1545 1576 1575
1542 1545 1574 1575
1543 1293 1574 1545
1293 1577 1574 1578
1293 1574 1545 1578
1293 1545 1546 1578
1574 1545 1578 1576
1293 1294 1579 1547
1293 1579 1577 1578
1293 1546 1547 1578
1579 1547 1580 1578
1293 1547 1579 1578
1294 1295 1579 1547
1295 1581 1579 1582
1295 1579 1547 1582
1295 1547 1548 1582
1579 1547 1582 1580
1295 1296 1583 1549
1295 1583 1581 1582
1295 1548 1549 1582
1583 1549 1584 1582
1295 1549 1583 1582
1303 1304 1306 1554
1303 1306 1305 1585
1303 1553 1554 1585
1306 1554 1586 1585
1303 1554 1306 1585
1304 1309 1306 1554
1309 1310 1306 1587
1309 1306 1554 1587
1309 1554 1558 1587
1306 1554 1587 1586
1309 1556 1336 1559
1309 1336 1310 1587
1309 1558 1559 1587
1336 1559 1588 1587
1309 1559 1336 1587
1556 1561 1336 1559
1561 1589 1336 1590
1561 1336 1559 1590
1561 1559 1563 1590
1336 1559 1590 1588
1315 1317 1318 1592
1315 1318 1316 1593
1315 1591 1592 1593
1318 1592 1594 1593
1315 1592 1318 1593
1317 1321 1318 1592
1321 1322 1318 1596
1321 1318 1592 1596
1321 1592 1595 1596
1318 1592 1596 1594
1321 1325 1326 1575
1321 1326 1322 1596
1321 1595 1575 1596
1326 1575 1597 1596
1321 1575 1326 1596
1325 1574 1326 1575
1574 1598 1326 1599
1574 1326 1575 1599
1574 1575 1576 1599
1326 1575 1599 1597
1574 1577 1600 1578
1574 1600 1598 1599
1574 1576 1578 1599
1600 1578 1601 1599
1574 1578 1600 1599
1328 1305 1330 1585
1328 1330 1329 1603
1328 1602 1585 1603
1330 1585 1604 1603
1328 1585 1330 1603
1305 1306 1330 1585
1306 1331 1330 1605
1306 1330 1585 1605
1306 1585 1586 1605
1330 1585 1605 1604
1306 1310 1333 1587
1306 1333 1331 1605
1306 1586 1587 1605
1333 1587 1606 1605
1306 1587 1333 1605
1310 1336 1333 1587
1336 1337 1333 1607
1336 1333 1587 1607
1336 1587 1588 1607
1333 1587 1607 1606
1336 1589 1608 1590
1336 1608 1337 1607
1336 1588 1590 1607
1608 1590 1609 1607
1336 1590 1608 1607
1316 1318 1340 1593
1318 1341 1340 1611
1318 1340 1593 1611
1318 1593 1594 1611
1340 1593 1611 1610
1318 1322 1343 1596
1318 1343 1341 1611
1318 1594 1596 1611
1343 1596 1612 1611
1318 1596 1343 1611
1322 1326 1343 1596
1326 1345 1343 1613
1326 1343 1596 1613
1326 1596 1597 1613
1343 1596 1613 1612
1347 1329 1350 1603
1347 1350 1349 1615
1347 1614 1603 1615
1350 1603 1616 1615
1347 1603 1350 1615
1329 1330 1350 1603
1330 1351 1350 1617
1330 1350 1603 1617
1330 1603 1604 1617
1350 1603 1617 1616
1330 1331 1352 1605
1330 1352 1351 1617
1330 1604 1605 1617
1352 1605 1618 1617
1330 1605 1352 1617
1331 1333 1352 1605
1333 1354 1352 1619
1333 1352 1605 1619
1333 1605 1606 1619
1352 1605 1619 1618
1333 1337 1356 1607
1333 1356 1354 1619
1333 1606 1607 1619
1356 1607 1620 1619
1333 1607 1356 1619
1349 1350 1360 1615
1350 1361 1360 1622
1350 1360 1615 1622
1350 1615 1616 1622
1360 1615 1622 1621
1350 1351 1362 1617
1350 1362 1361 1622
1350 1616 1617 1622
1362 1617 1623 1622
1350 1617 1362 1622
1351 1352 1362 1617
1352 1363 1362 1624
1352 1362 1617 1624
1352 1617 1618 1624
1362 1617 1624 1623
1352 1354 1365 1619
1352 1365 1363 1624
1352 1618 1619 1624
1365 1619 1625 1624
1352 1619 1365 1624
1361 1362 1371 1622
1362 1372 1371 1627
1362 1371 1622 1627
1362 1622 1623 1627
1371 1622 1627 1626
1628 1629 1383 1631
1628 1383 1382 1632
1628 1630 1631 1632
1383 1631 1633 1632
1628 1631 1383 1632
1382 1383 1384 1632
1383 1385 1384 1635
1383 1384 1632 1635
1383 1632 1633 1635
1384 1632 1635 1634
1383 1386 1387 1636
1383 1387 1385 1635
1383 1633 1636 1635
1387 1636 1637 1635
1383 1636 1387 1635
1386 1638 1387 1636
1638 1639 1387 1641
1638 1387 1636 1641
1638 1636 1640 1641
1387 1636 1641 1637
1385 1387 1642 1635
1387 1643 1642 1645
1387 1642 1635 1645
1387 1635 1637 1645
1642 1635 1645 1644
1387 1639 1646 1641
1387 1646 1643 1645
1387 1637 1641 1645
1646 1641 1647 1645
1387 1641 1646 1645
1397 1403 1404 1649
1397 1404 1402 1650
1397 1648 1649 1650
1404 1649 1651 1650
1397 1649 1404 1650
1403 1405 1404 1649
1405 1406 1404 1653
1405 1404 1649 1653
1405 1649 1652 1653
1404 1649 1653 1651
1643 1646 1654 1645
1646 1655 1654 1657
1646 1654 1645 1657
1646 1645 1647 1657
1654 1645 1657 1656
1402 1404 1407 1650
1404 1408 1407 1659
1404 1407 1650 1659
1404 1650 1651 1659
1407 1650 1659 1658
1404 1406 1409 1653
1404 1409 1408 1659
1404 1651 1653 1659
1409 1653 1660 1659
1404 1653 1409 1659
1406 1412 1409 1653
1412 1413 1409 1662
1412 1409 1653 1662
1412 1653 1661 1662
1409 1653 1662 1660
1412 1663 1664 1665
1412 1664 1413 1662
1412 1661 1665 1662
1664 1665 1666 1662
1412 1665 1664 1662
1408 1409 1667 1659
1409 1668 1667 1670
1409 1667 1659 1670
1409 1659 1660 1670
1667 1659 1670 1669
1409 1413 1671 1662
1409 1671 1668 1670
1409 1660 1662 1670
1671 1662 1672 1670
1409 1662 1671 1670
1413 1664 1671 1662
1664 1673 1671 1674
1664 1671 1662 1674
1664 1662 1666 1674
1671 1662 1674 1672
1414 1415 1416 1675
1415 1417 1416 1678
1415 1416 1675 1678
1415 1675 1676 1678
1416 1675 1678 1677
1415 1418 1419 1679
1415 1419 1417 1678
1415 1676 1679 1678
1419 1679 1680 1678
1415 1679 1419 1678
1418 1420 1419 1679
1420 1421 1419 1682
1420 1419 1679 1682
1420 1679 1681 1682
1419 1679 1682 1680
1683 1684 1450 1686
1683 1450 1449 1687
1683 1685 1686 1687
1450 1686 1688 1687
1683 1686 1450 1687
1684 1423 1450 1686
1423 1425 1450 1690
1423 1450 1686 1690
1423 1686 1689 1690
1450 1686 1690 1688
1423 1424 1426 1691
1423 1426 1425 1690
1423 1689 1691 1690
1426 1691 1692 1690
1423 1691 1426 1690
1424 1416 1426 1691
1416 1427 1426 1693
1416 1426 1691 1693
1416 1691 1677 1693
1426 1691 1693 1692
1416 1417 1428 1678
1416 1428 1427 1693
1416 1677 1678 1693
1428 1678 1694 1693
1416 1678 1428 1693
1417 1419 1428 1678
1419 1429 1428 1695
1419 1428 1678 1695
1419 1678 1680 1695
1428 1678 1695 1694
1419 1421 1430 1682
1419 1430 1429 1695
1419 1680 1682 1695
1430 1682 1696 1695
1419 1682 1430 1695
1697 1698 1700 1702
1697 1700 1699 1703
1697 1701 1702 1703
1700 1702 1704 1703
1697 1702 1700 1703
1698 1705 1700 1702
1705 1706 1700 1708
1705 1700 1702 1708
1705 1702 1707 1708
1700 1702 1708 1704
1705 1449 1451 1687
1705 1451 1706 1708
1705 1707 1687 1708
1451 1687 1709 1708
1705 1687 1451 1708
1449 1450 1451 1687
1450 1452 1451 1710
1450 1451 1687 1710
1450 1687 1688 1710
1451 1687 1710 1709
1450 1425 1453 1690
1450 1453 1452 1710
1450 1688 1690 1710
1453 1690 1711 1710
1450 1690 1453 1710
1425 1426 1453 1690
1426 1454 1453 1712
1426 1453 1690 1712
1426 1690 1692 1712
1453 1690 1712 1711
1426 1427 1455 1693
1426 1455 1454 1712
1426 1692 1693 1712
1455 1693 1713 1712
1426 1693 1455 1712
1427 1428 1455 1693
1428 1456 1455 1714
1428 1455 1693 1714
1428 1693 1694 1714
1455 1693 1714 1713
1428 1429 1457 1695
1428 1457 1456 1714
1428 1694 1695 1714
1457 1695 1715 1714
1428 1695 1457 1714
1429 1430 1457 1695
1430 1458 1457 1716
1430 1457 1695 1716
1430 1695 1696 1716
1457 1695 1716 1715
1430 1460 1461 1717
1430 1461 1458 1716
1430 1696 1717 1716
1461 1717 1718 1716
1430 1717 1461 1716
1434 1436 1463 1719
1436 1464 1463 1722
1436 1463 1719 1722
1436 1719 1720 1722
1463 1719 1722 1721
1436 1467 1468 1723
1436 1468 1464 1722
1436 1720 1723 1722
1468 1723 1724 1722
1436 1723 1468 1722
1467 1471 1468 1723
1471 1472 1468 1726
1471 1468 1723 1726
1471 1723 1725 1726
1468 1723 1726 1724
1471 1727 1509 1728
1471 1509 1472 1726
1471 1725 1728 1726
1509 1728 1729 1726
1471 1728 1509 1726
1727 1439 1509 1728
1439 1473 1509 1731
1439 1509 1728 1731
1439 1728 1730 1731
1509 1728 1731 1729
1439 1440 1474 1732
1439 1474 1473 1731
1439 1730 1732 1731
1474 1732 1733 1731
1439 1732 1474 1731
1440 1442 1474 1732
1442 1475 1474 1735
1442 1474 1732 1735
1442 1732 1734 1735
1474 1732 1735 1733
1442 1444 1476 1736
1442 1476 1475 1735
1442 1734 1736 1735
1476 1736 1737 1735
1442 1736 1476 1735
1444 1477 1476 1736
1477 1478 1476 1739
1477 1476 1736 1739
1477 1736 1738 1739
1476 1736 1739 1737
1477 1479 1480 1740
1477 1480 1478 1739
1477 1738 1740 1739
1480 1740 1741 1739
1477 1740 1480 1739
1479 1481 1480 1740
1481 1482 1480 1743
1481 1480 1740 1743
1481 1740 1742 1743
1480 1740 1743 1741
1481 1485 1486 1744
1481 1486 1482 1743
1481 1742 1744 1743
1486 1744 1745 1743
1481 1744 1486 1743
1485 1489 1486 1744
1489 1490 1486 1747
1489 1486 1744 1747
1489 1744 1746 1747
1486 1744 1747 1745
1489 1748 1525 1749
1489 1525 1490 1747
1489 1746 1749 1747
1525 1749 1750 1747
1489 1749 1525 1747
1748 1751 1525 1749
1751 1529 1525 1753
1751 1525 1749 1753
1751 1749 1752 1753
1525 1749 1753 1750
1751 1754 1755 1756
1751 1755 1529 1753
1751 1752 1756 1753
1755 1756 1757 1753
1751 1756 1755 1753
1754 1758 1755 1756
1758 1759 1755 1761
1758 1755 1756 1761
1758 1756 1760 1761
1755 1756 1761 1757
1758 1699 1762 1703
1758 1762 1759 1761
1758 1760 1703 1761
1762 1703 1763 1761
1758 1703 1762 1761
1699 1700 1762 1703
1700 1764 1762 1765
1700 1762 1703 1765
1700 1703 1704 1765
1762 1703 1765 1763
1700 1706 1766 1708
1700 1766 1764 1765
1700 1704 1708 1765
1766 1708 1767 1765
1700 1708 1766 1765
1706 1451 1766 1708
1451 1493 1766 1768
1451 1766 1708 1768
1451 1708 1709 1768
1766 1708 1768 1767
1451 1452 1494 1710
1451 1494 1493 1768
1451 1709 1710 1768
1494 1710 1769 1768
1451 1710 1494 1768
1452 1453 1494 1710
1453 1495 1494 1770
1453 1494 1710 1770
1453 1710 1711 1770
1494 1710 1770 1769
1453 1454 1496 1712
1453 1496 1495 1770
1453 1711 1712 1770
1496 1712 1771 1770
1453 1712 1496 1770
1454 1455 1496 1712
1455 1497 1496 1772
1455 1496 1712 1772
1455 1712 1713 1772
1496 1712 1772 1771
1455 1456 1498 1714
1455 1498 1497 1772
1455 1713 1714 1772
1498 1714 1773 1772
1455 1714 1498 1772
1456 1457 1498 1714
1457 1499 1498 1774
1457 1498 1714 1774
1457 1714 1715 1774
1498 1714 1774 1773
1457 1458 1500 1716
1457 1500 1499 1774
1457 1715 1716 1774
1500 1716 1775 1774
1457 1716 1500 1774
1458 1461 1500 1716
1461 1501 1500 1776
1461 1500 1716 1776
1461 1716 1718 1776
1500 1716 1776 1775
1464 1468 1504 1722
1468 1505 1504 1778
1468 1504 1722 1778
1468 1722 1724 1778
1504 1722 1778 1777
1468 1472 1507 1726
1468 1507 1505 1778
1468 1724 1726 1778
1507 1726 1779 1778
1468 1726 1507 1778
1472 1509 1507 1726
1509 1510 1507 1780
1509 1507 1726 1780
1509 1726 1729 1780
1507 1726 1780 1779
1509 1473 1512 1731
1509 1512 1510 1780
1509 1729 1731 1780
1512 1731 1781 1780
1509 1731 1512 1780
1473 1474 1512 1731
1474 1513 1512 1782
1474 1512 1731 1782
1474 1731 1733 1782
1512 1731 1782 1781
1474 1475 1514 1735
1474 1514 1513 1782
1474 1733 1735 1782
1514 1735 1783 1782
1474 1735 1514 1782
1475 1476 1514 1735
1476 1515 1514 1784
1476 1514 1735 1784
1476 1735 1737 1784
1514 1735 1784 1783
1476 1478 1516 1739
1476 1516 1515 1784
1476 1737 1739 1784
1516 1739 1785 1784
1476 1739 1516 1784
1478 1480 1516 1739
1480 1517 1516 1786
1480 1516 1739 1786
1480 1739 1741 1786
1516 1739 1786 1785
1480 1482 1518 1743
1480 1518 1517 1786
1480 1741 1743 1786
1518 1743 1787 1786
1480 1743 1518 1786
1482 1486 1518 1743
1486 1520 1518 1788
1486 1518 1743 1788
1486 1743 1745 1788
1518 1743 1788 1787
1486 1490 1522 1747
1486 1522 1520 1788
1486 1745 1747 1788
1522 1747 1789 1788
1486 1747 1522 1788
1490 1525 1522 1747
1525 1526 1522 1790
1525 1522 1747 1790
1525 1747 1750 1790
1522 1747 1790 1789
1525 1529 1530 1753
1525 1530 1526 1790
1525 1750 1753 1790
1530 1753 1791 1790
1525 1753 1530 1790
1529 1755 1530 1753
1755 1557 1530 1792
1755 1530 1753 1792
1755 1753 1757 1792
1530 1753 1792 1791
1755 1759 1562 1761
1755 1562 1557 1792
1755 1757 1761 1792
1562 1761 1793 1792
1755 1761 1562 1792
1759 1762 1562 1761
1762 1794 1562 1795
1762 1562 1761 1795
1762 1761 1763 1795
1562 1761 1795 1793
1762 1764 1796 1765
1762 1796 1794 1795
1762 1763 1765 1795
1796 1765 1797 1795
1762 1765 1796 1795
1764 1766 1796 1765
1766 1798 1796 1799
1766 1796 1765 1799
1766 1765 1767 1799
1796 1765 1799 1797
1766 1493 1533 1768
1766 1533 1798 1799
1766 1767 1768 1799
1533 1768 1800 1799
1766 1768 1533 1799
1493 1494 1533 1768
1494 1534 1533 1801
1494 1533 1768 1801
1494 1768 1769 1801
1533 1768 1801 1800
1494 1495 1535 1770
1494 1535 1534 1801
1494 1769 1770 1801
1535 1770 1802 1801
1494 1770 1535 1801
1495 1496 1535 1770
1496 1536 1535 1803
1496 1535 1770 1803
1496 1770 1771 1803
1535 1770 1803 1802
1496 1497 1537 1772
1496 1537 1536 1803
1496 1771 1772 1803
1537 1772 1804 1803
1496 1772 1537 1803
1497 1498 1537 1772
1498 1538 1537 1805
1498 1537 1772 1805
1498 1772 1773 1805
1537 1772 1805 1804
1498 1499 1539 1774
1498 1539 1538 1805
1498 1773 1774 1805
1539 1774 1806 1805
1498 1774 1539 1805
1499 1500 1539 1774
1500 1540 1539 1807
1500 1539 1774 1807
1500 1774 1775 1807
1539 1774 1807 1806
1500 1501 1541 1776
1500 1541 1540 1807
1500 1775 1776 1807
1541 1776 1808 1807
1500 1776 1541 1807
1512 1513 1545 1782
1512 1545 1544 1809
1512 1781 1782 1809
1545 1782 1810 1809
1512 1782 1545 1809
1513 1514 1545 1782
1514 1546 1545 1811
1514 1545 1782 1811
1514 1782 1783 1811
1545 1782 1811 1810
1514 1515 1547 1784
1514 1547 1546 1811
1514 1783 1784 1811
1547 1784 1812 1811
1514 1784 1547 1811
1515 1516 1547 1784
1516 1548 1547 1813
1516 1547 1784 1813
1516 1784 1785 1813
1547 1784 1813 1812
1516 1517 1549 1786
1516 1549 1548 1813
1516 1785 1786 1813
1549 1786 1814 1813
1516 1786 1549 1813
1517 1518 1549 1786
1518 1550 1549 1815
1518 1549 1786 1815
1518 1786 1787 1815
1549 1786 1815 1814
1518 1520 1552 1788
1518 1552 1550 1815
1518 1787 1788 1815
1552 1788 1816 1815
1518 1788 1552 1815
1520 1522 1552 1788
1522 1553 1552 1817
1522 1552 1788 1817
1522 1788 1789 1817
1552 1788 1817 1816
1522 1526 1554 1790
1522 1554 1553 1817
1522 1789 1790 1817
1554 1790 1818 1817
1522 1790 1554 1817
1526 1530 1554 1790
1530 1558 1554 1819
1530 1554 1790 1819
1530 1790 1791 1819
1554 1790 1819 1818
1530 1557 1559 1792
1530 1559 1558 1819
1530 1791 1792 1819
1559 1792 1820 1819
1530 1792 1559 1819
1557 1562 1559 1792
1562 1563 1559 1821
1562 1559 1792 1821
1562 1792 1793 1821
1559 1792 1821 1820
1562 1794 1822 1795
1562 1822 1563 1821
1562 1793 1795 1821
1822 1795 1823 1821
1562 1795 1822 1821
1794 1796 1822 1795
1796 1824 1822 1825
1796 1822 1795 1825
1796 1795 1797 1825
1822 1795 1825 1823
1796 1798 1826 1799
1796 1826 1824 1825
1796 1797 1799 1825
1826 1799 1827 1825
1796 1799 1826 1825
1798 1533 1826 1799
1533 1828 1826 1829
1533 1826 1799 1829
1533 1799 1800 1829
1826 1799 1829 1827
1533 1534 1830 1801
1533 1830 1828 1829
1533 1800 1801 1829
1830 1801 1831 1829
1533 1801 1830 1829
1534 1535 1830 1801
1535 1566 1830 1832
1535 1830 1801 1832
1535 1801 1802 1832
1830 1801 1832 1831
1535 1536 1567 1803
1535 1567 1566 1832
1535 1802 1803 1832
1567 1803 1833 1832
1535 1803 1567 1832
1536 1537 1567 1803
1537 1569 1567 1834
1537 1567 1803 1834
1537 1803 1804 1834
1567 1803 1834 1833
1537 1538 1571 1805
1537 1571 1569 1834
1537 1804 1805 1834
1571 1805 1835 1834
1537 1805 1571 1834
1538 1539 1571 1805
1539 1573 1571 1836
1539 1571 1805 1836
1539 1805 1806 1836
1571 1805 1836 1835
1837 1544 1575 1809
1837 1575 1595 1839
1837 1838 1809 1839
1575 1809 1840 1839
1837 1809 1575 1839
1544 1545 1575 1809
1545 1576 1575 1841
1545 1575 1809 1841
1545 1809 1810 1841
1575 1809 1841 1840
1545 1546 1578 1811
1545 1578 1576 1841
1545 1810 1811 1841
1578 1811 1842 1841
1545 1811 1578 1841
1546 1547 1578 1811
1547 1580 1578 1843
1547 1578 1811 1843
1547 1811 1812 1843
1578 1811 1843 1842
1547 1548 1582 1813
1547 1582 1580 1843
1547 1812 1813 1843
1582 1813 1844 1843
1547 1813 1582 1843
1548 1549 1582 1813
1549 1584 1582 1845
1549 1582 1813 1845
1549 1813 1814 1845
1582 1813 1845 1844
1549 1550 1846 1815
1549 1846 1584 1845
1549 1814 1815 1845
1846 1815 1847 1845
1549 1815 1846 1845
1550 1552 1846 1815
1552 1602 1846 1848
1552 1846 1815 1848
1552 1815 1816 1848
1846 1815 1848 1847
1552 1553 1585 1817
1552 1585 1602 1848
1552 1816 1817 1848
1585 1817 1849 1848
1552 1817 1585 1848
1553 1554 1585 1817
1554 1586 1585 1850
1554 1585 1817 1850
1554 1817 1818 1850
1585 1817 1850 1849
1554 1558 1587 1819
1554 1587 1586 1850
1554 1818 1819 1850
1587 1819 1851 1850
1554 1819 1587 1850
1558 1559 1587 1819
1559 1588 1587 1852
1559 1587 1819 1852
1559 1819 1820 1852
1587 1819 1852 1851
1559 1563 1590 1821
1559 1590 1588 1852
1559 1820 1821 1852
1590 1821 1853 1852
1559 1821 1590 1852
1563 1822 1590 1821
1822 1854 1590 1855
1822 1590 1821 1855
1822 1821 1823 1855
1590 1821 1855 1853
1592 1595 1596 1839
1592 1596 1594 1857
1592 1856 1839 1857
1596 1839 1858 1857
1592 1839 1596 1857
1595 1575 1596 1839
1575 1597 1596 1859
1575 1596 1839 1859
1575 1839 1840 1859
1596 1839 1859 1858
1575 1576 1599 1841
1575 1599 1597 1859
1575 1840 1841 1859
1599 1841 1860 1859
1575 1841 1599 1859
1576 1578 1599 1841
1578 1601 1599 1861
1578 1599 1841 1861
1578 1841 1842 1861
1599 1841 1861 1860
1602 1585 1603 1848
1585 1604 1603 1863
1585 1603 1848 1863
1585 1848 1849 1863
1603 1848 1863 1862
1585 1586 1605 1850
1585 1605 1604 1863
1585 1849 1850 1863
1605 1850 1864 1863
1585 1850 1605 1863
1586 1587 1605 1850
1587 1606 1605 1865
1587 1605 1850 1865
1587 1850 1851 1865
1605 1850 1865 1864
1587 1588 1607 1852
1587 1607 1606 1865
1587 1851 1852 1865
1607 1852 1866 1865
1587 1852 1607 1865
1588 1590 1607 1852
1590 1609 1607 1867
1590 1607 1852 1867
1590 1852 1853 1867
1607 1852 1867 1866
1590 1854 1868 1855
1590 1868 1609 1867
1590 1853 1855 1867
1868 1855 1869 1867
1590 1855 1868 1867
1594 1596 1611 1857
1596 1612 1611 1871
1596 1611 1857 1871
1596 1857 1858 1871
1611 1857 1871 1870
1596 1597 1613 1859
1596 1613 1612 1871
1596 1858 1859 1871
1613 1859 1872 1871
1596 1859 1613 1871
1597 1599 1613 1859
1599 1873 1613 1874
1599 1613 1859 1874
1599 1859 1860 1874
1613 1859 1874 1872
1603 1604 1617 1863
1603 1617 1616 1875
1603 1862 1863 1875
1617 1863 1876 1875
1603 1863 1617 1875
1604 1605 1617 1863
1605 1618 1617 1877
1605 1617 1863 1877
1605 1863 1864 1877
1617 1863 1877 1876
1605 1606 1619 1865
1605 1619 1618 1877
1605 1864 1865 1877
1619 1865 1878 1877
1605 1865 1619 1877
1606 1607 1619 1865
1607 1620 1619 1879
1607 1619 1865 1879
1607 1865 1866 1879
1619 1865 1879 1878
1607 1609 1880 1867
1607 1880 1620 1879
1607 1866 1867 1879
1880 1867 1881 1879
1607 1867 1880 1879
1882 1610 1884 1886
1882 1884 1883 1887
1882 1885 1886 1887
1884 1886 1888 1887
1882 1886 1884 1887
1883 1884 1889 1887
1884 1890 1889 1892
1884 1889 1887 1892
1884 1887 1888 1892
1889 1887 1892 1891
1893 1894 1896 1898
1893 1896 1895 1899
1893 1897 1898 1899
1896 1898 1900 1899
1893 1898 1896 1899
1894 1901 1896 1898
1901 1902 1896 1904
1901 1896 1898 1904
1901 1898 1903 1904
1896 1898 1904 1900
1895 1896 1905 1899
1896 1906 1905 1908
1896 1905 1899 1908
1896 1899 1900 1908
1905 1899 1908 1907
1896 1902 1909 1904
1896 1909 1906 1908
1896 1900 1904 1908
1909 1904 1910 1908
1896 1904 1909 1908
1905 1906 1912 1908
1905 1912 1911 1913
1905 1907 1908 1913
1912 1908 1914 1913
1905 1908 1912 1913
1633 1636 1635 1915
1636 1637 1635 1918
1636 1635 1915 1918
1636 1915 1916 1918
1635 1915 1918 1917
1636 1640 1641 1919
1636 1641 1637 1918
1636 1916 1919 1918
1641 1919 1920 1918
1636 1919 1641 1918
1635 1637 1645 1918
1635 1645 1644 1921
1635 1917 1918 1921
1645 1918 1922 1921
1635 1918 1645 1921
1637 1641 1645 1918
1641 1647 1645 1923
1641 1645 1918 1923
1641 1918 1920 1923
1645 1918 1923 1922
1641 1924 1925 1926
1641 1925 1647 1923
1641 1920 1926 1923
1925 1926 1927 1923
1641 1926 1925 1923
1645 1647 1657 1923
1645 1657 1656 1928
1645 1922 1923 1928
1657 1923 1929 1928
1645 1923 1657 1928
1647 1925 1657 1923
1925 1930 1657 1931
1925 1657 1923 1931
1925 1923 1927 1931
1657 1923 1931 1929
1651 1653 1659 1932
1653 1660 1659 1935
1653 1659 1932 1935
1653 1932 1933 1935
1659 1932 1935 1934
1653 1661 1662 1936
1653 1662 1660 1935
1653 1933 1936 1935
1662 1936 1937 1935
1653 1936 1662 1935
1661 1665 1662 1936
1665 1666 1662 1939
1665 1662 1936 1939
1665 1936 1938 1939
1662 1936 1939 1937
1665 1656 1940 1928
1665 1940 1666 1939
1665 1938 1928 1939
1940 1928 1941 1939
1665 1928 1940 1939
1656 1657 1940 1928
1657 1942 1940 1943
1657 1940 1928 1943
1657 1928 1929 1943
1940 1928 1943 1941
1659 1660 1670 1935
1659 1670 1669 1944
1659 1934 1935 1944
1670 1935 1945 1944
1659 1935 1670 1944
1660 1662 1670 1935
1662 1672 1670 1946
1662 1670 1935 1946
1662 1935 1937 1946
1670 1935 1946 1945
1662 1666 1674 1939
1662 1674 1672 1946
1662 1937 1939 1946
1674 1939 1947 1946
1662 1939 1674 1946
1666 1940 1674 1939
1940 1948 1674 1949
1940 1674 1939 1949
1940 1939 1941 1949
1674 1939 1949 1947
1950 1951 1702 1952
1951 1707 1702 1955
1951 1702 1952 1955
1951 1952 1953 1955
1702 1952 1955 1954
1951 1685 1687 1956
1951 1687 1707 1955
1951 1953 1956 1955
1687 1956 1957 1955
1951 1956 1687 1955
1685 1686 1687 1956
1686 1688 1687 1959
1686 1687 1956 1959
1686 1956 1958 1959
1687 1956 1959 1957
1686 1689 1690 1960
1686 1690 1688 1959
1686 1958 1960 1959
1690 1960 1961 1959
1686 1960 1690 1959
1689 1691 1690 1960
1691 1692 1690 1963
1691 1690 1960 1963
1691 1960 1962 1963
1690 1960 1963 1961
1691 1677 1693 1964
1691 1693 1692 1963
1691 1962 1964 1963
1693 1964 1965 1963
1691 1964 1693 1963
1677 1678 1693 1964
1678 1694 1693 1967
1678 1693 1964 1967
1678 1964 1966 1967
1693 1964 1967 1965
1678 1680 1695 1968
1678 1695 1694 1967
1678 1966 1968 1967
1695 1968 1969 1967
1678 1968 1695 1967
1680 1682 1695 1968
1682 1696 1695 1971
1682 1695 1968 1971
1682 1968 1970 1971
1695 1968 1971 1969
1972 1973 1728 1974
1973 1730 1728 1977
1973 1728 1974 1977
1973 1974 1975 1977
1728 1974 1977 1976
1973 1978 1732 1979
1973 1732 1730 1977
1973 1975 1979 1977
1732 1979 1980 1977
1973 1979 1732 1977
1981 1982 1749 1983
1982 1752 1749 1986
1982 1749 1983 1986
1982 1983 1984 1986
1749 1983 1986 1985
1982 1987 1756 1988
1982 1756 1752 1986
1982 1984 1988 1986
1756 1988 1989 1986
1982 1988 1756 1986
1990 1701 1703 1992
1990 1703 1760 1993
1990 1991 1992 1993
1703 1992 1994 1993
1990 1992 1703 1993
1701 1702 1703 1992
1702 1704 1703 1995
1702 1703 1992 1995
1702 1992 1954 1995
1703 1992 1995 1994
1702 1707 1708 1955
1702 1708 1704 1995
1702 1954 1955 1995
1708 1955 1996 1995
1702 1955 1708 1995
1707 1687 1708 1955
1687 1709 1708 1997
1687 1708 1955 1997
1687 1955 1957 1997
1708 1955 1997 1996
1687 1688 1710 1959
1687 1710 1709 1997
1687 1957 1959 1997
1710 1959 1998 1997
1687 1959 1710 1997
1688 1690 1710 1959
1690 1711 1710 1999
1690 1710 1959 1999
1690 1959 1961 1999
1710 1959 1999 1998
1690 1692 1712 1963
1690 1712 1711 1999
1690 1961 1963 1999
1712 1963 2000 1999
1690 1963 1712 1999
1692 1693 1712 1963
1693 1713 1712 2001
1693 1712 1963 2001
1693 1963 1965 2001
1712 1963 2001 2000
1693 1694 1714 1967
1693 1714 1713 2001
1693 1965 1967 2001
1714 1967 2002 2001
1693 1967 1714 2001
1694 1695 1714 1967
1695 1715 1714 2003
1695 1714 1967 2003
1695 1967 1969 2003
1714 1967 2003 2002
1695 1696 1716 1971
1695 1716 1715 2003
1695 1969 1971 2003
1716 1971 2004 2003
1695 1971 1716 2003
1696 1717 1716 1971
1717 1718 1716 2006
1717 1716 1971 2006
1717 1971 2005 2006
1716 1971 2006 2004
1723 1725 1726 2008
1723 1726 1724 2009
1723 2007 2008 2009
1726 2008 2010 2009
1723 2008 1726 2009
1725 1728 1726 2008
1728 1729 1726 2011
1728 1726 2008 2011
1728 2008 1976 2011
1726 2008 2011 2010
1728 1730 1731 1977
1728 1731 1729 2011
1728 1976 1977 2011
1731 1977 2012 2011
1728 1977 1731 2011
1730 1732 1731 1977
1732 1733 1731 2013
1732 1731 1977 2013
1732 1977 1980 2013
1731 1977 2013 2012
1732 1734 1735 2014
1732 1735 1733 2013
1732 1980 2014 2013
1735 2014 2015 2013
1732 2014 1735 2013
1734 1736 1735 2014
1736 1737 1735 2017
1736 1735 2014 2017
1736 2014 2016 2017
1735 2014 2017 2015
1738 1740 1739 2018
1740 1741 1739 2021
1740 1739 2018 2021
1740 2018 2019 2021
1739 2018 2021 2020
1740 1742 1743 2022
1740 1743 1741 2021
1740 2019 2022 2021
1743 2022 2023 2021
1740 2022 1743 2021
1742 1744 1743 2022
1744 1745 1743 2025
1744 1743 2022 2025
1744 2022 2024 2025
1743 2022 2025 2023
1744 1746 1747 2026
1744 1747 1745 2025
1744 2024 2026 2025
1747 2026 2027 2025
1744 2026 1747 2025
1746 1749 1747 2026
1749 1750 1747 2028
1749 1747 2026 2028
1749 2026 1985 2028
1747 2026 2028 2027
1749 1752 1753 1986
1749 1753 1750 2028
1749 1985 1986 2028
1753 1986 2029 2028
1749 1986 1753 2028
1752 1756 1753 1986
1756 1757 1753 2030
1756 1753 1986 2030
1756 1986 1989 2030
1753 1986 2030 2029
1756 1760 1761 1993
1756 1761 1757 2030
1756 1989 1993 2030
1761 1993 2031 2030
1756 1993 1761 2030
1760 1703 1761 1993
1703 1763 1761 2032
1703 1761 1993 2032
1703 1993 1994 2032
1761 1993 2032 2031
1703 1704 1765 1995
1703 1765 1763 2032
1703 1994 1995 2032
1765 1995 2033 2032
1703 1995 1765 2032
1704 1708 1765 1995
1708 1767 1765 2034
1708 1765 1995 2034
1708 1995 1996 2034
1765 1995 2034 2033
1708 1709 1768 1997
1708 1768 1767 2034
1708 1996 1997 2034
1768 1997 2035 2034
1708 1997 1768 2034
1709 1710 1768 1997
1710 1769 1768 2036
1710 1768 1997 2036
1710 1997 1998 2036
1768 1997 2036 2035
1710 1711 1770 1999
1710 1770 1769 2036
1710 1998 1999 2036
1770 1999 2037 2036
1710 1999 1770 2036
1711 1712 1770 1999
1712 1771 1770 2038
1712 1770 1999 2038
1712 1999 2000 2038
1770 1999 2038 2037
1712 1713 1772 2001
1712 1772 1771 2038
1712 2000 2001 2038
1772 2001 2039 2038
1712 2001 1772 2038
1713 1714 1772 2001
1714 1773 1772 2040
1714 1772 2001 2040
1714 2001 2002 2040
1772 2001 2040 2039
1714 1715 1774 2003
1714 1774 1773 2040
1714 2002 2003 2040
1774 2003 2041 2040
1714 2003 1774 2040
1715 1716 1774 2003
1716 1775 1774 2042
1716 1774 2003 2042
1716 2003 2004 2042
1774 2003 2042 2041
1724 1726 1778 2009
1726 1779 1778 2044
1726 1778 2009 2044
1726 2009 2010 2044
1778 2009 2044 2043
1726 1729 1780 2011
1726 1780 1779 2044
1726 2010 2011 2044
1780 2011 2045 2044
1726 2011 1780 2044
1729 1731 1780 2011
1731 1781 1780 2046
1731 1780 2011 2046
1731 2011 2012 2046
1780 2011 2046 2045
1731 1733 1782 2013
1731 1782 1781 2046
1731 2012 2013 2046
1782 2013 2047 2046
1731 2013 1782 2046
1733 1735 1782 2013
1735 1783 1782 2048
1735 1782 2013 2048
1735 2013 2015 2048
1782 2013 2048 2047
1735 1737 1784 2017
1735 1784 1783 2048
1735 2015 2017 2048
1784 2017 2049 2048
1735 2017 1784 2048
1737 1739 1784 2017
1739 1785 1784 2050
1739 1784 2017 2050
1739 2017 2020 2050
1784 2017 2050 2049
1739 1741 1786 2021
1739 1786 1785 2050
1739 2020 2021 2050
1786 2021 2051 2050
1739 2021 1786 2050
1741 1743 1786 2021
1743 1787 1786 2052
1743 1786 2021 2052
1743 2021 2023 2052
1786 2021 2052 2051
1743 1745 1788 2025
1743 1788 1787 2052
1743 2023 2025 2052
1788 2025 2053 2052
1743 2025 1788 2052
1745 1747 1788 2025
1747 1789 1788 2054
1747 1788 2025 2054
1747 2025 2027 2054
1788 2025 2054 2053
1747 1750 1790 2028
1747 1790 1789 2054
1747 2027 2028 2054
1790 2028 2055 2054
1747 2028 1790 2054
1750 1753 1790 2028
1753 1791 1790 2056
1753 1790 2028 2056
1753 2028 2029 2056
1790 2028 2056 2055
1753 1757 1792 2030
1753 1792 1791 2056
1753 2029 2030 2056
1792 2030 2057 2056
1753 2030 1792 2056
1757 1761 1792 2030
1761 1793 1792 2058
1761 1792 2030 2058
1761 2030 2031 2058
1792 2030 2058 2057
1761 1763 1795 2032
1761 1795 1793 2058
1761 2031 2032 2058
1795 2032 2059 2058
1761 2032 1795 2058
1763 1765 1795 2032
1765 1797 1795 2060
1765 1795 2032 2060
1765 2032 2033 2060
1795 2032 2060 2059
1765 1767 1799 2034
1765 1799 1797 2060
1765 2033 2034 2060
1799 2034 2061 2060
1765 2034 1799 2060
1767 1768 1799 2034
1768 1800 1799 2062
1768 1799 2034 2062
1768 2034 2035 2062
1799 2034 2062 2061
1768 1769 1801 2036
1768 1801 1800 2062
1768 2035 2036 2062
1801 2036 2063 2062
1768 2036 1801 2062
1769 1770 1801 2036
1770 1802 1801 2064
1770 1801 2036 2064
1770 2036 2037 2064
1801 2036 2064 2063
1770 1771 1803 2038
1770 1803 1802 2064
1770 2037 2038 2064
1803 2038 2065 2064
1770 2038 1803 2064
1771 1772 1803 2038
1772 1804 1803 2066
1772 1803 2038 2066
1772 2038 2039 2066
1803 2038 2066 2065
1772 1773 1805 2040
1772 1805 1804 2066
1772 2039 2040 2066
1805 2040 2067 2066
1772 2040 1805 2066
1773 1774 1805 2040
1774 1806 1805 2068
1774 1805 2040 2068
1774 2040 2041 2068
1805 2040 2068 2067
1774 1775 1807 2042
1774 1807 1806 2068
1774 2041 2042 2068
1807 2042 2069 2068
1774 2042 1807 2068
1780 1781 1809 2046
1780 1809 1838 2070
1780 2045 2046 2070
1809 2046 2071 2070
1780 2046 1809 2070
1781 1782 1809 2046
1782 1810 1809 2072
1782 1809 2046 2072
1782 2046 2047 2072
1809 2046 2072 2071
1782 1783 1811 2048
1782 1811 1810 2072
1782 2047 2048 2072
1811 2048 2073 2072
1782 2048 1811 2072
1783 1784 1811 2048
1784 1812 1811 2074
1784 1811 2048 2074
1784 2048 2049 2074
1811 2048 2074 2073
1784 1785 1813 2050
1784 1813 1812 2074
1784 2049 2050 2074
1813 2050 2075 2074
1784 2050 1813 2074
1785 1786 1813 2050
1786 1814 1813 2076
1786 1813 2050 2076
1786 2050 2051 2076
1813 2050 2076 2075
1786 1787 1815 2052
1786 1815 1814 2076
1786 2051 2052 2076
1815 2052 2077 2076
1786 2052 1815 2076
1787 1788 1815 2052
1788 1816 1815 2078
1788 1815 2052 2078
1788 2052 2053 2078
1815 2052 2078 2077
1788 1789 1817 2054
1788 1817 1816 2078
1788 2053 2054 2078
1817 2054 2079 2078
1788 2054 1817 2078
1789 1790 1817 2054
1790 1818 1817 2080
1790 1817 2054 2080
1790 2054 2055 2080
1817 2054 2080 2079
1790 1791 1819 2056
1790 1819 1818 2080
1790 2055 2056 2080
1819 2056 2081 2080
1790 2056 1819 2080
1791 1792 1819 2056
1792 1820 1819 2082
1792 1819 2056 2082
1792 2056 2057 2082
1819 2056 2082 2081
1792 1793 1821 2058
1792 1821 1820 2082
1792 2057 2058 2082
1821 2058 2083 2082
1792 2058 1821 2082
1793 1795 1821 2058
1795 1823 1821 2084
1795 1821 2058 2084
1795 2058 2059 2084
1821 2058 2084 2083
1795 1797 1825 2060
1795 1825 1823 2084
1795 2059 2060 2084
1825 2060 2085 2084
1795 2060 1825 2084
1797 1799 1825 2060
1799 1827 1825 2086
1799 1825 2060 2086
1799 2060 2061 2086
1825 2060 2086 2085
1799 1800 1829 2062
1799 1829 1827 2086
1799 2061 2062 2086
1829 2062 2087 2086
1799 2062 1829 2086
1800 1801 1829 2062
1801 1831 1829 2088
1801 1829 2062 2088
1801 2062 2063 2088
1829 2062 2088 2087
1801 1802 1832 2064
1801 1832 1831 2088
1801 2063 2064 2088
1832 2064 2089 2088
1801 2064 1832 2088
1802 1803 1832 2064
1803 1833 1832 2090
1803 1832 2064 2090
1803 2064 2065 2090
1832 2064 2090 2089
1803 1804 1834 2066
1803 1834 1833 2090
1803 2065 2066 2090
1834 2066 2091 2090
1803 2066 1834 2090
1804 1805 1834 2066
1805 1835 1834 2092
1805 1834 2066 2092
1805 2066 2067 2092
1834 2066 2092 2091
1838 1809 1839 2070
1809 1840 1839 2094
1809 1839 2070 2094
1809 2070 2071 2094
1839 2070 2094 2093
1809 1810 1841 2072
1809 1841 1840 2094
1809 2071 2072 2094
1841 2072 2095 2094
1809 2072 1841 2094
1810 1811 1841 2072
1811 1842 1841 2096
1811 1841 2072 2096
1811 2072 2073 2096
1841 2072 2096 2095
1811 1812 1843 2074
1811 1843 1842 2096
1811 2073 2074 2096
1843 2074 2097 2096
1811 2074 1843 2096
1815 1816 1848 2078
1815 1848 1847 2098
1815 2077 2078 2098
1848 2078 2099 2098
1815 2078 1848 2098
1816 1817 1848 2078
1817 1849 1848 2100
1817 1848 2078 2100
1817 2078 2079 2100
1848 2078 2100 2099
1817 1818 1850 2080
1817 1850 1849 2100
1817 2079 2080 2100
1850 2080 2101 2100
1817 2080 1850 2100
1818 1819 1850 2080
1819 1851 1850 2102
1819 1850 2080 2102
1819 2080 2081 2102
1850 2080 2102 2101
1819 1820 1852 2082
1819 1852 1851 2102
1819 2081 2082 2102
1852 2082 2103 2102
1819 2082 1852 2102
1820 1821 1852 2082
1821 1853 1852 2104
1821 1852 2082 2104
1821 2082 2083 2104
1852 2082 2104 2103
1821 1823 1855 2084
1821 1855 1853 2104
1821 2083 2084 2104
1855 2084 2105 2104
1821 2084 1855 2104
1823 1825 1855 2084
1825 2106 1855 2107
1825 1855 2084 2107
1825 2084 2085 2107
1855 2084 2107 2105
1839 1840 1859 2094
1839 1859 1858 2108
1839 2093 2094 2108
1859 2094 2109 2108
1839 2094 1859 2108
1840 1841 1859 2094
1841 1860 1859 2110
1841 1859 2094 2110
1841 2094 2095 2110
1859 2094 2110 2109
1841 1842 1861 2096
1841 1861 1860 2110
1841 2095 2096 2110
1861 2096 2111 2110
1841 2096 1861 2110
1850 1851 1865 2102
1850 1865 1864 2112
1850 2101 2102 2112
1865 2102 2113 2112
1850 2102 1865 2112
1851 1852 1865 2102
1852 1866 1865 2114
1852 1865 2102 2114
1852 2102 2103 2114
1865 2102 2114 2113
1852 1853 1867 2104
1852 1867 1866 2114
1852 2103 2104 2114
1867 2104 2115 2114
1852 2104 1867 2114
1853 1855 1867 2104
1855 1869 1867 2116
1855 1867 2104 2116
1855 2104 2105 2116
1867 2104 2116 2115
1858 1859 1871 2108
1859 1872 1871 2118
1859 1871 2108 2118
1859 2108 2109 2118
1871 2108 2118 2117
1859 1860 1874 2110
1859 1874 1872 2118
1859 2109 2110 2118
1874 2110 2119 2118
1859 2110 1874 2118
1860 1861 1874 2110
1861 2120 1874 2121
1861 1874 2110 2121
1861 2110 2111 2121
1874 2110 2121 2119
1864 1865 1877 2112
1865 1878 1877 2123
1865 1877 2112 2123
1865 2112 2113 2123
1877 2112 2123 2122
1865 1866 1879 2114
1865 1879 1878 2123
1865 2113 2114 2123
1879 2114 2124 2123
1865 2114 1879 2123
1866 1867 1879 2114
1867 1881 1879 2125
1867 1879 2114 2125
1867 2114 2115 2125
1879 2114 2125 2124
1885 1886 1887 2126
1886 1888 1887 2129
1886 1887 2126 2129
1886 2126 2127 2129
1887 2126 2129 2128
1886 1870 2130 2131
1886 2130 1888 2129
1886 2127 2131 2129
2130 2131 2132 2129
1886 2131 2130 2129
1877 1878 2134 2123
1877 2134 2133 2135
1877 2122 2123 2135
2134 2123 2136 2135
1877 2123 2134 2135
1878 1879 2134 2123
1879 2137 2134 2138
1879 2134 2123 2138
1879 2123 2124 2138
2134 2123 2138 2136
1879 1881 2139 2125
1879 2139 2137 2138
1879 2124 2125 2138
2139 2125 2140 2138
1879 2125 2139 2138
1887 1888 1892 2129
1887 1892 1891 2141
1887 2128 2129 2141
1892 2129 2142 2141
1887 2129 1892 2141
1888 2130 1892 2129
2130 2143 1892 2144
2130 1892 2129 2144
2130 2129 2132 2144
1892 2129 2144 2142
2145 1891 2147 2141
2145 2147 2146 2149
2145 2148 2141 2149
2147 2141 2150 2149
2145 2141 2147 2149
1891 1892 2147 2141
1892 2151 2147 2152
1892 2147 2141 2152
1892 2141 2142 2152
2147 2141 2152 2150
1892 2143 2153 2144
1892 2153 2151 2152
1892 2142 2144 2152
2153 2144 2154 2152
1892 2144 2153 2152
2146 2147 1898 2149
2147 1903 1898 2156
2147 1898 2149 2156
2147 2149 2150 2156
1898 2149 2156 2155
2147 2151 2157 2152
2147 2157 1903 2156
2147 2150 2152 2156
2157 2152 2158 2156
2147 2152 2157 2156
1897 1898 1899 2159
1898 1900 1899 2161
1898 1899 2159 2161
1898 2159 2155 2161
1899 2159 2161 2160
1898 1903 1904 2156
1898 1904 1900 2161
1898 2155 2156 2161
1904 2156 2162 2161
1898 2156 1904 2161
1899 1900 1908 2161
1899 1908 1907 2163
1899 2160 2161 2163
1908 2161 2164 2163
1899 2161 1908 2163
1900 1904 1908 2161
1904 1910 1908 2165
1904 1908 2161 2165
1904 2161 2162 2165
1908 2161 2165 2164
1907 1908 1913 2163
1908 1914 1913 2167
1908 1913 2163 2167
1908 2163 2164 2167
1913 2163 2167 2166
1913 1914 2169 2167
1913 2169 2168 2170
1913 2166 2167 2170
2169 2167 2171 2170
1913 2167 2169 2170
2172 2173 2175 2177
2172 2175 2174 2178
2172 2176 2177 2178
2175 2177 2179 2178
2172 2177 2175 2178
1918 1920 1923 2181
1918 1923 1922 2182
1918 2180 2181 2182
1923 2181 2183 2182
1918 2181 1923 2182
1920 1926 1923 2181
1926 1927 1923 2185
1926 1923 2181 2185
1926 2181 2184 2185
1923 2181 2185 2183
2186 1921 1936 2187
1921 1938 1936 2190
1921 1936 2187 2190
1921 2187 2188 2190
1936 2187 2190 2189
1921 1922 1928 2182
1921 1928 1938 2190
1921 2188 2182 2190
1928 2182 2191 2190
1921 2182 1928 2190
1922 1923 1928 2182
1923 1929 1928 2192
1923 1928 2182 2192
1923 2182 2183 2192
1928 2182 2192 2191
1923 1927 1931 2185
1923 1931 1929 2192
1923 2183 2185 2192
1931 2185 2193 2192
1923 2185 1931 2192
1936 1938 1939 2190
1936 1939 1937 2194
1936 2189 2190 2194
1939 2190 2195 2194
1936 2190 1939 2194
1938 1928 1939 2190
1928 1941 1939 2196
1928 1939 2190 2196
1928 2190 2191 2196
1939 2190 2196 2195
1928 1929 1943 2192
1928 1943 1941 2196
1928 2191 2192 2196
1943 2192 2197 2196
1928 2192 1943 2196
1929 1931 1943 2192
1931 2198 1943 2199
1931 1943 2192 2199
1931 2192 2193 2199
1943 2192 2199 2197
1931 2200 2201 2202
1931 2201 2198 2199
1931 2193 2202 2199
2201 2202 2203 2199
1931 2202 2201 2199
1937 1939 1946 2194
1939 1947 1946 2205
1939 1946 2194 2205
1939 2194 2195 2205
1946 2194 2205 2204
1939 1941 1949 2196
1939 1949 1947 2205
1939 2195 2196 2205
1949 2196 2206 2205
1939 2196 1949 2205
1941 1943 1949 2196
1943 2207 1949 2208
1943 1949 2196 2208
1943 2196 2197 2208
1949 2196 2208 2206
1943 2198 2209 2199
1943 2209 2207 2208
1943 2197 2199 2208
2209 2199 2210 2208
1943 2199 2209 2208
2198 2201 2209 2199
2201 2211 2209 2212
2201 2209 2199 2212
2201 2199 2203 2212
2209 2199 2212 2210
2213 2214 2215 2217
2214 2216 2215 2220
2214 2215 2217 2220
2214 2217 2218 2220
2215 2217 2220 2219
2214 2221 2222 2223
2214 2222 2216 2220
2214 2218 2223 2220
2222 2223 2224 2220
2214 2223 2222 2220
2216 2222 2225 2220
2222 2226 2225 2228
2222 2225 2220 2228
2222 2220 2224 2228
2225 2220 2228 2227
2229 2230 1956 2231
2230 1958 1956 2234
2230 1956 2231 2234
2230 2231 2232 2234
1956 2231 2234 2233
2235 2236 1974 2239
2235 1974 2237 2240
2235 2238 2239 2240
1974 2239 2241 2240
2235 2239 1974 2240
2236 2242 1974 2239
2242 1975 1974 2244
2242 1974 2239 2244
2242 2239 2243 2244
1974 2239 2244 2241
2242 2245 1979 2246
2242 1979 1975 2244
2242 2243 2246 2244
1979 2246 2247 2244
2242 2246 1979 2244
1952 1953 1955 2249
1952 1955 1954 2250
1952 2248 2249 2250
1955 2249 2251 2250
1952 2249 1955 2250
1953 1956 1955 2249
1956 1957 1955 2252
1956 1955 2249 2252
1956 2249 2233 2252
1955 2249 2252 2251
1956 1958 1959 2234
1956 1959 1957 2252
1956 2233 2234 2252
1959 2234 2253 2252
1956 2234 1959 2252
1958 1960 1959 2234
1960 1961 1959 2255
1960 1959 2234 2255
1960 2234 2254 2255
1959 2234 2255 2253
1960 1962 1963 2256
1960 1963 1961 2255
1960 2254 2256 2255
1963 2256 2257 2255
1960 2256 1963 2255
1962 1964 1963 2256
1964 1965 1963 2259
1964 1963 2256 2259
1964 2256 2258 2259
1963 2256 2259 2257
2237 1974 2008 2240
1974 1976 2008 2261
1974 2008 2240 2261
1974 2240 2241 2261
2008 2240 2261 2260
1974 1975 1977 2244
1974 1977 1976 2261
1974 2241 2244 2261
1977 2244 2262 2261
1974 2244 1977 2261
1975 1979 1977 2244
1979 1980 1977 2263
1979 1977 2244 2263
1979 2244 2247 2263
1977 2244 2263 2262
1979 2264 2014 2265
1979 2014 1980 2263
1979 2247 2265 2263
2014 2265 2266 2263
1979 2265 2014 2263
1991 1992 1993 2267
1992 1994 1993 2270
1992 1993 2267 2270
1992 2267 2268 2270
1993 2267 2270 2269
1992 1954 1995 2250
1992 1995 1994 2270
1992 2268 2250 2270
1995 2250 2271 2270
1992 2250 1995 2270
1954 1955 1995 2250
1955 1996 1995 2272
1955 1995 2250 2272
1955 2250 2251 2272
1995 2250 2272 2271
1955 1957 1997 2252
1955 1997 1996 2272
1955 2251 2252 2272
1997 2252 2273 2272
1955 2252 1997 2272
1957 1959 1997 2252
1959 1998 1997 2274
1959 1997 2252 2274
1959 2252 2253 2274
1997 2252 2274 2273
1959 1961 1999 2255
1959 1999 1998 2274
1959 2253 2255 2274
1999 2255 2275 2274
1959 2255 1999 2274
1961 1963 1999 2255
1963 2000 1999 2276
1963 1999 2255 2276
1963 2255 2257 2276
1999 2255 2276 2275
1963 1965 2001 2259
1963 2001 2000 2276
1963 2257 2259 2276
2001 2259 2277 2276
1963 2259 2001 2276
1965 1967 2001 2259
1967 2002 2001 2279
1967 2001 2259 2279
1967 2259 2278 2279
2001 2259 2279 2277
1967 1969 2003 2280
1967 2003 2002 2279
1967 2278 2280 2279
2003 2280 2281 2279
1967 2280 2003 2279
1976 1977 2011 2261
1977 2012 2011 2283
1977 2011 2261 2283
1977 2261 2262 2283
2011 2261 2283 2282
1977 1980 2013 2263
1977 2013 2012 2283
1977 2262 2263 2283
2013 2263 2284 2283
1977 2263 2013 2283
1980 2014 2013 2263
2014 2015 2013 2285
2014 2013 2263 2285
2014 2263 2266 2285
2013 2263 2285 2284
2024 2026 2025 2286
2026 2027 2025 2289
2026 2025 2286 2289
2026 2286 2287 2289
2025 2286 2289 2288
2026 1985 2028 2290
2026 2028 2027 2289
2026 2287 2290 2289
2028 2290 2291 2289
2026 2290 2028 2289
1985 1986 2028 2290
1986 2029 2028 2293
1986 2028 2290 2293
1986 2290 2292 2293
2028 2290 2293 2291
1986 1989 2030 2294
1986 2030 2029 2293
1986 2292 2294 2293
2030 2294 2295 2293
1986 2294 2030 2293
1989 1993 2030 2294
1993 2031 2030 2296
1993 2030 2294 2296
1993 2294 2269 2296
2030 2294 2296 2295
1993 1994 2032 2270
1993 2032 2031 2296
1993 2269 2270 2296
2032 2270 2297 2296
1993 2270 2032 2296
1994 1995 2032 2270
1995 2033 2032 2298
1995 2032 2270 2298
1995 2270 2271 2298
2032 2270 2298 2297
1995 1996 2034 2272
1995 2034 2033 2298
1995 2271 2272 2298
2034 2272 2299 2298
1995 2272 2034 2298
1996 1997 2034 2272
1997 2035 2034 2300
1997 2034 2272 2300
1997 2272 2273 2300
2034 2272 2300 2299
1997 1998 2036 2274
1997 2036 2035 2300
1997 2273 2274 2300
2036 2274 2301 2300
1997 2274 2036 2300
1998 1999 2036 2274
1999 2037 2036 2302
1999 2036 2274 2302
1999 2274 2275 2302
2036 2274 2302 2301
1999 2000 2038 2276
1999 2038 2037 2302
1999 2275 2276 2302
2038 2276 2303 2302
1999 2276 2038 2302
2000 2001 2038 2276
2001 2039 2038 2304
2001 2038 2276 2304
2001 2276 2277 2304
2038 2276 2304 2303
2001 2002 2040 2279
2001 2040 2039 2304
2001 2277 2279 2304
2040 2279 2305 2304
2001 2279 2040 2304
2002 2003 2040 2279
2003 2041 2040 2306
2003 2040 2279 2306
2003 2279 2281 2306
2040 2279 2306 2305
2011 2012 2046 2283
2011 2046 2045 2307
2011 2282 2283 2307
2046 2283 2308 2307
2011 2283 2046 2307
2012 2013 2046 2283
2013 2047 2046 2309
2013 2046 2283 2309
2013 2283 2284 2309
2046 2283 2309 2308
2013 2015 2048 2285
2013 2048 2047 2309
2013 2284 2285 2309
2048 2285 2310 2309
2013 2285 2048 2309
2023 2025 2052 2311
2025 2053 2052 2313
2025 2052 2311 2313
2025 2311 2288 2313
2052 2311 2313 2312
2025 2027 2054 2289
2025 2054 2053 2313
2025 2288 2289 2313
2054 2289 2314 2313
2025 2289 2054 2313
2027 2028 2054 2289
2028 2055 2054 2315
2028 2054 2289 2315
2028 2289 2291 2315
2054 2289 2315 2314
2028 2029 2056 2293
2028 2056 2055 2315
2028 2291 2293 2315
2056 2293 2316 2315
2028 2293 2056 2315
2029 2030 2056 2293
2030 2057 2056 2317
2030 2056 2293 2317
2030 2293 2295 2317
2056 2293 2317 2316
2030 2031 2058 2296
2030 2058 2057 2317
2030 2295 2296 2317
2058 2296 2318 2317
2030 2296 2058 2317
2031 2032 2058 2296
2032 2059 2058 2319
2032 2058 2296 2319
2032 2296 2297 2319
2058 2296 2319 2318
2032 2033 2060 2298
2032 2060 2059 2319
2032 2297 2298 2319
2060 2298 2320 2319
2032 2298 2060 2319
2033 2034 2060 2298
2034 2061 2060 2321
2034 2060 2298 2321
2034 2298 2299 2321
2060 2298 2321 2320
2034 2035 2062 2300
2034 2062 2061 2321
2034 2299 2300 2321
2062 2300 2322 2321
2034 2300 2062 2321
2035 2036 2062 2300
2036 2063 2062 2323
2036 2062 2300 2323
2036 2300 2301 2323
2062 2300 2323 2322
2036 2037 2064 2302
2036 2064 2063 2323
2036 2301 2302 2323
2064 2302 2324 2323
2036 2302 2064 2323
2037 2038 2064 2302
2038 2065 2064 2325
2038 2064 2302 2325
2038 2302 2303 2325
2064 2302 2325 2324
2038 2039 2066 2304
2038 2066 2065 2325
2038 2303 2304 2325
2066 2304 2326 2325
2038 2304 2066 2325
2039 2040 2066 2304
2040 2067 2066 2327
2040 2066 2304 2327
2040 2304 2305 2327
2066 2304 2327 2326
2046 2047 2072 2309
2046 2072 2071 2328
2046 2308 2309 2328
2072 2309 2329 2328
2046 2309 2072 2328
2047 2048 2072 2309
2048 2073 2072 2330
2048 2072 2309 2330
2048 2309 2310 2330
2072 2309 2330 2329
2052 2053 2078 2313
2052 2078 2077 2331
2052 2312 2313 2331
2078 2313 2332 2331
2052 2313 2078 2331
2053 2054 2078 2313
2054 2079 2078 2333
2054 2078 2313 2333
2054 2313 2314 2333
2078 2313 2333 2332
2054 2055 2080 2315
2054 2080 2079 2333
2054 2314 2315 2333
2080 2315 2334 2333
2054 2315 2080 2333
2055 2056 2080 2315
2056 2081 2080 2335
2056 2080 2315 2335
2056 2315 2316 2335
2080 2315 2335 2334
2056 2057 2082 2317
2056 2082 2081 2335
2056 2316 2317 2335
2082 2317 2336 2335
2056 2317 2082 2335
2057 2058 2082 2317
2058 2083 2082 2337
2058 2082 2317 2337
2058 2317 2318 2337
2082 2317 2337 2336
2058 2059 2084 2319
2058 2084 2083 2337
2058 2318 2319 2337
2084 2319 2338 2337
2058 2319 2084 2337
2059 2060 2084 2319
2060 2085 2084 2339
2060 2084 2319 2339
2060 2319 2320 2339
2084 2319 2339 2338
2060 2061 2086 2321
2060 2086 2085 2339
2060 2320 2321 2339
2086 2321 2340 2339
2060 2321 2086 2339
2061 2062 2086 2321
2062 2087 2086 2341
2062 2086 2321 2341
2062 2321 2322 2341
2086 2321 2341 2340
2062 2063 2088 2323
2062 2088 2087 2341
2062 2322 2323 2341
2088 2323 2342 2341
2062 2323 2088 2341
2063 2064 2088 2323
2064 2089 2088 2343
2064 2088 2323 2343
2064 2323 2324 2343
2088 2323 2343 2342
2064 2065 2090 2325
2064 2090 2089 2343
2064 2324 2325 2343
2090 2325 2344 2343
2064 2325 2090 2343
2065 2066 2090 2325
2066 2091 2090 2345
2066 2090 2325 2345
2066 2325 2326 2345
2090 2325 2345 2344
2071 2072 2094 2328
2072 2095 2094 2347
2072 2094 2328 2347
2072 2328 2329 2347
2094 2328 2347 2346
2072 2073 2096 2330
2072 2096 2095 2347
2072 2329 2330 2347
2096 2330 2348 2347
2072 2330 2096 2347
2078 2079 2100 2333
2078 2100 2099 2349
2078 2332 2333 2349
2100 2333 2350 2349
2078 2333 2100 2349
2079 2080 2100 2333
2080 2101 2100 2351
2080 2100 2333 2351
2080 2333 2334 2351
2100 2333 2351 2350
2081 2082 2102 2335
2082 2103 2102 2353
2082 2102 2335 2353
2082 2335 2336 2353
2102 2335 2353 2352
2082 2083 2104 2337
2082 2104 2103 2353
2082 2336 2337 2353
2104 2337 2354 2353
2082 2337 2104 2353
2083 2084 2104 2337
2084 2105 2104 2355
2084 2104 2337 2355
2084 2337 2338 2355
2104 2337 2355 2354
2084 2085 2107 2339
2084 2107 2105 2355
2084 2338 2339 2355
2107 2339 2356 2355
2084 2339 2107 2355
2093 2094 2108 2357
2094 2109 2108 2359
2094 2108 2357 2359
2094 2357 2346 2359
2108 2357 2359 2358
2094 2095 2110 2347
2094 2110 2109 2359
2094 2346 2347 2359
2110 2347 2360 2359
2094 2347 2110 2359
2095 2096 2110 2347
2096 2111 2110 2361
2096 2110 2347 2361
2096 2347 2348 2361
2110 2347 2361 2360
2101 2102 2112 2351
2102 2113 2112 2363
2102 2112 2351 2363
2102 2351 2352 2363
2112 2351 2363 2362
2102 2103 2114 2353
2102 2114 2113 2363
2102 2352 2353 2363
2114 2353 2364 2363
2102 2353 2114 2363
2103 2104 2114 2353
2104 2115 2114 2365
2104 2114 2353 2365
2104 2353 2354 2365
2114 2353 2365 2364
2366 2367 2126 2368
2367 2127 2126 2371
2367 2126 2368 2371
2367 2368 2369 2371
2126 2368 2371 2370
2367 2372 2131 2373
2367 2131 2127 2371
2367 2369 2373 2371
2131 2373 2374 2371
2367 2373 2131 2371
2372 2108 2131 2373
2108 2117 2131 2375
2108 2131 2373 2375
2108 2373 2358 2375
2131 2373 2375 2374
2108 2109 2118 2359
2108 2118 2117 2375
2108 2358 2359 2375
2118 2359 2376 2375
2108 2359 2118 2375
2109 2110 2118 2359
2110 2119 2118 2377
2110 2118 2359 2377
2110 2359 2360 2377
2118 2359 2377 2376
2110 2111 2121 2361
2110 2121 2119 2377
2110 2360 2361 2377
2121 2361 2378 2377
2110 2361 2121 2377
2112 2113 2123 2363
2112 2123 2122 2379
2112 2362 2363 2379
2123 2363 2380 2379
2112 2363 2123 2379
2113 2114 2123 2363
2114 2124 2123 2381
2114 2123 2363 2381
2114 2363 2364 2381
2123 2363 2381 2380
2114 2115 2125 2365
2114 2125 2124 2381
2114 2364 2365 2381
2125 2365 2382 2381
2114 2365 2125 2381
2127 2131 2129 2371
2131 2132 2129 2384
2131 2129 2371 2384
2131 2371 2374 2384
2129 2371 2384 2383
2131 2117 2385 2375
2131 2385 2132 2384
2131 2374 2375 2384
2385 2375 2386 2384
2131 2375 2385 2384
2117 2118 2385 2375
2118 2387 2385 2388
2118 2385 2375 2388
2118 2375 2376 2388
2385 2375 2388 2386
2118 2119 2389 2377
2118 2389 2387 2388
2118 2376 2377 2388
2389 2377 2390 2388
2118 2377 2389 2388
2122 2123 2135 2379
2123 2136 2135 2392
2123 2135 2379 2392
2123 2379 2380 2392
2135 2379 2392 2391
2123 2124 2138 2381
2123 2138 2136 2392
2123 2380 2381 2392
2138 2381 2393 2392
2123 2381 2138 2392
2124 2125 2138 2381
2125 2140 2138 2394
2125 2138 2381 2394
2125 2381 2382 2394
2138 2381 2394 2393
2395 2128 2141 2397
2395 2141 2148 2398
2395 2396 2397 2398
2141 2397 2399 2398
2395 2397 2141 2398
2128 2129 2141 2397
2129 2142 2141 2400
2129 2141 2397 2400
2129 2397 2383 2400
2141 2397 2400 2399
2129 2132 2144 2384
2129 2144 2142 2400
2129 2383 2384 2400
2144 2384 2401 2400
2129 2384 2144 2400
2132 2385 2144 2384
2385 2402 2144 2403
2385 2144 2384 2403
2385 2384 2386 2403
2144 2384 2403 2401
2385 2387 2404 2388
2385 2404 2402 2403
2385 2386 2388 2403
2404 2388 2405 2403
2385 2388 2404 2403
2136 2138 2406 2392
2138 2407 2406 2409
2138 2406 2392 2409
2138 2392 2393 2409
2406 2392 2409 2408
2138 2140 2410 2394
2138 2410 2407 2409
2138 2393 2394 2409
2410 2394 2411 2409
2138 2394 2410 2409
2412 2148 2149 2398
2412 2149 2413 2415
2412 2414 2398 2415
2149 2398 2416 2415
2412 2398 2149 2415
2148 2141 2149 2398
2141 2150 2149 2417
2141 2149 2398 2417
2141 2398 2399 2417
2149 2398 2417 2416
2141 2142 2152 2400
2141 2152 2150 2417
2141 2399 2400 2417
2152 2400 2418 2417
2141 2400 2152 2417
2142 2144 2152 2400
2144 2154 2152 2419
2144 2152 2400 2419
2144 2400 2401 2419
2152 2400 2419 2418
2149 2150 2156 2417
2149 2156 2155 2420
2149 2416 2417 2420
2156 2417 2421 2420
2149 2417 2156 2420
2150 2152 2156 2417
2152 2158 2156 2422
2152 2156 2417 2422
2152 2417 2418 2422
2156 2417 2422 2421
2423 2424 2426 2428
2423 2426 2425 2429
2423 2427 2428 2429
2426 2428 2430 2429
2423 2428 2426 2429
2431 2425 2177 2429
2431 2177 2176 2433
2431 2432 2429 2433
2177 2429 2434 2433
2431 2429 2177 2433
2425 2426 2177 2429
2426 2435 2177 2436
2426 2177 2429 2436
2426 2429 2430 2436
2177 2429 2436 2434
2176 2177 2178 2433
2177 2179 2178 2438
2177 2178 2433 2438
2177 2433 2434 2438
2178 2433 2438 2437
2177 2435 2439 2436
2177 2439 2179 2438
2177 2434 2436 2438
2439 2436 2440 2438
2177 2436 2439 2438
2441 2442 2443 2445
2442 2444 2443 2448
2442 2443 2445 2448
2442 2445 2446 2448
2443 2445 2448 2447
2182 2183 2192 2450
2182 2192 2191 2451
2182 2449 2450 2451
2192 2450 2452 2451
2182 2450 2192 2451
2183 2185 2192 2450
2185 2193 2192 2454
2185 2192 2450 2454
2185 2450 2453 2454
2192 2450 2454 2452
2189 2190 2194 2455
2190 2195 2194 2458
2190 2194 2455 2458
2190 2455 2456 2458
2194 2455 2458 2457
2190 2191 2196 2451
2190 2196 2195 2458
2190 2456 2451 2458
2196 2451 2459 2458
2190 2451 2196 2458
2191 2192 2196 2451
2192 2197 2196 2460
2192 2196 2451 2460
2192 2451 2452 2460
2196 2451 2460 2459
2192 2193 2199 2454
2192 2199 2197 2460
2192 2452 2454 2460
2199 2454 2461 2460
2192 2454 2199 2460
2193 2202 2199 2454
2202 2203 2199 2463
2202 2199 2454 2463
2202 2454 2462 2463
2199 2454 2463 2461
2202 2464 2465 2466
2202 2465 2203 2463
2202 2462 2466 2463
2465 2466 2467 2463
2202 2466 2465 2463
2464 2468 2465 2466
2468 2469 2465 2471
2468 2465 2466 2471
2468 2466 2470 2471
2465 2466 2471 2467
2194 2195 2205 2458
2194 2205 2204 2472
2194 2457 2458 2472
2205 2458 2473 2472
2194 2458 2205 2472
2195 2196 2205 2458
2196 2206 2205 2474
2196 2205 2458 2474
2196 2458 2459 2474
2205 2458 2474 2473
2196 2197 2208 2460
2196 2208 2206 2474
2196 2459 2460 2474
2208 2460 2475 2474
2196 2460 2208 2474
2197 2199 2208 2460
2199 2210 2208 2476
2199 2208 2460 2476
2199 2460 2461 2476
2208 2460 2476 2475
2199 2203 2212 2463
2199 2212 2210 2476
2199 2461 2463 2476
2212 2463 2477 2476
2199 2463 2212 2476
2203 2465 2212 2463
2465 2478 2212 2479
2465 2212 2463 2479
2465 2463 2467 2479
2212 2463 2479 2477
2465 2469 2480 2471
2465 2480 2478 2479
2465 2467 2471 2479
2480 2471 2481 2479
2465 2471 2480 2479
2469 2482 2480 2471
2482 2483 2480 2485
2482 2480 2471 2485
2482 2471 2484 2485
2480 2471 2485 2481
2210 2212 2486 2476
2212 2487 2486 2489
2212 2486 2476 2489
2212 2476 2477 2489
2486 2476 2489 2488
2212 2478 2490 2479
2212 2490 2487 2489
2212 2477 2479 2489
2490 2479 2491 2489
2212 2479 2490 2489
2478 2480 2490 2479
2480 2492 2490 2493
2480 2490 2479 2493
2480 2479 2481 2493
2490 2479 2493 2491
2480 2483 2494 2485
2480 2494 2492 2493
2480 2481 2485 2493
2494 2485 2495 2493
2480 2485 2494 2493
2217 2218 2220 2497
2217 2220 2219 2498
2217 2496 2497 2498
2220 2497 2499 2498
2217 2497 2220 2498
2218 2223 2220 2497
2223 2224 2220 2501
2223 2220 2497 2501
2223 2497 2500 2501
2220 2497 2501 2499
2220 2224 2228 2501
2220 2228 2227 2502
2220 2499 2501 2502
2228 2501 2503 2502
2220 2501 2228 2502
2224 2504 2228 2501
2504 2238 2228 2506
2504 2228 2501 2506
2504 2501 2505 2506
2228 2501 2506 2503
2504 2507 2239 2508
2504 2239 2238 2506
2504 2505 2508 2506
2239 2508 2509 2506
2504 2508 2239 2506
2507 2510 2239 2508
2510 2243 2239 2512
2510 2239 2508 2512
2510 2508 2511 2512
2239 2508 2512 2509
2513 2231 2249 2514
2231 2233 2249 2517
2231 2249 2514 2517
2231 2514 2515 2517
2249 2514 2517 2516
2231 2232 2234 2518
2231 2234 2233 2517
2231 2515 2518 2517
2234 2518 2519 2517
2231 2518 2234 2517
2232 2520 2234 2518
2520 2254 2234 2522
2520 2234 2518 2522
2520 2518 2521 2522
2234 2518 2522 2519
2228 2238 2240 2506
2228 2240 2523 2524
2228 2503 2506 2524
2240 2506 2525 2524
2228 2506 2240 2524
2238 2239 2240 2506
2239 2241 2240 2526
2239 2240 2506 2526
2239 2506 2509 2526
2240 2506 2526 2525
2239 2243 2244 2512
2239 2244 2241 2526
2239 2509 2512 2526
2244 2512 2527 2526
2239 2512 2244 2526
2243 2246 2244 2512
2246 2247 2244 2529
2246 2244 2512 2529
2246 2512 2528 2529
2244 2512 2529 2527
2248 2249 2250 2530
2249 2251 2250 2532
2249 2250 2530 2532
2249 2530 2516 2532
2250 2530 2532 2531
2249 2233 2252 2517
2249 2252 2251 2532
2249 2516 2517 2532
2252 2517 2533 2532
2249 2517 2252 2532
2233 2234 2252 2517
2234 2253 2252 2534
2234 2252 2517 2534
2234 2517 2519 2534
2252 2517 2534 2533
2234 2254 2255 2522
2234 2255 2253 2534
2234 2519 2522 2534
2255 2522 2535 2534
2234 2522 2255 2534
2240 2241 2261 2526
2240 2261 2260 2536
2240 2525 2526 2536
2261 2526 2537 2536
2240 2526 2261 2536
2241 2244 2261 2526
2244 2262 2261 2538
2244 2261 2526 2538
2244 2526 2527 2538
2261 2526 2538 2537
2244 2247 2263 2529
2244 2263 2262 2538
2244 2527 2529 2538
2263 2529 2539 2538
2244 2529 2263 2538
2268 2250 2270 2540
2250 2271 2270 2542
2250 2270 2540 2542
2250 2540 2531 2542
2270 2540 2542 2541
2250 2251 2272 2532
2250 2272 2271 2542
2250 2531 2532 2542
2272 2532 2543 2542
2250 2532 2272 2542
2251 2252 2272 2532
2252 2273 2272 2544
2252 2272 2532 2544
2252 2532 2533 2544
2272 2532 2544 2543
2252 2253 2274 2534
2252 2274 2273 2544
2252 2533 2534 2544
2274 2534 2545 2544
2252 2534 2274 2544
2253 2255 2274 2534
2255 2275 2274 2546
2255 2274 2534 2546
2255 2534 2535 2546
2274 2534 2546 2545
2255 2257 2276 2547
2255 2276 2275 2546
2255 2535 2547 2546
2276 2547 2548 2546
2255 2547 2276 2546
2260 2261 2549 2536
2261 2282 2549 2551
2261 2549 2536 2551
2261 2536 2537 2551
2549 2536 2551 2550
2261 2262 2283 2538
2261 2283 2282 2551
2261 2537 2538 2551
2283 2538 2552 2551
2261 2538 2283 2551
2262 2263 2283 2538
2263 2284 2283 2553
2263 2283 2538 2553
2263 2538 2539 2553
2283 2538 2553 2552
2263 2266 2285 2554
2263 2285 2284 2553
2263 2539 2554 2553
2285 2554 2555 2553
2263 2554 2285 2553
2290 2292 2293 2557
2290 2293 2291 2558
2290 2556 2557 2558
2293 2557 2559 2558
2290 2557 2293 2558
2292 2294 2293 2557
2294 2295 2293 2561
2294 2293 2557 2561
2294 2557 2560 2561
2293 2557 2561 2559
2294 2269 2296 2562
2294 2296 2295 2561
2294 2560 2562 2561
2296 2562 2563 2561
2294 2562 2296 2561
2269 2270 2296 2562
2270 2297 2296 2564
2270 2296 2562 2564
2270 2562 2541 2564
2296 2562 2564 2563
2270 2271 2298 2542
2270 2298 2297 2564
2270 2541 2542 2564
2298 2542 2565 2564
2270 2542 2298 2564
2271 2272 2298 2542
2272 2299 2298 2566
2272 2298 2542 2566
2272 2542 2543 2566
2298 2542 2566 2565
2272 2273 2300 2544
2272 2300 2299 2566
2272 2543 2544 2566
2300 2544 2567 2566
2272 2544 2300 2566
2273 2274 2300 2544
2274 2301 2300 2568
2274 2300 2544 2568
2274 2544 2545 2568
2300 2544 2568 2567
2274 2275 2302 2546
2274 2302 2301 2568
2274 2545 2546 2568
2302 2546 2569 2568
2274 2546 2302 2568
2275 2276 2302 2546
2276 2303 2302 2570
2276 2302 2546 2570
2276 2546 2548 2570
2302 2546 2570 2569
2282 2283 2307 2551
2283 2308 2307 2572
2283 2307 2551 2572
2283 2551 2552 2572
2307 2551 2572 2571
2283 2284 2309 2553
2283 2309 2308 2572
2283 2552 2553 2572
2309 2553 2573 2572
2283 2553 2309 2572
2284 2285 2309 2553
2285 2310 2309 2574
2285 2309 2553 2574
2285 2553 2555 2574
2309 2553 2574 2573
2291 2293 2315 2558
2293 2316 2315 2576
2293 2315 2558 2576
2293 2558 2559 2576
2315 2558 2576 2575
2293 2295 2317 2561
2293 2317 2316 2576
2293 2559 2561 2576
2317 2561 2577 2576
2293 2561 2317 2576
2295 2296 2317 2561
2296 2318 2317 2578
2296 2317 2561 2578
2296 2561 2563 2578
2317 2561 2578 2577
2296 2297 2319 2564
2296 2319 2318 2578
2296 2563 2564 2578
2319 2564 2579 2578
2296 2564 2319 2578
2297 2298 2319 2564
2298 2320 2319 2580
2298 2319 2564 2580
2298 2564 2565 2580
2319 2564 2580 2579
2298 2299 2321 2566
2298 2321 2320 2580
2298 2565 2566 2580
2321 2566 2581 2580
2298 2566 2321 2580
2299 2300 2321 2566
2300 2322 2321 2582
2300 2321 2566 2582
2300 2566 2567 2582
2321 2566 2582 2581
2300 2301 2323 2568
2300 2323 2322 2582
2300 2567 2568 2582
2323 2568 2583 2582
2300 2568 2323 2582
2301 2302 2323 2568
2302 2324 2323 2584
2302 2323 2568 2584
2302 2568 2569 2584
2323 2568 2584 2583
2302 2303 2325 2570
2302 2325 2324 2584
2302 2569 2570 2584
2325 2570 2585 2584
2302 2570 2325 2584
2314 2315 2333 2586
2315 2334 2333 2588
2315 2333 2586 2588
2315 2586 2575 2588
2333 2586 2588 2587
2315 2316 2335 2576
2315 2335 2334 2588
2315 2575 2576 2588
2335 2576 2589 2588
2315 2576 2335 2588
2316 2317 2335 2576
2317 2336 2335 2590
2317 2335 2576 2590
2317 2576 2577 2590
2335 2576 2590 2589
2317 2318 2337 2578
2317 2337 2336 2590
2317 2577 2578 2590
2337 2578 2591 2590
2317 2578 2337 2590
2318 2319 2337 2578
2319 2338 2337 2592
2319 2337 2578 2592
2319 2578 2579 2592
2337 2578 2592 2591
2319 2320 2339 2580
2319 2339 2338 2592
2319 2579 2580 2592
2339 2580 2593 2592
2319 2580 2339 2592
2320 2321 2339 2580
2321 2340 2339 2594
2321 2339 2580 2594
2321 2580 2581 2594
2339 2580 2594 2593
2321 2322 2341 2582
2321 2341 2340 2594
2321 2581 2582 2594
2341 2582 2595 2594
2321 2582 2341 2594
2332 2333 2349 2596
2333 2350 2349 2598
2333 2349 2596 2598
2333 2596 2587 2598
2349 2596 2598 2597
2333 2334 2351 2588
2333 2351 2350 2598
2333 2587 2588 2598
2351 2588 2599 2598
2333 2588 2351 2598
2357 2346 2359 2601
2357 2359 2358 2602
2357 2600 2601 2602
2359 2601 2603 2602
2357 2601 2359 2602
2346 2347 2359 2601
2347 2360 2359 2605
2347 2359 2601 2605
2347 2601 2604 2605
2359 2601 2605 2603
2347 2348 2361 2606
2347 2361 2360 2605
2347 2604 2606 2605
2361 2606 2607 2605
2347 2606 2361 2605
2368 2369 2371 2609
2368 2371 2370 2610
2368 2608 2609 2610
2371 2609 2611 2610
2368 2609 2371 2610
2369 2373 2371 2609
2373 2374 2371 2613
2373 2371 2609 2613
2373 2609 2612 2613
2371 2609 2613 2611
2373 2358 2375 2602
2373 2375 2374 2613
2373 2612 2602 2613
2375 2602 2614 2613
2373 2602 2375 2613
2358 2359 2375 2602
2359 2376 2375 2615
2359 2375 2602 2615
2359 2602 2603 2615
2375 2602 2615 2614
2359 2360 2377 2605
2359 2377 2376 2615
2359 2603 2605 2615
2377 2605 2616 2615
2359 2605 2377 2615
2360 2361 2377 2605
2361 2378 2377 2617
2361 2377 2605 2617
2361 2605 2607 2617
2377 2605 2617 2616
2361 2618 2619 2620
2361 2619 2378 2617
2361 2607 2620 2617
2619 2620 2621 2617
2361 2620 2619 2617
2363 2364 2381 2623
2363 2381 2380 2624
2363 2622 2623 2624
2381 2623 2625 2624
2363 2623 2381 2624
2364 2365 2381 2623
2365 2382 2381 2627
2365 2381 2623 2627
2365 2623 2626 2627
2381 2623 2627 2625
2371 2374 2384 2613
2371 2384 2383 2628
2371 2611 2613 2628
2384 2613 2629 2628
2371 2613 2384 2628
2374 2375 2384 2613
2375 2386 2384 2630
2375 2384 2613 2630
2375 2613 2614 2630
2384 2613 2630 2629
2375 2376 2388 2615
2375 2388 2386 2630
2375 2614 2615 2630
2388 2615 2631 2630
2375 2615 2388 2630
2376 2377 2388 2615
2377 2390 2388 2632
2377 2388 2615 2632
2377 2615 2616 2632
2388 2615 2632 2631
2377 2378 2633 2617
2377 2633 2390 2632
2377 2616 2617 2632
2633 2617 2634 2632
2377 2617 2633 2632
2378 2619 2633 2617
2619 2635 2633 2636
2619 2633 2617 2636
2619 2617 2621 2636
2633 2617 2636 2634
2380 2381 2392 2624
2381 2393 2392 2638
2381 2392 2624 2638
2381 2624 2625 2638
2392 2624 2638 2637
2381 2382 2394 2627
2381 2394 2393 2638
2381 2625 2627 2638
2394 2627 2639 2638
2381 2627 2394 2638
2396 2397 2398 2640
2397 2399 2398 2643
2397 2398 2640 2643
2397 2640 2641 2643
2398 2640 2643 2642
2397 2383 2400 2628
2397 2400 2399 2643
2397 2641 2628 2643
2400 2628 2644 2643
2397 2628 2400 2643
2383 2384 2400 2628
2384 2401 2400 2645
2384 2400 2628 2645
2384 2628 2629 2645
2400 2628 2645 2644
2384 2386 2403 2630
2384 2403 2401 2645
2384 2629 2630 2645
2403 2630 2646 2645
2384 2630 2403 2645
2386 2388 2403 2630
2388 2405 2403 2647
2388 2403 2630 2647
2388 2630 2631 2647
2403 2630 2647 2646
2392 2393 2409 2638
2392 2409 2408 2648
2392 2637 2638 2648
2409 2638 2649 2648
2392 2638 2409 2648
2393 2394 2409 2638
2394 2411 2409 2650
2394 2409 2638 2650
2394 2638 2639 2650
2409 2638 2650 2649
2651 2652 2653 2655
2652 2654 2653 2658
2652 2653 2655 2658
2652 2655 2656 2658
2653 2655 2658 2657
2652 2414 2415 2659
2652 2415 2654 2658
2652 2656 2659 2658
2415 2659 2660 2658
2652 2659 2415 2658
2414 2398 2415 2659
2398 2416 2415 2661
2398 2415 2659 2661
2398 2659 2642 2661
2415 2659 2661 2660
2398 2399 2417 2643
2398 2417 2416 2661
2398 2642 2643 2661
2417 2643 2662 2661
2398 2643 2417 2661
2399 2400 2417 2643
2400 2418 2417 2663
2400 2417 2643 2663
2400 2643 2644 2663
2417 2643 2663 2662
2408 2409 2664 2648
2409 2665 2664 2667
2409 2664 2648 2667
2409 2648 2649 2667
2664 2648 2667 2666
2409 2411 2668 2650
2409 2668 2665 2667
2409 2649 2650 2667
2668 2650 2669 2667
2409 2650 2668 2667
2653 2654 2671 2658
2653 2671 2670 2672
2653 2657 2658 2672
2671 2658 2673 2672
2653 2658 2671 2672
2654 2415 2671 2658
2415 2674 2671 2675
2415 2671 2658 2675
2415 2658 2660 2675
2671 2658 2675 2673
2415 2416 2420 2661
2415 2420 2674 2675
2415 2660 2661 2675
2420 2661 2676 2675
2415 2661 2420 2675
2416 2417 2420 2661
2417 2421 2420 2677
2417 2420 2661 2677
2417 2661 2662 2677
2420 2661 2677 2676
2670 2671 2678 2672
2671 2679 2678 2681
2671 2678 2672 2681
2671 2672 2673 2681
2678 2672 2681 2680
2671 2674 2682 2675
2671 2682 2679 2681
2671 2673 2675 2681
2682 2675 2683 2681
2671 2675 2682 2681
2684 2685 2687 2689
2684 2687 2686 2690
2684 2688 2689 2690
2687 2689 2691 2690
2684 2689 2687 2690
2686 2687 2692 2690
2687 2693 2692 2695
2687 2692 2690 2695
2687 2690 2691 2695
2692 2690 2695 2694
2427 2428 2429 2696
2428 2430 2429 2699
2428 2429 2696 2699
2428 2696 2697 2699
2429 2696 2699 2698
2429 2430 2436 2699
2429 2436 2434 2700
2429 2698 2699 2700
2436 2699 2701 2700
2429 2699 2436 2700
2702 2703 2704 2706
2703 2705 2704 2709
2703 2704 2706 2709
2703 2706 2707 2709
2704 2706 2709 2708
2703 2710 2711 2712
2703 2711 2705 2709
2703 2707 2712 2709
2711 2712 2713 2709
2703 2712 2711 2709
2714 2445 2715 2716
2445 2447 2715 2719
2445 2715 2716 2719
2445 2716 2717 2719
2715 2716 2719 2718
2445 2446 2448 2720
2445 2448 2447 2719
2445 2717 2720 2719
2448 2720 2721 2719
2445 2720 2448 2719
2446 2704 2448 2720
2704 2722 2448 2723
2704 2448 2720 2723
2704 2720 2708 2723
2448 2720 2723 2721
2704 2705 2724 2709
2704 2724 2722 2723
2704 2708 2709 2723
2724 2709 2725 2723
2704 2709 2724 2723
2705 2711 2724 2709
2711 2726 2724 2727
2711 2724 2709 2727
2711 2709 2713 2727
2724 2709 2727 2725
2711 2728 2729 2730
2711 2729 2726 2727
2711 2713 2730 2727
2729 2730 2731 2727
2711 2730 2729 2727
2728 2732 2729 2730
2732 2733 2729 2735
2732 2729 2730 2735
2732 2730 2734 2735
2729 2730 2735 2731
2447 2448 2736 2719
2448 2737 2736 2739
2448 2736 2719 2739
2448 2719 2721 2739
2736 2719 2739 2738
2448 2722 2740 2723
2448 2740 2737 2739
2448 2721 2723 2739
2740 2723 2741 2739
2448 2723 2740 2739
2729 2733 2743 2735
2729 2743 2742 2744
2729 2731 2735 2744
2743 2735 2745 2744
2729 2735 2743 2744
2733 2746 2743 2735
2746 2747 2743 2749
2746 2743 2735 2749
2746 2735 2748 2749
2743 2735 2749 2745
2746 2750 2751 2752
2746 2751 2747 2749
2746 2748 2752 2749
2751 2752 2753 2749
2746 2752 2751 2749
2750 2754 2751 2752
2754 2755 2751 2757
2754 2751 2752 2757
2754 2752 2756 2757
2751 2752 2757 2753
2742 2743 2450 2744
2743 2453 2450 2759
2743 2450 2744 2759
2743 2744 2745 2759
2450 2744 2759 2758
2743 2747 2760 2749
2743 2760 2453 2759
2743 2745 2749 2759
2760 2749 2761 2759
2743 2749 2760 2759
2747 2751 2760 2749
2751 2762 2760 2763
2751 2760 2749 2763
2751 2749 2753 2763
2760 2749 2763 2761
2751 2755 2764 2757
2751 2764 2762 2763
2751 2753 2757 2763
2764 2757 2765 2763
2751 2757 2764 2763
2755 2766 2764 2757
2766 2767 2764 2769
2766 2764 2757 2769
2766 2757 2768 2769
2764 2757 2769 2765
2762 2764 2466 2763
2764 2470 2466 2771
2764 2466 2763 2771
2764 2763 2765 2771
2466 2763 2771 2770
2764 2767 2772 2769
2764 2772 2470 2771
2764 2765 2769 2771
2772 2769 2773 2771
2764 2769 2772 2771
2767 2774 2772 2769
2774 2775 2772 2777
2774 2772 2769 2777
2774 2769 2776 2777
2772 2769 2777 2773
2452 2454 2460 2778
2454 2461 2460 2781
2454 2460 2778 2781
2454 2778 2779 2781
2460 2778 2781 2780
2454 2462 2463 2782
2454 2463 2461 2781
2454 2779 2782 2781
2463 2782 2783 2781
2454 2782 2463 2781
2462 2466 2463 2782
2466 2467 2463 2784
2466 2463 2782 2784
2466 2782 2770 2784
2463 2782 2784 2783
2466 2470 2471 2771
2466 2471 2467 2784
2466 2770 2771 2784
2471 2771 2785 2784
2466 2771 2471 2784
2470 2772 2471 2771
2772 2484 2471 2786
2772 2471 2771 2786
2772 2771 2773 2786
2471 2771 2786 2785
2457 2458 2472 2787
2458 2473 2472 2790
2458 2472 2787 2790
2458 2787 2788 2790
2472 2787 2790 2789
2458 2459 2474 2791
2458 2474 2473 2790
2458 2788 2791 2790
2474 2791 2792 2790
2458 2791 2474 2790
2460 2461 2476 2781
2460 2476 2475 2793
2460 2780 2781 2793
2476 2781 2794 2793
2460 2781 2476 2793
2461 2463 2476 2781
2463 2477 2476 2795
2463 2476 2781 2795
2463 2781 2783 2795
2476 2781 2795 2794
2463 2467 2479 2784
2463 2479 2477 2795
2463 2783 2784 2795
2479 2784 2796 2795
2463 2784 2479 2795
2467 2471 2479 2784
2471 2481 2479 2797
2471 2479 2784 2797
2471 2784 2785 2797
2479 2784 2797 2796
2471 2484 2485 2786
2471 2485 2481 2797
2471 2785 2786 2797
2485 2786 2798 2797
2471 2786 2485 2797
2484 2799 2485 2786
2799 2800 2485 2802
2799 2485 2786 2802
2799 2786 2801 2802
2485 2786 2802 2798
2799 2803 2804 2805
2799 2804 2800 2802
2799 2801 2805 2802
2804 2805 2806 2802
2799 2805 2804 2802
2476 2477 2489 2795
2476 2489 2488 2807
2476 2794 2795 2807
2489 2795 2808 2807
2476 2795 2489 2807
2477 2479 2489 2795
2479 2491 2489 2809
2479 2489 2795 2809
2479 2795 2796 2809
2489 2795 2809 2808
2479 2481 2493 2797
2479 2493 2491 2809
2479 2796 2797 2809
2493 2797 2810 2809
2479 2797 2493 2809
2481 2485 2493 2797
2485 2495 2493 2811
2485 2493 2797 2811
2485 2797 2798 2811
2493 2797 2811 2810
2485 2800 2812 2802
2485 2812 2495 2811
2485 2798 2802 2811
2812 2802 2813 2811
2485 2802 2812 2811
2800 2804 2812 2802
2804 2814 2812 2815
2804 2812 2802 2815
2804 2802 2806 2815
2812 2802 2815 2813
2491 2493 2816 2809
2493 2817 2816 2819
2493 2816 2809 2819
2493 2809 2810 2819
2816 2809 2819 2818
2493 2495 2820 2811
2493 2820 2817 2819
2493 2810 2811 2819
2820 2811 2821 2819
2493 2811 2820 2819
2495 2812 2820 2811
2812 2822 2820 2823
2812 2820 2811 2823
2812 2811 2813 2823
2820 2811 2823 2821
2812 2814 2824 2815
2812 2824 2822 2823
2812 2813 2815 2823
2824 2815 2825 2823
2812 2815 2824 2823
2826 2827 2508 2829
2826 2508 2505 2830
2826 2828 2829 2830
2508 2829 2831 2830
2826 2829 2508 2830
2827 2832 2508 2829
2832 2511 2508 2834
2832 2508 2829 2834
2832 2829 2833 2834
2508 2829 2834 2831
2832 2835 2836 2837
2832 2836 2511 2834
2832 2833 2837 2834
2836 2837 2838 2834
2832 2837 2836 2834
2498 2499 2502 2841
2498 2502 2839 2842
2498 2840 2841 2842
2502 2841 2843 2842
2498 2841 2502 2842
2499 2501 2502 2841
2501 2503 2502 2845
2501 2502 2841 2845
2501 2841 2844 2845
2502 2841 2845 2843
2501 2505 2506 2830
2501 2506 2503 2845
2501 2844 2830 2845
2506 2830 2846 2845
2501 2830 2506 2845
2505 2508 2506 2830
2508 2509 2506 2847
2508 2506 2830 2847
2508 2830 2831 2847
2506 2830 2847 2846
2508 2511 2512 2834
2508 2512 2509 2847
2508 2831 2834 2847
2512 2834 2848 2847
2508 2834 2512 2847
2511 2836 2512 2834
2836 2528 2512 2849
2836 2512 2834 2849
2836 2834 2838 2849
2512 2834 2849 2848
2514 2515 2517 2851
2514 2517 2516 2852
2514 2850 2851 2852
2517 2851 2853 2852
2514 2851 2517 2852
2515 2518 2517 2851
2518 2519 2517 2855
2518 2517 2851 2855
2518 2851 2854 2855
2517 2851 2855 2853
2518 2521 2522 2856
2518 2522 2519 2855
2518 2854 2856 2855
2522 2856 2857 2855
2518 2856 2522 2855
2521 2858 2522 2856
2858 2859 2522 2861
2858 2522 2856 2861
2858 2856 2860 2861
2522 2856 2861 2857
2839 2502 2862 2842
2502 2863 2862 2865
2502 2862 2842 2865
2502 2842 2843 2865
2862 2842 2865 2864
2502 2503 2524 2845
2502 2524 2863 2865
2502 2843 2845 2865
2524 2845 2866 2865
2502 2845 2524 2865
2503 2506 2524 2845
2506 2525 2524 2867
2506 2524 2845 2867
2506 2845 2846 2867
2524 2845 2867 2866
2506 2509 2526 2847
2506 2526 2525 2867
2506 2846 2847 2867
2526 2847 2868 2867
2506 2847 2526 2867
2509 2512 2526 2847
2512 2527 2526 2869
2512 2526 2847 2869
2512 2847 2848 2869
2526 2847 2869 2868
2512 2528 2529 2849
2512 2529 2527 2869
2512 2848 2849 2869
2529 2849 2870 2869
2512 2849 2529 2869
2530 2516 2532 2852
2530 2532 2531 2872
2530 2871 2852 2872
2532 2852 2873 2872
2530 2852 2532 2872
2516 2517 2532 2852
2517 2533 2532 2874
2517 2532 2852 2874
2517 2852 2853 2874
2532 2852 2874 2873
2517 2519 2534 2855
2517 2534 2533 2874
2517 2853 2855 2874
2534 2855 2875 2874
2517 2855 2534 2874
2519 2522 2534 2855
2522 2535 2534 2876
2522 2534 2855 2876
2522 2855 2857 2876
2534 2855 2876 2875
2522 2859 2547 2861
2522 2547 2535 2876
2522 2857 2861 2876
2547 2861 2877 2876
2522 2861 2547 2876
2525 2526 2536 2867
2526 2537 2536 2879
2526 2536 2867 2879
2526 2867 2868 2879
2536 2867 2879 2878
2526 2527 2538 2869
2526 2538 2537 2879
2526 2868 2869 2879
2538 2869 2880 2879
2526 2869 2538 2879
2527 2529 2538 2869
2529 2539 2538 2881
2529 2538 2869 2881
2529 2869 2870 2881
2538 2869 2881 2880
2531 2532 2542 2872
2532 2543 2542 2883
2532 2542 2872 2883
2532 2872 2873 2883
2542 2872 2883 2882
2532 2533 2544 2874
2532 2544 2543 2883
2532 2873 2874 2883
2544 2874 2884 2883
2532 2874 2544 2883
2533 2534 2544 2874
2534 2545 2544 2885
2534 2544 2874 2885
2534 2874 2875 2885
2544 2874 2885 2884
2534 2535 2546 2876
2534 2546 2545 2885
2534 2875 2876 2885
2546 2876 2886 2885
2534 2876 2546 2885
2535 2547 2546 2876
2547 2548 2546 2887
2547 2546 2876 2887
2547 2876 2877 2887
2546 2876 2887 2886
2537 2538 2551 2879
2538 2552 2551 2889
2538 2551 2879 2889
2538 2879 2880 2889
2551 2879 2889 2888
2542 2543 2566 2883
2542 2566 2565 2890
2542 2882 2883 2890
2566 2883 2891 2890
2542 2883 2566 2890
2543 2544 2566 2883
2544 2567 2566 2892
2544 2566 2883 2892
2544 2883 2884 2892
2566 2883 2892 2891
2544 2545 2568 2885
2544 2568 2567 2892
2544 2884 2885 2892
2568 2885 2893 2892
2544 2885 2568 2892
2545 2546 2568 2885
2546 2569 2568 2894
2546 2568 2885 2894
2546 2885 2886 2894
2568 2885 2894 2893
2565 2566 2580 2890
2566 2581 2580 2896
2566 2580 2890 2896
2566 2890 2891 2896
2580 2890 2896 2895
2566 2567 2582 2892
2566 2582 2581 2896
2566 2891 2892 2896
2582 2892 2897 2896
2566 2892 2582 2896
2567 2568 2582 2892
2568 2583 2582 2898
2568 2582 2892 2898
2568 2892 2893 2898
2582 2892 2898 2897
2604 2606 2605 2899
2606 2607 2605 2902
2606 2605 2899 2902
2606 2899 2900 2902
2605 2899 2902 2901
2603 2605 2615 2903
2605 2616 2615 2905
2605 2615 2903 2905
2605 2903 2901 2905
2615 2903 2905 2904
2605 2607 2617 2902
2605 2617 2616 2905
2605 2901 2902 2905
2617 2902 2906 2905
2605 2902 2617 2905
2607 2620 2617 2902
2620 2621 2617 2908
2620 2617 2902 2908
2620 2902 2907 2908
2617 2902 2908 2906
2620 2909 2910 2911
2620 2910 2621 2908
2620 2907 2911 2908
2910 2911 2912 2908
2620 2911 2910 2908
2613 2614 2630 2914
2613 2630 2629 2915
2613 2913 2914 2915
2630 2914 2916 2915
2613 2914 2630 2915
2614 2615 2630 2914
2615 2631 2630 2917
2615 2630 2914 2917
2615 2914 2904 2917
2630 2914 2917 2916
2616 2617 2632 2905
2617 2634 2632 2919
2617 2632 2905 2919
2617 2905 2906 2919
2632 2905 2919 2918
2617 2621 2636 2908
2617 2636 2634 2919
2617 2906 2908 2919
2636 2908 2920 2919
2617 2908 2636 2919
2624 2625 2638 2922
2624 2638 2637 2923
2624 2921 2922 2923
2638 2922 2924 2923
2624 2922 2638 2923
2625 2627 2638 2922
2627 2639 2638 2926
2627 2638 2922 2926
2627 2922 2925 2926
2638 2922 2926 2924
2629 2630 2645 2915
2630 2646 2645 2928
2630 2645 2915 2928
2630 2915 2916 2928
2645 2915 2928 2927
2630 2631 2647 2917
2630 2647 2646 2928
2630 2916 2917 2928
2647 2917 2929 2928
2630 2917 2647 2928
2637 2638 2648 2923
2638 2649 2648 2931
2638 2648 2923 2931
2638 2923 2924 2931
2648 2923 2931 2930
2638 2639 2650 2926
2638 2650 2649 2931
2638 2924 2926 2931
2650 2926 2932 2931
2638 2926 2650 2931
2655 2656 2658 2934
2655 2658 2657 2935
2655 2933 2934 2935
2658 2934 2936 2935
2655 2934 2658 2935
2656 2659 2658 2934
2659 2660 2658 2938
2659 2658 2934 2938
2659 2934 2937 2938
2658 2934 2938 2936
2645 2646 2940 2928
2645 2940 2939 2941
2645 2927 2928 2941
2940 2928 2942 2941
2645 2928 2940 2941
2646 2647 2940 2928
2647 2943 2940 2944
2647 2940 2928 2944
2647 2928 2929 2944
2940 2928 2944 2942
2648 2649 2667 2931
2648 2667 2666 2945
2648 2930 2931 2945
2667 2931 2946 2945
2648 2931 2667 2945
2649 2650 2667 2931
2650 2669 2667 2947
2650 2667 2931 2947
2650 2931 2932 2947
2667 2931 2947 2946
2658 2660 2675 2938
2658 2675 2673 2948
2658 2936 2938 2948
2675 2938 2949 2948
2658 2938 2675 2948
2940 2943 2951 2944
2940 2951 2950 2952
2940 2942 2944 2952
2951 2944 2953 2952
2940 2944 2951 2952
2954 2666 2689 2945
2954 2689 2688 2956
2954 2955 2945 2956
2689 2945 2957 2956
2954 2945 2689 2956
2666 2667 2689 2945
2667 2958 2689 2959
2667 2689 2945 2959
2667 2945 2946 2959
2689 2945 2959 2957
2667 2669 2960 2947
2667 2960 2958 2959
2667 2946 2947 2959
2960 2947 2961 2959
2667 2947 2960 2959
2672 2673 2681 2948
2672 2681 2680 2963
2672 2962 2948 2963
2681 2948 2964 2963
2672 2948 2681 2963
2688 2689 2690 2956
2689 2691 2690 2966
2689 2690 2956 2966
2689 2956 2957 2966
2690 2956 2966 2965
2689 2958 2967 2959
2689 2967 2691 2966
2689 2957 2959 2966
2967 2959 2968 2966
2689 2959 2967 2966
2969 2690 2970 2971
2690 2694 2970 2973
2690 2970 2971 2973
2690 2971 2965 2973
2970 2971 2973 2972
2690 2691 2695 2966
2690 2695 2694 2973
2690 2965 2966 2973
2695 2966 2974 2973
2690 2966 2695 2973
2691 2967 2695 2966
2967 2975 2695 2976
2967 2695 2966 2976
2967 2966 2968 2976
2695 2966 2976 2974
2977 2970 2696 2978
2970 2697 2696 2980
2970 2696 2978 2980
2970 2978 2972 2980
2696 2978 2980 2979
2970 2694 2981 2973
2970 2981 2697 2980
2970 2972 2973 2980
2981 2973 2982 2980
2970 2973 2981 2980
2694 2695 2981 2973
2695 2983 2981 2984
2695 2981 2973 2984
2695 2973 2974 2984
2981 2973 2984 2982
2985 2696 2986 2987
2696 2698 2986 2989
2696 2986 2987 2989
2696 2987 2979 2989
2986 2987 2989 2988
2696 2697 2699 2980
2696 2699 2698 2989
2696 2979 2980 2989
2699 2980 2990 2989
2696 2980 2699 2989
2697 2981 2699 2980
2981 2991 2699 2992
2981 2699 2980 2992
2981 2980 2982 2992
2699 2980 2992 2990
2706 2707 2709 2994
2706 2709 2708 2995
2706 2993 2994 2995
2709 2994 2996 2995
2706 2994 2709 2995
2707 2712 2709 2994
2712 2713 2709 2998
2712 2709 2994 2998
2712 2994 2997 2998
2709 2994 2998 2996
2712 2999 2730 3000
2712 2730 2713 2998
2712 2997 3000 2998
2730 3000 3001 2998
2712 3000 2730 2998
2708 2709 2723 2995
2709 2725 2723 3003
2709 2723 2995 3003
2709 2995 2996 3003
2723 2995 3003 3002
2709 2713 2727 2998
2709 2727 2725 3003
2709 2996 2998 3003
2727 2998 3004 3003
2709 2998 2727 3003
2713 2730 2727 2998
2730 2731 2727 3005
2730 2727 2998 3005
2730 2998 3001 3005
2727 2998 3005 3004
2730 2734 2735 3006
2730 2735 2731 3005
2730 3001 3006 3005
2735 3006 3007 3005
2730 3006 2735 3005
2734 3008 2735 3006
3008 2748 2735 3010
3008 2735 3006 3010
3008 3006 3009 3010
2735 3006 3010 3007
3008 3011 2752 3012
3008 2752 2748 3010
3008 3009 3012 3010
2752 3012 3013 3010
3008 3012 2752 3010
2727 2731 2744 3005
2727 2744 3014 3015
2727 3004 3005 3015
2744 3005 3016 3015
2727 3005 2744 3015
2731 2735 2744 3005
2735 2745 2744 3017
2735 2744 3005 3017
2735 3005 3007 3017
2744 3005 3017 3016
2735 2748 2749 3010
2735 2749 2745 3017
2735 3007 3010 3017
2749 3010 3018 3017
2735 3010 2749 3017
2748 2752 2749 3010
2752 2753 2749 3019
2752 2749 3010 3019
2752 3010 3013 3019
2749 3010 3019 3018
2752 2756 2757 3020
2752 2757 2753 3019
2752 3013 3020 3019
2757 3020 3021 3019
2752 3020 2757 3019
2745 2749 2759 3017
2749 2761 2759 3023
2749 2759 3017 3023
2749 3017 3018 3023
2759 3017 3023 3022
2749 2753 2763 3019
2749 2763 2761 3023
2749 3018 3019 3023
2763 3019 3024 3023
2749 3019 2763 3023
2753 2757 2763 3019
2757 2765 2763 3025
2757 2763 3019 3025
2757 3019 3021 3025
2763 3019 3025 3024
2757 2768 2769 3026
2757 2769 2765 3025
2757 3021 3026 3025
2769 3026 3027 3025
2757 3026 2769 3025
2761 2763 2782 3023
2763 2770 2782 3029
2763 2782 3023 3029
2763 3023 3024 3029
2782 3023 3029 3028
2763 2765 2771 3025
2763 2771 2770 3029
2763 3024 3025 3029
2771 3025 3030 3029
2763 3025 2771 3029
2765 2769 2771 3025
2769 2773 2771 3031
2769 2771 3025 3031
2769 3025 3027 3031
2771 3025 3031 3030
2769 2776 2777 3032
2769 2777 2773 3031
2769 3027 3032 3031
2777 3032 3033 3031
2769 3032 2777 3031
3034 3035 3036 3038
3035 3037 3036 3041
3035 3036 3038 3041
3035 3038 3039 3041
3036 3038 3041 3040
3035 3042 3043 3044
3035 3043 3037 3041
3035 3039 3044 3041
3043 3044 3045 3041
3035 3044 3043 3041
2770 2771 2784 3029
2771 2785 2784 3047
2771 2784 3029 3047
2771 3029 3030 3047
2784 3029 3047 3046
2771 2773 2786 3031
2771 2786 2785 3047
2771 3030 3031 3047
2786 3031 3048 3047
2771 3031 2786 3047
2773 2777 2786 3031
2777 2801 2786 3049
2777 2786 3031 3049
2777 3031 3033 3049
2786 3031 3049 3048
2777 3050 2805 3051
2777 2805 2801 3049
2777 3033 3051 3049
2805 3051 3052 3049
2777 3051 2805 3049
3037 3043 3053 3041
3043 3054 3053 3056
3043 3053 3041 3056
3043 3041 3045 3056
3053 3041 3056 3055
3043 3057 3058 3059
3043 3058 3054 3056
3043 3045 3059 3056
3058 3059 3060 3056
3043 3059 3058 3056
2783 2784 2795 3061
2784 2796 2795 3063
2784 2795 3061 3063
2784 3061 3046 3063
2795 3061 3063 3062
2784 2785 2797 3047
2784 2797 2796 3063
2784 3046 3047 3063
2797 3047 3064 3063
2784 3047 2797 3063
2785 2786 2797 3047
2786 2798 2797 3065
2786 2797 3047 3065
2786 3047 3048 3065
2797 3047 3065 3064
2786 2801 2802 3049
2786 2802 2798 3065
2786 3048 3049 3065
2802 3049 3066 3065
2786 3049 2802 3065
2801 2805 2802 3049
2805 2806 2802 3067
2805 2802 3049 3067
2805 3049 3052 3067
2802 3049 3067 3066
2805 3068 3069 3070
2805 3069 2806 3067
2805 3052 3070 3067
3069 3070 3071 3067
2805 3070 3069 3067
3053 3054 3073 3056
3053 3073 3072 3074
3053 3055 3056 3074
3073 3056 3075 3074
3053 3056 3073 3074
3054 3058 3073 3056
3058 3076 3073 3077
3058 3073 3056 3077
3058 3056 3060 3077
3073 3056 3077 3075
2795 2796 2809 3063
2795 2809 2808 3078
2795 3062 3063 3078
2809 3063 3079 3078
2795 3063 2809 3078
2796 2797 2809 3063
2797 2810 2809 3080
2797 2809 3063 3080
2797 3063 3064 3080
2809 3063 3080 3079
2797 2798 2811 3065
2797 2811 2810 3080
2797 3064 3065 3080
2811 3065 3081 3080
2797 3065 2811 3080
2798 2802 2811 3065
2802 2813 2811 3082
2802 2811 3065 3082
2802 3065 3066 3082
2811 3065 3082 3081
2802 2806 2815 3067
2802 2815 2813 3082
2802 3066 3067 3082
2815 3067 3083 3082
2802 3067 2815 3082
2806 3069 2815 3067
3069 3084 2815 3085
3069 2815 3067 3085
3069 3067 3071 3085
2815 3067 3085 3083
3072 3073 3086 3074
3073 3087 3086 3089
3073 3086 3074 3089
3073 3074 3075 3089
3086 3074 3089 3088
3073 3076 3090 3077
3073 3090 3087 3089
3073 3075 3077 3089
3090 3077 3091 3089
3073 3077 3090 3089
2809 2810 2819 3080
2809 2819 2818 3092
2809 3079 3080 3092
2819 3080 3093 3092
2809 3080 2819 3092
2810 2811 2819 3080
2811 2821 2819 3094
2811 2819 3080 3094
2811 3080 3081 3094
2819 3080 3094 3093
2811 2813 2823 3082
2811 2823 2821 3094
2811 3081 3082 3094
2823 3082 3095 3094
2811 3082 2823 3094
2813 2815 2823 3082
2815 2825 2823 3096
2815 2823 3082 3096
2815 3082 3083 3096
2823 3082 3096 3095
2815 3084 3097 3085
2815 3097 2825 3096
2815 3083 3085 3096
3097 3085 3098 3096
2815 3085 3097 3096
3099 3086 3100 3102
3086 3101 3100 3104
3086 3100 3102 3104
3086 3102 3088 3104
3100 3102 3104 3103
3086 3087 3105 3089
3086 3105 3101 3104
3086 3088 3089 3104
3105 3089 3106 3104
3086 3089 3105 3104
3087 3090 3105 3089
3090 3107 3105 3108
3090 3105 3089 3108
3090 3089 3091 3108
3105 3089 3108 3106
3100 3101 3110 3104
3100 3110 3109 3111
3100 3103 3104 3111
3110 3104 3112 3111
3100 3104 3110 3111
3101 3105 3110 3104
3105 3113 3110 3114
3105 3110 3104 3114
3105 3104 3106 3114
3110 3104 3114 3112
3109 3110 2829 3111
3110 2833 2829 3116
3110 2829 3111 3116
3110 3111 3112 3116
2829 3111 3116 3115
3110 3113 2837 3114
3110 2837 2833 3116
3110 3112 3114 3116
2837 3114 3117 3116
3110 3114 2837 3116
3113 3118 2837 3114
3118 3119 2837 3121
3118 2837 3114 3121
3118 3114 3120 3121
2837 3114 3121 3117
2828 2829 2830 3122
2829 2831 2830 3124
2829 2830 3122 3124
2829 3122 3115 3124
2830 3122 3124 3123
2829 2833 2834 3116
2829 2834 2831 3124
2829 3115 3116 3124
2834 3116 3125 3124
2829 3116 2834 3124
2833 2837 2834 3116
2837 2838 2834 3126
2837 2834 3116 3126
2837 3116 3117 3126
2834 3116 3126 3125
2837 3119 3127 3121
2837 3127 2838 3126
2837 3117 3121 3126
3127 3121 3128 3126
2837 3121 3127 3126
3129 3130 2851 3131
3130 2854 2851 3134
3130 2851 3131 3134
3130 3131 3132 3134
2851 3131 3134 3133
3130 3135 2856 3136
3130 2856 2854 3134
3130 3132 3136 3134
2856 3136 3137 3134
3130 3136 2856 3134
3135 3138 2856 3136
3138 2860 2856 3140
3138 2856 3136 3140
3138 3136 3139 3140
2856 3136 3140 3137
3141 2840 2842 3144
3141 2842 3142 3145
3141 3143 3144 3145
2842 3144 3146 3145
3141 3144 2842 3145
2840 2841 2842 3144
2841 2843 2842 3148
2841 2842 3144 3148
2841 3144 3147 3148
2842 3144 3148 3146
2841 2844 2845 3149
2841 2845 2843 3148
2841 3147 3149 3148
2845 3149 3150 3148
2841 3149 2845 3148
2844 2830 2845 3149
2830 2846 2845 3151
2830 2845 3149 3151
2830 3149 3123 3151
2845 3149 3151 3150
2830 2831 2847 3124
2830 2847 2846 3151
2830 3123 3124 3151
2847 3124 3152 3151
2830 3124 2847 3151
2831 2834 2847 3124
2834 2848 2847 3153
2834 2847 3124 3153
2834 3124 3125 3153
2847 3124 3153 3152
2834 2838 2849 3126
2834 2849 2848 3153
2834 3125 3126 3153
2849 3126 3154 3153
2834 3126 2849 3153
2850 2851 2852 3155
2851 2853 2852 3157
2851 2852 3155 3157
2851 3155 3133 3157
2852 3155 3157 3156
2851 2854 2855 3134
2851 2855 2853 3157
2851 3133 3134 3157
2855 3134 3158 3157
2851 3134 2855 3157
2854 2856 2855 3134
2856 2857 2855 3159
2856 2855 3134 3159
2856 3134 3137 3159
2855 3134 3159 3158
2856 2860 2861 3140
2856 2861 2857 3159
2856 3137 3140 3159
2861 3140 3160 3159
2856 3140 2861 3159
2860 3161 2861 3140
3161 3162 2861 3164
3161 2861 3140 3164
3161 3140 3163 3164
2861 3140 3164 3160
3165 3142 3167 3145
3165 3167 3166 3169
3165 3168 3145 3169
3167 3145 3170 3169
3165 3145 3167 3169
3142 2842 3167 3145
2842 2864 3167 3171
2842 3167 3145 3171
2842 3145 3146 3171
3167 3145 3171 3170
2842 2843 2865 3148
2842 2865 2864 3171
2842 3146 3148 3171
2865 3148 3172 3171
2842 3148 2865 3171
2843 2845 2865 3148
2845 2866 2865 3173
2845 2865 3148 3173
2845 3148 3150 3173
2865 3148 3173 3172
2846 2847 2867 3151
2847 2868 2867 3175
2847 2867 3151 3175
2847 3151 3152 3175
2867 3151 3175 3174
2847 2848 2869 3153
2847 2869 2868 3175
2847 3152 3153 3175
2869 3153 3176 3175
2847 3153 2869 3175
2848 2849 2869 3153
2849 2870 2869 3177
2849 2869 3153 3177
2849 3153 3154 3177
2869 3153 3177 3176
2871 2852 2872 3178
2852 2873 2872 3180
2852 2872 3178 3180
2852 3178 3156 3180
2872 3178 3180 3179
2852 2853 2874 3157
2852 2874 2873 3180
2852 3156 3157 3180
2874 3157 3181 3180
2852 3157 2874 3180
2853 2855 2874 3157
2855 2875 2874 3182
2855 2874 3157 3182
2855 3157 3158 3182
2874 3157 3182 3181
2855 2857 2876 3159
2855 2876 2875 3182
2855 3158 3159 3182
2876 3159 3183 3182
2855 3159 2876 3182
2857 2861 2876 3159
2861 2877 2876 3184
2861 2876 3159 3184
2861 3159 3160 3184
2876 3159 3184 3183
2861 3162 3185 3164
2861 3185 2877 3184
2861 3160 3164 3184
3185 3164 3186 3184
2861 3164 3185 3184
2868 2869 2879 3175
2869 2880 2879 3188
2869 2879 3175 3188
2869 3175 3176 3188
2879 3175 3188 3187
2872 2873 2883 3180
2872 2883 2882 3189
2872 3179 3180 3189
2883 3180 3190 3189
2872 3180 2883 3189
2873 2874 2883 3180
2874 2884 2883 3191
2874 2883 3180 3191
2874 3180 3181 3191
2883 3180 3191 3190
2874 2875 2885 3182
2874 2885 2884 3191
2874 3181 3182 3191
2885 3182 3192 3191
2874 3182 2885 3191
2875 2876 2885 3182
2876 2886 2885 3193
2876 2885 3182 3193
2876 3182 3183 3193
2885 3182 3193 3192
2876 2877 2887 3184
2876 2887 2886 3193
2876 3183 3184 3193
2887 3184 3194 3193
2876 3184 2887 3193
2882 2883 2890 3189
2883 2891 2890 3196
2883 2890 3189 3196
2883 3189 3190 3196
2890 3189 3196 3195
2883 2884 2892 3191
2883 2892 2891 3196
2883 3190 3191 3196
2892 3191 3197 3196
2883 3191 2892 3196
2884 2885 2892 3191
2885 2893 2892 3198
2885 2892 3191 3198
2885 3191 3192 3198
2892 3191 3198 3197
2885 2886 2894 3193
2885 2894 2893 3198
2885 3192 3193 3198
2894 3193 3199 3198
2885 3193 2894 3198
2890 2891 2896 3196
2890 2896 2895 3200
2890 3195 3196 3200
2896 3196 3201 3200
2890 3196 2896 3200
2891 2892 2896 3196
2892 2897 2896 3202
2892 2896 3196 3202
2892 3196 3197 3202
2896 3196 3202 3201
2900 3203 2902 3204
3203 2907 2902 3207
3203 2902 3204 3207
3203 3204 3205 3207
2902 3204 3207 3206
3203 3208 2911 3209
3203 2911 2907 3207
3203 3205 3209 3207
2911 3209 3210 3207
3203 3209 2911 3207
2901 2902 2905 3211
2902 2906 2905 3213
2902 2905 3211 3213
2902 3211 3206 3213
2905 3211 3213 3212
2902 2907 2908 3207
2902 2908 2906 3213
2902 3206 3207 3213
2908 3207 3214 3213
2902 3207 2908 3213
2907 2911 2908 3207
2911 2912 2908 3215
2911 2908 3207 3215
2911 3207 3210 3215
2908 3207 3215 3214
2914 2904 2917 3217
2914 2917 2916 3218
2914 3216 3217 3218
2917 3217 3219 3218
2914 3217 2917 3218
2906 2908 2919 3213
2908 2920 2919 3221
2908 2919 3213 3221
2908 3213 3214 3221
2919 3213 3221 3220
2915 2916 2928 3218
2915 2928 2927 3223
2915 3222 3218 3223
2928 3218 3224 3223
2915 3218 2928 3223
2916 2917 2928 3218
2917 2929 2928 3225
2917 2928 3218 3225
2917 3218 3219 3225
2928 3218 3225 3224
2923 2924 2931 3227
2923 2931 2930 3228
2923 3226 3227 3228
2931 3227 3229 3228
2923 3227 2931 3228
2924 2926 2931 3227
2926 2932 2931 3231
2926 2931 3227 3231
2926 3227 3230 3231
2931 3227 3231 3229
2927 2928 2941 3223
2928 2942 2941 3233
2928 2941 3223 3233
2928 3223 3224 3233
2941 3223 3233 3232
2928 2929 2944 3225
2928 2944 2942 3233
2928 3224 3225 3233
2944 3225 3234 3233
2928 3225 2944 3233
2930 2931 2945 3228
2931 2946 2945 3236
2931 2945 3228 3236
2931 3228 3229 3236
2945 3228 3236 3235
2931 2932 2947 3231
2931 2947 2946 3236
2931 3229 3231 3236
2947 3231 3237 3236
2931 3231 2947 3236
2941 2942 2952 3233
2941 2952 3238 3239
2941 3232 3233 3239
2952 3233 3240 3239
2941 3233 2952 3239
2942 2944 2952 3233
2944 2953 2952 3241
2944 2952 3233 3241
2944 3233 3234 3241
2952 3233 3241 3240
2955 2945 2956 3242
2945 2957 2956 3244
2945 2956 3242 3244
2945 3242 3235 3244
2956 3242 3244 3243
2945 2946 2959 3236
2945 2959 2957 3244
2945 3235 3236 3244
2959 3236 3245 3244
2945 3236 2959 3244
2946 2947 2959 3236
2947 2961 2959 3246
2947 2959 3236 3246
2947 3236 3237 3246
2959 3236 3246 3245
2956 2957 2966 3244
2956 2966 2965 3247
2956 3243 3244 3247
2966 3244 3248 3247
2956 3244 2966 3247
2957 2959 2966 3244
2959 2968 2966 3249
2959 2966 3244 3249
2959 3244 3245 3249
2966 3244 3249 3248
2959 2961 3250 3246
2959 3250 2968 3249
2959 3245 3246 3249
3250 3246 3251 3249
2959 3246 3250 3249
2971 2965 2973 3247
2971 2973 2972 3253
2971 3252 3247 3253
2973 3247 3254 3253
2971 3247 2973 3253
2965 2966 2973 3247
2966 2974 2973 3255
2966 2973 3247 3255
2966 3247 3248 3255
2973 3247 3255 3254
2966 2968 2976 3249
2966 2976 2974 3255
2966 3248 3249 3255
2976 3249 3256 3255
2966 3249 2976 3255
3257 2978 2987 3258
2978 2979 2987 3261
2978 2987 3258 3261
2978 3258 3259 3261
2987 3258 3261 3260
2978 2972 2980 3253
2978 2980 2979 3261
2978 3259 3253 3261
2980 3253 3262 3261
2978 3253 2980 3261
2972 2973 2980 3253
2973 2982 2980 3263
2973 2980 3253 3263
2973 3253 3254 3263
2980 3253 3263 3262
2973 2974 2984 3255
2973 2984 2982 3263
2973 3254 3255 3263
2984 3255 3264 3263
2973 3255 2984 3263
2987 2979 2989 3261
2987 2989 2988 3265
2987 3260 3261 3265
2989 3261 3266 3265
2987 3261 2989 3265
2979 2980 2989 3261
2980 2990 2989 3267
2980 2989 3261 3267
2980 3261 3262 3267
2989 3261 3267 3266
2980 2982 2992 3263
2980 2992 2990 3267
2980 3262 3263 3267
2992 3263 3268 3267
2980 3263 2992 3267
2988 2989 3269 3265
2989 3270 3269 3272
2989 3269 3265 3272
2989 3265 3266 3272
3269 3265 3272 3271
2989 2990 3273 3267
2989 3273 3270 3272
2989 3266 3267 3272
3273 3267 3274 3272
2989 3267 3273 3272
3275 3269 3276 3278
3269 3277 3276 3280
3269 3276 3278 3280
3269 3278 3271 3280
3276 3278 3280 3279
3269 3270 3281 3272
3269 3281 3277 3280
3269 3271 3272 3280
3281 3272 3282 3280
3269 3272 3281 3280
3276 3277 3284 3280
3276 3284 3283 3285
3276 3279 3280 3285
3284 3280 3286 3285
3276 3280 3284 3285
3277 3281 3284 3280
3281 3287 3284 3288
3281 3284 3280 3288
3281 3280 3282 3288
3284 3280 3288 3286
3289 3283 3291 3285
3289 3291 3290 3293
3289 3292 3285 3293
3291 3285 3294 3293
3289 3285 3291 3293
3283 3284 3291 3285
3284 3295 3291 3296
3284 3291 3285 3296
3284 3285 3286 3296
3291 3285 3296 3294
2998 3001 3005 3298
2998 3005 3004 3299
2998 3297 3298 3299
3005 3298 3300 3299
2998 3298 3005 3299
3001 3006 3005 3298
3006 3007 3005 3302
3006 3005 3298 3302
3006 3298 3301 3302
3005 3298 3302 3300
3006 3009 3010 3303
3006 3010 3007 3302
3006 3301 3303 3302
3010 3303 3304 3302
3006 3303 3010 3302
3005 3007 3017 3302
3005 3017 3016 3305
3005 3300 3302 3305
3017 3302 3306 3305
3005 3302 3017 3305
3007 3010 3017 3302
3010 3018 3017 3307
3010 3017 3302 3307
3010 3302 3304 3307
3017 3302 3307 3306
3010 3013 3019 3308
3010 3019 3018 3307
3010 3304 3308 3307
3019 3308 3309 3307
3010 3308 3019 3307
3020 3310 3026 3312
3020 3026 3021 3313
3020 3311 3312 3313
3026 3312 3314 3313
3020 3312 3026 3313
3021 3026 3025 3313
3026 3027 3025 3316
3026 3025 3313 3316
3026 3313 3314 3316
3025 3313 3316 3315
3026 3317 3032 3318
3026 3032 3027 3316
3026 3314 3318 3316
3032 3318 3319 3316
3026 3318 3032 3316
3320 3321 3322 3324
3321 3323 3322 3327
3321 3322 3324 3327
3321 3324 3325 3327
3322 3324 3327 3326
3321 3328 3329 3330
3321 3329 3323 3327
3321 3325 3330 3327
3329 3330 3331 3327
3321 3330 3329 3327
3025 3027 3031 3316
3025 3031 3030 3332
3025 3315 3316 3332
3031 3316 3333 3332
3025 3316 3031 3332
3027 3032 3031 3316
3032 3033 3031 3334
3032 3031 3316 3334
3032 3316 3319 3334
3031 3316 3334 3333
3322 3323 3336 3327
3322 3336 3335 3337
3322 3326 3327 3337
3336 3327 3338 3337
3322 3327 3336 3337
3323 3329 3336 3327
3329 3339 3336 3340
3329 3336 3327 3340
3329 3327 3331 3340
3336 3327 3340 3338
3039 3044 3041 3341
3044 3045 3041 3344
3044 3041 3341 3344
3044 3341 3342 3344
3041 3341 3344 3343
3044 3345 3059 3346
3044 3059 3045 3344
3044 3342 3346 3344
3059 3346 3347 3344
3044 3346 3059 3344
3345 3348 3059 3346
3348 3349 3059 3351
3348 3059 3346 3351
3348 3346 3350 3351
3059 3346 3351 3347
3030 3031 3047 3332
3031 3048 3047 3353
3031 3047 3332 3353
3031 3332 3333 3353
3047 3332 3353 3352
3031 3033 3049 3334
3031 3049 3048 3353
3031 3333 3334 3353
3049 3334 3354 3353
3031 3334 3049 3353
3033 3051 3049 3334
3051 3052 3049 3356
3051 3049 3334 3356
3051 3334 3355 3356
3049 3334 3356 3354
3357 3358 3360 3362
3357 3360 3359 3363
3357 3361 3362 3363
3360 3362 3364 3363
3357 3362 3360 3363
3041 3045 3056 3344
3041 3056 3055 3365
3041 3343 3344 3365
3056 3344 3366 3365
3041 3344 3056 3365
3045 3059 3056 3344
3059 3060 3056 3367
3059 3056 3344 3367
3059 3344 3347 3367
3056 3344 3367 3366
3059 3349 3368 3351
3059 3368 3060 3367
3059 3347 3351 3367
3368 3351 3369 3367
3059 3351 3368 3367
3047 3048 3065 3353
3047 3065 3064 3370
3047 3352 3353 3370
3065 3353 3371 3370
3047 3353 3065 3370
3048 3049 3065 3353
3049 3066 3065 3372
3049 3065 3353 3372
3049 3353 3354 3372
3065 3353 3372 3371
3049 3052 3067 3356
3049 3067 3066 3372
3049 3354 3356 3372
3067 3356 3373 3372
3049 3356 3067 3372
3052 3070 3067 3356
3070 3071 3067 3375
3070 3067 3356 3375
3070 3356 3374 3375
3067 3356 3375 3373
3070 3359 3376 3363
3070 3376 3071 3375
3070 3374 3363 3375
3376 3363 3377 3375
3070 3363 3376 3375
3359 3360 3376 3363
3360 3378 3376 3379
3360 3376 3363 3379
3360 3363 3364 3379
3376 3363 3379 3377
3055 3056 3074 3365
3056 3075 3074 3381
3056 3074 3365 3381
3056 3365 3366 3381
3074 3365 3381 3380
3056 3060 3077 3367
3056 3077 3075 3381
3056 3366 3367 3381
3077 3367 3382 3381
3056 3367 3077 3381
3064 3065 3080 3370
3065 3081 3080 3384
3065 3080 3370 3384
3065 3370 3371 3384
3080 3370 3384 3383
3065 3066 3082 3372
3065 3082 3081 3384
3065 3371 3372 3384
3082 3372 3385 3384
3065 3372 3082 3384
3066 3067 3082 3372
3067 3083 3082 3386
3067 3082 3372 3386
3067 3372 3373 3386
3082 3372 3386 3385
3067 3071 3085 3375
3067 3085 3083 3386
3067 3373 3375 3386
3085 3375 3387 3386
3067 3375 3085 3386
3071 3376 3085 3375
3376 3388 3085 3389
3376 3085 3375 3389
3376 3375 3377 3389
3085 3375 3389 3387
3376 3378 3390 3379
3376 3390 3388 3389
3376 3377 3379 3389
3390 3379 3391 3389
3376 3379 3390 3389
3074 3075 3089 3381
3074 3089 3088 3392
3074 3380 3381 3392
3089 3381 3393 3392
3074 3381 3089 3392
3075 3077 3089 3381
3077 3091 3089 3394
3077 3089 3381 3394
3077 3381 3382 3394
3089 3381 3394 3393
3080 3081 3094 3384
3080 3094 3093 3395
3080 3383 3384 3395
3094 3384 3396 3395
3080 3384 3094 3395
3081 3082 3094 3384
3082 3095 3094 3397
3082 3094 3384 3397
3082 3384 3385 3397
3094 3384 3397 3396
3082 3083 3096 3386
3082 3096 3095 3397
3082 3385 3386 3397
3096 3386 3398 3397
3082 3386 3096 3397
3083 3085 3096 3386
3085 3098 3096 3399
3085 3096 3386 3399
3085 3386 3387 3399
3096 3386 3399 3398
3085 3388 3400 3389
3085 3400 3098 3399
3085 3387 3389 3399
3400 3389 3401 3399
3085 3389 3400 3399
3388 3390 3400 3389
3390 3402 3400 3403
3390 3400 3389 3403
3390 3389 3391 3403
3400 3389 3403 3401
3404 3102 3405 3406
3102 3103 3405 3409
3102 3405 3406 3409
3102 3406 3407 3409
3405 3406 3409 3408
3102 3088 3104 3392
3102 3104 3103 3409
3102 3407 3392 3409
3104 3392 3410 3409
3102 3392 3104 3409
3088 3089 3104 3392
3089 3106 3104 3411
3089 3104 3392 3411
3089 3392 3393 3411
3104 3392 3411 3410
3096 3098 3413 3399
3096 3413 3412 3414
3096 3398 3399 3414
3413 3399 3415 3414
3096 3399 3413 3414
3098 3400 3413 3399
3400 3416 3413 3417
3400 3413 3399 3417
3400 3399 3401 3417
3413 3399 3417 3415
3400 3402 3418 3403
3400 3418 3416 3417
3400 3401 3403 3417
3418 3403 3419 3417
3400 3403 3418 3417
3103 3104 3111 3409
3104 3112 3111 3421
3104 3111 3409 3421
3104 3409 3410 3421
3111 3409 3421 3420
3104 3106 3114 3411
3104 3114 3112 3421
3104 3410 3411 3421
3114 3411 3422 3421
3104 3411 3114 3421
3106 3108 3114 3411
3108 3120 3114 3424
3108 3114 3411 3424
3108 3411 3423 3424
3114 3411 3424 3422
3412 3413 3425 3414
3413 3426 3425 3428
3413 3425 3414 3428
3413 3414 3415 3428
3425 3414 3428 3427
3413 3416 3429 3417
3413 3429 3426 3428
3413 3415 3417 3428
3429 3417 3430 3428
3413 3417 3429 3428
3416 3418 3429 3417
3418 3431 3429 3432
3418 3429 3417 3432
3418 3417 3419 3432
3429 3417 3432 3430
3111 3112 3116 3421
3111 3116 3115 3433
3111 3420 3421 3433
3116 3421 3434 3433
3111 3421 3116 3433
3112 3114 3116 3421
3114 3117 3116 3435
3114 3116 3421 3435
3114 3421 3422 3435
3116 3421 3435 3434
3114 3120 3121 3424
3114 3121 3117 3435
3114 3422 3424 3435
3121 3424 3436 3435
3114 3424 3121 3435
3426 3429 3136 3428
3429 3139 3136 3438
3429 3136 3428 3438
3429 3428 3430 3438
3136 3428 3438 3437
3429 3431 3439 3432
3429 3439 3139 3438
3429 3430 3432 3438
3439 3432 3440 3438
3429 3432 3439 3438
3115 3116 3124 3433
3116 3125 3124 3442
3116 3124 3433 3442
3116 3433 3434 3442
3124 3433 3442 3441
3116 3117 3126 3435
3116 3126 3125 3442
3116 3434 3435 3442
3126 3435 3443 3442
3116 3435 3126 3442
3117 3121 3126 3435
3121 3128 3126 3444
3121 3126 3435 3444
3121 3435 3436 3444
3126 3435 3444 3443
3121 3445 3446 3447
3121 3446 3128 3444
3121 3436 3447 3444
3446 3447 3448 3444
3121 3447 3446 3444
3131 3132 3134 3450
3131 3134 3133 3451
3131 3449 3450 3451
3134 3450 3452 3451
3131 3450 3134 3451
3132 3136 3134 3450
3136 3137 3134 3453
3136 3134 3450 3453
3136 3450 3437 3453
3134 3450 3453 3452
3136 3139 3140 3438
3136 3140 3137 3453
3136 3437 3438 3453
3140 3438 3454 3453
3136 3438 3140 3453
3139 3439 3140 3438
3439 3163 3140 3455
3439 3140 3438 3455
3439 3438 3440 3455
3140 3438 3455 3454
3124 3125 3153 3442
3124 3153 3152 3456
3124 3441 3442 3456
3153 3442 3457 3456
3124 3442 3153 3456
3125 3126 3153 3442
3126 3154 3153 3458
3126 3153 3442 3458
3126 3442 3443 3458
3153 3442 3458 3457
3155 3133 3157 3451
3155 3157 3156 3460
3155 3459 3451 3460
3157 3451 3461 3460
3155 3451 3157 3460
3133 3134 3157 3451
3134 3158 3157 3462
3134 3157 3451 3462
3134 3451 3452 3462
3157 3451 3462 3461
3134 3137 3159 3453
3134 3159 3158 3462
3134 3452 3453 3462
3159 3453 3463 3462
3134 3453 3159 3462
3137 3140 3159 3453
3140 3160 3159 3464
3140 3159 3453 3464
3140 3453 3454 3464
3159 3453 3464 3463
3140 3163 3164 3455
3140 3164 3160 3464
3140 3454 3455 3464
3164 3455 3465 3464
3140 3455 3164 3464
3168 3145 3169 3466
3145 3170 3169 3469
3145 3169 3466 3469
3145 3466 3467 3469
3169 3466 3469 3468
3145 3146 3171 3470
3145 3171 3170 3469
3145 3467 3470 3469
3171 3470 3471 3469
3145 3470 3171 3469
3151 3152 3175 3456
3151 3175 3174 3473
3151 3472 3456 3473
3175 3456 3474 3473
3151 3456 3175 3473
3152 3153 3175 3456
3153 3176 3175 3475
3153 3175 3456 3475
3153 3456 3457 3475
3175 3456 3475 3474
3156 3157 3180 3460
3157 3181 3180 3477
3157 3180 3460 3477
3157 3460 3461 3477
3180 3460 3477 3476
3157 3158 3182 3462
3157 3182 3181 3477
3157 3461 3462 3477
3182 3462 3478 3477
3157 3462 3182 3477
3158 3159 3182 3462
3159 3183 3182 3479
3159 3182 3462 3479
3159 3462 3463 3479
3182 3462 3479 3478
3159 3160 3184 3464
3159 3184 3183 3479
3159 3463 3464 3479
3184 3464 3480 3479
3159 3464 3184 3479
3160 3164 3184 3464
3164 3186 3184 3481
3164 3184 3464 3481
3164 3464 3465 3481
3184 3464 3481 3480
3174 3175 3482 3473
3175 3187 3482 3484
3175 3482 3473 3484
3175 3473 3474 3484
3482 3473 3484 3483
3175 3176 3188 3475
3175 3188 3187 3484
3175 3474 3475 3484
3188 3475 3485 3484
3175 3475 3188 3484
3180 3181 3191 3477
3180 3191 3190 3486
3180 3476 3477 3486
3191 3477 3487 3486
3180 3477 3191 3486
3181 3182 3191 3477
3182 3192 3191 3488
3182 3191 3477 3488
3182 3477 3478 3488
3191 3477 3488 3487
3182 3183 3193 3479
3182 3193 3192 3488
3182 3478 3479 3488
3193 3479 3489 3488
3182 3479 3193 3488
3183 3184 3193 3479
3184 3194 3193 3490
3184 3193 3479 3490
3184 3479 3480 3490
3193 3479 3490 3489
3482 3187 3492 3484
3482 3492 3491 3493
3482 3483 3484 3493
3492 3484 3494 3493
3482 3484 3492 3493
3191 3192 3198 3488
3191 3198 3197 3495
3191 3487 3488 3495
3198 3488 3496 3495
3191 3488 3198 3495
3192 3193 3198 3488
3193 3199 3198 3497
3193 3198 3488 3497
3193 3488 3489 3497
3198 3488 3497 3496
3193 3194 3498 3490
3193 3498 3199 3497
3193 3489 3490 3497
3498 3490 3499 3497
3193 3490 3498 3497
3194 3500 3498 3490
3500 3501 3498 3503
3500 3498 3490 3503
3500 3490 3502 3503
3498 3490 3503 3499
3204 3205 3207 3505
3204 3207 3206 3506
3204 3504 3505 3506
3207 3505 3507 3506
3204 3505 3207 3506
3205 3209 3207 3505
3209 3210 3207 3509
3209 3207 3505 3509
3209 3505 3508 3509
3207 3505 3509 3507
3206 3207 3213 3506
3207 3214 3213 3511
3207 3213 3506 3511
3207 3506 3507 3511
3213 3506 3511 3510
3207 3210 3215 3509
3207 3215 3214 3511
3207 3507 3509 3511
3215 3509 3512 3511
3207 3509 3215 3511
3210 3513 3215 3509
3513 3514 3215 3516
3513 3215 3509 3516
3513 3509 3515 3516
3215 3509 3516 3512
3214 3215 3221 3511
3215 3517 3221 3519
3215 3221 3511 3519
3215 3511 3512 3519
3221 3511 3519 3518
3520 3223 3521 3522
3223 3232 3521 3525
3223 3521 3522 3525
3223 3522 3523 3525
3521 3522 3525 3524
3223 3224 3233 3526
3223 3233 3232 3525
3223 3523 3526 3525
3233 3526 3527 3525
3223 3526 3233 3525
3224 3225 3233 3526
3225 3234 3233 3529
3225 3233 3526 3529
3225 3526 3528 3529
3233 3526 3529 3527
3229 3231 3236 3530
3231 3237 3236 3533
3231 3236 3530 3533
3231 3530 3531 3533
3236 3530 3533 3532
3521 3232 3239 3525
3521 3239 3534 3535
3521 3524 3525 3535
3239 3525 3536 3535
3521 3525 3239 3535
3232 3233 3239 3525
3233 3240 3239 3537
3233 3239 3525 3537
3233 3525 3527 3537
3239 3525 3537 3536
3236 3237 3246 3533
3236 3246 3245 3538
3236 3532 3533 3538
3246 3533 3539 3538
3236 3533 3246 3538
3239 3240 3541 3537
3239 3541 3540 3542
3239 3536 3537 3542
3541 3537 3543 3542
3239 3537 3541 3542
3240 3241 3541 3537
3241 3544 3541 3546
3241 3541 3537 3546
3241 3537 3545 3546
3541 3537 3546 3543
3243 3244 3247 3547
3244 3248 3247 3550
3244 3247 3547 3550
3244 3547 3548 3550
3247 3547 3550 3549
3244 3245 3249 3538
3244 3249 3248 3550
3244 3548 3538 3550
3249 3538 3551 3550
3244 3538 3249 3550
3540 3541 3552 3542
3541 3553 3552 3555
3541 3552 3542 3555
3541 3542 3543 3555
3552 3542 3555 3554
3541 3544 3556 3546
3541 3556 3553 3555
3541 3543 3546 3555
3556 3546 3557 3555
3541 3546 3556 3555
3552 3553 3559 3555
3552 3559 3558 3560
3552 3554 3555 3560
3559 3555 3561 3560
3552 3555 3559 3560
3553 3556 3559 3555
3556 3562 3559 3563
3556 3559 3555 3563
3556 3555 3557 3563
3559 3555 3563 3561
3259 3253 3261 3564
3253 3262 3261 3567
3253 3261 3564 3567
3253 3564 3565 3567
3261 3564 3567 3566
3558 3559 3568 3560
3559 3569 3568 3571
3559 3568 3560 3571
3559 3560 3561 3571
3568 3560 3571 3570
3265 3266 3272 3573
3265 3272 3271 3574
3265 3572 3573 3574
3272 3573 3575 3574
3265 3573 3272 3574
3576 3278 3577 3578
3278 3279 3577 3581
3278 3577 3578 3581
3278 3578 3579 3581
3577 3578 3581 3580
3278 3271 3280 3574
3278 3280 3279 3581
3278 3579 3574 3581
3280 3574 3582 3581
3278 3574 3280 3581
3271 3272 3280 3574
3272 3282 3280 3583
3272 3280 3574 3583
3272 3574 3575 3583
3280 3574 3583 3582
3279 3280 3285 3581
3280 3286 3285 3585
3280 3285 3581 3585
3280 3581 3582 3585
3285 3581 3585 3584
3586 3297 3299 3589
3586 3299 3587 3590
3586 3588 3589 3590
3299 3589 3591 3590
3586 3589 3299 3590
3297 3298 3299 3589
3298 3300 3299 3593
3298 3299 3589 3593
3298 3589 3592 3593
3299 3589 3593 3591
3308 3311 3313 3595
3308 3313 3309 3596
3308 3594 3595 3596
3313 3595 3597 3596
3308 3595 3313 3596
3311 3312 3313 3595
3312 3314 3313 3599
3312 3313 3595 3599
3312 3595 3598 3599
3313 3595 3599 3597
3313 3314 3316 3599
3313 3316 3315 3600
3313 3597 3599 3600
3316 3599 3601 3600
3313 3599 3316 3600
3314 3318 3316 3599
3318 3319 3316 3603
3318 3316 3599 3603
3318 3599 3602 3603
3316 3599 3603 3601
3604 3324 3605 3606
3324 3326 3605 3609
3324 3605 3606 3609
3324 3606 3607 3609
3605 3606 3609 3608
3324 3325 3327 3610
3324 3327 3326 3609
3324 3607 3610 3609
3327 3610 3611 3609
3324 3610 3327 3609
3325 3330 3327 3610
3330 3331 3327 3613
3330 3327 3610 3613
3330 3610 3612 3613
3327 3610 3613 3611
3330 3614 3615 3616
3330 3615 3331 3613
3330 3612 3616 3613
3615 3616 3617 3613
3330 3616 3615 3613
3618 3619 3346 3620
3619 3350 3346 3623
3619 3346 3620 3623
3619 3620 3621 3623
3346 3620 3623 3622
3619 3624 3625 3626
3619 3625 3350 3623
3619 3621 3626 3623
3625 3626 3627 3623
3619 3626 3625 3623
3315 3316 3332 3600
3316 3333 3332 3629
3316 3332 3600 3629
3316 3600 3601 3629
3332 3600 3629 3628
3316 3319 3334 3603
3316 3334 3333 3629
3316 3601 3603 3629
3334 3603 3630 3629
3316 3603 3334 3629
3631 3632 3362 3634
3631 3362 3361 3635
3631 3633 3634 3635
3362 3634 3636 3635
3631 3634 3362 3635
3632 3605 3362 3634
3605 3637 3362 3638
3605 3362 3634 3638
3605 3634 3608 3638
3362 3634 3638 3636
3605 3326 3337 3609
3605 3337 3637 3638
3605 3608 3609 3638
3337 3609 3639 3638
3605 3609 3337 3638
3326 3327 3337 3609
3327 3338 3337 3640
3327 3337 3609 3640
3327 3609 3611 3640
3337 3609 3640 3639
3327 3331 3340 3613
3327 3340 3338 3640
3327 3611 3613 3640
3340 3613 3641 3640
3327 3613 3340 3640
3331 3615 3340 3613
3615 3642 3340 3643
3615 3340 3613 3643
3615 3613 3617 3643
3340 3613 3643 3641
3342 3346 3344 3644
3346 3347 3344 3646
3346 3344 3644 3646
3346 3644 3622 3646
3344 3644 3646 3645
3346 3350 3351 3623
3346 3351 3347 3646
3346 3622 3623 3646
3351 3623 3647 3646
3346 3623 3351 3646
3350 3625 3351 3623
3625 3648 3351 3649
3625 3351 3623 3649
3625 3623 3627 3649
3351 3623 3649 3647
3333 3334 3353 3629
3334 3354 3353 3651
3334 3353 3629 3651
3334 3629 3630 3651
3353 3629 3651 3650
3652 3361 3363 3635
3652 3363 3374 3654
3652 3653 3635 3654
3363 3635 3655 3654
3652 3635 3363 3654
3361 3362 3363 3635
3362 3364 3363 3656
3362 3363 3635 3656
3362 3635 3636 3656
3363 3635 3656 3655
3362 3637 3657 3638
3362 3657 3364 3656
3362 3636 3638 3656
3657 3638 3658 3656
3362 3638 3657 3656
3637 3337 3657 3638
3337 3659 3657 3660
3337 3657 3638 3660
3337 3638 3639 3660
3657 3638 3660 3658
3344 3347 3367 3646
3344 3367 3366 3661
3344 3645 3646 3661
3367 3646 3662 3661
3344 3646 3367 3661
3347 3351 3367 3646
3351 3369 3367 3663
3351 3367 3646 3663
3351 3646 3647 3663
3367 3646 3663 3662
3353 3354 3372 3651
3353 3372 3371 3664
3353 3650 3651 3664
3372 3651 3665 3664
3353 3651 3372 3664
3354 3356 3372 3651
3356 3373 3372 3667
3356 3372 3651 3667
3356 3651 3666 3667
3372 3651 3667 3665
3356 3374 3375 3654
3356 3375 3373 3667
3356 3666 3654 3667
3375 3654 3668 3667
3356 3654 3375 3667
3374 3363 3375 3654
3363 3377 3375 3669
3363 3375 3654 3669
3363 3654 3655 3669
3375 3654 3669 3668
3363 3364 3379 3656
3363 3379 3377 3669
3363 3655 3656 3669
3379 3656 3670 3669
3363 3656 3379 3669
3364 3657 3379 3656
3657 3671 3379 3672
3657 3379 3656 3672
3657 3656 3658 3672
3379 3656 3672 3670
3371 3372 3384 3664
3372 3385 3384 3674
3372 3384 3664 3674
3372 3664 3665 3674
3384 3664 3674 3673
3372 3373 3386 3667
3372 3386 3385 3674
3372 3665 3667 3674
3386 3667 3675 3674
3372 3667 3386 3674
3373 3375 3386 3667
3375 3387 3386 3676
3375 3386 3667 3676
3375 3667 3668 3676
3386 3667 3676 3675
3375 3377 3389 3669
3375 3389 3387 3676
3375 3668 3669 3676
3389 3669 3677 3676
3375 3669 3389 3676
3377 3379 3389 3669
3379 3391 3389 3678
3379 3389 3669 3678
3379 3669 3670 3678
3389 3669 3678 3677
3679 3680 3406 3681
3680 3407 3406 3684
3680 3406 3681 3684
3680 3681 3682 3684
3406 3681 3684 3683
3680 3380 3392 3685
3680 3392 3407 3684
3680 3682 3685 3684
3392 3685 3686 3684
3680 3685 3392 3684
3384 3385 3397 3674
3384 3397 3396 3687
3384 3673 3674 3687
3397 3674 3688 3687
3384 3674 3397 3687
3385 3386 3397 3674
3386 3398 3397 3689
3386 3397 3674 3689
3386 3674 3675 3689
3397 3674 3689 3688
3386 3387 3399 3676
3386 3399 3398 3689
3386 3675 3676 3689
3399 3676 3690 3689
3386 3676 3399 3689
3387 3389 3399 3676
3389 3401 3399 3691
3389 3399 3676 3691
3389 3676 3677 3691
3399 3676 3691 3690
3389 3391 3403 3678
3389 3403 3401 3691
3389 3677 3678 3691
3403 3678 3692 3691
3389 3678 3403 3691
3406 3407 3409 3684
3406 3409 3408 3693
3406 3683 3684 3693
3409 3684 3694 3693
3406 3684 3409 3693
3407 3392 3409 3684
3392 3410 3409 3695
3392 3409 3684 3695
3392 3684 3686 3695
3409 3684 3695 3694
3398 3399 3414 3689
3399 3415 3414 3697
3399 3414 3689 3697
3399 3689 3690 3697
3414 3689 3697 3696
3399 3401 3417 3691
3399 3417 3415 3697
3399 3690 3691 3697
3417 3691 3698 3697
3399 3691 3417 3697
3401 3403 3417 3691
3403 3419 3417 3699
3403 3417 3691 3699
3403 3691 3692 3699
3417 3691 3699 3698
3414 3415 3428 3697
3414 3428 3427 3700
3414 3696 3697 3700
3428 3697 3701 3700
3414 3697 3428 3700
3415 3417 3428 3697
3417 3430 3428 3702
3417 3428 3697 3702
3417 3697 3698 3702
3428 3697 3702 3701
3417 3419 3432 3699
3417 3432 3430 3702
3417 3698 3699 3702
3432 3699 3703 3702
3417 3699 3432 3702
3421 3422 3435 3705
3421 3435 3434 3706
3421 3704 3705 3706
3435 3705 3707 3706
3421 3705 3435 3706
3422 3424 3435 3705
3424 3436 3435 3709
3424 3435 3705 3709
3424 3705 3708 3709
3435 3705 3709 3707
3424 3710 3447 3711
3424 3447 3436 3709
3424 3708 3711 3709
3447 3711 3712 3709
3424 3711 3447 3709
3427 3428 3450 3700
3428 3437 3450 3714
3428 3450 3700 3714
3428 3700 3701 3714
3450 3700 3714 3713
3428 3430 3438 3702
3428 3438 3437 3714
3428 3701 3702 3714
3438 3702 3715 3714
3428 3702 3438 3714
3430 3432 3438 3702
3432 3440 3438 3716
3432 3438 3702 3716
3432 3702 3703 3716
3438 3702 3716 3715
3432 3717 3718 3719
3432 3718 3440 3716
3432 3703 3719 3716
3718 3719 3720 3716
3432 3719 3718 3716
3434 3435 3442 3706
3435 3443 3442 3722
3435 3442 3706 3722
3435 3706 3707 3722
3442 3706 3722 3721
3435 3436 3444 3709
3435 3444 3443 3722
3435 3707 3709 3722
3444 3709 3723 3722
3435 3709 3444 3722
3436 3447 3444 3709
3447 3448 3444 3724
3447 3444 3709 3724
3447 3709 3712 3724
3444 3709 3724 3723
3449 3450 3451 3725
3450 3452 3451 3727
3450 3451 3725 3727
3450 3725 3713 3727
3451 3725 3727 3726
3450 3437 3453 3714
3450 3453 3452 3727
3450 3713 3714 3727
3453 3714 3728 3727
3450 3714 3453 3727
3437 3438 3453 3714
3438 3454 3453 3729
3438 3453 3714 3729
3438 3714 3715 3729
3453 3714 3729 3728
3438 3440 3455 3716
3438 3455 3454 3729
3438 3715 3716 3729
3455 3716 3730 3729
3438 3716 3455 3729
3440 3718 3455 3716
3718 3731 3455 3732
3718 3455 3716 3732
3718 3716 3720 3732
3455 3716 3732 3730
3733 3734 3466 3735
3734 3467 3466 3738
3734 3466 3735 3738
3734 3735 3736 3738
3466 3735 3738 3737
3451 3452 3462 3727
3451 3462 3461 3739
3451 3726 3727 3739
3462 3727 3740 3739
3451 3727 3462 3739
3452 3453 3462 3727
3453 3463 3462 3741
3453 3462 3727 3741
3453 3727 3728 3741
3462 3727 3741 3740
3453 3454 3464 3729
3453 3464 3463 3741
3453 3728 3729 3741
3464 3729 3742 3741
3453 3729 3464 3741
3454 3455 3464 3729
3455 3465 3464 3743
3455 3464 3729 3743
3455 3729 3730 3743
3464 3729 3743 3742
3455 3731 3744 3732
3455 3744 3465 3743
3455 3730 3732 3743
3744 3732 3745 3743
3455 3732 3744 3743
3466 3467 3469 3738
3466 3469 3468 3746
3466 3737 3738 3746
3469 3738 3747 3746
3466 3738 3469 3746
3456 3457 3475 3749
3456 3475 3474 3750
3456 3748 3749 3750
3475 3749 3751 3750
3456 3749 3475 3750
3461 3462 3477 3739
3462 3478 3477 3753
3462 3477 3739 3753
3462 3739 3740 3753
3477 3739 3753 3752
3462 3463 3479 3741
3462 3479 3478 3753
3462 3740 3741 3753
3479 3741 3754 3753
3462 3741 3479 3753
3463 3464 3479 3741
3464 3480 3479 3755
3464 3479 3741 3755
3464 3741 3742 3755
3479 3741 3755 3754
3464 3465 3481 3743
3464 3481 3480 3755
3464 3742 3743 3755
3481 3743 3756 3755
3464 3743 3481 3755
3473 3474 3484 3750
3473 3484 3483 3758
3473 3757 3750 3758
3484 3750 3759 3758
3473 3750 3484 3758
3474 3475 3484 3750
3475 3485 3484 3760
3475 3484 3750 3760
3475 3750 3751 3760
3484 3750 3760 3759
3477 3478 3488 3753
3477 3488 3487 3761
3477 3752 3753 3761
3488 3753 3762 3761
3477 3753 3488 3761
3478 3479 3488 3753
3479 3489 3488 3763
3479 3488 3753 3763
3479 3753 3754 3763
3488 3753 3763 3762
3479 3480 3490 3755
3479 3490 3489 3763
3479 3754 3755 3763
3490 3755 3764 3763
3479 3755 3490 3763
3765 3483 3493 3758
3765 3493 3766 3768
3765 3767 3758 3768
3493 3758 3769 3768
3765 3758 3493 3768
3483 3484 3493 3758
3484 3494 3493 3770
3484 3493 3758 3770
3484 3758 3759 3770
3493 3758 3770 3769
3484 3485 3771 3760
3484 3771 3494 3770
3484 3759 3760 3770
3771 3760 3772 3770
3484 3760 3771 3770
3489 3490 3497 3763
3490 3499 3497 3774
3490 3497 3763 3774
3490 3763 3764 3774
3497 3763 3774 3773
3490 3502 3503 3775
3490 3503 3499 3774
3490 3764 3775 3774
3503 3775 3776 3774
3490 3775 3503 3774
3777 3766 3779 3768
3777 3779 3778 3781
3777 3780 3768 3781
3779 3768 3782 3781
3777 3768 3779 3781
3766 3493 3779 3768
3493 3783 3779 3784
3493 3779 3768 3784
3493 3768 3769 3784
3779 3768 3784 3782
3493 3494 3785 3770
3493 3785 3783 3784
3493 3769 3770 3784
3785 3770 3786 3784
3493 3770 3785 3784
3507 3509 3511 3787
3509 3512 3511 3790
3509 3511 3787 3790
3509 3787 3788 3790
3511 3787 3790 3789
3509 3515 3516 3791
3509 3516 3512 3790
3509 3788 3791 3790
3516 3791 3792 3790
3509 3791 3516 3790
3511 3512 3519 3790
3511 3519 3518 3793
3511 3789 3790 3793
3519 3790 3794 3793
3511 3790 3519 3793
3512 3516 3519 3790
3516 3795 3519 3796
3516 3519 3790 3796
3516 3790 3792 3796
3519 3790 3796 3794
3536 3537 3542 3797
3537 3543 3542 3800
3537 3542 3797 3800
3537 3797 3798 3800
3542 3797 3800 3799
3537 3545 3546 3801
3537 3546 3543 3800
3537 3798 3801 3800
3546 3801 3802 3800
3537 3801 3546 3800
3542 3543 3555 3800
3542 3555 3554 3803
3542 3799 3800 3803
3555 3800 3804 3803
3542 3800 3555 3803
3543 3546 3555 3800
3546 3557 3555 3805
3546 3555 3800 3805
3546 3800 3802 3805
3555 3800 3805 3804
3546 3806 3807 3808
3546 3807 3557 3805
3546 3802 3808 3805
3807 3808 3809 3805
3546 3808 3807 3805
3554 3555 3560 3803
3555 3561 3560 3811
3555 3560 3803 3811
3555 3803 3804 3811
3560 3803 3811 3810
3555 3557 3563 3805
3555 3563 3561 3811
3555 3804 3805 3811
3563 3805 3812 3811
3555 3805 3563 3811
3560 3561 3571 3811
3560 3571 3570 3813
3560 3810 3811 3813
3571 3811 3814 3813
3560 3811 3571 3813
3594 3595 3596 3815
3595 3597 3596 3818
3595 3596 3815 3818
3595 3815 3816 3818
3596 3815 3818 3817
3595 3598 3599 3819
3595 3599 3597 3818
3595 3816 3819 3818
3599 3819 3820 3818
3595 3819 3599 3818
3821 3822 3610 3824
3821 3610 3607 3825
3821 3823 3824 3825
3610 3824 3826 3825
3821 3824 3610 3825
3606 3607 3609 3825
3606 3609 3608 3828
3606 3827 3825 3828
3609 3825 3829 3828
3606 3825 3609 3828
3607 3610 3609 3825
3610 3611 3609 3830
3610 3609 3825 3830
3610 3825 3826 3830
3609 3825 3830 3829
3610 3612 3613 3831
3610 3613 3611 3830
3610 3826 3831 3830
3613 3831 3832 3830
3610 3831 3613 3830
3612 3616 3613 3831
3616 3617 3613 3834
3616 3613 3831 3834
3616 3831 3833 3834
3613 3831 3834 3832
3616 3835 3836 3837
3616 3836 3617 3834
3616 3833 3837 3834
3836 3837 3838 3834
3616 3837 3836 3834
3835 3839 3836 3837
3839 3840 3836 3842
3839 3836 3837 3842
3839 3837 3841 3842
3836 3837 3842 3838
3620 3621 3623 3844
3620 3623 3622 3845
3620 3843 3844 3845
3623 3844 3846 3845
3620 3844 3623 3845
3621 3626 3623 3844
3626 3627 3623 3848
3626 3623 3844 3848
3626 3844 3847 3848
3623 3844 3848 3846
3634 3608 3638 3828
3634 3638 3636 3850
3634 3849 3828 3850
3638 3828 3851 3850
3634 3828 3638 3850
3608 3609 3638 3828
3609 3639 3638 3852
3609 3638 3828 3852
3609 3828 3829 3852
3638 3828 3852 3851
3609 3611 3640 3830
3609 3640 3639 3852
3609 3829 3830 3852
3640 3830 3853 3852
3609 3830 3640 3852
3611 3613 3640 3830
3613 3641 3640 3854
3613 3640 3830 3854
3613 3830 3832 3854
3640 3830 3854 3853
3613 3617 3643 3834
3613 3643 3641 3854
3613 3832 3834 3854
3643 3834 3855 3854
3613 3834 3643 3854
3622 3623 3646 3845
3623 3647 3646 3857
3623 3646 3845 3857
3623 3845 3846 3857
3646 3845 3857 3856
3623 3627 3649 3848
3623 3649 3647 3857
3623 3846 3848 3857
3649 3848 3858 3857
3623 3848 3649 3857
3635 3636 3656 3850
3635 3656 3655 3860
3635 3859 3850 3860
3656 3850 3861 3860
3635 3850 3656 3860
3636 3638 3656 3850
3638 3658 3656 3862
3638 3656 3850 3862
3638 3850 3851 3862
3656 3850 3862 3861
3638 3639 3660 3852
3638 3660 3658 3862
3638 3851 3852 3862
3660 3852 3863 3862
3638 3852 3660 3862
3666 3654 3667 3864
3654 3668 3667 3867
3654 3667 3864 3867
3654 3864 3865 3867
3667 3864 3867 3866
3654 3655 3669 3860
3654 3669 3668 3867
3654 3865 3860 3867
3669 3860 3868 3867
3654 3860 3669 3867
3655 3656 3669 3860
3656 3670 3669 3869
3656 3669 3860 3869
3656 3860 3861 3869
3669 3860 3869 3868
3656 3658 3672 3862
3656 3672 3670 3869
3656 3861 3862 3869
3672 3862 3870 3869
3656 3862 3672 3869
3665 3667 3674 3871
3667 3675 3674 3873
3667 3674 3871 3873
3667 3871 3866 3873
3674 3871 3873 3872
3667 3668 3676 3867
3667 3676 3675 3873
3667 3866 3867 3873
3676 3867 3874 3873
3667 3867 3676 3873
3668 3669 3676 3867
3669 3677 3676 3875
3669 3676 3867 3875
3669 3867 3868 3875
3676 3867 3875 3874
3669 3670 3678 3869
3669 3678 3677 3875
3669 3868 3869 3875
3678 3869 3876 3875
3669 3869 3678 3875
3670 3672 3678 3869
3672 3877 3678 3878
3672 3678 3869 3878
3672 3869 3870 3878
3678 3869 3878 3876
3681 3682 3684 3880
3681 3684 3683 3881
3681 3879 3880 3881
3684 3880 3882 3881
3681 3880 3684 3881
3682 3685 3684 3880
3685 3686 3684 3884
3685 3684 3880 3884
3685 3880 3883 3884
3684 3880 3884 3882
3674 3675 3689 3873
3674 3689 3688 3885
3674 3872 3873 3885
3689 3873 3886 3885
3674 3873 3689 3885
3675 3676 3689 3873
3676 3690 3689 3887
3676 3689 3873 3887
3676 3873 3874 3887
3689 3873 3887 3886
3676 3677 3691 3875
3676 3691 3690 3887
3676 3874 3875 3887
3691 3875 3888 3887
3676 3875 3691 3887
3677 3678 3691 3875
3678 3692 3691 3889
3678 3691 3875 3889
3678 3875 3876 3889
3691 3875 3889 3888
3689 3690 3697 3887
3689 3697 3696 3890
3689 3886 3887 3890
3697 3887 3891 3890
3689 3887 3697 3890
3690 3691 3697 3887
3691 3698 3697 3892
3691 3697 3887 3892
3691 3887 3888 3892
3697 3887 3892 3891
3691 3692 3699 3889
3691 3699 3698 3892
3691 3888 3889 3892
3699 3889 3893 3892
3691 3889 3699 3892
3696 3697 3700 3890
3697 3701 3700 3895
3697 3700 3890 3895
3697 3890 3891 3895
3700 3890 3895 3894
3697 3698 3702 3892
3697 3702 3701 3895
3697 3891 3892 3895
3702 3892 3896 3895
3697 3892 3702 3895
3698 3699 3702 3892
3699 3703 3702 3897
3699 3702 3892 3897
3699 3892 3893 3897
3702 3892 3897 3896
3705 3708 3709 3899
3705 3709 3707 3900
3705 3898 3899 3900
3709 3899 3901 3900
3705 3899 3709 3900
3708 3711 3709 3899
3711 3712 3709 3903
3711 3709 3899 3903
3711 3899 3902 3903
3709 3899 3903 3901
3700 3701 3714 3895
3700 3714 3713 3904
3700 3894 3895 3904
3714 3895 3905 3904
3700 3895 3714 3904
3701 3702 3714 3895
3702 3715 3714 3906
3702 3714 3895 3906
3702 3895 3896 3906
3714 3895 3906 3905
3702 3703 3716 3897
3702 3716 3715 3906
3702 3896 3897 3906
3716 3897 3907 3906
3702 3897 3716 3906
3703 3719 3716 3897
3719 3720 3716 3909
3719 3716 3897 3909
3719 3897 3908 3909
3716 3897 3909 3907
3707 3709 3722 3900
3709 3723 3722 3911
3709 3722 3900 3911
3709 3900 3901 3911
3722 3900 3911 3910
3709 3712 3724 3903
3709 3724 3723 3911
3709 3901 3903 3911
3724 3903 3912 3911
3709 3903 3724 3911
3712 3913 3724 3903
3913 3914 3724 3916
3913 3724 3903 3916
3913 3903 3915 3916
3724 3903 3916 3912
3713 3714 3727 3904
3714 3728 3727 3918
3714 3727 3904 3918
3714 3904 3905 3918
3727 3904 3918 3917
3714 3715 3729 3906
3714 3729 3728 3918
3714 3905 3906 3918
3729 3906 3919 3918
3714 3906 3729 3918
3715 3716 3729 3906
3716 3730 3729 3920
3716 3729 3906 3920
3716 3906 3907 3920
3729 3906 3920 3919
3716 3720 3732 3909
3716 3732 3730 3920
3716 3907 3909 3920
3732 3909 3921 3920
3716 3909 3732 3920
3720 3922 3732 3909
3922 3923 3732 3925
3922 3732 3909 3925
3922 3909 3924 3925
3732 3909 3925 3921
3723 3724 3926 3911
3724 3927 3926 3929
3724 3926 3911 3929
3724 3911 3912 3929
3926 3911 3929 3928
3724 3914 3930 3916
3724 3930 3927 3929
3724 3912 3916 3929
3930 3916 3931 3929
3724 3916 3930 3929
3727 3728 3741 3918
3727 3741 3740 3932
3727 3917 3918 3932
3741 3918 3933 3932
3727 3918 3741 3932
3728 3729 3741 3918
3729 3742 3741 3934
3729 3741 3918 3934
3729 3918 3919 3934
3741 3918 3934 3933
3729 3730 3743 3920
3729 3743 3742 3934
3729 3919 3920 3934
3743 3920 3935 3934
3729 3920 3743 3934
3730 3732 3743 3920
3732 3745 3743 3936
3732 3743 3920 3936
3732 3920 3921 3936
3743 3920 3936 3935
3732 3923 3937 3925
3732 3937 3745 3936
3732 3921 3925 3936
3937 3925 3938 3936
3732 3925 3937 3936
3740 3741 3753 3932
3741 3754 3753 3940
3741 3753 3932 3940
3741 3932 3933 3940
3753 3932 3940 3939
3741 3742 3755 3934
3741 3755 3754 3940
3741 3933 3934 3940
3755 3934 3941 3940
3741 3934 3755 3940
3742 3743 3755 3934
3743 3756 3755 3942
3743 3755 3934 3942
3743 3934 3935 3942
3755 3934 3942 3941
3757 3750 3758 3943
3750 3759 3758 3946
3750 3758 3943 3946
3750 3943 3944 3946
3758 3943 3946 3945
3767 3758 3768 3947
3758 3769 3768 3949
3758 3768 3947 3949
3758 3947 3945 3949
3768 3947 3949 3948
3758 3759 3770 3946
3758 3770 3769 3949
3758 3945 3946 3949
3770 3946 3950 3949
3758 3946 3770 3949
3768 3769 3784 3949
3768 3784 3782 3951
3768 3948 3949 3951
3784 3949 3952 3951
3768 3949 3784 3951
3769 3770 3784 3949
3770 3786 3784 3953
3770 3784 3949 3953
3770 3949 3950 3953
3784 3949 3953 3952
3787 3788 3790 3955
3787 3790 3789 3956
3787 3954 3955 3956
3790 3955 3957 3956
3787 3955 3790 3956
3788 3791 3790 3955
3791 3792 3790 3959
3791 3790 3955 3959
3791 3955 3958 3959
3790 3955 3959 3957
3790 3792 3796 3959
3790 3796 3794 3960
3790 3957 3959 3960
3796 3959 3961 3960
3790 3959 3796 3960
3801 3962 3808 3964
3801 3808 3802 3965
3801 3963 3964 3965
3808 3964 3966 3965
3801 3964 3808 3965
3802 3808 3805 3965
3808 3809 3805 3968
3808 3805 3965 3968
3808 3965 3966 3968
3805 3965 3968 3967
3815 3816 3818 3970
3815 3818 3817 3971
3815 3969 3970 3971
3818 3970 3972 3971
3815 3970 3818 3971
3844 3847 3848 3974
3844 3848 3846 3975
3844 3973 3974 3975
3848 3974 3976 3975
3844 3974 3848 3975
3847 3977 3848 3974
3977 3978 3848 3980
3977 3848 3974 3980
3977 3974 3979 3980
3848 3974 3980 3976
3846 3848 3857 3975
3848 3858 3857 3982
3848 3857 3975 3982
3848 3975 3976 3982
3857 3975 3982 3981
3848 3978 3983 3980
3848 3983 3858 3982
3848 3976 3980 3982
3983 3980 3984 3982
3848 3980 3983 3982
3850 3851 3862 3986
3850 3862 3861 3987
3850 3985 3986 3987
3862 3986 3988 3987
3850 3986 3862 3987
3851 3852 3862 3986
3852 3863 3862 3990
3852 3862 3986 3990
3852 3986 3989 3990
3862 3986 3990 3988
3864 3865 3867 3992
3864 3867 3866 3993
3864 3991 3992 3993
3867 3992 3994 3993
3864 3992 3867 3993
3865 3860 3867 3992
3860 3868 3867 3996
3860 3867 3992 3996
3860 3992 3995 3996
3867 3992 3996 3994
3860 3861 3869 3987
3860 3869 3868 3996
3860 3995 3987 3996
3869 3987 3997 3996
3860 3987 3869 3996
3861 3862 3869 3987
3862 3870 3869 3998
3862 3869 3987 3998
3862 3987 3988 3998
3869 3987 3998 3997
3862 3863 3999 3990
3862 3999 3870 3998
3862 3988 3990 3998
3999 3990 4000 3998
3862 3990 3999 3998
3863 4001 3999 3990
4001 4002 3999 4004
4001 3999 3990 4004
4001 3990 4003 4004
3999 3990 4004 4000
3866 3867 3873 3993
3867 3874 3873 4006
3867 3873 3993 4006
3867 3993 3994 4006
3873 3993 4006 4005
3867 3868 3875 3996
3867 3875 3874 4006
3867 3994 3996 4006
3875 3996 4007 4006
3867 3996 3875 4006
3868 3869 3875 3996
3869 3876 3875 4008
3869 3875 3996 4008
3869 3996 3997 4008
3875 3996 4008 4007
3869 3870 3878 3998
3869 3878 3876 4008
3869 3997 3998 4008
3878 3998 4009 4008
3869 3998 3878 4008
3870 3999 3878 3998
3999 4010 3878 4011
3999 3878 3998 4011
3999 3998 4000 4011
3878 3998 4011 4009
3874 3875 3887 4006
3875 3888 3887 4013
3875 3887 4006 4013
3875 4006 4007 4013
3887 4006 4013 4012
3886 3887 3890 4014
3887 3891 3890 4016
3887 3890 4014 4016
3887 4014 4012 4016
3890 4014 4016 4015
3887 3888 3892 4013
3887 3892 3891 4016
3887 4012 4013 4016
3892 4013 4017 4016
3887 4013 3892 4016
3888 3889 3892 4013
3889 3893 3892 4019
3889 3892 4013 4019
3889 4013 4018 4019
3892 4013 4019 4017
4020 4021 4022 4024
4020 4022 3902 4025
4020 4023 4024 4025
4022 4024 4026 4025
4020 4024 4022 4025
3890 3891 3895 4016
3890 3895 3894 4027
3890 4015 4016 4027
3895 4016 4028 4027
3890 4016 3895 4027
3891 3892 3895 4016
3892 3896 3895 4029
3892 3895 4016 4029
3892 4016 4017 4029
3895 4016 4029 4028
3892 3893 3897 4019
3892 3897 3896 4029
3892 4017 4019 4029
3897 4019 4030 4029
3892 4019 3897 4029
3898 3899 3900 4031
3899 3901 3900 4034
3899 3900 4031 4034
3899 4031 4032 4034
3900 4031 4034 4033
3899 3902 3903 4025
3899 3903 3901 4034
3899 4032 4025 4034
3903 4025 4035 4034
3899 4025 3903 4034
3902 4022 3903 4025
4022 3915 3903 4036
4022 3903 4025 4036
4022 4025 4026 4036
3903 4025 4036 4035
3894 3895 3904 4027
3895 3905 3904 4038
3895 3904 4027 4038
3895 4027 4028 4038
3904 4027 4038 4037
3895 3896 3906 4029
3895 3906 3905 4038
3895 4028 4029 4038
3906 4029 4039 4038
3895 4029 3906 4038
3896 3897 3906 4029
3897 3907 3906 4040
3897 3906 4029 4040
3897 4029 4030 4040
3906 4029 4040 4039
3901 3903 3911 4034
3903 3912 3911 4042
3903 3911 4034 4042
3903 4034 4035 4042
3911 4034 4042 4041
3903 3915 3916 4036
3903 3916 3912 4042
3903 4035 4036 4042
3916 4036 4043 4042
3903 4036 3916 4042
3904 3905 3918 4038
3904 3918 3917 4044
3904 4037 4038 4044
3918 4038 4045 4044
3904 4038 3918 4044
3905 3906 3918 4038
3906 3919 3918 4046
3906 3918 4038 4046
3906 4038 4039 4046
3918 4038 4046 4045
3906 3907 3920 4040
3906 3920 3919 4046
3906 4039 4040 4046
3920 4040 4047 4046
3906 4040 3920 4046
3907 3909 3920 4040
3909 3921 3920 4049
3909 3920 4040 4049
3909 4040 4048 4049
3920 4040 4049 4047
3909 3924 3925 4050
3909 3925 3921 4049
3909 4048 4050 4049
3925 4050 4051 4049
3909 4050 3925 4049
3911 3912 3929 4042
3911 3929 3928 4052
3911 4041 4042 4052
3929 4042 4053 4052
3911 4042 3929 4052
3912 3916 3929 4042
3916 3931 3929 4054
3916 3929 4042 4054
3916 4042 4043 4054
3929 4042 4054 4053
3918 3919 3934 4046
3918 3934 3933 4055
3918 4045 4046 4055
3934 4046 4056 4055
3918 4046 3934 4055
3919 3920 3934 4046
3920 3935 3934 4057
3920 3934 4046 4057
3920 4046 4047 4057
3934 4046 4057 4056
3920 3921 3936 4049
3920 3936 3935 4057
3920 4047 4049 4057
3936 4049 4058 4057
3920 4049 3936 4057
3921 3925 3936 4049
3925 3938 3936 4059
3925 3936 4049 4059
3925 4049 4051 4059
3936 4049 4059 4058
3925 4060 4061 4062
3925 4061 3938 4059
3925 4051 4062 4059
4061 4062 4063 4059
3925 4062 4061 4059
3928 3929 4064 4052
3929 4065 4064 4067
3929 4064 4052 4067
3929 4052 4053 4067
4064 4052 4067 4066
3929 3931 4068 4054
3929 4068 4065 4067
3929 4053 4054 4067
4068 4054 4069 4067
3929 4054 4068 4067
3936 3938 4071 4059
3936 4071 4070 4072
3936 4058 4059 4072
4071 4059 4073 4072
3936 4059 4071 4072
3938 4061 4071 4059
4061 4074 4071 4075
4061 4071 4059 4075
4061 4059 4063 4075
4071 4059 4075 4073
3948 3949 3951 4076
3949 3952 3951 4079
3949 3951 4076 4079
3949 4076 4077 4079
3951 4076 4079 4078
4080 3951 4081 4083
3951 4082 4081 4085
3951 4081 4083 4085
3951 4083 4078 4085
4081 4083 4085 4084
3951 3952 4086 4079
3951 4086 4082 4085
3951 4078 4079 4085
4086 4079 4087 4085
3951 4079 4086 4085
3952 3953 4086 4079
3953 4088 4086 4090
3953 4086 4079 4090
3953 4079 4089 4090
4086 4079 4090 4087
4091 4092 3955 4094
4091 3955 3954 4095
4091 4093 4094 4095
3955 4094 4096 4095
4091 4094 3955 4095
4092 4097 3955 4094
4097 3958 3955 4099
4097 3955 4094 4099
4097 4094 4098 4099
3955 4094 4099 4096
3954 3955 3956 4095
3955 3957 3956 4101
3955 3956 4095 4101
3955 4095 4096 4101
3956 4095 4101 4100
3955 3958 3959 4099
3955 3959 3957 4101
3955 4096 4099 4101
3959 4099 4102 4101
3955 4099 3959 4101
3957 3959 3960 4101
3959 3961 3960 4104
3959 3960 4101 4104
3959 4101 4102 4104
3960 4101 4104 4103
3963 3964 3965 4105
3964 3966 3965 4108
3964 3965 4105 4108
3964 4105 4106 4108
3965 4105 4108 4107
3965 3966 3968 4108
3965 3968 3967 4109
3965 4107 4108 4109
3968 4108 4110 4109
3965 4108 3968 4109
4111 4112 3992 4113
4112 3995 3992 4116
4112 3992 4113 4116
4112 4113 4114 4116
3992 4113 4116 4115
4112 3985 3987 4117
4112 3987 3995 4116
4112 4114 4117 4116
3987 4117 4118 4116
4112 4117 3987 4116
3989 4119 3990 4120
4119 4003 3990 4123
4119 3990 4120 4123
4119 4120 4121 4123
3990 4120 4123 4122
4119 4124 4125 4126
4119 4125 4003 4123
4119 4121 4126 4123
4125 4126 4127 4123
4119 4126 4125 4123
3991 3992 3993 4128
3992 3994 3993 4130
3992 3993 4128 4130
3992 4128 4115 4130
3993 4128 4130 4129
3992 3995 3996 4116
3992 3996 3994 4130
3992 4115 4116 4130
3996 4116 4131 4130
3992 4116 3996 4130
3995 3987 3996 4116
3987 3997 3996 4132
3987 3996 4116 4132
3987 4116 4118 4132
3996 4116 4132 4131
3987 3988 3998 4133
3987 3998 3997 4132
3987 4118 4133 4132
3998 4133 4134 4132
3987 4133 3998 4132
3988 3990 3998 4133
3990 4000 3998 4135
3990 3998 4133 4135
3990 4133 4122 4135
3998 4133 4135 4134
3990 4003 4004 4123
3990 4004 4000 4135
3990 4122 4123 4135
4004 4123 4136 4135
3990 4123 4004 4135
4003 4125 4004 4123
4125 4137 4004 4138
4125 4004 4123 4138
4125 4123 4127 4138
4004 4123 4138 4136
4139 4140 4141 4143
4140 4142 4141 4146
4140 4141 4143 4146
4140 4143 4144 4146
4141 4143 4146 4145
4140 4147 4148 4149
4140 4148 4142 4146
4140 4144 4149 4146
4148 4149 4150 4146
4140 4149 4148 4146
4147 3993 4148 4149
3993 4005 4148 4151
3993 4148 4149 4151
3993 4149 4129 4151
4148 4149 4151 4150
3993 3994 4006 4130
3993 4006 4005 4151
3993 4129 4130 4151
4006 4130 4152 4151
3993 4130 4006 4151
3994 3996 4006 4130
3996 4007 4006 4153
3996 4006 4130 4153
3996 4130 4131 4153
4006 4130 4153 4152
3998 4000 4011 4135
3998 4011 4009 4154
3998 4134 4135 4154
4011 4135 4155 4154
3998 4135 4011 4154
4000 4004 4011 4135
4004 4156 4011 4157
4004 4011 4135 4157
4004 4135 4136 4157
4011 4135 4157 4155
4141 4142 4159 4146
4141 4159 4158 4160
4141 4145 4146 4160
4159 4146 4161 4160
4141 4146 4159 4160
4142 4148 4159 4146
4148 4162 4159 4163
4148 4159 4146 4163
4148 4146 4150 4163
4159 4146 4163 4161
4148 4005 4014 4151
4148 4014 4162 4163
4148 4150 4151 4163
4014 4151 4164 4163
4148 4151 4014 4163
4005 4006 4014 4151
4006 4012 4014 4165
4006 4014 4151 4165
4006 4151 4152 4165
4014 4151 4165 4164
4023 4024 4025 4166
4024 4026 4025 4169
4024 4025 4166 4169
4024 4166 4167 4169
4025 4166 4169 4168
4024 4170 4171 4172
4024 4171 4026 4169
4024 4167 4172 4169
4171 4172 4173 4169
4024 4172 4171 4169
4032 4025 4034 4174
4025 4035 4034 4176
4025 4034 4174 4176
4025 4174 4168 4176
4034 4174 4176 4175
4025 4026 4036 4169
4025 4036 4035 4176
4025 4168 4169 4176
4036 4169 4177 4176
4025 4169 4036 4176
4026 4171 4036 4169
4171 4178 4036 4179
4171 4036 4169 4179
4171 4169 4173 4179
4036 4169 4179 4177
4035 4036 4042 4176
4036 4043 4042 4181
4036 4042 4176 4181
4036 4176 4177 4181
4042 4176 4181 4180
4182 4183 4185 4187
4182 4185 4184 4188
4182 4186 4187 4188
4185 4187 4189 4188
4182 4187 4185 4188
4041 4042 4052 4190
4042 4053 4052 4192
4042 4052 4190 4192
4042 4190 4180 4192
4052 4190 4192 4191
4042 4043 4054 4181
4042 4054 4053 4192
4042 4180 4181 4192
4054 4181 4193 4192
4042 4181 4054 4192
4049 4051 4059 4195
4049 4059 4058 4196
4049 4194 4195 4196
4059 4195 4197 4196
4049 4195 4059 4196
4051 4062 4059 4195
4062 4063 4059 4199
4062 4059 4195 4199
4062 4195 4198 4199
4059 4195 4199 4197
4062 4184 4200 4188
4062 4200 4063 4199
4062 4198 4188 4199
4200 4188 4201 4199
4062 4188 4200 4199
4184 4185 4200 4188
4185 4202 4200 4203
4185 4200 4188 4203
4185 4188 4189 4203
4200 4188 4203 4201
4052 4053 4067 4192
4052 4067 4066 4204
4052 4191 4192 4204
4067 4192 4205 4204
4052 4192 4067 4204
4053 4054 4067 4192
4054 4069 4067 4206
4054 4067 4192 4206
4054 4192 4193 4206
4067 4192 4206 4205
4054 4207 4208 4209
4054 4208 4069 4206
4054 4193 4209 4206
4208 4209 4210 4206
4054 4209 4208 4206
4059 4063 4075 4199
4059 4075 4073 4211
4059 4197 4199 4211
4075 4199 4212 4211
4059 4199 4075 4211
4063 4200 4075 4199
4200 4213 4075 4214
4200 4075 4199 4214
4200 4199 4201 4214
4075 4199 4214 4212
4200 4202 4215 4203
4200 4215 4213 4214
4200 4201 4203 4214
4215 4203 4216 4214
4200 4203 4215 4214
4202 4217 4215 4203
4217 4218 4215 4220
4217 4215 4203 4220
4217 4203 4219 4220
4215 4203 4220 4216
4217 4221 4222 4223
4217 4222 4218 4220
4217 4219 4223 4220
4222 4223 4224 4220
4217 4223 4222 4220
4067 4069 4226 4206
4067 4226 4225 4227
4067 4205 4206 4227
4226 4206 4228 4227
4067 4206 4226 4227
4069 4208 4226 4206
4208 4229 4226 4230
4208 4226 4206 4230
4208 4206 4210 4230
4226 4206 4230 4228
4231 4076 4083 4232
4076 4078 4083 4235
4076 4083 4232 4235
4076 4232 4233 4235
4083 4232 4235 4234
4076 4077 4079 4236
4076 4079 4078 4235
4076 4233 4236 4235
4079 4236 4237 4235
4076 4236 4079 4235
4078 4079 4085 4235
4079 4087 4085 4239
4079 4085 4235 4239
4079 4235 4237 4239
4085 4235 4239 4238
4079 4089 4090 4240
4079 4090 4087 4239
4079 4237 4240 4239
4090 4240 4241 4239
4079 4240 4090 4239
4093 4094 4095 4242
4094 4096 4095 4245
4094 4095 4242 4245
4094 4242 4243 4245
4095 4242 4245 4244
4095 4096 4101 4245
4095 4101 4100 4246
4095 4244 4245 4246
4101 4245 4247 4246
4095 4245 4101 4246
4096 4099 4101 4245
4099 4102 4101 4249
4099 4101 4245 4249
4099 4245 4248 4249
4101 4245 4249 4247
4113 4114 4116 4251
4113 4116 4115 4252
4113 4250 4251 4252
4116 4251 4253 4252
4113 4251 4116 4252
4114 4117 4116 4251
4117 4118 4116 4255
4117 4116 4251 4255
4117 4251 4254 4255
4116 4251 4255 4253
4121 4126 4123 4256
4126 4127 4123 4259
4126 4123 4256 4259
4126 4256 4257 4259
4123 4256 4259 4258
4126 4260 4261 4262
4126 4261 4127 4259
4126 4257 4262 4259
4261 4262 4263 4259
4126 4262 4261 4259
4115 4116 4130 4252
4116 4131 4130 4265
4116 4130 4252 4265
4116 4252 4253 4265
4130 4252 4265 4264
4116 4118 4132 4255
4116 4132 4131 4265
4116 4253 4255 4265
4132 4255 4266 4265
4116 4255 4132 4265
4133 4122 4135 4268
4133 4135 4134 4269
4133 4267 4268 4269
4135 4268 4270 4269
4133 4268 4135 4269
4122 4123 4135 4268
4123 4136 4135 4271
4123 4135 4268 4271
4123 4268 4258 4271
4135 4268 4271 4270
4123 4127 4138 4259
4123 4138 4136 4271
4123 4258 4259 4271
4138 4259 4272 4271
4123 4259 4138 4271
4273 4143 4274 4275
4143 4145 4274 4278
4143 4274 4275 4278
4143 4275 4276 4278
4274 4275 4278 4277
4143 4144 4146 4279
4143 4146 4145 4278
4143 4276 4279 4278
4146 4279 4280 4278
4143 4279 4146 4278
4144 4149 4146 4279
4149 4150 4146 4282
4149 4146 4279 4282
4149 4279 4281 4282
4146 4279 4282 4280
4149 4129 4151 4283
4149 4151 4150 4282
4149 4281 4283 4282
4151 4283 4284 4282
4149 4283 4151 4282
4129 4130 4151 4283
4130 4152 4151 4285
4130 4151 4283 4285
4130 4283 4264 4285
4151 4283 4285 4284
4134 4135 4154 4269
4135 4155 4154 4287
4135 4154 4269 4287
4135 4269 4270 4287
4154 4269 4287 4286
4135 4136 4157 4271
4135 4157 4155 4287
4135 4270 4271 4287
4157 4271 4288 4287
4135 4271 4157 4287
4136 4138 4157 4271
4138 4289 4157 4290
4138 4157 4271 4290
4138 4271 4272 4290
4157 4271 4290 4288
4291 4292 4294 4296
4291 4294 4293 4297
4291 4295 4296 4297
4294 4296 4298 4297
4291 4296 4294 4297
4292 4274 4294 4296
4274 4299 4294 4300
4274 4294 4296 4300
4274 4296 4277 4300
4294 4296 4300 4298
4274 4145 4160 4278
4274 4160 4299 4300
4274 4277 4278 4300
4160 4278 4301 4300
4274 4278 4160 4300
4145 4146 4160 4278
4146 4161 4160 4302
4146 4160 4278 4302
4146 4278 4280 4302
4160 4278 4302 4301
4146 4150 4163 4282
4146 4163 4161 4302
4146 4280 4282 4302
4163 4282 4303 4302
4146 4282 4163 4302
4150 4151 4163 4282
4151 4164 4163 4304
4151 4163 4282 4304
4151 4282 4284 4304
4163 4282 4304 4303
4151 4152 4165 4285
4151 4165 4164 4304
4151 4284 4285 4304
4165 4285 4305 4304
4151 4285 4165 4304
4157 4289 4307 4290
4157 4307 4306 4308
4157 4288 4290 4308
4307 4290 4309 4308
4157 4290 4307 4308
4310 4311 4172 4313
4311 4312 4172 4316
4311 4172 4313 4316
4311 4313 4314 4316
4172 4313 4316 4315
4167 4172 4169 4317
4172 4173 4169 4319
4172 4169 4317 4319
4172 4317 4315 4319
4169 4317 4319 4318
4172 4312 4320 4316
4172 4320 4173 4319
4172 4315 4316 4319
4320 4316 4321 4319
4172 4316 4320 4319
4169 4173 4179 4319
4169 4179 4177 4322
4169 4318 4319 4322
4179 4319 4323 4322
4169 4319 4179 4322
4186 4187 4188 4324
4187 4189 4188 4327
4187 4188 4324 4327
4187 4324 4325 4327
4188 4324 4327 4326
4190 4180 4192 4329
4190 4192 4191 4330
4190 4328 4329 4330
4192 4329 4331 4330
4190 4329 4192 4330
4180 4181 4192 4329
4181 4193 4192 4333
4181 4192 4329 4333
4181 4329 4332 4333
4192 4329 4333 4331
4198 4188 4199 4334
4188 4201 4199 4336
4188 4199 4334 4336
4188 4334 4326 4336
4199 4334 4336 4335
4188 4189 4203 4327
4188 4203 4201 4336
4188 4326 4327 4336
4203 4327 4337 4336
4188 4327 4203 4336
4189 4338 4203 4327
4338 4219 4203 4340
4338 4203 4327 4340
4338 4327 4339 4340
4203 4327 4340 4337
4192 4193 4206 4333
4192 4206 4205 4341
4192 4331 4333 4341
4206 4333 4342 4341
4192 4333 4206 4341
4193 4209 4206 4333
4209 4210 4206 4344
4209 4206 4333 4344
4209 4333 4343 4344
4206 4333 4344 4342
4199 4201 4214 4336
4199 4214 4212 4345
4199 4335 4336 4345
4214 4336 4346 4345
4199 4336 4214 4345
4201 4203 4214 4336
4203 4216 4214 4347
4203 4214 4336 4347
4203 4336 4337 4347
4214 4336 4347 4346
4203 4219 4220 4340
4203 4220 4216 4347
4203 4337 4340 4347
4220 4340 4348 4347
4203 4340 4220 4347
4219 4223 4220 4340
4223 4224 4220 4350
4223 4220 4340 4350
4223 4340 4349 4350
4220 4340 4350 4348
4223 4351 4352 4353
4223 4352 4224 4350
4223 4349 4353 4350
4352 4353 4354 4350
4223 4353 4352 4350
4205 4206 4227 4341
4206 4228 4227 4356
4206 4227 4341 4356
4206 4341 4342 4356
4227 4341 4356 4355
4206 4210 4230 4344
4206 4230 4228 4356
4206 4342 4344 4356
4230 4344 4357 4356
4206 4344 4230 4356
4220 4224 4359 4350
4220 4359 4358 4360
4220 4348 4350 4360
4359 4350 4361 4360
4220 4350 4359 4360
4228 4230 4362 4356
4230 4363 4362 4365
4230 4362 4356 4365
4230 4356 4357 4365
4362 4356 4365 4364
4242 4243 4245 4367
4242 4245 4244 4368
4242 4366 4367 4368
4245 4367 4369 4368
4242 4367 4245 4368
4244 4245 4246 4368
4245 4247 4246 4371
4245 4246 4368 4371
4245 4368 4369 4371
4246 4368 4371 4370
4253 4255 4265 4372
4255 4266 4265 4375
4255 4265 4372 4375
4255 4372 4373 4375
4265 4372 4375 4374
4376 4377 4378 4379
4377 4295 4378 4382
4377 4378 4379 4382
4377 4379 4380 4382
4378 4379 4382 4381
4377 4383 4296 4384
4377 4296 4295 4382
4377 4380 4384 4382
4296 4384 4385 4382
4377 4384 4296 4382
4270 4271 4287 4386
4271 4288 4287 4389
4271 4287 4386 4389
4271 4386 4387 4389
4287 4386 4389 4388
4271 4272 4290 4390
4271 4290 4288 4389
4271 4387 4390 4389
4290 4390 4391 4389
4271 4390 4290 4389
4378 4295 4297 4382
4378 4297 4392 4393
4378 4381 4382 4393
4297 4382 4394 4393
4378 4382 4297 4393
4295 4296 4297 4382
4296 4298 4297 4395
4296 4297 4382 4395
4296 4382 4385 4395
4297 4382 4395 4394
4296 4277 4300 4396
4296 4300 4298 4395
4296 4385 4396 4395
4300 4396 4397 4395
4296 4396 4300 4395
4288 4290 4308 4389
4290 4309 4308 4399
4290 4308 4389 4399
4290 4389 4391 4399
4308 4389 4399 4398
4290 4400 4401 4402
4290 4401 4309 4399
4290 4391 4402 4399
4401 4402 4403 4399
4290 4402 4401 4399
4313 4314 4316 4405
4313 4316 4315 4406
4313 4404 4405 4406
4316 4405 4407 4406
4313 4405 4316 4406
4315 4316 4319 4406
4316 4321 4319 4409
4316 4319 4406 4409
4316 4406 4407 4409
4319 4406 4409 4408
4329 4332 4333 4411
4329 4333 4331 4412
4329 4410 4411 4412
4333 4411 4413 4412
4329 4411 4333 4412
4341 4342 4356 4415
4341 4356 4355 4416
4341 4414 4415 4416
4356 4415 4417 4416
4341 4415 4356 4416
4342 4344 4356 4415
4344 4357 4356 4419
4344 4356 4415 4419
4344 4415 4418 4419
4356 4415 4419 4417
4344 4420 4421 4422
4344 4421 4357 4419
4344 4418 4422 4419
4421 4422 4423 4419
4344 4422 4421 4419
4355 4356 4424 4416
4356 4364 4424 4426
4356 4424 4416 4426
4356 4416 4417 4426
4424 4416 4426 4425
4356 4357 4365 4419
4356 4365 4364 4426
4356 4417 4419 4426
4365 4419 4427 4426
4356 4419 4365 4426
4357 4421 4365 4419
4421 4428 4365 4429
4421 4365 4419 4429
4421 4419 4423 4429
4365 4419 4429 4427
4365 4428 4431 4429
4365 4431 4430 4432
4365 4427 4429 4432
4431 4429 4433 4432
4365 4429 4431 4432
4368 4369 4371 4435
4368 4371 4370 4436
4368 4434 4435 4436
4371 4435 4437 4436
4368 4435 4371 4436
4438 4370 4440 4436
4438 4440 4439 4442
4438 4441 4436 4442
4440 4436 4443 4442
4438 4436 4440 4442
4370 4371 4440 4436
4371 4444 4440 4445
4371 4440 4436 4445
4371 4436 4437 4445
4440 4436 4445 4443
4379 4380 4382 4447
4379 4382 4381 4448
4379 4446 4447 4448
4382 4447 4449 4448
4379 4447 4382 4448
4380 4384 4382 4447
4384 4385 4382 4451
4384 4382 4447 4451
4384 4447 4450 4451
4382 4447 4451 4449
4381 4382 4393 4448
4382 4394 4393 4453
4382 4393 4448 4453
4382 4448 4449 4453
4393 4448 4453 4452
4382 4385 4395 4451
4382 4395 4394 4453
4382 4449 4451 4453
4395 4451 4454 4453
4382 4451 4395 4453
4389 4391 4399 4456
4389 4399 4398 4457
4389 4455 4456 4457
4399 4456 4458 4457
4389 4456 4399 4457
4391 4402 4399 4456
4402 4403 4399 4460
4402 4399 4456 4460
4402 4456 4459 4460
4399 4456 4460 4458
4402 4461 4462 4463
4402 4462 4403 4460
4402 4459 4463 4460
4462 4463 4464 4460
4402 4463 4462 4460
4404 4405 4406 4465
4405 4407 4406 4468
4405 4406 4465 4468
4405 4465 4466 4468
4406 4465 4468 4467
4405 4469 4470 4471
4405 4470 4407 4468
4405 4466 4471 4468
4470 4471 4472 4468
4405 4471 4470 4468
4403 4462 4473 4460
4462 4474 4473 4476
4462 4473 4460 4476
4462 4460 4464 4476
4473 4460 4476 4475
4410 4411 4412 4477
4411 4413 4412 4480
4411 4412 4477 4480
4411 4477 4478 4480
4412 4477 4480 4479
4411 4481 4482 4483
4411 4482 4413 4480
4411 4478 4483 4480
4482 4483 4484 4480
4411 4483 4482 4480
4419 4423 4429 4486
4419 4429 4427 4487
4419 4485 4486 4487
4429 4486 4488 4487
4419 4486 4429 4487
4423 4489 4429 4486
4489 4490 4429 4492
4489 4429 4486 4492
4489 4486 4491 4492
4429 4486 4492 4488
4427 4429 4432 4487
4429 4433 4432 4494
4429 4432 4487 4494
4429 4487 4488 4494
4432 4487 4494 4493
4429 4490 4495 4492
4429 4495 4433 4494
4429 4488 4492 4494
4495 4492 4496 4494
4429 4492 4495 4494
4434 4435 4436 4497
4435 4437 4436 4500
4435 4436 4497 4500
4435 4497 4498 4500
4436 4497 4500 4499
4488 4492 4494 4501
4492 4496 4494 4504
4492 4494 4501 4504
4492 4501 4502 4504
4494 4501 4504 4503

EDGES
0 1
0 2
0 4
1 2
1 3
1 4
1 5
1 7
2 3
2 4
2 6
2 7
3 7
4 5
4 6
4 7
4 8
4 9
4 10
5 7
5 9
5 12
6 7
6 10
7 9
7 10
7 11
7 12
7 13
7 15
8 9
8 10
9 10
9 11
9 12
9 14
9 15
9 34
9 35
9 36
9 38
9 39
9 44
10 11
11 15
11 44
12 13
12 14
12 15
13 15
14 15
14 35
14 39
14 41
15 39
15 41
15 44
15 45
15 46
15 47
16 17
16 18
16 20
17 18
17 19
17 20
17 21
17 23
17 24
17 25
17 26
18 19
18 20
18 22
18 23
18 28
18 29
18 30
19 23
19 25
19 29
20 21
20 22
20 23
20 48
20 49
20 50
21 23
21 26
21 49
22 23
22 30
22 50
23 25
23 26
23 27
23 29
23 30
23 31
23 33
23 49
23 50
23 51
23 53
23 55
24 25
24 26
25 26
25 27
25 29
25 32
25 33
26 27
26 49
26 52
26 53
27 33
27 53
28 29
28 30
29 30
29 31
29 32
29 33
30 31
30 50
30 54
30 55
31 33
31 55
32 33
33 53
33 55
33 56
34 35
34 36
35 36
35 37
35 39
35 40
35 41
35 42
36 37
36 38
36 39
36 61
36 63
36 64
37 39
37 42
37 57
37 61
38 39
38 44
38 64
39 41
39 42
39 43
39 44
39 45
39 47
39 61
39 64
39 65
39 66
39 68
40 41
40 42
41 42
41 43
41 46
41 47
42 43
42 57
42 58
42 60
42 61
42 62
42 66
43 47
43 66
44 45
44 64
44 67
44 68
45 47
45 68
46 47
47 66
47 68
47 69
48 49
48 50
48 70
49 50
49 51
49 52
49 53
49 70
49 71
49 73
49 74
50 51
50 54
50 55
50 70
50 72
50 73
50 76
51 53
51 55
51 73
52 53
52 74
53 55
53 56
53 73
53 74
53 75
53 78
54 55
54 76
55 56
55 73
55 76
55 77
55 78
56 78
57 58
57 59
57 60
57 61
58 60
59 60
59 61
59 79
59 81
60 61
60 62
60 81
60 84
60 85
61 62
61 63
61 64
61 65
61 66
61 79
61 81
61 82
61 83
61 85
61 87
62 66
62 85
63 64
63 79
63 82
64 65
64 67
64 68
64 82
64 86
64 87
65 66
65 68
65 87
66 68
66 69
66 85
66 87
66 88
67 68
68 69
70 71
70 72
70 73
70 89
70 90
70 91
70 93
70 94
70 98
71 73
71 74
71 90
71 94
72 73
72 76
72 98
73 74
73 75
73 76
73 77
73 78
73 94
73 98
73 99
73 100
73 102
74 75
74 90
74 94
74 95
74 96
74 97
74 100
75 78
75 100
76 77
76 98
76 101
76 102
77 78
77 102
78 100
78 102
78 103
79 80
79 81
79 82
80 81
80 82
81 82
81 83
81 84
81 85
81 104
81 105
81 106
82 83
82 86
82 87
83 85
83 87
83 106
84 85
84 105
84 108
85 87
85 88
85 105
85 106
85 107
85 108
85 109
85 111
85 113
85 114
86 87
87 88
87 106
87 112
87 113
88 113
88 114
89 90
89 91
90 91
90 92
90 94
90 95
90 96
91 92
91 93
91 94
92 94
92 96
93 94
93 98
93 116
94 96
94 97
94 98
94 99
94 100
94 116
94 117
94 119
94 120
95 96
96 97
97 100
97 120
97 122
98 99
98 101
98 102
98 116
98 118
98 119
98 130
99 100
99 102
99 119
100 102
100 103
100 119
100 120
100 121
100 122
100 123
100 125
100 132
100 133
101 102
101 130
102 103
102 119
102 130
102 131
102 132
103 132
103 133
104 105
104 106
104 137
105 106
105 107
105 108
105 110
105 111
105 137
105 138
105 140
105 141
106 107
106 112
106 113
106 137
106 139
106 140
106 143
107 111
107 113
107 140
108 109
108 110
108 111
109 111
109 114
110 111
110 141
111 113
111 114
111 115
111 140
111 141
111 142
111 145
112 113
112 143
113 114
113 115
113 140
113 143
113 144
113 145
114 115
115 145
116 117
116 118
116 119
117 119
117 120
118 119
118 130
119 120
119 121
119 130
119 131
119 132
119 146
119 147
119 148
120 121
120 122
120 124
120 125
121 125
121 132
121 147
122 123
122 124
122 125
122 126
122 127
122 128
123 125
123 127
123 133
124 125
124 128
125 127
125 128
125 129
125 132
125 133
125 134
125 136
125 147
125 150
125 151
126 127
126 128
127 128
127 129
127 133
127 135
127 136
128 129
129 136
130 131
131 132
131 148
132 133
132 134
132 147
132 148
132 149
132 151
132 152
132 153
132 154
133 134
133 135
133 136
134 136
134 151
134 153
135 136
137 138
137 139
137 140
137 156
137 157
137 158
138 140
138 141
138 157
139 140
139 143
139 158
140 141
140 142
140 143
140 144
140 145
140 157
140 158
140 159
140 161
140 171
141 142
141 157
141 160
141 161
142 145
142 161
143 144
143 158
143 170
143 171
144 145
144 171
145 161
145 171
145 172
146 147
146 148
146 181
147 148
147 149
147 150
147 151
147 181
147 182
147 184
147 185
148 149
148 181
148 183
148 184
149 151
149 154
149 184
150 151
150 185
150 187
151 153
151 154
151 155
151 184
151 185
151 186
151 187
151 188
151 190
151 192
151 193
152 153
152 154
153 154
153 155
154 155
154 184
154 191
154 192
155 192
155 193
156 157
156 158
156 207
156 211
156 218
157 158
157 159
157 160
157 161
157 207
157 208
157 210
157 211
157 212
157 213
157 215
157 223
158 159
158 170
158 171
158 211
158 218
158 219
158 221
158 222
158 223
158 227
159 161
159 171
159 223
160 161
160 213
160 215
161 171
161 172
161 215
161 223
161 224
161 229
162 163
162 164
162 165
162 166
162 167
162 168
163 165
163 167
164 165
164 168
165 167
165 168
165 169
166 167
166 168
166 198
166 216
167 168
167 169
167 198
167 204
167 206
167 216
167 217
167 218
167 219
167 221
167 226
168 169
168 216
168 225
168 226
169 226
170 171
170 227
171 172
171 223
171 227
171 228
171 229
172 229
173 174
173 175
173 177
174 175
174 176
174 177
174 178
174 180
175 176
175 177
175 179
175 180
176 180
177 178
177 179
177 180
177 230
177 231
177 232
177 234
177 235
177 236
178 180
178 231
178 235
179 180
179 236
180 235
180 236
180 237
181 182
181 183
181 184
182 184
182 185
182 238
183 184
184 185
184 186
184 191
184 192
184 238
184 240
184 241
184 242
185 186
185 187
185 189
185 190
185 238
185 239
185 241
186 190
186 192
186 241
187 188
187 189
187 190
188 190
188 193
189 190
190 192
190 193
190 194
190 241
190 244
190 245
191 192
191 210
191 242
192 193
192 194
192 210
192 214
192 241
192 242
192 243
192 245
192 247
192 248
193 194
194 245
194 248
195 196
195 197
195 198
195 199
195 200
195 201
196 198
196 200
196 203
197 198
197 201
198 200
198 201
198 202
198 203
198 204
198 206
198 216
199 200
199 201
199 250
200 201
200 202
200 203
200 205
200 206
200 250
200 251
200 253
200 254
201 202
201 250
201 252
201 253
202 206
202 216
202 253
203 204
203 205
203 206
204 206
204 218
205 206
205 254
206 216
206 217
206 218
206 220
206 221
206 253
206 254
206 255
206 259
206 264
207 208
207 209
207 210
207 211
208 210
208 213
209 210
209 211
209 256
209 258
210 211
210 212
210 213
210 214
210 215
210 242
210 246
210 247
210 258
210 261
211 212
211 218
211 220
211 221
211 222
211 223
211 256
211 258
211 259
211 260
211 261
211 266
212 215
212 223
212 261
213 214
213 215
214 215
214 247
214 248
215 223
215 224
215 247
215 261
215 262
215 268
216 217
216 225
216 226
216 253
216 263
216 264
217 221
217 226
217 264
218 219
218 220
218 221
219 221
220 221
220 256
220 259
221 222
221 259
221 264
221 265
221 266
222 223
222 227
222 266
223 224
223 227
223 228
223 229
223 261
223 266
223 267
223 268
224 229
224 268
225 226
227 228
228 229
230 231
230 232
231 232
231 233
231 235
232 233
232 234
232 235
232 269
232 270
232 271
233 235
233 270
233 273
234 235
234 236
234 271
235 236
235 237
235 270
235 271
235 272
235 273
235 274
235 276
235 278
235 279
236 237
236 271
236 277
236 278
237 278
237 279
238 239
238 240
238 241
239 241
240 241
240 242
240 281
241 242
241 243
241 244
241 245
241 281
241 282
241 284
241 285
242 243
242 246
242 247
242 281
242 283
242 284
242 291
243 245
243 247
243 284
244 245
244 285
244 287
245 247
245 248
245 249
245 284
245 285
245 286
245 287
245 288
245 290
245 293
246 247
246 258
246 261
246 291
247 248
247 249
247 261
247 262
247 284
247 291
247 292
247 293
247 297
247 298
248 249
249 293
249 298
250 251
250 252
250 253
251 253
251 254
252 253
253 254
253 255
253 263
253 264
254 255
255 259
255 264
256 257
256 258
256 259
257 258
257 259
258 259
258 260
258 261
258 291
258 294
258 295
259 260
259 264
259 265
259 266
260 261
260 266
260 295
261 262
261 266
261 267
261 268
261 291
261 295
261 296
261 297
261 301
262 268
262 297
262 298
263 264
264 265
265 266
266 267
266 295
266 300
266 301
267 268
267 301
268 297
268 301
268 302
269 270
269 271
269 303
270 271
270 272
270 273
270 275
270 276
270 303
270 304
270 306
270 307
271 272
271 277
271 278
271 303
271 305
271 306
271 309
272 276
272 278
272 306
273 274
273 275
273 276
274 276
274 279
275 276
275 307
276 278
276 279
276 280
276 306
276 307
276 308
276 311
277 278
277 309
278 279
278 280
278 306
278 309
278 310
278 311
279 280
280 311
281 282
281 283
281 284
282 284
282 285
283 284
283 291
283 320
284 285
284 286
284 291
284 292
284 293
284 320
284 321
284 323
284 324
285 286
285 287
285 289
285 290
286 290
286 293
286 324
287 288
287 289
287 290
288 290
289 290
290 293
290 324
290 326
290 327
290 328
291 292
291 294
291 295
291 296
291 297
291 320
291 322
291 323
291 329
292 293
292 297
292 323
293 297
293 298
293 299
293 323
293 324
293 325
293 326
293 328
293 331
293 332
294 295
295 296
295 300
295 301
296 297
296 301
296 329
297 298
297 299
297 301
297 302
297 323
297 329
297 330
297 331
298 299
299 331
299 332
300 301
301 302
303 304
303 305
303 306
304 306
304 307
304 334
305 306
305 309
306 307
306 308
306 309
306 310
306 311
306 334
306 336
306 337
306 338
307 308
307 334
307 335
307 337
308 311
308 337
309 310
310 311
310 338
311 337
311 338
311 339
312 313
312 314
312 316
313 314
313 315
313 316
313 317
313 319
314 315
314 316
314 318
314 319
315 319
316 317
316 318
316 319
316 340
316 341
316 342
317 319
317 341
318 319
318 342
318 352
318 354
319 341
319 342
319 343
319 354
319 358
319 359
319 360
319 361
319 362
320 321
320 322
320 323
320 380
320 381
320 382
321 323
321 324
321 381
322 323
322 329
322 382
323 324
323 325
323 329
323 330
323 331
323 381
323 382
323 383
323 385
323 393
324 325
324 327
324 328
324 381
324 384
324 385
324 386
325 328
325 331
325 385
326 328
326 332
327 328
327 386
327 388
328 331
328 332
328 333
328 385
328 386
328 387
328 388
328 389
328 391
328 395
328 396
329 330
329 382
329 392
329 393
330 331
330 393
331 332
331 333
331 385
331 393
331 394
331 395
332 333
333 395
333 396
334 335
334 336
334 337
334 398
334 399
334 400
335 337
335 399
335 402
336 337
336 338
336 400
337 338
337 339
337 399
337 400
337 401
337 402
337 403
337 405
337 419
337 420
338 339
338 400
338 418
338 419
339 419
339 420
340 341
340 342
340 426
341 342
341 343
341 426
341 427
341 429
342 343
342 352
342 354
342 355
342 356
342 357
342 359
342 426
342 428
342 429
342 430
342 432
343 359
343 362
343 429
344 345
344 346
344 348
345 346
345 347
345 348
345 349
345 351
346 347
346 348
346 350
346 351
346 360
346 361
346 362
346 364
346 365
346 366
347 351
347 366
348 349
348 350
348 351
349 351
350 351
350 362
350 365
351 365
351 366
351 367
352 353
352 354
352 355
352 356
353 354
353 356
353 368
353 370
354 356
354 357
354 358
354 359
354 370
354 374
354 375
355 356
355 430
356 357
356 368
356 370
356 371
356 372
356 373
356 375
356 430
356 431
356 432
356 436
357 359
357 375
357 432
358 359
358 361
358 376
359 361
359 362
359 363
359 375
359 376
359 378
359 379
359 429
359 432
359 433
359 435
359 438
360 361
360 362
361 362
361 363
361 364
361 365
361 376
361 377
361 379
362 363
362 365
362 429
362 434
362 435
363 365
363 379
363 435
364 365
364 366
365 366
365 367
366 367
368 369
368 370
368 371
368 372
369 370
369 372
370 372
370 373
370 374
370 375
371 372
372 373
373 375
373 436
374 375
375 378
375 432
375 436
375 437
375 438
376 377
376 378
376 379
377 379
378 379
378 438
379 435
379 438
379 439
380 381
380 382
381 382
381 383
381 384
381 385
381 444
381 449
381 450
382 383
382 392
382 393
383 385
383 393
383 450
384 385
384 386
384 440
384 444
385 386
385 387
385 393
385 394
385 395
385 444
385 450
385 451
385 452
385 455
386 387
386 388
386 390
386 391
386 440
386 441
386 443
386 444
386 445
386 446
386 448
386 452
387 391
387 395
387 452
388 389
388 390
388 391
389 391
389 396
390 391
390 446
390 448
391 395
391 396
391 397
391 448
391 452
391 453
391 457
392 393
393 394
393 450
393 454
393 455
394 395
394 455
395 396
395 397
395 452
395 455
395 456
395 457
396 397
397 457
398 399
398 400
398 468
399 400
399 401
399 402
399 404
399 405
399 458
399 459
399 460
399 462
399 463
399 468
399 470
400 401
400 418
400 419
400 468
400 469
400 470
400 476
400 477
400 478
400 480
401 405
401 419
401 470
402 403
402 404
402 405
403 405
403 420
404 405
404 459
404 463
404 465
405 419
405 420
405 421
405 463
405 470
405 471
405 482
406 407
406 408
406 410
407 408
407 409
407 410
407 411
407 413
407 414
407 415
407 416
408 409
408 410
408 412
408 413
409 413
409 415
409 422
410 411
410 412
410 413
411 413
411 416
411 472
412 413
413 415
413 416
413 417
413 422
413 424
413 425
413 472
413 474
413 475
413 483
414 415
414 416
415 416
415 417
415 422
415 423
415 425
416 417
416 472
416 473
416 475
416 476
416 477
416 478
417 425
417 475
417 477
418 419
418 477
418 480
418 487
419 420
419 421
419 470
419 480
419 481
419 482
420 421
421 482
422 423
422 424
422 425
423 425
424 425
424 483
425 475
425 477
425 483
425 484
425 485
425 486
426 427
426 428
426 429
427 429
428 429
428 430
428 432
428 507
429 432
429 433
429 434
429 435
429 507
429 508
429 510
430 431
430 432
431 432
431 436
432 433
432 436
432 437
432 438
432 507
432 509
432 510
432 511
433 435
433 438
433 510
434 435
435 438
435 439
436 437
437 438
437 511
438 439
438 510
438 511
438 512
440 441
440 442
440 443
440 444
441 443
441 446
442 443
442 444
442 513
443 444
443 445
443 446
443 447
443 448
443 513
443 514
443 516
443 517
444 445
444 449
444 450
444 451
444 452
444 513
444 515
444 516
444 519
445 448
445 452
445 516
446 447
446 448
447 448
447 517
448 452
448 453
448 516
448 517
448 518
448 521
448 522
448 523
448 524
449 450
450 451
450 454
450 455
451 452
451 455
451 519
452 453
452 455
452 456
452 457
452 516
452 519
452 520
452 521
452 527
453 457
453 521
453 523
454 455
455 456
455 519
455 526
455 527
456 457
456 527
457 521
457 523
457 527
457 528
457 529
457 530
458 459
458 460
459 460
459 461
459 463
459 464
459 465
459 466
460 461
460 462
460 463
460 531
460 532
460 533
461 463
461 466
461 532
462 463
462 468
462 470
462 533
463 465
463 466
463 467
463 470
463 471
463 532
463 533
463 534
463 536
463 540
463 541
464 465
464 466
465 466
465 467
466 467
466 532
466 535
466 536
467 536
467 541
468 469
468 470
468 533
468 537
468 538
469 470
469 478
469 480
469 538
470 471
470 480
470 481
470 482
470 533
470 538
470 539
470 540
470 548
471 482
471 540
471 541
472 473
472 474
472 475
473 475
473 478
473 543
474 475
474 483
475 477
475 478
475 479
475 483
475 484
475 486
475 543
475 545
475 546
475 552
476 477
476 478
477 478
477 479
477 480
477 485
477 486
477 487
478 479
478 480
478 538
478 543
478 544
478 546
479 480
479 486
479 546
480 481
480 486
480 487
480 488
480 538
480 546
480 547
480 548
480 554
481 482
481 548
482 540
482 541
482 548
482 549
482 550
482 551
483 484
484 486
484 552
485 486
485 487
486 487
486 488
486 546
486 552
486 553
486 554
487 488
488 554
489 490
489 491
489 493
490 491
490 492
490 493
490 494
490 496
490 497
490 498
490 499
491 492
491 493
491 495
491 496
491 501
491 502
491 503
492 496
492 498
492 502
493 494
493 495
493 496
494 496
494 499
495 496
495 503
495 555
496 498
496 499
496 500
496 502
496 503
496 504
496 506
496 555
496 556
496 558
496 559
497 498
497 499
498 499
498 500
498 502
498 505
498 506
499 500
500 506
500 559
501 502
501 503
502 503
502 504
502 505
502 506
503 504
503 555
503 557
503 558
504 506
504 558
504 561
505 506
506 558
506 559
506 560
506 561
506 562
506 564
507 508
507 509
507 510
507 565
507 566
507 567
508 510
508 566
509 510
509 511
509 567
510 511
510 512
510 566
510 567
510 568
510 570
510 571
510 572
510 573
511 512
511 567
511 569
511 570
511 575
511 576
511 577
512 570
512 572
512 576
513 514
513 515
513 516
514 516
514 517
514 581
515 516
515 519
515 592
516 517
516 518
516 519
516 520
516 521
516 581
516 583
516 584
516 592
516 594
517 518
517 524
517 581
517 582
517 584
517 585
517 586
518 521
518 524
518 584
519 520
519 526
519 527
519 592
519 593
519 594
519 599
520 521
520 527
520 594
521 523
521 524
521 525
521 527
521 528
521 530
521 584
521 594
521 595
521 596
521 601
522 523
522 524
523 524
523 525
523 529
523 530
524 525
524 584
524 585
524 586
524 587
524 588
524 589
524 591
524 596
524 597
525 530
525 596
525 597
526 527
526 599
527 528
527 594
527 599
527 600
527 601
528 530
528 601
529 530
530 596
530 597
530 601
530 602
530 603
530 604
531 532
531 533
532 533
532 534
532 535
532 536
532 605
532 606
532 607
533 534
533 537
533 538
533 539
533 540
533 607
533 617
533 618
534 536
534 540
534 607
535 536
535 606
535 609
536 540
536 541
536 542
536 606
536 607
536 608
536 609
536 610
536 612
536 620
536 621
537 538
538 539
538 544
538 546
538 547
538 548
538 618
538 623
538 624
539 540
539 548
539 618
540 541
540 542
540 548
540 549
540 551
540 607
540 618
540 619
540 620
540 626
541 542
541 550
541 551
542 551
542 620
542 621
543 544
543 545
543 546
544 546
545 546
545 552
546 547
546 552
546 553
546 554
547 548
547 554
547 624
548 549
548 618
548 624
548 625
548 626
549 551
549 626
550 551
551 620
551 626
551 627
552 553
553 554
555 556
555 557
555 558
556 558
556 559
556 628
557 558
558 559
558 560
558 561
558 563
558 564
558 628
558 630
558 631
558 632
559 560
559 628
559 629
559 631
560 564
560 631
560 634
561 562
561 563
561 564
562 564
563 564
563 632
564 631
564 632
564 633
564 634
564 635
564 637
565 566
565 567
565 638
566 567
566 568
566 638
566 639
566 641
567 568
567 569
567 570
567 638
567 640
567 641
567 642
568 570
568 573
568 641
569 570
569 577
569 642
570 572
570 573
570 574
570 576
570 577
570 578
570 580
570 641
570 642
570 643
570 645
570 647
571 572
571 573
572 573
572 574
572 576
572 579
572 580
573 574
573 641
573 644
573 645
574 580
574 645
575 576
575 577
576 577
576 578
576 579
576 580
577 578
577 642
577 646
577 647
577 649
577 650
577 651
578 580
578 647
578 650
579 580
580 645
580 647
580 648
580 650
580 653
580 654
581 582
581 583
581 584
581 655
581 656
581 657
582 584
582 586
582 656
583 584
583 592
583 594
583 657
584 586
584 587
584 594
584 595
584 596
584 656
584 657
584 658
584 660
584 668
585 586
585 588
586 587
586 588
586 590
586 591
586 656
586 659
586 660
586 661
587 591
587 596
587 660
588 589
588 590
588 591
589 591
589 597
590 591
590 661
590 663
591 596
591 597
591 598
591 660
591 661
591 662
591 663
591 664
591 666
591 670
591 671
592 593
592 594
593 594
593 599
594 595
594 599
594 600
594 601
594 657
594 667
594 668
594 685
595 596
595 601
595 668
596 597
596 598
596 601
596 602
596 604
596 660
596 668
596 669
596 670
596 687
597 598
597 603
597 604
598 604
598 670
598 671
599 600
600 601
600 685
601 602
601 668
601 685
601 686
601 687
602 604
602 687
603 604
604 670
604 671
604 687
604 688
604 689
604 690
605 606
605 607
605 718
606 607
606 608
606 609
606 611
606 612
606 705
606 706
606 707
606 709
606 710
606 718
606 720
607 608
607 617
607 618
607 619
607 620
607 718
607 719
607 720
607 729
608 612
608 620
608 720
609 610
609 611
609 612
609 613
609 614
609 615
610 612
610 614
610 621
611 612
611 615
611 706
611 710
612 614
612 615
612 616
612 620
612 621
612 622
612 710
612 720
612 721
612 722
612 731
612 732
613 614
613 615
614 615
614 616
615 616
615 706
615 710
615 711
615 712
615 713
615 714
615 715
615 717
615 722
615 723
616 722
616 723
616 732
617 618
618 619
618 623
618 624
618 625
618 626
619 620
619 626
619 729
620 621
620 622
620 626
620 627
620 720
620 729
620 730
620 731
621 622
622 731
622 732
623 624
624 625
625 626
626 627
628 629
628 630
628 631
629 631
630 631
630 632
630 736
631 632
631 633
631 634
631 636
631 637
631 736
631 737
631 739
632 633
632 736
632 738
632 739
633 637
633 739
634 635
634 636
634 637
635 637
636 637
638 639
638 640
638 641
639 641
640 641
640 642
641 642
641 643
641 644
641 645
642 643
642 646
642 647
642 740
642 741
642 742
643 645
643 647
643 741
644 645
645 647
645 648
645 741
645 744
645 745
646 647
646 651
646 742
647 648
647 650
647 651
647 652
647 654
647 741
647 742
647 743
647 745
647 747
648 654
648 745
648 749
649 650
649 651
650 651
650 652
650 653
650 654
651 652
651 742
651 746
651 747
652 654
652 747
652 769
653 654
654 745
654 747
654 748
654 749
654 750
654 752
654 769
654 770
654 772
654 773
655 656
655 657
656 657
656 658
656 659
656 660
656 793
656 794
656 795
657 658
657 667
657 668
657 795
657 803
657 804
658 660
658 668
658 795
659 660
659 661
659 794
660 661
660 662
660 668
660 669
660 670
660 794
660 795
660 796
660 797
660 806
661 662
661 663
661 665
661 666
661 787
661 788
661 789
661 791
661 792
661 794
661 797
662 666
662 670
662 797
663 664
663 665
663 666
664 666
664 671
665 666
665 788
665 792
665 799
666 670
666 671
666 672
666 792
666 797
666 798
666 799
666 800
666 802
666 808
666 809
667 668
667 685
667 804
668 669
668 685
668 686
668 687
668 795
668 804
668 805
668 806
668 815
669 670
669 687
669 806
670 671
670 672
670 687
670 688
670 690
670 797
670 806
670 807
670 808
670 817
671 672
671 689
671 690
672 690
672 808
672 809
673 674
673 675
673 677
674 675
674 676
674 677
674 678
674 680
674 681
674 682
674 683
675 676
675 677
675 679
675 680
675 691
675 692
675 693
676 680
676 682
676 692
677 678
677 679
677 680
677 811
677 812
677 813
678 680
678 683
678 812
679 680
679 693
679 813
680 682
680 683
680 684
680 692
680 693
680 694
680 696
680 812
680 813
680 814
680 820
680 821
681 682
681 683
682 683
682 684
682 692
682 695
682 696
682 697
682 698
682 699
683 684
684 696
684 699
684 821
685 686
686 687
686 815
687 688
687 806
687 815
687 816
687 817
688 690
688 817
689 690
690 808
690 817
690 818
691 692
691 693
692 693
692 694
692 695
692 696
693 694
693 813
693 819
693 820
694 696
694 820
695 696
695 698
695 701
696 698
696 699
696 700
696 701
696 703
696 704
696 820
696 821
696 822
696 824
696 833
697 698
697 699
698 699
698 700
698 701
698 702
698 704
699 700
699 821
699 823
699 824
699 825
699 826
699 827
700 704
700 824
700 826
701 702
701 703
701 704
702 704
703 704
703 833
704 824
704 826
704 833
704 834
704 835
704 836
705 706
705 707
706 707
706 708
706 710
706 711
706 712
707 708
707 709
707 710
708 710
708 712
708 879
709 710
709 718
709 720
709 888
710 712
710 713
710 720
710 721
710 722
710 879
710 880
710 881
710 888
710 890
711 712
711 714
712 713
712 714
712 716
712 717
712 863
712 864
712 865
712 867
712 868
712 879
712 881
713 717
713 722
713 881
714 715
714 716
714 717
715 717
715 723
715 725
716 717
716 864
716 868
716 869
717 722
717 723
717 724
717 725
717 727
717 728
717 868
717 869
717 881
717 882
717 883
717 892
718 719
718 720
719 720
719 729
720 721
720 729
720 730
720 731
720 888
720 889
720 890
721 722
721 731
721 890
722 723
722 724
722 731
722 732
722 733
722 735
722 881
722 890
722 891
722 892
722 897
723 724
723 725
723 726
723 728
723 732
723 734
723 735
724 728
724 735
724 892
725 726
725 727
725 728
726 728
727 728
727 869
727 883
727 884
728 735
728 883
728 884
728 892
728 893
728 894
728 895
728 899
728 900
729 730
730 731
731 732
731 733
731 890
731 896
731 897
732 733
732 734
732 735
733 735
733 897
734 735
735 892
735 897
735 898
735 899
735 900
736 737
736 738
736 739
736 925
736 926
736 927
736 929
736 930
736 931
737 739
737 926
737 930
738 739
738 931
739 930
739 931
739 932
740 741
740 742
740 933
741 742
741 743
741 744
741 745
741 933
741 934
741 936
741 937
742 743
742 746
742 747
742 933
742 935
742 936
743 745
743 747
743 936
744 745
744 937
745 747
745 748
745 749
745 751
745 752
745 936
745 937
745 938
745 964
745 965
746 747
747 748
747 769
747 771
747 772
747 936
747 963
747 964
747 996
748 752
748 772
748 964
749 750
749 751
749 752
750 752
750 773
750 775
751 752
751 965
751 967
752 772
752 773
752 774
752 775
752 777
752 778
752 964
752 965
752 966
752 967
752 969
752 998
753 754
753 755
753 757
754 755
754 756
754 757
754 758
754 760
754 761
754 762
754 763
755 756
755 757
755 759
755 760
755 779
755 780
755 781
756 760
756 762
756 780
757 758
757 759
757 760
758 760
758 763
758 986
759 760
759 781
759 1016
760 762
760 763
760 764
760 780
760 781
760 782
760 784
760 986
760 988
760 989
760 1016
760 1018
761 762
761 763
761 765
762 763
762 764
762 765
762 766
762 768
762 780
762 783
762 784
762 785
763 764
763 765
763 767
763 768
763 986
763 987
763 989
763 990
764 768
764 784
764 989
765 766
765 767
765 768
766 768
766 785
767 768
767 990
767 992
768 784
768 785
768 786
768 989
768 990
768 991
768 992
768 993
768 995
768 1020
768 1021
769 770
769 771
769 772
770 772
770 773
771 772
771 996
772 773
772 774
772 964
772 996
772 997
772 998
772 1027
772 1028
772 1029
773 774
773 775
773 776
773 778
774 778
774 998
774 1028
775 776
775 777
775 778
776 778
777 778
777 967
777 969
777 1000
778 793
778 794
778 969
778 998
778 999
778 1000
778 1001
778 1003
778 1028
778 1031
779 780
779 781
780 781
780 782
780 783
780 784
781 782
781 1016
781 1017
781 1018
782 784
782 1018
783 784
783 785
784 785
784 786
784 989
784 1018
784 1019
784 1020
785 786
786 1020
786 1021
787 788
787 789
788 789
788 790
788 792
789 790
789 791
789 792
789 794
789 970
789 971
789 972
789 1001
789 1003
789 1004
789 1005
789 1033
790 792
790 971
790 1005
790 1006
791 792
791 794
791 797
791 1033
792 797
792 798
792 799
792 801
792 802
792 1005
792 1006
792 1033
792 1034
792 1035
792 1047
793 794
793 795
793 1028
793 1031
794 795
794 796
794 797
794 1001
794 1003
794 1031
794 1032
794 1033
794 1045
795 796
795 803
795 804
795 805
795 806
795 1031
795 1044
795 1045
795 1053
796 797
796 806
796 1045
797 798
797 806
797 807
797 808
797 1033
797 1045
797 1046
797 1047
797 1055
798 802
798 808
798 1047
799 800
799 801
799 802
800 802
800 809
801 802
801 1006
801 1035
801 1049
802 808
802 809
802 810
802 1035
802 1047
802 1048
802 1049
802 1050
802 1052
802 1057
803 804
804 805
805 806
805 815
805 1053
806 807
806 815
806 816
806 817
806 1045
806 1053
806 1054
806 1055
806 1058
807 808
807 817
807 1055
808 809
808 810
808 817
808 818
808 1047
808 1055
808 1056
808 1057
808 1060
809 810
810 1057
811 812
811 813
812 813
812 814
813 814
813 819
813 820
814 820
814 821
815 816
816 817
816 1058
817 818
817 1055
817 1058
817 1059
817 1060
818 1060
819 820
820 821
820 822
821 822
821 823
821 824
822 824
822 833
822 1075
823 824
823 827
823 1061
824 826
824 827
824 828
824 833
824 834
824 836
824 1061
824 1063
824 1064
824 1075
824 1077
825 826
825 827
825 829
826 827
826 828
826 829
826 830
826 832
826 835
826 836
826 837
827 828
827 829
827 831
827 832
827 1061
827 1062
827 1064
827 1065
828 832
828 836
828 1064
829 830
829 831
829 832
830 832
830 837
831 832
831 1065
831 1067
832 836
832 837
832 838
832 1064
832 1065
832 1066
832 1067
832 1068
832 1070
832 1079
832 1080
833 834
833 1075
833 1076
833 1077
834 836
834 1077
835 836
835 837
836 837
836 838
836 1064
836 1077
836 1078
836 1079
837 838
838 1079
838 1080
839 840
839 841
839 843
840 841
840 842
840 843
840 844
840 846
841 842
841 843
841 845
841 846
841 848
841 850
841 852
841 855
841 856
841 857
842 846
842 857
842 859
843 844
843 845
843 846
843 852
843 1084
843 1085
843 1086
843 1088
843 1089
844 846
844 1089
844 1091
845 846
845 852
845 856
845 1088
846 856
846 857
846 858
846 859
846 861
846 862
846 1088
846 1089
846 1090
846 1091
846 1093
846 1102
847 848
847 849
847 850
847 851
847 852
847 853
848 850
848 852
849 850
849 853
849 864
849 869
850 852
850 853
850 854
850 855
850 856
850 869
850 871
850 872
850 873
851 852
851 853
851 1098
852 853
852 854
852 856
852 1084
852 1085
852 1087
852 1088
852 1098
852 1100
853 854
853 864
853 866
853 868
853 869
853 870
853 872
853 1098
853 1099
853 1100
853 1106
853 1108
854 856
854 872
854 1100
855 856
855 857
855 873
856 857
856 858
856 872
856 873
856 874
856 876
856 1088
856 1100
856 1101
856 1102
856 1110
857 858
857 859
857 860
857 862
857 873
857 875
857 876
857 877
858 862
858 876
858 1102
859 860
859 861
859 862
860 862
860 877
861 862
861 1091
861 1093
861 1095
862 876
862 877
862 878
862 1093
862 1095
862 1102
862 1103
862 1104
862 1105
862 1112
863 864
863 865
864 865
864 866
864 868
864 869
865 866
865 867
865 868
866 868
866 1106
867 868
867 879
867 881
867 1113
868 869
868 870
868 881
868 882
868 883
868 1106
868 1107
868 1108
868 1113
868 1115
869 870
869 871
869 872
869 883
869 884
870 872
870 883
870 1108
871 872
871 873
871 884
872 873
872 874
872 883
872 884
872 885
872 887
872 1100
872 1108
872 1109
872 1110
872 1117
873 874
873 875
873 876
873 884
873 886
873 887
874 876
874 887
874 1110
875 876
875 877
876 877
876 878
876 887
876 1102
876 1110
876 1111
876 1112
876 1119
876 1120
877 878
878 1112
879 880
879 881
880 881
880 888
880 890
880 1121
881 882
881 890
881 891
881 892
881 1113
881 1114
881 1115
881 1121
881 1123
882 883
882 892
882 1115
883 884
883 885
883 892
883 893
883 895
883 1108
883 1115
883 1116
883 1117
883 1125
884 885
884 886
884 887
884 894
884 895
885 887
885 895
885 1117
886 887
887 1110
887 1117
887 1118
887 1119
887 1120
888 889
888 890
889 890
890 891
890 896
890 897
890 1121
890 1122
890 1123
890 1127
891 892
891 897
891 1123
892 893
892 897
892 898
892 900
892 1115
892 1123
892 1124
892 1125
892 1129
893 895
893 900
893 1125
894 895
895 1117
895 1125
895 1126
896 897
896 1127
896 1131
897 898
897 1123
897 1127
897 1128
897 1129
897 1131
897 1132
897 1134
897 1135
898 900
898 1129
898 1135
899 900
900 1125
900 1129
900 1130
901 902
901 903
901 905
902 903
902 904
902 905
902 906
902 908
902 909
902 910
902 911
903 904
903 905
903 907
903 908
903 917
903 918
903 919
904 908
904 910
904 918
905 906
905 907
905 908
905 1137
905 1138
905 1139
906 908
906 911
906 1138
907 908
907 919
907 1139
908 910
908 911
908 912
908 918
908 919
908 920
908 922
908 1138
908 1139
908 1140
908 1142
908 1144
909 910
909 911
909 913
910 911
910 912
910 913
910 914
910 916
910 918
910 921
910 922
910 923
911 912
911 913
911 915
911 916
911 1138
911 1141
911 1142
912 916
912 922
912 1142
913 914
913 915
913 916
914 916
914 923
915 916
916 922
916 923
916 924
916 1142
916 1146
916 1147
917 918
917 919
918 919
918 920
918 921
918 922
919 920
919 1139
919 1143
919 1144
920 922
920 1144
921 922
921 923
922 923
922 924
922 1142
922 1144
922 1145
922 1147
923 924
924 1147
925 926
925 927
926 927
926 928
926 930
927 928
927 929
927 930
927 1149
927 1151
927 1155
927 1156
927 1157
927 1158
927 1160
927 1163
927 1164
928 930
928 1164
928 1166
929 930
929 931
929 1160
929 1163
930 931
930 932
930 1163
930 1164
930 1165
930 1166
930 1167
930 1169
930 1171
930 1172
931 932
931 1163
931 1170
931 1171
932 1171
932 1172
933 934
933 935
933 936
934 936
934 937
935 936
936 937
936 938
936 963
936 964
937 938
938 964
938 965
939 940
939 941
939 943
940 941
940 942
940 943
940 944
940 946
940 947
940 948
940 949
941 942
941 943
941 945
941 946
941 970
941 971
941 972
942 946
942 948
942 971
943 944
943 945
943 946
944 946
944 949
945 946
945 972
945 1183
946 948
946 949
946 950
946 971
946 972
946 973
946 975
946 1183
946 1184
946 1186
946 1187
947 948
947 949
948 949
948 950
948 971
948 974
948 975
949 950
950 975
950 1187
951 952
951 953
951 955
952 953
952 954
952 955
952 956
952 958
952 959
952 960
952 961
953 954
953 955
953 957
953 958
953 976
953 977
953 978
953 979
953 981
953 982
954 958
954 960
954 982
955 956
955 957
955 958
955 979
955 1174
955 1175
955 1176
955 1178
955 1179
956 958
956 961
956 1179
957 958
957 979
957 981
957 1178
958 960
958 961
958 962
958 981
958 982
958 983
958 985
958 1178
958 1179
958 1180
958 1182
958 1195
959 960
959 961
960 961
960 962
960 982
960 984
960 985
961 962
961 1179
961 1181
961 1182
962 985
962 1182
963 964
963 996
964 965
964 966
964 996
964 997
964 998
964 1215
964 1216
964 1217
965 966
965 967
965 968
965 969
966 969
966 998
966 1216
967 968
967 969
968 969
969 998
969 999
969 1000
969 1002
969 1003
969 1216
969 1219
969 1220
969 1221
970 971
970 972
971 972
971 973
971 974
971 975
971 1005
971 1006
972 973
972 1002
972 1003
972 1004
972 1005
972 1183
972 1185
972 1186
972 1221
972 1223
973 975
973 1005
973 1186
974 975
974 1006
975 1005
975 1006
975 1007
975 1186
975 1187
975 1188
975 1225
975 1226
975 1227
975 1228
976 977
976 979
977 978
977 979
977 980
977 981
977 1008
977 1009
977 1010
978 981
978 982
978 1009
979 980
979 981
979 1174
979 1175
979 1177
979 1178
979 1189
979 1190
979 1191
979 1193
980 981
980 1010
980 1190
980 1193
981 982
981 983
981 1009
981 1010
981 1011
981 1013
981 1178
981 1193
981 1194
981 1195
981 1237
982 983
982 984
982 985
982 1009
982 1012
982 1013
982 1014
983 985
983 1013
983 1195
984 985
984 1014
985 1013
985 1014
985 1015
985 1182
985 1195
985 1196
985 1239
986 987
986 988
986 989
986 1016
986 1197
986 1198
986 1199
986 1201
986 1202
987 989
987 990
987 1202
988 989
988 1016
988 1018
988 1201
989 990
989 991
989 1018
989 1019
989 1020
989 1201
989 1202
989 1203
989 1205
989 1241
990 991
990 992
990 994
990 995
990 1202
990 1204
990 1205
990 1206
991 995
991 1020
991 1205
992 993
992 994
992 995
993 995
993 1021
993 1023
994 995
994 1206
994 1208
995 1020
995 1021
995 1022
995 1023
995 1025
995 1026
995 1205
995 1206
995 1207
995 1208
995 1210
995 1243
996 997
997 998
997 1029
997 1217
998 999
998 1028
998 1029
998 1030
998 1031
998 1216
998 1217
998 1218
998 1220
998 1248
999 1003
999 1031
999 1220
1000 1001
1000 1002
1000 1003
1001 1003
1002 1003
1002 1221
1003 1004
1003 1031
1003 1032
1003 1033
1003 1220
1003 1221
1003 1222
1003 1223
1003 1250
1004 1005
1004 1033
1004 1223
1005 1006
1005 1007
1005 1033
1005 1034
1005 1035
1005 1186
1005 1223
1005 1224
1005 1225
1005 1252
1006 1007
1006 1035
1007 1035
1007 1225
1007 1227
1008 1009
1008 1010
1008 1036
1009 1010
1009 1011
1009 1012
1009 1013
1009 1036
1009 1037
1009 1039
1009 1040
1010 1011
1010 1036
1010 1038
1010 1039
1010 1190
1010 1193
1010 1232
1010 1235
1010 1236
1010 1237
1010 1256
1010 1259
1011 1013
1011 1039
1011 1237
1012 1013
1012 1014
1012 1040
1013 1014
1013 1015
1013 1039
1013 1040
1013 1041
1013 1043
1013 1195
1013 1237
1013 1238
1013 1239
1013 1261
1014 1015
1014 1040
1014 1042
1014 1043
1015 1043
1015 1239
1015 1263
1016 1017
1016 1018
1016 1197
1016 1198
1016 1200
1016 1201
1017 1018
1018 1019
1018 1201
1018 1240
1018 1241
1019 1020
1019 1241
1020 1021
1020 1022
1020 1205
1020 1241
1020 1242
1020 1243
1020 1267
1020 1268
1020 1269
1021 1022
1021 1023
1021 1024
1021 1026
1022 1026
1022 1243
1022 1268
1023 1024
1023 1025
1023 1026
1024 1026
1025 1026
1025 1208
1025 1210
1025 1212
1026 1210
1026 1212
1026 1243
1026 1244
1026 1245
1026 1246
1026 1268
1026 1271
1026 1272
1027 1028
1027 1029
1028 1029
1028 1030
1028 1031
1029 1030
1029 1217
1029 1247
1029 1248
1030 1031
1030 1248
1031 1032
1031 1044
1031 1045
1031 1220
1031 1248
1031 1249
1031 1250
1031 1273
1032 1033
1032 1045
1032 1250
1033 1034
1033 1045
1033 1046
1033 1047
1033 1223
1033 1250
1033 1251
1033 1252
1033 1275
1034 1035
1034 1047
1034 1252
1035 1047
1035 1048
1035 1049
1035 1051
1035 1052
1035 1225
1035 1227
1035 1252
1035 1253
1035 1254
1035 1277
1036 1037
1036 1038
1036 1039
1037 1039
1037 1040
1038 1039
1038 1256
1038 1259
1038 1283
1039 1040
1039 1041
1039 1237
1039 1259
1039 1260
1039 1261
1039 1283
1039 1285
1039 1286
1039 1287
1040 1041
1040 1042
1040 1043
1041 1043
1041 1261
1041 1287
1042 1043
1043 1239
1043 1261
1043 1262
1043 1263
1043 1264
1043 1266
1043 1287
1043 1289
1043 1290
1043 1291
1044 1045
1044 1053
1044 1273
1045 1046
1045 1053
1045 1054
1045 1055
1045 1250
1045 1273
1045 1274
1045 1275
1045 1293
1046 1047
1046 1055
1046 1275
1047 1048
1047 1055
1047 1056
1047 1057
1047 1252
1047 1275
1047 1276
1047 1277
1047 1295
1048 1052
1048 1057
1048 1277
1049 1050
1049 1051
1049 1052
1050 1052
1051 1052
1051 1227
1051 1254
1052 1057
1052 1254
1052 1277
1052 1278
1052 1297
1052 1298
1053 1054
1054 1055
1054 1058
1054 1293
1055 1056
1055 1058
1055 1059
1055 1060
1055 1275
1055 1293
1055 1294
1055 1295
1056 1057
1056 1060
1056 1295
1057 1277
1057 1295
1057 1296
1057 1297
1057 1298
1058 1059
1059 1060
1061 1062
1061 1063
1061 1064
1062 1064
1062 1065
1062 1311
1063 1064
1063 1075
1063 1077
1064 1065
1064 1066
1064 1077
1064 1078
1064 1079
1064 1311
1064 1313
1064 1314
1064 1338
1065 1066
1065 1067
1065 1069
1065 1070
1065 1311
1065 1312
1065 1314
1065 1315
1066 1070
1066 1079
1066 1314
1067 1068
1067 1069
1067 1070
1067 1071
1067 1072
1067 1073
1068 1070
1068 1072
1068 1080
1069 1070
1069 1073
1069 1315
1070 1072
1070 1073
1070 1074
1070 1079
1070 1080
1070 1081
1070 1083
1070 1314
1070 1315
1070 1316
1070 1318
1070 1340
1071 1072
1071 1073
1072 1073
1072 1074
1072 1080
1072 1082
1072 1083
1073 1074
1073 1315
1073 1317
1073 1318
1073 1319
1073 1320
1073 1321
1074 1083
1074 1318
1074 1320
1075 1076
1075 1077
1076 1077
1077 1078
1078 1079
1078 1338
1079 1080
1079 1081
1079 1314
1079 1338
1079 1339
1079 1340
1080 1081
1080 1082
1080 1083
1081 1083
1081 1340
1082 1083
1083 1318
1083 1320
1083 1340
1083 1341
1083 1342
1083 1343
1084 1085
1085 1086
1085 1087
1085 1088
1085 1346
1085 1347
1085 1348
1086 1088
1086 1089
1086 1347
1087 1088
1087 1098
1087 1100
1087 1348
1088 1089
1088 1090
1088 1100
1088 1101
1088 1102
1088 1347
1088 1348
1088 1349
1088 1350
1088 1360
1089 1090
1089 1091
1089 1092
1089 1093
1089 1301
1089 1327
1089 1328
1089 1329
1089 1330
1089 1347
1089 1350
1090 1093
1090 1102
1090 1350
1091 1092
1091 1093
1091 1094
1091 1095
1091 1096
1092 1093
1092 1096
1092 1301
1092 1330
1093 1095
1093 1096
1093 1097
1093 1102
1093 1103
1093 1105
1093 1330
1093 1350
1093 1351
1093 1352
1093 1362
1094 1095
1094 1096
1095 1096
1095 1097
1095 1104
1095 1105
1096 1097
1096 1301
1096 1302
1096 1306
1096 1308
1096 1330
1096 1331
1096 1332
1096 1333
1096 1352
1096 1353
1097 1105
1097 1352
1097 1353
1098 1099
1098 1100
1098 1348
1098 1357
1098 1358
1099 1100
1099 1106
1099 1108
1099 1358
1100 1101
1100 1108
1100 1109
1100 1110
1100 1348
1100 1358
1100 1359
1100 1360
1100 1369
1101 1102
1101 1110
1101 1360
1102 1103
1102 1110
1102 1111
1102 1112
1102 1350
1102 1360
1102 1361
1102 1362
1102 1371
1103 1105
1103 1112
1103 1362
1104 1105
1105 1352
1105 1353
1105 1362
1105 1363
1105 1364
1105 1365
1106 1107
1106 1108
1106 1358
1106 1366
1106 1367
1107 1108
1107 1113
1107 1115
1107 1367
1108 1109
1108 1115
1108 1116
1108 1117
1108 1358
1108 1367
1108 1368
1108 1369
1108 1374
1109 1110
1109 1117
1109 1369
1110 1111
1110 1117
1110 1118
1110 1120
1110 1360
1110 1369
1110 1370
1110 1371
1111 1112
1111 1120
1111 1371
1112 1362
1112 1371
1112 1372
1113 1114
1113 1115
1114 1115
1114 1121
1114 1123
1115 1116
1115 1123
1115 1124
1115 1125
1115 1367
1115 1373
1115 1374
1116 1117
1116 1125
1116 1374
1117 1118
1117 1125
1117 1126
1117 1369
1117 1374
1117 1375
1118 1120
1119 1120
1121 1122
1121 1123
1122 1123
1122 1127
1122 1376
1123 1124
1123 1127
1123 1128
1123 1129
1123 1376
1123 1377
1123 1379
1124 1125
1124 1129
1125 1126
1125 1129
1125 1130
1127 1128
1127 1131
1127 1133
1127 1134
1127 1376
1127 1378
1127 1379
1127 1380
1128 1129
1128 1134
1128 1379
1129 1130
1129 1134
1129 1135
1129 1136
1131 1132
1131 1133
1131 1134
1132 1134
1132 1135
1133 1134
1133 1380
1134 1135
1134 1136
1134 1379
1134 1380
1134 1381
1135 1136
1137 1138
1137 1139
1138 1139
1138 1140
1138 1141
1138 1142
1139 1140
1139 1143
1139 1144
1139 1382
1139 1383
1139 1384
1140 1142
1140 1144
1140 1383
1141 1142
1142 1144
1142 1145
1142 1146
1142 1147
1142 1383
1142 1386
1142 1387
1143 1144
1143 1384
1144 1145
1144 1383
1144 1384
1144 1385
1144 1387
1145 1147
1145 1387
1146 1147
1148 1149
1148 1150
1148 1152
1149 1150
1149 1151
1149 1152
1149 1153
1149 1155
1149 1156
1149 1157
1150 1151
1150 1152
1150 1154
1150 1155
1150 1159
1150 1160
1150 1161
1151 1155
1151 1160
1152 1153
1152 1154
1152 1155
1152 1388
1152 1389
1152 1390
1152 1391
1152 1393
1152 1394
1153 1155
1153 1157
1153 1394
1154 1155
1154 1161
1154 1389
1154 1393
1155 1157
1155 1158
1155 1160
1155 1161
1155 1162
1155 1163
1155 1393
1155 1394
1155 1395
1155 1397
1155 1401
1156 1157
1157 1158
1157 1394
1157 1396
1157 1397
1158 1163
1158 1164
1158 1397
1159 1160
1159 1161
1160 1161
1160 1162
1160 1163
1161 1162
1161 1389
1161 1393
1161 1398
1161 1399
1161 1400
1161 1401
1162 1163
1162 1401
1163 1164
1163 1165
1163 1170
1163 1171
1163 1397
1163 1401
1163 1402
1163 1404
1163 1407
1164 1165
1164 1166
1164 1168
1164 1169
1164 1397
1164 1403
1164 1404
1164 1405
1165 1169
1165 1171
1165 1404
1166 1167
1166 1168
1166 1169
1167 1169
1167 1172
1168 1169
1168 1405
1169 1171
1169 1172
1169 1173
1169 1404
1169 1405
1169 1406
1169 1409
1169 1410
1169 1411
1169 1412
1170 1171
1170 1407
1171 1172
1171 1173
1171 1404
1171 1407
1171 1408
1171 1409
1172 1173
1173 1409
1173 1411
1174 1175
1175 1176
1175 1177
1175 1178
1175 1414
1175 1415
1175 1416
1176 1178
1176 1179
1176 1415
1177 1178
1177 1191
1177 1193
1177 1416
1178 1179
1178 1180
1178 1193
1178 1194
1178 1195
1178 1415
1178 1416
1178 1417
1178 1419
1178 1428
1179 1180
1179 1181
1179 1182
1179 1415
1179 1418
1179 1419
1179 1420
1180 1182
1180 1195
1180 1419
1181 1182
1181 1420
1182 1195
1182 1196
1182 1419
1182 1420
1182 1421
1182 1430
1183 1184
1183 1185
1183 1186
1184 1186
1184 1187
1185 1186
1185 1221
1185 1223
1185 1443
1186 1187
1186 1188
1186 1223
1186 1224
1186 1225
1187 1188
1188 1225
1188 1228
1189 1190
1189 1191
1190 1191
1190 1192
1190 1193
1190 1230
1190 1231
1190 1232
1190 1233
1190 1235
1191 1192
1191 1193
1191 1233
1191 1416
1191 1422
1191 1423
1191 1424
1191 1426
1192 1193
1192 1233
1192 1235
1192 1426
1193 1194
1193 1235
1193 1236
1193 1237
1193 1416
1193 1426
1193 1427
1193 1428
1193 1455
1194 1195
1194 1237
1194 1428
1195 1196
1195 1237
1195 1238
1195 1239
1195 1419
1195 1428
1195 1429
1195 1430
1195 1457
1196 1239
1196 1430
1196 1459
1197 1198
1198 1199
1198 1200
1198 1201
1199 1201
1199 1202
1200 1201
1201 1202
1201 1203
1201 1240
1201 1241
1202 1203
1202 1204
1202 1205
1203 1205
1203 1241
1204 1205
1204 1206
1205 1206
1205 1207
1205 1241
1205 1242
1205 1243
1206 1207
1206 1208
1206 1209
1206 1210
1206 1431
1206 1432
1206 1433
1207 1210
1207 1243
1207 1433
1208 1209
1208 1210
1208 1211
1208 1212
1208 1213
1209 1210
1209 1213
1209 1432
1210 1212
1210 1213
1210 1214
1210 1243
1210 1244
1210 1246
1210 1432
1210 1433
1210 1434
1210 1436
1210 1463
1211 1212
1211 1213
1212 1213
1212 1214
1212 1245
1212 1246
1213 1214
1213 1432
1213 1435
1213 1436
1214 1246
1214 1436
1214 1465
1215 1216
1215 1217
1216 1217
1216 1218
1216 1219
1216 1220
1216 1437
1216 1438
1216 1439
1217 1218
1217 1247
1217 1248
1218 1220
1218 1248
1218 1439
1219 1220
1219 1221
1219 1438
1220 1221
1220 1222
1220 1248
1220 1249
1220 1250
1220 1438
1220 1439
1220 1440
1220 1442
1220 1474
1221 1222
1221 1223
1221 1438
1221 1441
1221 1442
1221 1443
1222 1223
1222 1250
1222 1442
1223 1224
1223 1250
1223 1251
1223 1252
1223 1442
1223 1443
1223 1444
1223 1476
1223 1477
1224 1225
1224 1252
1224 1477
1225 1227
1225 1228
1225 1229
1225 1252
1225 1253
1225 1254
1225 1477
1225 1479
1225 1480
1225 1481
1226 1227
1226 1228
1227 1228
1227 1229
1227 1254
1228 1229
1229 1254
1229 1481
1229 1483
1230 1231
1230 1233
1231 1232
1231 1233
1231 1234
1231 1235
1231 1255
1231 1256
1231 1257
1232 1235
1232 1256
1233 1234
1233 1235
1233 1422
1233 1423
1233 1425
1233 1426
1233 1446
1233 1448
1233 1450
1233 1453
1234 1235
1234 1257
1234 1448
1234 1453
1235 1236
1235 1256
1235 1257
1235 1258
1235 1259
1235 1426
1235 1453
1235 1454
1235 1455
1235 1496
1236 1237
1236 1259
1236 1455
1237 1238
1237 1259
1237 1260
1237 1261
1237 1428
1237 1455
1237 1456
1237 1457
1237 1498
1238 1239
1238 1261
1238 1457
1239 1261
1239 1262
1239 1263
1239 1265
1239 1266
1239 1430
1239 1457
1239 1458
1239 1459
1239 1461
1239 1500
1240 1241
1241 1242
1242 1243
1242 1269
1243 1244
1243 1268
1243 1269
1243 1270
1243 1272
1243 1433
1243 1462
1243 1463
1244 1246
1244 1272
1244 1463
1245 1246
1246 1436
1246 1463
1246 1464
1246 1465
1246 1466
1246 1468
1246 1502
1246 1503
1246 1504
1247 1248
1247 1470
1247 1508
1247 1509
1248 1249
1248 1273
1248 1439
1248 1473
1248 1474
1248 1511
1248 1512
1249 1250
1249 1273
1249 1474
1250 1251
1250 1273
1250 1274
1250 1275
1250 1442
1250 1474
1250 1475
1250 1476
1250 1514
1251 1252
1251 1275
1251 1476
1252 1253
1252 1275
1252 1276
1252 1277
1252 1476
1252 1477
1252 1478
1252 1480
1252 1516
1253 1254
1253 1277
1253 1480
1254 1277
1254 1278
1254 1480
1254 1481
1254 1482
1254 1483
1254 1484
1254 1486
1254 1518
1254 1519
1255 1256
1255 1257
1255 1279
1256 1257
1256 1258
1256 1259
1256 1279
1256 1280
1256 1282
1256 1283
1257 1258
1257 1279
1257 1281
1257 1282
1257 1448
1257 1453
1257 1492
1257 1494
1257 1495
1257 1496
1257 1532
1257 1535
1258 1259
1258 1282
1258 1496
1259 1260
1259 1282
1259 1283
1259 1284
1259 1286
1259 1455
1259 1496
1259 1497
1259 1498
1259 1537
1260 1261
1260 1286
1260 1498
1261 1262
1261 1286
1261 1287
1261 1288
1261 1290
1261 1457
1261 1498
1261 1499
1261 1500
1261 1539
1262 1266
1262 1290
1262 1500
1263 1264
1263 1265
1263 1266
1264 1266
1264 1291
1265 1266
1265 1459
1265 1461
1266 1290
1266 1291
1266 1292
1266 1461
1266 1500
1266 1501
1266 1541
1267 1268
1267 1269
1268 1269
1268 1270
1268 1271
1268 1272
1269 1270
1270 1272
1271 1272
1273 1274
1273 1293
1273 1474
1273 1511
1273 1512
1273 1513
1273 1514
1273 1542
1273 1543
1273 1545
1274 1275
1274 1293
1274 1514
1275 1276
1275 1293
1275 1294
1275 1295
1275 1476
1275 1514
1275 1515
1275 1516
1275 1547
1276 1277
1276 1295
1276 1516
1277 1278
1277 1295
1277 1296
1277 1298
1277 1480
1277 1516
1277 1517
1277 1518
1277 1549
1278 1298
1278 1518
1278 1519
1279 1280
1279 1281
1279 1282
1280 1282
1280 1283
1281 1282
1281 1532
1281 1535
1281 1564
1282 1283
1282 1284
1282 1496
1282 1535
1282 1536
1282 1537
1282 1564
1282 1565
1282 1567
1282 1568
1283 1284
1283 1285
1283 1286
1284 1286
1284 1537
1284 1568
1285 1286
1285 1287
1286 1287
1286 1288
1286 1498
1286 1537
1286 1538
1286 1539
1286 1568
1286 1570
1286 1571
1286 1572
1287 1288
1287 1289
1287 1290
1288 1290
1288 1539
1288 1572
1289 1290
1289 1291
1290 1291
1290 1292
1290 1500
1290 1539
1290 1540
1290 1541
1291 1292
1292 1541
1293 1294
1293 1514
1293 1543
1293 1545
1293 1546
1293 1547
1293 1574
1293 1577
1293 1578
1293 1579
1294 1295
1294 1547
1294 1579
1295 1296
1295 1516
1295 1547
1295 1548
1295 1549
1295 1579
1295 1581
1295 1582
1295 1583
1296 1298
1296 1549
1296 1583
1297 1298
1298 1518
1298 1519
1298 1549
1298 1550
1298 1551
1298 1552
1299 1300
1299 1301
1299 1303
1300 1301
1300 1302
1300 1303
1300 1304
1300 1306
1300 1307
1300 1308
1300 1309
1301 1302
1301 1303
1301 1305
1301 1306
1301 1327
1301 1328
1301 1330
1302 1306
1302 1308
1303 1304
1303 1305
1303 1306
1303 1519
1303 1521
1303 1522
1303 1524
1303 1551
1303 1552
1303 1553
1303 1554
1303 1585
1304 1306
1304 1309
1304 1524
1304 1554
1305 1306
1305 1328
1305 1330
1305 1585
1306 1308
1306 1309
1306 1310
1306 1330
1306 1331
1306 1333
1306 1554
1306 1585
1306 1586
1306 1587
1306 1605
1307 1308
1307 1309
1308 1309
1308 1310
1308 1332
1308 1333
1308 1334
1308 1335
1308 1336
1309 1310
1309 1336
1309 1528
1309 1530
1309 1554
1309 1555
1309 1556
1309 1558
1309 1559
1309 1587
1310 1333
1310 1336
1310 1587
1311 1312
1311 1313
1311 1314
1312 1314
1312 1315
1313 1314
1313 1338
1314 1315
1314 1316
1314 1338
1314 1339
1314 1340
1315 1316
1315 1317
1315 1318
1315 1591
1315 1592
1315 1593
1316 1318
1316 1340
1316 1593
1317 1318
1317 1321
1317 1592
1318 1320
1318 1321
1318 1322
1318 1340
1318 1341
1318 1343
1318 1592
1318 1593
1318 1594
1318 1596
1318 1611
1319 1320
1319 1321
1319 1323
1320 1321
1320 1322
1320 1323
1320 1324
1320 1326
1320 1342
1320 1343
1320 1344
1321 1322
1321 1323
1321 1325
1321 1326
1321 1575
1321 1592
1321 1595
1321 1596
1322 1326
1322 1343
1322 1596
1323 1324
1323 1325
1323 1326
1324 1326
1324 1344
1325 1326
1325 1542
1325 1574
1325 1575
1326 1343
1326 1344
1326 1345
1326 1574
1326 1575
1326 1596
1326 1597
1326 1598
1326 1599
1326 1613
1327 1328
1328 1329
1328 1330
1328 1585
1328 1602
1328 1603
1329 1330
1329 1347
1329 1350
1329 1603
1330 1331
1330 1350
1330 1351
1330 1352
1330 1585
1330 1603
1330 1604
1330 1605
1330 1617
1331 1333
1331 1352
1331 1605
1332 1333
1332 1335
1332 1353
1333 1335
1333 1336
1333 1337
1333 1352
1333 1353
1333 1354
1333 1356
1333 1587
1333 1605
1333 1606
1333 1607
1333 1619
1334 1335
1334 1336
1335 1336
1335 1337
1335 1353
1335 1355
1335 1356
1336 1337
1336 1556
1336 1559
1336 1561
1336 1587
1336 1588
1336 1589
1336 1590
1336 1607
1336 1608
1337 1356
1337 1607
1337 1608
1338 1339
1339 1340
1340 1341
1340 1593
1340 1610
1340 1611
1341 1343
1341 1611
1342 1343
1342 1344
1343 1344
1343 1345
1343 1596
1343 1611
1343 1612
1343 1613
1344 1345
1345 1613
1346 1347
1346 1348
1347 1348
1347 1349
1347 1350
1347 1603
1347 1614
1347 1615
1348 1349
1348 1357
1348 1358
1348 1359
1348 1360
1349 1350
1349 1360
1349 1615
1350 1351
1350 1360
1350 1361
1350 1362
1350 1603
1350 1615
1350 1616
1350 1617
1350 1622
1351 1352
1351 1362
1351 1617
1352 1353
1352 1354
1352 1362
1352 1363
1352 1365
1352 1605
1352 1617
1352 1618
1352 1619
1352 1624
1353 1354
1353 1355
1353 1356
1353 1364
1353 1365
1354 1356
1354 1365
1354 1619
1355 1356
1356 1607
1356 1619
1356 1620
1357 1358
1358 1359
1358 1366
1358 1367
1358 1368
1358 1369
1359 1360
1359 1369
1360 1361
1360 1369
1360 1370
1360 1371
1360 1615
1360 1621
1360 1622
1361 1362
1361 1371
1361 1622
1362 1363
1362 1371
1362 1372
1362 1617
1362 1622
1362 1623
1362 1624
1362 1627
1363 1365
1363 1624
1364 1365
1365 1619
1365 1624
1365 1625
1366 1367
1367 1368
1367 1373
1367 1374
1368 1369
1368 1374
1369 1370
1369 1374
1369 1375
1370 1371
1371 1372
1371 1622
1371 1626
1371 1627
1372 1627
1373 1374
1374 1375
1376 1377
1376 1378
1376 1379
1377 1379
1378 1379
1378 1380
1379 1380
1379 1381
1380 1381
1382 1383
1382 1384
1382 1628
1382 1632
1383 1384
1383 1385
1383 1386
1383 1387
1383 1628
1383 1629
1383 1631
1383 1632
1383 1633
1383 1635
1383 1636
1384 1385
1384 1632
1384 1634
1384 1635
1385 1387
1385 1635
1385 1642
1386 1387
1386 1636
1386 1638
1387 1635
1387 1636
1387 1637
1387 1638
1387 1639
1387 1641
1387 1642
1387 1643
1387 1645
1387 1646
1388 1389
1388 1390
1389 1390
1389 1392
1389 1393
1389 1398
1389 1399
1390 1391
1390 1392
1390 1393
1391 1393
1391 1394
1392 1393
1392 1399
1393 1394
1393 1395
1393 1399
1393 1400
1393 1401
1394 1395
1394 1396
1394 1397
1395 1397
1395 1401
1396 1397
1397 1401
1397 1402
1397 1403
1397 1404
1397 1648
1397 1649
1397 1650
1398 1399
1399 1400
1400 1401
1401 1402
1402 1404
1402 1407
1402 1650
1403 1404
1403 1405
1403 1649
1404 1405
1404 1406
1404 1407
1404 1408
1404 1409
1404 1649
1404 1650
1404 1651
1404 1653
1404 1659
1405 1406
1405 1649
1405 1652
1405 1653
1406 1409
1406 1412
1406 1653
1407 1408
1407 1650
1407 1658
1407 1659
1408 1409
1408 1659
1408 1667
1409 1411
1409 1412
1409 1413
1409 1653
1409 1659
1409 1660
1409 1662
1409 1667
1409 1668
1409 1670
1409 1671
1410 1411
1410 1412
1411 1412
1411 1413
1412 1413
1412 1653
1412 1661
1412 1662
1412 1663
1412 1664
1412 1665
1413 1662
1413 1664
1413 1671
1414 1415
1414 1416
1414 1675
1415 1416
1415 1417
1415 1418
1415 1419
1415 1675
1415 1676
1415 1678
1415 1679
1416 1417
1416 1424
1416 1426
1416 1427
1416 1428
1416 1675
1416 1677
1416 1678
1416 1691
1416 1693
1417 1419
1417 1428
1417 1678
1418 1419
1418 1420
1418 1679
1419 1420
1419 1421
1419 1428
1419 1429
1419 1430
1419 1678
1419 1679
1419 1680
1419 1682
1419 1695
1420 1421
1420 1679
1420 1681
1420 1682
1421 1430
1421 1682
1422 1423
1423 1424
1423 1425
1423 1426
1423 1450
1423 1684
1423 1686
1423 1689
1423 1690
1423 1691
1424 1426
1424 1691
1425 1426
1425 1450
1425 1453
1425 1690
1426 1427
1426 1453
1426 1454
1426 1455
1426 1690
1426 1691
1426 1692
1426 1693
1426 1712
1427 1428
1427 1455
1427 1693
1428 1429
1428 1455
1428 1456
1428 1457
1428 1678
1428 1693
1428 1694
1428 1695
1428 1714
1429 1430
1429 1457
1429 1695
1430 1457
1430 1458
1430 1459
1430 1460
1430 1461
1430 1682
1430 1695
1430 1696
1430 1716
1430 1717
1431 1432
1431 1433
1432 1433
1432 1434
1432 1435
1432 1436
1433 1434
1433 1462
1433 1463
1434 1436
1434 1463
1434 1719
1435 1436
1436 1463
1436 1464
1436 1465
1436 1467
1436 1468
1436 1719
1436 1720
1436 1722
1436 1723
1437 1438
1437 1439
1438 1439
1438 1440
1438 1441
1438 1442
1439 1440
1439 1473
1439 1474
1439 1509
1439 1727
1439 1728
1439 1730
1439 1731
1439 1732
1440 1442
1440 1474
1440 1732
1441 1442
1441 1443
1442 1443
1442 1444
1442 1474
1442 1475
1442 1476
1442 1732
1442 1734
1442 1735
1442 1736
1443 1444
1444 1476
1444 1477
1444 1736
1445 1446
1445 1447
1445 1448
1445 1449
1445 1450
1445 1451
1446 1448
1446 1450
1447 1448
1447 1451
1447 1491
1448 1450
1448 1451
1448 1452
1448 1453
1448 1491
1448 1492
1448 1494
1449 1450
1449 1451
1449 1683
1449 1687
1449 1705
1450 1451
1450 1452
1450 1453
1450 1683
1450 1684
1450 1686
1450 1687
1450 1688
1450 1690
1450 1710
1451 1452
1451 1491
1451 1493
1451 1494
1451 1687
1451 1705
1451 1706
1451 1708
1451 1709
1451 1710
1451 1766
1451 1768
1452 1453
1452 1494
1452 1710
1453 1454
1453 1494
1453 1495
1453 1496
1453 1690
1453 1710
1453 1711
1453 1712
1453 1770
1454 1455
1454 1496
1454 1712
1455 1456
1455 1496
1455 1497
1455 1498
1455 1693
1455 1712
1455 1713
1455 1714
1455 1772
1456 1457
1456 1498
1456 1714
1457 1458
1457 1498
1457 1499
1457 1500
1457 1695
1457 1714
1457 1715
1457 1716
1457 1774
1458 1461
1458 1500
1458 1716
1459 1460
1459 1461
1460 1461
1460 1717
1461 1500
1461 1501
1461 1716
1461 1717
1461 1718
1461 1776
1462 1463
1463 1464
1463 1719
1463 1721
1463 1722
1464 1468
1464 1504
1464 1722
1465 1466
1465 1467
1465 1468
1465 1469
1465 1470
1465 1471
1466 1468
1466 1470
1466 1503
1467 1468
1467 1471
1467 1723
1468 1470
1468 1471
1468 1472
1468 1503
1468 1504
1468 1505
1468 1507
1468 1722
1468 1723
1468 1724
1468 1726
1468 1778
1469 1470
1469 1471
1470 1471
1470 1472
1470 1503
1470 1506
1470 1507
1470 1508
1470 1509
1471 1472
1471 1509
1471 1723
1471 1725
1471 1726
1471 1727
1471 1728
1472 1507
1472 1509
1472 1726
1473 1474
1473 1509
1473 1512
1473 1731
1474 1475
1474 1512
1474 1513
1474 1514
1474 1731
1474 1732
1474 1733
1474 1735
1474 1782
1475 1476
1475 1514
1475 1735
1476 1477
1476 1478
1476 1514
1476 1515
1476 1516
1476 1735
1476 1736
1476 1737
1476 1739
1476 1784
1477 1478
1477 1479
1477 1480
1477 1736
1477 1738
1477 1739
1477 1740
1478 1480
1478 1516
1478 1739
1479 1480
1479 1481
1479 1740
1480 1481
1480 1482
1480 1516
1480 1517
1480 1518
1480 1739
1480 1740
1480 1741
1480 1743
1480 1786
1481 1482
1481 1483
1481 1485
1481 1486
1481 1740
1481 1742
1481 1743
1481 1744
1482 1486
1482 1518
1482 1743
1483 1484
1483 1485
1483 1486
1483 1487
1483 1488
1483 1489
1484 1486
1484 1488
1484 1519
1485 1486
1485 1489
1485 1744
1486 1488
1486 1489
1486 1490
1486 1518
1486 1519
1486 1520
1486 1522
1486 1743
1486 1744
1486 1745
1486 1747
1486 1788
1487 1488
1487 1489
1488 1489
1488 1490
1488 1519
1488 1521
1488 1522
1488 1523
1488 1524
1488 1525
1489 1490
1489 1525
1489 1744
1489 1746
1489 1747
1489 1748
1489 1749
1490 1522
1490 1525
1490 1747
1491 1492
1491 1493
1491 1494
1491 1531
1491 1532
1491 1533
1492 1494
1492 1532
1493 1494
1493 1533
1493 1766
1493 1768
1494 1495
1494 1532
1494 1533
1494 1534
1494 1535
1494 1710
1494 1768
1494 1769
1494 1770
1494 1801
1495 1496
1495 1535
1495 1770
1496 1497
1496 1535
1496 1536
1496 1537
1496 1712
1496 1770
1496 1771
1496 1772
1496 1803
1497 1498
1497 1537
1497 1772
1498 1499
1498 1537
1498 1538
1498 1539
1498 1714
1498 1772
1498 1773
1498 1774
1498 1805
1499 1500
1499 1539
1499 1774
1500 1501
1500 1539
1500 1540
1500 1541
1500 1716
1500 1774
1500 1775
1500 1776
1500 1807
1501 1541
1501 1776
1502 1503
1502 1504
1503 1504
1503 1505
1503 1506
1503 1507
1504 1505
1504 1722
1504 1777
1504 1778
1505 1507
1505 1778
1506 1507
1506 1508
1507 1508
1507 1509
1507 1510
1507 1726
1507 1778
1507 1779
1507 1780
1508 1509
1508 1510
1509 1510
1509 1512
1509 1726
1509 1727
1509 1728
1509 1729
1509 1731
1509 1780
1510 1512
1510 1780
1511 1512
1511 1542
1512 1513
1512 1542
1512 1544
1512 1545
1512 1731
1512 1780
1512 1781
1512 1782
1512 1809
1513 1514
1513 1545
1513 1782
1514 1515
1514 1545
1514 1546
1514 1547
1514 1735
1514 1782
1514 1783
1514 1784
1514 1811
1515 1516
1515 1547
1515 1784
1516 1517
1516 1547
1516 1548
1516 1549
1516 1739
1516 1784
1516 1785
1516 1786
1516 1813
1517 1518
1517 1549
1517 1786
1518 1519
1518 1520
1518 1549
1518 1550
1518 1552
1518 1743
1518 1786
1518 1787
1518 1788
1518 1815
1519 1520
1519 1521
1519 1522
1519 1551
1519 1552
1520 1522
1520 1552
1520 1788
1521 1522
1521 1524
1522 1524
1522 1525
1522 1526
1522 1552
1522 1553
1522 1554
1522 1747
1522 1788
1522 1789
1522 1790
1522 1817
1523 1524
1523 1525
1523 1527
1524 1525
1524 1526
1524 1527
1524 1528
1524 1530
1524 1554
1525 1526
1525 1527
1525 1529
1525 1530
1525 1747
1525 1748
1525 1749
1525 1750
1525 1751
1525 1753
1525 1790
1526 1530
1526 1554
1526 1790
1527 1528
1527 1529
1527 1530
1528 1530
1528 1555
1529 1530
1529 1751
1529 1753
1529 1755
1530 1554
1530 1555
1530 1557
1530 1558
1530 1559
1530 1753
1530 1755
1530 1790
1530 1791
1530 1792
1530 1819
1531 1532
1531 1533
1532 1533
1532 1534
1532 1535
1533 1534
1533 1766
1533 1768
1533 1798
1533 1799
1533 1800
1533 1801
1533 1826
1533 1828
1533 1829
1533 1830
1534 1535
1534 1801
1534 1830
1535 1536
1535 1564
1535 1566
1535 1567
1535 1770
1535 1801
1535 1802
1535 1803
1535 1830
1535 1832
1536 1537
1536 1567
1536 1803
1537 1538
1537 1567
1537 1568
1537 1569
1537 1571
1537 1772
1537 1803
1537 1804
1537 1805
1537 1834
1538 1539
1538 1571
1538 1805
1539 1540
1539 1571
1539 1572
1539 1573
1539 1774
1539 1805
1539 1806
1539 1807
1539 1836
1540 1541
1540 1807
1541 1776
1541 1807
1541 1808
1542 1543
1542 1544
1542 1545
1542 1574
1542 1575
1543 1545
1543 1574
1544 1545
1544 1575
1544 1809
1544 1837
1545 1546
1545 1574
1545 1575
1545 1576
1545 1578
1545 1782
1545 1809
1545 1810
1545 1811
1545 1841
1546 1547
1546 1578
1546 1811
1547 1548
1547 1578
1547 1579
1547 1580
1547 1582
1547 1784
1547 1811
1547 1812
1547 1813
1547 1843
1548 1549
1548 1582
1548 1813
1549 1550
1549 1582
1549 1583
1549 1584
1549 1786
1549 1813
1549 1814
1549 1815
1549 1845
1549 1846
1550 1552
1550 1815
1550 1846
1551 1552
1552 1553
1552 1585
1552 1602
1552 1788
1552 1815
1552 1816
1552 1817
1552 1846
1552 1848
1553 1554
1553 1585
1553 1817
1554 1558
1554 1585
1554 1586
1554 1587
1554 1790
1554 1817
1554 1818
1554 1819
1554 1850
1555 1556
1555 1557
1555 1559
1555 1560
1555 1561
1555 1562
1556 1559
1556 1561
1557 1559
1557 1562
1557 1755
1557 1792
1558 1559
1558 1587
1558 1819
1559 1561
1559 1562
1559 1563
1559 1587
1559 1588
1559 1590
1559 1792
1559 1819
1559 1820
1559 1821
1559 1852
1560 1561
1560 1562
1561 1562
1561 1563
1561 1589
1561 1590
1562 1563
1562 1755
1562 1759
1562 1761
1562 1762
1562 1792
1562 1793
1562 1794
1562 1795
1562 1821
1562 1822
1563 1590
1563 1821
1563 1822
1564 1565
1564 1566
1564 1567
1565 1567
1565 1568
1566 1567
1566 1830
1566 1832
1567 1568
1567 1569
1567 1803
1567 1832
1567 1833
1567 1834
1568 1569
1568 1570
1568 1571
1569 1571
1569 1834
1570 1571
1570 1572
1571 1572
1571 1573
1571 1805
1571 1834
1571 1835
1571 1836
1572 1573
1573 1836
1574 1575
1574 1576
1574 1577
1574 1578
1574 1598
1574 1599
1574 1600
1575 1576
1575 1595
1575 1596
1575 1597
1575 1599
1575 1809
1575 1837
1575 1839
1575 1840
1575 1841
1575 1859
1576 1578
1576 1599
1576 1841
1577 1578
1577 1579
1577 1600
1578 1579
1578 1580
1578 1599
1578 1600
1578 1601
1578 1811
1578 1841
1578 1842
1578 1843
1578 1861
1579 1580
1579 1581
1579 1582
1580 1582
1580 1843
1581 1582
1581 1583
1582 1583
1582 1584
1582 1813
1582 1843
1582 1844
1582 1845
1583 1584
1584 1845
1584 1846
1585 1586
1585 1602
1585 1603
1585 1604
1585 1605
1585 1817
1585 1848
1585 1849
1585 1850
1585 1863
1586 1587
1586 1605
1586 1850
1587 1588
1587 1605
1587 1606
1587 1607
1587 1819
1587 1850
1587 1851
1587 1852
1587 1865
1588 1590
1588 1607
1588 1852
1589 1590
1589 1608
1590 1607
1590 1608
1590 1609
1590 1821
1590 1822
1590 1852
1590 1853
1590 1854
1590 1855
1590 1867
1590 1868
1591 1592
1591 1593
1592 1593
1592 1594
1592 1595
1592 1596
1592 1839
1592 1856
1592 1857
1593 1594
1593 1610
1593 1611
1594 1596
1594 1611
1594 1857
1595 1596
1595 1837
1595 1839
1596 1597
1596 1611
1596 1612
1596 1613
1596 1839
1596 1857
1596 1858
1596 1859
1596 1871
1597 1599
1597 1613
1597 1859
1598 1599
1598 1600
1599 1600
1599 1601
1599 1613
1599 1841
1599 1859
1599 1860
1599 1861
1599 1873
1599 1874
1600 1601
1601 1861
1602 1603
1602 1846
1602 1848
1603 1604
1603 1614
1603 1615
1603 1616
1603 1617
1603 1848
1603 1862
1603 1863
1603 1875
1604 1605
1604 1617
1604 1863
1605 1606
1605 1617
1605 1618
1605 1619
1605 1850
1605 1863
1605 1864
1605 1865
1605 1877
1606 1607
1606 1619
1606 1865
1607 1608
1607 1609
1607 1619
1607 1620
1607 1852
1607 1865
1607 1866
1607 1867
1607 1879
1607 1880
1608 1609
1609 1867
1609 1868
1609 1880
1610 1611
1610 1882
1610 1884
1610 1886
1611 1612
1611 1857
1611 1870
1611 1871
1612 1613
1612 1871
1613 1859
1613 1871
1613 1872
1613 1873
1613 1874
1614 1615
1615 1616
1615 1621
1615 1622
1616 1617
1616 1622
1616 1875
1617 1618
1617 1622
1617 1623
1617 1624
1617 1863
1617 1875
1617 1876
1617 1877
1618 1619
1618 1624
1618 1877
1619 1620
1619 1624
1619 1625
1619 1865
1619 1877
1619 1878
1619 1879
1620 1879
1620 1880
1621 1622
1622 1623
1622 1626
1622 1627
1623 1624
1623 1627
1624 1625
1626 1627
1628 1629
1628 1630
1628 1631
1628 1632
1629 1631
1630 1631
1630 1632
1631 1632
1631 1633
1632 1633
1632 1634
1632 1635
1633 1635
1633 1636
1633 1915
1634 1635
1635 1636
1635 1637
1635 1642
1635 1644
1635 1645
1635 1915
1635 1917
1635 1918
1635 1921
1636 1637
1636 1638
1636 1640
1636 1641
1636 1915
1636 1916
1636 1918
1636 1919
1637 1641
1637 1645
1637 1918
1638 1639
1638 1640
1638 1641
1639 1641
1639 1646
1640 1641
1640 1919
1641 1645
1641 1646
1641 1647
1641 1918
1641 1919
1641 1920
1641 1923
1641 1924
1641 1925
1641 1926
1642 1643
1642 1644
1642 1645
1643 1645
1643 1646
1643 1654
1644 1645
1644 1921
1645 1646
1645 1647
1645 1654
1645 1656
1645 1657
1645 1918
1645 1921
1645 1922
1645 1923
1645 1928
1646 1647
1646 1654
1646 1655
1646 1657
1647 1657
1647 1923
1647 1925
1648 1649
1648 1650
1649 1650
1649 1651
1649 1652
1649 1653
1650 1651
1650 1658
1650 1659
1651 1653
1651 1659
1651 1932
1652 1653
1653 1659
1653 1660
1653 1661
1653 1662
1653 1932
1653 1933
1653 1935
1653 1936
1654 1655
1654 1656
1654 1657
1655 1657
1656 1657
1656 1665
1656 1928
1656 1940
1657 1923
1657 1925
1657 1928
1657 1929
1657 1930
1657 1931
1657 1940
1657 1942
1657 1943
1658 1659
1659 1660
1659 1667
1659 1669
1659 1670
1659 1932
1659 1934
1659 1935
1659 1944
1660 1662
1660 1670
1660 1935
1661 1662
1661 1665
1661 1936
1662 1664
1662 1665
1662 1666
1662 1670
1662 1671
1662 1672
1662 1674
1662 1935
1662 1936
1662 1937
1662 1939
1662 1946
1663 1664
1663 1665
1664 1665
1664 1666
1664 1671
1664 1673
1664 1674
1665 1666
1665 1928
1665 1936
1665 1938
1665 1939
1665 1940
1666 1674
1666 1939
1666 1940
1667 1668
1667 1669
1667 1670
1668 1670
1668 1671
1669 1670
1669 1944
1670 1671
1670 1672
1670 1935
1670 1944
1670 1945
1670 1946
1671 1672
1671 1673
1671 1674
1672 1674
1672 1946
1673 1674
1674 1939
1674 1940
1674 1946
1674 1947
1674 1948
1674 1949
1675 1676
1675 1677
1675 1678
1676 1678
1676 1679
1677 1678
1677 1691
1677 1693
1677 1964
1678 1679
1678 1680
1678 1693
1678 1694
1678 1695
1678 1964
1678 1966
1678 1967
1678 1968
1679 1680
1679 1681
1679 1682
1680 1682
1680 1695
1680 1968
1681 1682
1682 1695
1682 1696
1682 1968
1682 1970
1682 1971
1683 1684
1683 1685
1683 1686
1683 1687
1684 1686
1685 1686
1685 1687
1685 1951
1685 1956
1686 1687
1686 1688
1686 1689
1686 1690
1686 1956
1686 1958
1686 1959
1686 1960
1687 1688
1687 1705
1687 1707
1687 1708
1687 1709
1687 1710
1687 1951
1687 1955
1687 1956
1687 1957
1687 1959
1687 1997
1688 1690
1688 1710
1688 1959
1689 1690
1689 1691
1689 1960
1690 1691
1690 1692
1690 1710
1690 1711
1690 1712
1690 1959
1690 1960
1690 1961
1690 1963
1690 1999
1691 1692
1691 1693
1691 1960
1691 1962
1691 1963
1691 1964
1692 1693
1692 1712
1692 1963
1693 1694
1693 1712
1693 1713
1693 1714
1693 1963
1693 1964
1693 1965
1693 1967
1693 2001
1694 1695
1694 1714
1694 1967
1695 1696
1695 1714
1695 1715
1695 1716
1695 1967
1695 1968
1695 1969
1695 1971
1695 2003
1696 1716
1696 1717
1696 1971
1697 1698
1697 1699
1697 1700
1697 1701
1697 1702
1697 1703
1698 1700
1698 1702
1698 1705
1699 1700
1699 1703
1699 1758
1699 1762
1700 1702
1700 1703
1700 1704
1700 1705
1700 1706
1700 1708
1700 1762
1700 1764
1700 1765
1700 1766
1701 1702
1701 1703
1701 1990
1701 1992
1702 1703
1702 1704
1702 1705
1702 1707
1702 1708
1702 1950
1702 1951
1702 1952
1702 1954
1702 1955
1702 1992
1702 1995
1703 1704
1703 1758
1703 1760
1703 1761
1703 1762
1703 1763
1703 1765
1703 1990
1703 1992
1703 1993
1703 1994
1703 1995
1703 2032
1704 1708
1704 1765
1704 1995
1705 1706
1705 1707
1705 1708
1706 1708
1706 1766
1707 1708
1707 1951
1707 1955
1708 1709
1708 1765
1708 1766
1708 1767
1708 1768
1708 1955
1708 1995
1708 1996
1708 1997
1708 2034
1709 1710
1709 1768
1709 1997
1710 1711
1710 1768
1710 1769
1710 1770
1710 1959
1710 1997
1710 1998
1710 1999
1710 2036
1711 1712
1711 1770
1711 1999
1712 1713
1712 1770
1712 1771
1712 1772
1712 1963
1712 1999
1712 2000
1712 2001
1712 2038
1713 1714
1713 1772
1713 2001
1714 1715
1714 1772
1714 1773
1714 1774
1714 1967
1714 2001
1714 2002
1714 2003
1714 2040
1715 1716
1715 1774
1715 2003
1716 1717
1716 1718
1716 1774
1716 1775
1716 1776
1716 1971
1716 2003
1716 2004
1716 2006
1716 2042
1717 1718
1717 1971
1717 2005
1717 2006
1718 1776
1718 2006
1719 1720
1719 1721
1719 1722
1720 1722
1720 1723
1721 1722
1722 1723
1722 1724
1722 1777
1722 1778
1723 1724
1723 1725
1723 1726
1723 2007
1723 2008
1723 2009
1724 1726
1724 1778
1724 2009
1725 1726
1725 1728
1725 2008
1726 1728
1726 1729
1726 1778
1726 1779
1726 1780
1726 2008
1726 2009
1726 2010
1726 2011
1726 2044
1727 1728
1728 1729
1728 1730
1728 1731
1728 1972
1728 1973
1728 1974
1728 1976
1728 1977
1728 2008
1728 2011
1729 1731
1729 1780
1729 2011
1730 1731
1730 1732
1730 1973
1730 1977
1731 1732
1731 1733
1731 1780
1731 1781
1731 1782
1731 1977
1731 2011
1731 2012
1731 2013
1731 2046
1732 1733
1732 1734
1732 1735
1732 1973
1732 1977
1732 1978
1732 1979
1732 1980
1732 2013
1732 2014
1733 1735
1733 1782
1733 2013
1734 1735
1734 1736
1734 2014
1735 1736
1735 1737
1735 1782
1735 1783
1735 1784
1735 2013
1735 2014
1735 2015
1735 2017
1735 2048
1736 1737
1736 1738
1736 1739
1736 2014
1736 2016
1736 2017
1737 1739
1737 1784
1737 2017
1738 1739
1738 1740
1738 2018
1739 1740
1739 1741
1739 1784
1739 1785
1739 1786
1739 2017
1739 2018
1739 2020
1739 2021
1739 2050
1740 1741
1740 1742
1740 1743
1740 2018
1740 2019
1740 2021
1740 2022
1741 1743
1741 1786
1741 2021
1742 1743
1742 1744
1742 2022
1743 1744
1743 1745
1743 1786
1743 1787
1743 1788
1743 2021
1743 2022
1743 2023
1743 2025
1743 2052
1744 1745
1744 1746
1744 1747
1744 2022
1744 2024
1744 2025
1744 2026
1745 1747
1745 1788
1745 2025
1746 1747
1746 1749
1746 2026
1747 1749
1747 1750
1747 1788
1747 1789
1747 1790
1747 2025
1747 2026
1747 2027
1747 2028
1747 2054
1748 1749
1748 1751
1749 1750
1749 1751
1749 1752
1749 1753
1749 1981
1749 1982
1749 1983
1749 1985
1749 1986
1749 2026
1749 2028
1750 1753
1750 1790
1750 2028
1751 1752
1751 1753
1751 1754
1751 1755
1751 1756
1752 1753
1752 1756
1752 1982
1752 1986
1753 1755
1753 1756
1753 1757
1753 1790
1753 1791
1753 1792
1753 1986
1753 2028
1753 2029
1753 2030
1753 2056
1754 1755
1754 1756
1754 1758
1755 1756
1755 1757
1755 1758
1755 1759
1755 1761
1755 1792
1756 1757
1756 1758
1756 1760
1756 1761
1756 1982
1756 1986
1756 1987
1756 1988
1756 1989
1756 1993
1756 2030
1757 1761
1757 1792
1757 2030
1758 1759
1758 1760
1758 1761
1758 1762
1759 1761
1759 1762
1760 1761
1760 1990
1760 1993
1761 1762
1761 1763
1761 1792
1761 1793
1761 1795
1761 1993
1761 2030
1761 2031
1761 2032
1761 2058
1762 1763
1762 1764
1762 1765
1762 1794
1762 1795
1762 1796
1763 1765
1763 1795
1763 2032
1764 1765
1764 1766
1764 1796
1765 1766
1765 1767
1765 1795
1765 1796
1765 1797
1765 1799
1765 1995
1765 2032
1765 2033
1765 2034
1765 2060
1766 1767
1766 1768
1766 1796
1766 1798
1766 1799
1767 1768
1767 1799
1767 2034
1768 1769
1768 1799
1768 1800
1768 1801
1768 1997
1768 2034
1768 2035
1768 2036
1768 2062
1769 1770
1769 1801
1769 2036
1770 1771
1770 1801
1770 1802
1770 1803
1770 1999
1770 2036
1770 2037
1770 2038
1770 2064
1771 1772
1771 1803
1771 2038
1772 1773
1772 1803
1772 1804
1772 1805
1772 2001
1772 2038
1772 2039
1772 2040
1772 2066
1773 1774
1773 1805
1773 2040
1774 1775
1774 1805
1774 1806
1774 1807
1774 2003
1774 2040
1774 2041
1774 2042
1774 2068
1775 1776
1775 1807
1775 2042
1776 1807
1776 1808
1777 1778
1778 1779
1778 2009
1778 2043
1778 2044
1779 1780
1779 2044
1780 1781
1780 1809
1780 1838
1780 2011
1780 2044
1780 2045
1780 2046
1780 2070
1781 1782
1781 1809
1781 2046
1782 1783
1782 1809
1782 1810
1782 1811
1782 2013
1782 2046
1782 2047
1782 2048
1782 2072
1783 1784
1783 1811
1783 2048
1784 1785
1784 1811
1784 1812
1784 1813
1784 2017
1784 2048
1784 2049
1784 2050
1784 2074
1785 1786
1785 1813
1785 2050
1786 1787
1786 1813
1786 1814
1786 1815
1786 2021
1786 2050
1786 2051
1786 2052
1786 2076
1787 1788
1787 1815
1787 2052
1788 1789
1788 1815
1788 1816
1788 1817
1788 2025
1788 2052
1788 2053
1788 2054
1788 2078
1789 1790
1789 1817
1789 2054
1790 1791
1790 1817
1790 1818
1790 1819
1790 2028
1790 2054
1790 2055
1790 2056
1790 2080
1791 1792
1791 1819
1791 2056
1792 1793
1792 1819
1792 1820
1792 1821
1792 2030
1792 2056
1792 2057
1792 2058
1792 2082
1793 1795
1793 1821
1793 2058
1794 1795
1794 1796
1794 1822
1795 1796
1795 1797
1795 1821
1795 1822
1795 1823
1795 1825
1795 2032
1795 2058
1795 2059
1795 2060
1795 2084
1796 1797
1796 1798
1796 1799
1796 1822
1796 1824
1796 1825
1796 1826
1797 1799
1797 1825
1797 2060
1798 1799
1798 1826
1799 1800
1799 1825
1799 1826
1799 1827
1799 1829
1799 2034
1799 2060
1799 2061
1799 2062
1799 2086
1800 1801
1800 1829
1800 2062
1801 1802
1801 1829
1801 1830
1801 1831
1801 1832
1801 2036
1801 2062
1801 2063
1801 2064
1801 2088
1802 1803
1802 1832
1802 2064
1803 1804
1803 1832
1803 1833
1803 1834
1803 2038
1803 2064
1803 2065
1803 2066
1803 2090
1804 1805
1804 1834
1804 2066
1805 1806
1805 1834
1805 1835
1805 1836
1805 2040
1805 2066
1805 2067
1805 2068
1805 2092
1806 1807
1806 1836
1806 2068
1807 1808
1807 2042
1807 2068
1807 2069
1809 1810
1809 1837
1809 1838
1809 1839
1809 1840
1809 1841
1809 2046
1809 2070
1809 2071
1809 2072
1809 2094
1810 1811
1810 1841
1810 2072
1811 1812
1811 1841
1811 1842
1811 1843
1811 2048
1811 2072
1811 2073
1811 2074
1811 2096
1812 1813
1812 1843
1812 2074
1813 1814
1813 1843
1813 1844
1813 1845
1813 2050
1813 2074
1813 2075
1813 2076
1814 1815
1814 1845
1814 2076
1815 1816
1815 1845
1815 1846
1815 1847
1815 1848
1815 2052
1815 2076
1815 2077
1815 2078
1815 2098
1816 1817
1816 1848
1816 2078
1817 1818
1817 1848
1817 1849
1817 1850
1817 2054
1817 2078
1817 2079
1817 2080
1817 2100
1818 1819
1818 1850
1818 2080
1819 1820
1819 1850
1819 1851
1819 1852
1819 2056
1819 2080
1819 2081
1819 2082
1819 2102
1820 1821
1820 1852
1820 2082
1821 1822
1821 1823
1821 1852
1821 1853
1821 1855
1821 2058
1821 2082
1821 2083
1821 2084
1821 2104
1822 1823
1822 1824
1822 1825
1822 1854
1822 1855
1823 1825
1823 1855
1823 2084
1824 1825
1824 1826
1825 1826
1825 1827
1825 1855
1825 2060
1825 2084
1825 2085
1825 2086
1825 2106
1825 2107
1826 1827
1826 1828
1826 1829
1827 1829
1827 2086
1828 1829
1828 1830
1829 1830
1829 1831
1829 2062
1829 2086
1829 2087
1829 2088
1830 1831
1830 1832
1831 1832
1831 2088
1832 1833
1832 2064
1832 2088
1832 2089
1832 2090
1833 1834
1833 2090
1834 1835
1834 2066
1834 2090
1834 2091
1834 2092
1835 1836
1835 2092
1837 1838
1837 1839
1838 1839
1838 2070
1839 1840
1839 1856
1839 1857
1839 1858
1839 1859
1839 2070
1839 2093
1839 2094
1839 2108
1840 1841
1840 1859
1840 2094
1841 1842
1841 1859
1841 1860
1841 1861
1841 2072
1841 2094
1841 2095
1841 2096
1841 2110
1842 1843
1842 1861
1842 2096
1843 1844
1843 2074
1843 2096
1843 2097
1844 1845
1845 1846
1845 1847
1846 1847
1846 1848
1847 1848
1847 2098
1848 1849
1848 1862
1848 1863
1848 2078
1848 2098
1848 2099
1848 2100
1849 1850
1849 1863
1849 2100
1850 1851
1850 1863
1850 1864
1850 1865
1850 2080
1850 2100
1850 2101
1850 2102
1850 2112
1851 1852
1851 1865
1851 2102
1852 1853
1852 1865
1852 1866
1852 1867
1852 2082
1852 2102
1852 2103
1852 2104
1852 2114
1853 1855
1853 1867
1853 2104
1854 1855
1854 1868
1855 1867
1855 1868
1855 1869
1855 2084
1855 2104
1855 2105
1855 2106
1855 2107
1855 2116
1856 1857
1857 1858
1857 1870
1857 1871
1858 1859
1858 1871
1858 2108
1859 1860
1859 1871
1859 1872
1859 1874
1859 2094
1859 2108
1859 2109
1859 2110
1859 2118
1860 1861
1860 1874
1860 2110
1861 1874
1861 2096
1861 2110
1861 2111
1861 2120
1861 2121
1862 1863
1862 1875
1863 1864
1863 1875
1863 1876
1863 1877
1864 1865
1864 1877
1864 2112
1865 1866
1865 1877
1865 1878
1865 1879
1865 2102
1865 2112
1865 2113
1865 2114
1865 2123
1866 1867
1866 1879
1866 2114
1867 1868
1867 1869
1867 1879
1867 1880
1867 1881
1867 2104
1867 2114
1867 2115
1867 2116
1867 2125
1868 1869
1869 2116
1870 1871
1870 1886
1870 2130
1870 2131
1871 1872
1871 2108
1871 2117
1871 2118
1872 1874
1872 2118
1873 1874
1874 2110
1874 2118
1874 2119
1874 2120
1874 2121
1875 1876
1876 1877
1877 1878
1877 2112
1877 2122
1877 2123
1877 2133
1877 2134
1877 2135
1878 1879
1878 2123
1878 2134
1879 1880
1879 1881
1879 2114
1879 2123
1879 2124
1879 2125
1879 2134
1879 2137
1879 2138
1879 2139
1880 1881
1881 2125
1881 2139
1882 1883
1882 1884
1882 1885
1882 1886
1882 1887
1883 1884
1883 1887
1883 1889
1884 1886
1884 1887
1884 1888
1884 1889
1884 1890
1884 1892
1885 1886
1885 1887
1885 2126
1886 1887
1886 1888
1886 2126
1886 2127
1886 2129
1886 2130
1886 2131
1887 1888
1887 1889
1887 1891
1887 1892
1887 2126
1887 2128
1887 2129
1887 2141
1888 1892
1888 2129
1888 2130
1889 1890
1889 1891
1889 1892
1890 1892
1891 1892
1891 2141
1891 2145
1891 2147
1892 2129
1892 2130
1892 2141
1892 2142
1892 2143
1892 2144
1892 2147
1892 2151
1892 2152
1892 2153
1893 1894
1893 1895
1893 1896
1893 1897
1893 1898
1893 1899
1894 1896
1894 1898
1894 1901
1895 1896
1895 1899
1895 1905
1896 1898
1896 1899
1896 1900
1896 1901
1896 1902
1896 1904
1896 1905
1896 1906
1896 1908
1896 1909
1897 1898
1897 1899
1897 2159
1898 1899
1898 1900
1898 1901
1898 1903
1898 1904
1898 2146
1898 2147
1898 2149
1898 2155
1898 2156
1898 2159
1898 2161
1899 1900
1899 1905
1899 1907
1899 1908
1899 2159
1899 2160
1899 2161
1899 2163
1900 1904
1900 1908
1900 2161
1901 1902
1901 1903
1901 1904
1902 1904
1902 1909
1903 1904
1903 2147
1903 2156
1903 2157
1904 1908
1904 1909
1904 1910
1904 2156
1904 2161
1904 2162
1904 2165
1905 1906
1905 1907
1905 1908
1905 1911
1905 1912
1905 1913
1906 1908
1906 1909
1906 1912
1907 1908
1907 1913
1907 2163
1908 1909
1908 1910
1908 1912
1908 1913
1908 1914
1908 2161
1908 2163
1908 2164
1908 2165
1908 2167
1909 1910
1910 2165
1911 1912
1911 1913
1912 1913
1912 1914
1913 1914
1913 2163
1913 2166
1913 2167
1913 2168
1913 2169
1913 2170
1914 2167
1914 2169
1915 1916
1915 1917
1915 1918
1916 1918
1916 1919
1917 1918
1917 1921
1918 1919
1918 1920
1918 1921
1918 1922
1918 1923
1918 2180
1918 2181
1918 2182
1919 1920
1920 1923
1920 1926
1920 2181
1921 1922
1921 1928
1921 1936
1921 1938
1921 2182
1921 2186
1921 2187
1921 2188
1921 2190
1922 1923
1922 1928
1922 2182
1923 1925
1923 1926
1923 1927
1923 1928
1923 1929
1923 1931
1923 2181
1923 2182
1923 2183
1923 2185
1923 2192
1924 1925
1924 1926
1925 1926
1925 1927
1925 1930
1925 1931
1926 1927
1926 2181
1926 2184
1926 2185
1927 1931
1927 2185
1928 1929
1928 1938
1928 1939
1928 1940
1928 1941
1928 1943
1928 2182
1928 2190
1928 2191
1928 2192
1928 2196
1929 1931
1929 1943
1929 2192
1930 1931
1931 1943
1931 2185
1931 2192
1931 2193
1931 2198
1931 2199
1931 2200
1931 2201
1931 2202
1932 1933
1932 1934
1932 1935
1933 1935
1933 1936
1934 1935
1934 1944
1935 1936
1935 1937
1935 1944
1935 1945
1935 1946
1936 1937
1936 1938
1936 1939
1936 2186
1936 2187
1936 2189
1936 2190
1936 2194
1937 1939
1937 1946
1937 2194
1938 1939
1938 2190
1939 1940
1939 1941
1939 1946
1939 1947
1939 1949
1939 2190
1939 2194
1939 2195
1939 2196
1939 2205
1940 1941
1940 1942
1940 1943
1940 1948
1940 1949
1941 1943
1941 1949
1941 2196
1942 1943
1943 1949
1943 2192
1943 2196
1943 2197
1943 2198
1943 2199
1943 2207
1943 2208
1943 2209
1944 1945
1945 1946
1946 1947
1946 2194
1946 2204
1946 2205
1947 1949
1947 2205
1948 1949
1949 2196
1949 2205
1949 2206
1949 2207
1949 2208
1950 1951
1950 1952
1951 1952
1951 1953
1951 1955
1951 1956
1952 1953
1952 1954
1952 1955
1952 2248
1952 2249
1952 2250
1953 1955
1953 1956
1953 2249
1954 1955
1954 1992
1954 1995
1954 2250
1955 1956
1955 1957
1955 1995
1955 1996
1955 1997
1955 2249
1955 2250
1955 2251
1955 2252
1955 2272
1956 1957
1956 1958
1956 1959
1956 2229
1956 2230
1956 2231
1956 2233
1956 2234
1956 2249
1956 2252
1957 1959
1957 1997
1957 2252
1958 1959
1958 1960
1958 2230
1958 2234
1959 1960
1959 1961
1959 1997
1959 1998
1959 1999
1959 2234
1959 2252
1959 2253
1959 2255
1959 2274
1960 1961
1960 1962
1960 1963
1960 2234
1960 2254
1960 2255
1960 2256
1961 1963
1961 1999
1961 2255
1962 1963
1962 1964
1962 2256
1963 1964
1963 1965
1963 1999
1963 2000
1963 2001
1963 2255
1963 2256
1963 2257
1963 2259
1963 2276
1964 1965
1964 1966
1964 1967
1964 2256
1964 2258
1964 2259
1965 1967
1965 2001
1965 2259
1966 1967
1966 1968
1967 1968
1967 1969
1967 2001
1967 2002
1967 2003
1967 2259
1967 2278
1967 2279
1967 2280
1968 1969
1968 1970
1968 1971
1969 1971
1969 2003
1969 2280
1970 1971
1971 2003
1971 2004
1971 2005
1971 2006
1972 1973
1972 1974
1973 1974
1973 1975
1973 1977
1973 1978
1973 1979
1974 1975
1974 1976
1974 1977
1974 2008
1974 2235
1974 2236
1974 2237
1974 2239
1974 2240
1974 2241
1974 2242
1974 2244
1974 2261
1975 1977
1975 1979
1975 2242
1975 2244
1976 1977
1976 2008
1976 2011
1976 2261
1977 1979
1977 1980
1977 2011
1977 2012
1977 2013
1977 2244
1977 2261
1977 2262
1977 2263
1977 2283
1978 1979
1979 1980
1979 2014
1979 2242
1979 2244
1979 2245
1979 2246
1979 2247
1979 2263
1979 2264
1979 2265
1980 2013
1980 2014
1980 2263
1981 1982
1981 1983
1982 1983
1982 1984
1982 1986
1982 1987
1982 1988
1983 1984
1983 1985
1983 1986
1984 1986
1984 1988
1985 1986
1985 2026
1985 2028
1985 2290
1986 1988
1986 1989
1986 2028
1986 2029
1986 2030
1986 2290
1986 2292
1986 2293
1986 2294
1987 1988
1988 1989
1989 1993
1989 2030
1989 2294
1990 1991
1990 1992
1990 1993
1991 1992
1991 1993
1991 2267
1992 1993
1992 1994
1992 1995
1992 2250
1992 2267
1992 2268
1992 2270
1993 1994
1993 2030
1993 2031
1993 2032
1993 2267
1993 2269
1993 2270
1993 2294
1993 2296
1994 1995
1994 2032
1994 2270
1995 1996
1995 2032
1995 2033
1995 2034
1995 2250
1995 2270
1995 2271
1995 2272
1995 2298
1996 1997
1996 2034
1996 2272
1997 1998
1997 2034
1997 2035
1997 2036
1997 2252
1997 2272
1997 2273
1997 2274
1997 2300
1998 1999
1998 2036
1998 2274
1999 2000
1999 2036
1999 2037
1999 2038
1999 2255
1999 2274
1999 2275
1999 2276
1999 2302
2000 2001
2000 2038
2000 2276
2001 2002
2001 2038
2001 2039
2001 2040
2001 2259
2001 2276
2001 2277
2001 2279
2001 2304
2002 2003
2002 2040
2002 2279
2003 2004
2003 2040
2003 2041
2003 2042
2003 2279
2003 2280
2003 2281
2003 2306
2004 2006
2004 2042
2005 2006
2007 2008
2007 2009
2008 2009
2008 2010
2008 2011
2008 2237
2008 2240
2008 2260
2008 2261
2009 2010
2009 2043
2009 2044
2010 2011
2010 2044
2011 2012
2011 2044
2011 2045
2011 2046
2011 2261
2011 2282
2011 2283
2011 2307
2012 2013
2012 2046
2012 2283
2013 2014
2013 2015
2013 2046
2013 2047
2013 2048
2013 2263
2013 2283
2013 2284
2013 2285
2013 2309
2014 2015
2014 2016
2014 2017
2014 2263
2014 2264
2014 2265
2014 2266
2014 2285
2015 2017
2015 2048
2015 2285
2016 2017
2017 2020
2017 2048
2017 2049
2017 2050
2018 2019
2018 2020
2018 2021
2019 2021
2019 2022
2020 2021
2020 2050
2021 2022
2021 2023
2021 2050
2021 2051
2021 2052
2022 2023
2022 2024
2022 2025
2023 2025
2023 2052
2023 2311
2024 2025
2024 2026
2024 2286
2025 2026
2025 2027
2025 2052
2025 2053
2025 2054
2025 2286
2025 2288
2025 2289
2025 2311
2025 2313
2026 2027
2026 2028
2026 2286
2026 2287
2026 2289
2026 2290
2027 2028
2027 2054
2027 2289
2028 2029
2028 2054
2028 2055
2028 2056
2028 2289
2028 2290
2028 2291
2028 2293
2028 2315
2029 2030
2029 2056
2029 2293
2030 2031
2030 2056
2030 2057
2030 2058
2030 2293
2030 2294
2030 2295
2030 2296
2030 2317
2031 2032
2031 2058
2031 2296
2032 2033
2032 2058
2032 2059
2032 2060
2032 2270
2032 2296
2032 2297
2032 2298
2032 2319
2033 2034
2033 2060
2033 2298
2034 2035
2034 2060
2034 2061
2034 2062
2034 2272
2034 2298
2034 2299
2034 2300
2034 2321
2035 2036
2035 2062
2035 2300
2036 2037
2036 2062
2036 2063
2036 2064
2036 2274
2036 2300
2036 2301
2036 2302
2036 2323
2037 2038
2037 2064
2037 2302
2038 2039
2038 2064
2038 2065
2038 2066
2038 2276
2038 2302
2038 2303
2038 2304
2038 2325
2039 2040
2039 2066
2039 2304
2040 2041
2040 2066
2040 2067
2040 2068
2040 2279
2040 2304
2040 2305
2040 2306
2040 2327
2041 2042
2041 2068
2041 2306
2042 2068
2042 2069
2043 2044
2044 2045
2045 2046
2045 2070
2045 2307
2046 2047
2046 2070
2046 2071
2046 2072
2046 2283
2046 2307
2046 2308
2046 2309
2046 2328
2047 2048
2047 2072
2047 2309
2048 2049
2048 2072
2048 2073
2048 2074
2048 2285
2048 2309
2048 2310
2048 2330
2049 2050
2049 2074
2050 2051
2050 2074
2050 2075
2050 2076
2051 2052
2051 2076
2052 2053
2052 2076
2052 2077
2052 2078
2052 2311
2052 2312
2052 2313
2052 2331
2053 2054
2053 2078
2053 2313
2054 2055
2054 2078
2054 2079
2054 2080
2054 2289
2054 2313
2054 2314
2054 2315
2054 2333
2055 2056
2055 2080
2055 2315
2056 2057
2056 2080
2056 2081
2056 2082
2056 2293
2056 2315
2056 2316
2056 2317
2056 2335
2057 2058
2057 2082
2057 2317
2058 2059
2058 2082
2058 2083
2058 2084
2058 2296
2058 2317
2058 2318
2058 2319
2058 2337
2059 2060
2059 2084
2059 2319
2060 2061
2060 2084
2060 2085
2060 2086
2060 2298
2060 2319
2060 2320
2060 2321
2060 2339
2061 2062
2061 2086
2061 2321
2062 2063
2062 2086
2062 2087
2062 2088
2062 2300
2062 2321
2062 2322
2062 2323
2062 2341
2063 2064
2063 2088
2063 2323
2064 2065
2064 2088
2064 2089
2064 2090
2064 2302
2064 2323
2064 2324
2064 2325
2064 2343
2065 2066
2065 2090
2065 2325
2066 2067
2066 2090
2066 2091
2066 2092
2066 2304
2066 2325
2066 2326
2066 2327
2066 2345
2067 2068
2067 2092
2067 2327
2068 2069
2070 2071
2070 2093
2070 2094
2071 2072
2071 2094
2071 2328
2072 2073
2072 2094
2072 2095
2072 2096
2072 2309
2072 2328
2072 2329
2072 2330
2072 2347
2073 2074
2073 2096
2073 2330
2074 2075
2074 2096
2074 2097
2075 2076
2076 2077
2077 2078
2077 2098
2077 2331
2078 2079
2078 2098
2078 2099
2078 2100
2078 2313
2078 2331
2078 2332
2078 2333
2078 2349
2079 2080
2079 2100
2079 2333
2080 2081
2080 2100
2080 2101
2080 2102
2080 2315
2080 2333
2080 2334
2080 2335
2080 2351
2081 2082
2081 2102
2081 2335
2082 2083
2082 2102
2082 2103
2082 2104
2082 2317
2082 2335
2082 2336
2082 2337
2082 2353
2083 2084
2083 2104
2083 2337
2084 2085
2084 2104
2084 2105
2084 2107
2084 2319
2084 2337
2084 2338
2084 2339
2084 2355
2085 2086
2085 2107
2085 2339
2086 2087
2086 2321
2086 2339
2086 2340
2086 2341
2087 2088
2087 2341
2088 2089
2088 2323
2088 2341
2088 2342
2088 2343
2089 2090
2089 2343
2090 2091
2090 2325
2090 2343
2090 2344
2090 2345
2091 2092
2091 2345
2093 2094
2093 2108
2093 2357
2094 2095
2094 2108
2094 2109
2094 2110
2094 2328
2094 2346
2094 2347
2094 2357
2094 2359
2095 2096
2095 2110
2095 2347
2096 2097
2096 2110
2096 2111
2096 2330
2096 2347
2096 2348
2096 2361
2098 2099
2099 2100
2099 2349
2100 2101
2100 2333
2100 2349
2100 2350
2100 2351
2101 2102
2101 2112
2101 2351
2102 2103
2102 2112
2102 2113
2102 2114
2102 2335
2102 2351
2102 2352
2102 2353
2102 2363
2103 2104
2103 2114
2103 2353
2104 2105
2104 2114
2104 2115
2104 2116
2104 2337
2104 2353
2104 2354
2104 2355
2104 2365
2105 2107
2105 2116
2105 2355
2106 2107
2107 2339
2107 2355
2107 2356
2108 2109
2108 2117
2108 2118
2108 2131
2108 2357
2108 2358
2108 2359
2108 2372
2108 2373
2108 2375
2109 2110
2109 2118
2109 2359
2110 2111
2110 2118
2110 2119
2110 2121
2110 2347
2110 2359
2110 2360
2110 2361
2110 2377
2111 2121
2111 2361
2112 2113
2112 2122
2112 2123
2112 2351
2112 2362
2112 2363
2112 2379
2113 2114
2113 2123
2113 2363
2114 2115
2114 2123
2114 2124
2114 2125
2114 2353
2114 2363
2114 2364
2114 2365
2114 2381
2115 2116
2115 2125
2115 2365
2117 2118
2117 2131
2117 2375
2117 2385
2118 2119
2118 2359
2118 2375
2118 2376
2118 2377
2118 2385
2118 2387
2118 2388
2118 2389
2119 2121
2119 2377
2119 2389
2120 2121
2121 2361
2121 2377
2121 2378
2122 2123
2122 2135
2122 2379
2123 2124
2123 2134
2123 2135
2123 2136
2123 2138
2123 2363
2123 2379
2123 2380
2123 2381
2123 2392
2124 2125
2124 2138
2124 2381
2125 2138
2125 2139
2125 2140
2125 2365
2125 2381
2125 2382
2125 2394
2126 2127
2126 2128
2126 2129
2126 2366
2126 2367
2126 2368
2126 2370
2126 2371
2127 2129
2127 2131
2127 2367
2127 2371
2128 2129
2128 2141
2128 2395
2128 2397
2129 2130
2129 2131
2129 2132
2129 2141
2129 2142
2129 2144
2129 2371
2129 2383
2129 2384
2129 2397
2129 2400
2130 2131
2130 2132
2130 2143
2130 2144
2131 2132
2131 2367
2131 2371
2131 2372
2131 2373
2131 2374
2131 2375
2131 2384
2131 2385
2132 2144
2132 2384
2132 2385
2133 2134
2133 2135
2134 2135
2134 2136
2134 2137
2134 2138
2135 2136
2135 2379
2135 2391
2135 2392
2136 2138
2136 2392
2136 2406
2137 2138
2137 2139
2138 2139
2138 2140
2138 2381
2138 2392
2138 2393
2138 2394
2138 2406
2138 2407
2138 2409
2138 2410
2139 2140
2140 2394
2140 2410
2141 2142
2141 2145
2141 2147
2141 2148
2141 2149
2141 2150
2141 2152
2141 2395
2141 2397
2141 2398
2141 2399
2141 2400
2141 2417
2142 2144
2142 2152
2142 2400
2143 2144
2143 2153
2144 2152
2144 2153
2144 2154
2144 2384
2144 2385
2144 2400
2144 2401
2144 2402
2144 2403
2144 2419
2145 2146
2145 2147
2145 2148
2145 2149
2146 2147
2146 2149
2147 2149
2147 2150
2147 2151
2147 2152
2147 2156
2147 2157
2148 2149
2148 2395
2148 2398
2148 2412
2149 2150
2149 2155
2149 2156
2149 2398
2149 2412
2149 2413
2149 2415
2149 2416
2149 2417
2149 2420
2150 2152
2150 2156
2150 2417
2151 2152
2151 2153
2151 2157
2152 2153
2152 2154
2152 2156
2152 2157
2152 2158
2152 2400
2152 2417
2152 2418
2152 2419
2152 2422
2153 2154
2154 2419
2155 2156
2155 2159
2155 2161
2155 2420
2156 2157
2156 2158
2156 2161
2156 2162
2156 2417
2156 2420
2156 2421
2156 2422
2157 2158
2158 2422
2159 2160
2159 2161
2160 2161
2160 2163
2161 2162
2161 2163
2161 2164
2161 2165
2162 2165
2163 2164
2163 2166
2163 2167
2164 2165
2164 2167
2166 2167
2166 2170
2167 2169
2167 2170
2167 2171
2168 2169
2168 2170
2169 2170
2169 2171
2170 2171
2172 2173
2172 2174
2172 2175
2172 2176
2172 2177
2172 2178
2173 2175
2173 2177
2174 2175
2174 2178
2175 2177
2175 2178
2175 2179
2176 2177
2176 2178
2176 2431
2176 2433
2177 2178
2177 2179
2177 2425
2177 2426
2177 2429
2177 2431
2177 2433
2177 2434
2177 2435
2177 2436
2177 2438
2177 2439
2178 2179
2178 2433
2178 2437
2178 2438
2179 2438
2179 2439
2180 2181
2180 2182
2181 2182
2181 2183
2181 2184
2181 2185
2182 2183
2182 2188
2182 2190
2182 2191
2182 2192
2182 2449
2182 2450
2182 2451
2183 2185
2183 2192
2183 2450
2184 2185
2185 2192
2185 2193
2185 2450
2185 2453
2185 2454
2186 2187
2187 2188
2187 2189
2187 2190
2188 2190
2189 2190
2189 2194
2189 2455
2190 2191
2190 2194
2190 2195
2190 2196
2190 2451
2190 2455
2190 2456
2190 2458
2191 2192
2191 2196
2191 2451
2192 2193
2192 2196
2192 2197
2192 2199
2192 2450
2192 2451
2192 2452
2192 2454
2192 2460
2193 2199
2193 2202
2193 2454
2194 2195
2194 2204
2194 2205
2194 2455
2194 2457
2194 2458
2194 2472
2195 2196
2195 2205
2195 2458
2196 2197
2196 2205
2196 2206
2196 2208
2196 2451
2196 2458
2196 2459
2196 2460
2196 2474
2197 2199
2197 2208
2197 2460
2198 2199
2198 2201
2198 2209
2199 2201
2199 2202
2199 2203
2199 2208
2199 2209
2199 2210
2199 2212
2199 2454
2199 2460
2199 2461
2199 2463
2199 2476
2200 2201
2200 2202
2201 2202
2201 2203
2201 2209
2201 2211
2201 2212
2202 2203
2202 2454
2202 2462
2202 2463
2202 2464
2202 2465
2202 2466
2203 2212
2203 2463
2203 2465
2204 2205
2204 2472
2205 2206
2205 2458
2205 2472
2205 2473
2205 2474
2206 2208
2206 2474
2207 2208
2207 2209
2208 2209
2208 2210
2208 2460
2208 2474
2208 2475
2208 2476
2209 2210
2209 2211
2209 2212
2210 2212
2210 2476
2210 2486
2211 2212
2212 2463
2212 2465
2212 2476
2212 2477
2212 2478
2212 2479
2212 2486
2212 2487
2212 2489
2212 2490
2213 2214
2213 2215
2213 2217
2214 2215
2214 2216
2214 2217
2214 2218
2214 2220
2214 2221
2214 2222
2214 2223
2215 2216
2215 2217
2215 2219
2215 2220
2216 2220
2216 2222
2216 2225
2217 2218
2217 2219
2217 2220
2217 2496
2217 2497
2217 2498
2218 2220
2218 2223
2218 2497
2219 2220
2219 2498
2220 2222
2220 2223
2220 2224
2220 2225
2220 2227
2220 2228
2220 2497
2220 2498
2220 2499
2220 2501
2220 2502
2221 2222
2221 2223
2222 2223
2222 2224
2222 2225
2222 2226
2222 2228
2223 2224
2223 2497
2223 2500
2223 2501
2224 2228
2224 2501
2224 2504
2225 2226
2225 2227
2225 2228
2226 2228
2227 2228
2227 2502
2228 2238
2228 2240
2228 2501
2228 2502
2228 2503
2228 2504
2228 2506
2228 2523
2228 2524
2229 2230
2229 2231
2230 2231
2230 2232
2230 2234
2231 2232
2231 2233
2231 2234
2231 2249
2231 2513
2231 2514
2231 2515
2231 2517
2231 2518
2232 2234
2232 2518
2232 2520
2233 2234
2233 2249
2233 2252
2233 2517
2234 2252
2234 2253
2234 2254
2234 2255
2234 2517
2234 2518
2234 2519
2234 2520
2234 2522
2234 2534
2235 2236
2235 2237
2235 2238
2235 2239
2235 2240
2236 2239
2236 2242
2237 2240
2238 2239
2238 2240
2238 2504
2238 2506
2239 2240
2239 2241
2239 2242
2239 2243
2239 2244
2239 2504
2239 2506
2239 2507
2239 2508
2239 2509
2239 2510
2239 2512
2239 2526
2240 2241
2240 2260
2240 2261
2240 2506
2240 2523
2240 2524
2240 2525
2240 2526
2240 2536
2241 2244
2241 2261
2241 2526
2242 2243
2242 2244
2242 2245
2242 2246
2243 2244
2243 2246
2243 2510
2243 2512
2244 2246
2244 2247
2244 2261
2244 2262
2244 2263
2244 2512
2244 2526
2244 2527
2244 2529
2244 2538
2245 2246
2246 2247
2246 2512
2246 2528
2246 2529
2247 2263
2247 2265
2247 2529
2248 2249
2248 2250
2248 2530
2249 2250
2249 2251
2249 2252
2249 2513
2249 2514
2249 2516
2249 2517
2249 2530
2249 2532
2250 2251
2250 2268
2250 2270
2250 2271
2250 2272
2250 2530
2250 2531
2250 2532
2250 2540
2250 2542
2251 2252
2251 2272
2251 2532
2252 2253
2252 2272
2252 2273
2252 2274
2252 2517
2252 2532
2252 2533
2252 2534
2252 2544
2253 2255
2253 2274
2253 2534
2254 2255
2254 2256
2254 2520
2254 2522
2255 2256
2255 2257
2255 2274
2255 2275
2255 2276
2255 2522
2255 2534
2255 2535
2255 2546
2255 2547
2256 2257
2256 2258
2256 2259
2257 2259
2257 2276
2257 2547
2258 2259
2259 2276
2259 2277
2259 2278
2259 2279
2260 2261
2260 2536
2260 2549
2261 2262
2261 2282
2261 2283
2261 2526
2261 2536
2261 2537
2261 2538
2261 2549
2261 2551
2262 2263
2262 2283
2262 2538
2263 2265
2263 2266
2263 2283
2263 2284
2263 2285
2263 2529
2263 2538
2263 2539
2263 2553
2263 2554
2264 2265
2265 2266
2266 2285
2266 2554
2267 2268
2267 2269
2267 2270
2268 2270
2268 2540
2269 2270
2269 2294
2269 2296
2269 2562
2270 2271
2270 2296
2270 2297
2270 2298
2270 2540
2270 2541
2270 2542
2270 2562
2270 2564
2271 2272
2271 2298
2271 2542
2272 2273
2272 2298
2272 2299
2272 2300
2272 2532
2272 2542
2272 2543
2272 2544
2272 2566
2273 2274
2273 2300
2273 2544
2274 2275
2274 2300
2274 2301
2274 2302
2274 2534
2274 2544
2274 2545
2274 2546
2274 2568
2275 2276
2275 2302
2275 2546
2276 2277
2276 2302
2276 2303
2276 2304
2276 2546
2276 2547
2276 2548
2276 2570
2277 2279
2277 2304
2278 2279
2278 2280
2279 2280
2279 2281
2279 2304
2279 2305
2279 2306
2280 2281
2281 2306
2282 2283
2282 2307
2282 2549
2282 2551
2283 2284
2283 2307
2283 2308
2283 2309
2283 2538
2283 2551
2283 2552
2283 2553
2283 2572
2284 2285
2284 2309
2284 2553
2285 2309
2285 2310
2285 2553
2285 2554
2285 2555
2285 2574
2286 2287
2286 2288
2286 2289
2287 2289
2287 2290
2288 2289
2288 2311
2288 2313
2289 2290
2289 2291
2289 2313
2289 2314
2289 2315
2290 2291
2290 2292
2290 2293
2290 2556
2290 2557
2290 2558
2291 2293
2291 2315
2291 2558
2292 2293
2292 2294
2292 2557
2293 2294
2293 2295
2293 2315
2293 2316
2293 2317
2293 2557
2293 2558
2293 2559
2293 2561
2293 2576
2294 2295
2294 2296
2294 2557
2294 2560
2294 2561
2294 2562
2295 2296
2295 2317
2295 2561
2296 2297
2296 2317
2296 2318
2296 2319
2296 2561
2296 2562
2296 2563
2296 2564
2296 2578
2297 2298
2297 2319
2297 2564
2298 2299
2298 2319
2298 2320
2298 2321
2298 2542
2298 2564
2298 2565
2298 2566
2298 2580
2299 2300
2299 2321
2299 2566
2300 2301
2300 2321
2300 2322
2300 2323
2300 2544
2300 2566
2300 2567
2300 2568
2300 2582
2301 2302
2301 2323
2301 2568
2302 2303
2302 2323
2302 2324
2302 2325
2302 2546
2302 2568
2302 2569
2302 2570
2302 2584
2303 2304
2303 2325
2303 2570
2304 2305
2304 2325
2304 2326
2304 2327
2305 2306
2305 2327
2307 2308
2307 2551
2307 2571
2307 2572
2308 2309
2308 2328
2308 2572
2309 2310
2309 2328
2309 2329
2309 2330
2309 2553
2309 2572
2309 2573
2309 2574
2310 2330
2310 2574
2311 2312
2311 2313
2312 2313
2312 2331
2313 2314
2313 2331
2313 2332
2313 2333
2314 2315
2314 2333
2314 2586
2315 2316
2315 2333
2315 2334
2315 2335
2315 2558
2315 2575
2315 2576
2315 2586
2315 2588
2316 2317
2316 2335
2316 2576
2317 2318
2317 2335
2317 2336
2317 2337
2317 2561
2317 2576
2317 2577
2317 2578
2317 2590
2318 2319
2318 2337
2318 2578
2319 2320
2319 2337
2319 2338
2319 2339
2319 2564
2319 2578
2319 2579
2319 2580
2319 2592
2320 2321
2320 2339
2320 2580
2321 2322
2321 2339
2321 2340
2321 2341
2321 2566
2321 2580
2321 2581
2321 2582
2321 2594
2322 2323
2322 2341
2322 2582
2323 2324
2323 2341
2323 2342
2323 2343
2323 2568
2323 2582
2323 2583
2323 2584
2324 2325
2324 2343
2324 2584
2325 2326
2325 2343
2325 2344
2325 2345
2325 2570
2325 2584
2325 2585
2326 2327
2326 2345
2328 2329
2328 2346
2328 2347
2329 2330
2329 2347
2330 2347
2330 2348
2331 2332
2332 2333
2332 2349
2332 2596
2333 2334
2333 2349
2333 2350
2333 2351
2333 2586
2333 2587
2333 2588
2333 2596
2333 2598
2334 2335
2334 2351
2334 2588
2335 2336
2335 2352
2335 2353
2335 2576
2335 2588
2335 2589
2335 2590
2336 2337
2336 2353
2336 2590
2337 2338
2337 2353
2337 2354
2337 2355
2337 2578
2337 2590
2337 2591
2337 2592
2338 2339
2338 2355
2338 2592
2339 2340
2339 2355
2339 2356
2339 2580
2339 2592
2339 2593
2339 2594
2340 2341
2340 2594
2341 2342
2341 2582
2341 2594
2341 2595
2342 2343
2343 2344
2344 2345
2346 2347
2346 2357
2346 2359
2346 2601
2347 2348
2347 2359
2347 2360
2347 2361
2347 2601
2347 2604
2347 2605
2347 2606
2348 2361
2348 2606
2349 2350
2349 2596
2349 2597
2349 2598
2350 2351
2350 2598
2351 2352
2351 2362
2351 2363
2351 2588
2351 2598
2351 2599
2352 2353
2352 2363
2353 2354
2353 2363
2353 2364
2353 2365
2354 2355
2354 2365
2355 2356
2357 2358
2357 2359
2357 2600
2357 2601
2357 2602
2358 2359
2358 2373
2358 2375
2358 2602
2359 2360
2359 2375
2359 2376
2359 2377
2359 2601
2359 2602
2359 2603
2359 2605
2359 2615
2360 2361
2360 2377
2360 2605
2361 2377
2361 2378
2361 2605
2361 2606
2361 2607
2361 2617
2361 2618
2361 2619
2361 2620
2362 2363
2362 2379
2363 2364
2363 2379
2363 2380
2363 2381
2363 2622
2363 2623
2363 2624
2364 2365
2364 2381
2364 2623
2365 2381
2365 2382
2365 2623
2365 2626
2365 2627
2366 2367
2366 2368
2367 2368
2367 2369
2367 2371
2367 2372
2367 2373
2368 2369
2368 2370
2368 2371
2368 2608
2368 2609
2368 2610
2369 2371
2369 2373
2369 2609
2370 2371
2370 2610
2371 2373
2371 2374
2371 2383
2371 2384
2371 2609
2371 2610
2371 2611
2371 2613
2371 2628
2372 2373
2373 2374
2373 2375
2373 2602
2373 2609
2373 2612
2373 2613
2374 2375
2374 2384
2374 2613
2375 2376
2375 2384
2375 2385
2375 2386
2375 2388
2375 2602
2375 2613
2375 2614
2375 2615
2375 2630
2376 2377
2376 2388
2376 2615
2377 2378
2377 2388
2377 2389
2377 2390
2377 2605
2377 2615
2377 2616
2377 2617
2377 2632
2377 2633
2378 2617
2378 2619
2378 2633
2379 2380
2379 2391
2379 2392
2380 2381
2380 2392
2380 2624
2381 2382
2381 2392
2381 2393
2381 2394
2381 2623
2381 2624
2381 2625
2381 2627
2381 2638
2382 2394
2382 2627
2383 2384
2383 2397
2383 2400
2383 2628
2384 2385
2384 2386
2384 2400
2384 2401
2384 2403
2384 2613
2384 2628
2384 2629
2384 2630
2384 2645
2385 2386
2385 2387
2385 2388
2385 2402
2385 2403
2385 2404
2386 2388
2386 2403
2386 2630
2387 2388
2387 2389
2387 2404
2388 2389
2388 2390
2388 2403
2388 2404
2388 2405
2388 2615
2388 2630
2388 2631
2388 2632
2388 2647
2389 2390
2390 2632
2390 2633
2391 2392
2392 2393
2392 2406
2392 2408
2392 2409
2392 2624
2392 2637
2392 2638
2392 2648
2393 2394
2393 2409
2393 2638
2394 2409
2394 2410
2394 2411
2394 2627
2394 2638
2394 2639
2394 2650
2395 2396
2395 2397
2395 2398
2396 2397
2396 2398
2396 2640
2397 2398
2397 2399
2397 2400
2397 2628
2397 2640
2397 2641
2397 2643
2398 2399
2398 2412
2398 2414
2398 2415
2398 2416
2398 2417
2398 2640
2398 2642
2398 2643
2398 2659
2398 2661
2399 2400
2399 2417
2399 2643
2400 2401
2400 2417
2400 2418
2400 2419
2400 2628
2400 2643
2400 2644
2400 2645
2400 2663
2401 2403
2401 2419
2401 2645
2402 2403
2402 2404
2403 2404
2403 2405
2403 2630
2403 2645
2403 2646
2403 2647
2404 2405
2405 2647
2406 2407
2406 2408
2406 2409
2407 2409
2407 2410
2408 2409
2408 2648
2408 2664
2409 2410
2409 2411
2409 2638
2409 2648
2409 2649
2409 2650
2409 2664
2409 2665
2409 2667
2409 2668
2410 2411
2411 2650
2411 2668
2412 2413
2412 2414
2412 2415
2413 2415
2414 2415
2414 2652
2414 2659
2415 2416
2415 2420
2415 2652
2415 2654
2415 2658
2415 2659
2415 2660
2415 2661
2415 2671
2415 2674
2415 2675
2416 2417
2416 2420
2416 2661
2417 2418
2417 2420
2417 2421
2417 2422
2417 2643
2417 2661
2417 2662
2417 2663
2417 2677
2418 2419
2418 2422
2418 2663
2420 2421
2420 2661
2420 2674
2420 2675
2420 2676
2420 2677
2421 2422
2421 2677
2423 2424
2423 2425
2423 2426
2423 2427
2423 2428
2423 2429
2424 2426
2424 2428
2425 2426
2425 2429
2425 2431
2426 2428
2426 2429
2426 2430
2426 2435
2426 2436
2427 2428
2427 2429
2427 2696
2428 2429
2428 2430
2428 2696
2428 2697
2428 2699
2429 2430
2429 2431
2429 2432
2429 2433
2429 2434
2429 2436
2429 2696
2429 2698
2429 2699
2429 2700
2430 2436
2430 2699
2431 2432
2431 2433
2432 2433
2433 2434
2433 2437
2433 2438
2434 2436
2434 2438
2434 2700
2435 2436
2435 2439
2436 2438
2436 2439
2436 2440
2436 2699
2436 2700
2436 2701
2437 2438
2438 2439
2438 2440
2439 2440
2441 2442
2441 2443
2441 2445
2442 2443
2442 2444
2442 2445
2442 2446
2442 2448
2443 2444
2443 2445
2443 2447
2443 2448
2444 2448
2445 2446
2445 2447
2445 2448
2445 2714
2445 2715
2445 2716
2445 2717
2445 2719
2445 2720
2446 2448
2446 2704
2446 2720
2447 2448
2447 2715
2447 2719
2447 2736
2448 2704
2448 2719
2448 2720
2448 2721
2448 2722
2448 2723
2448 2736
2448 2737
2448 2739
2448 2740
2449 2450
2449 2451
2450 2451
2450 2452
2450 2453
2450 2454
2450 2742
2450 2743
2450 2744
2450 2758
2450 2759
2451 2452
2451 2456
2451 2458
2451 2459
2451 2460
2452 2454
2452 2460
2452 2778
2453 2454
2453 2743
2453 2759
2453 2760
2454 2460
2454 2461
2454 2462
2454 2463
2454 2778
2454 2779
2454 2781
2454 2782
2455 2456
2455 2457
2455 2458
2456 2458
2457 2458
2457 2472
2457 2787
2458 2459
2458 2472
2458 2473
2458 2474
2458 2787
2458 2788
2458 2790
2458 2791
2459 2460
2459 2474
2459 2791
2460 2461
2460 2474
2460 2475
2460 2476
2460 2778
2460 2780
2460 2781
2460 2793
2461 2463
2461 2476
2461 2781
2462 2463
2462 2466
2462 2782
2463 2465
2463 2466
2463 2467
2463 2476
2463 2477
2463 2479
2463 2781
2463 2782
2463 2783
2463 2784
2463 2795
2464 2465
2464 2466
2464 2468
2465 2466
2465 2467
2465 2468
2465 2469
2465 2471
2465 2478
2465 2479
2465 2480
2466 2467
2466 2468
2466 2470
2466 2471
2466 2762
2466 2763
2466 2764
2466 2770
2466 2771
2466 2782
2466 2784
2467 2471
2467 2479
2467 2784
2468 2469
2468 2470
2468 2471
2469 2471
2469 2480
2469 2482
2470 2471
2470 2764
2470 2771
2470 2772
2471 2479
2471 2480
2471 2481
2471 2482
2471 2484
2471 2485
2471 2771
2471 2772
2471 2784
2471 2785
2471 2786
2471 2797
2472 2473
2472 2787
2472 2789
2472 2790
2473 2474
2473 2790
2474 2475
2474 2790
2474 2791
2474 2792
2475 2476
2475 2793
2476 2477
2476 2486
2476 2488
2476 2489
2476 2781
2476 2793
2476 2794
2476 2795
2476 2807
2477 2479
2477 2489
2477 2795
2478 2479
2478 2480
2478 2490
2479 2480
2479 2481
2479 2489
2479 2490
2479 2491
2479 2493
2479 2784
2479 2795
2479 2796
2479 2797
2479 2809
2480 2481
2480 2482
2480 2483
2480 2485
2480 2490
2480 2492
2480 2493
2480 2494
2481 2485
2481 2493
2481 2797
2482 2483
2482 2484
2482 2485
2483 2485
2483 2494
2484 2485
2484 2772
2484 2786
2484 2799
2485 2493
2485 2494
2485 2495
2485 2786
2485 2797
2485 2798
2485 2799
2485 2800
2485 2802
2485 2811
2485 2812
2486 2487
2486 2488
2486 2489
2487 2489
2487 2490
2488 2489
2488 2807
2489 2490
2489 2491
2489 2795
2489 2807
2489 2808
2489 2809
2490 2491
2490 2492
2490 2493
2491 2493
2491 2809
2491 2816
2492 2493
2492 2494
2493 2494
2493 2495
2493 2797
2493 2809
2493 2810
2493 2811
2493 2816
2493 2817
2493 2819
2493 2820
2494 2495
2495 2811
2495 2812
2495 2820
2496 2497
2496 2498
2497 2498
2497 2499
2497 2500
2497 2501
2498 2499
2498 2502
2498 2839
2498 2840
2498 2841
2498 2842
2499 2501
2499 2502
2499 2841
2500 2501
2501 2502
2501 2503
2501 2504
2501 2505
2501 2506
2501 2830
2501 2841
2501 2844
2501 2845
2502 2503
2502 2524
2502 2839
2502 2841
2502 2842
2502 2843
2502 2845
2502 2862
2502 2863
2502 2865
2503 2506
2503 2524
2503 2845
2504 2505
2504 2506
2504 2507
2504 2508
2505 2506
2505 2508
2505 2826
2505 2830
2506 2508
2506 2509
2506 2524
2506 2525
2506 2526
2506 2830
2506 2845
2506 2846
2506 2847
2506 2867
2507 2508
2507 2510
2508 2509
2508 2510
2508 2511
2508 2512
2508 2826
2508 2827
2508 2829
2508 2830
2508 2831
2508 2832
2508 2834
2508 2847
2509 2512
2509 2526
2509 2847
2510 2511
2510 2512
2511 2512
2511 2832
2511 2834
2511 2836
2512 2526
2512 2527
2512 2528
2512 2529
2512 2834
2512 2836
2512 2847
2512 2848
2512 2849
2512 2869
2513 2514
2514 2515
2514 2516
2514 2517
2514 2850
2514 2851
2514 2852
2515 2517
2515 2518
2515 2851
2516 2517
2516 2530
2516 2532
2516 2852
2517 2518
2517 2519
2517 2532
2517 2533
2517 2534
2517 2851
2517 2852
2517 2853
2517 2855
2517 2874
2518 2519
2518 2520
2518 2521
2518 2522
2518 2851
2518 2854
2518 2855
2518 2856
2519 2522
2519 2534
2519 2855
2520 2521
2520 2522
2521 2522
2521 2856
2521 2858
2522 2534
2522 2535
2522 2547
2522 2855
2522 2856
2522 2857
2522 2858
2522 2859
2522 2861
2522 2876
2523 2524
2524 2525
2524 2845
2524 2863
2524 2865
2524 2866
2524 2867
2525 2526
2525 2536
2525 2867
2526 2527
2526 2536
2526 2537
2526 2538
2526 2847
2526 2867
2526 2868
2526 2869
2526 2879
2527 2529
2527 2538
2527 2869
2528 2529
2528 2836
2528 2849
2529 2538
2529 2539
2529 2849
2529 2869
2529 2870
2529 2881
2530 2531
2530 2532
2530 2852
2530 2871
2530 2872
2531 2532
2531 2540
2531 2542
2531 2872
2532 2533
2532 2542
2532 2543
2532 2544
2532 2852
2532 2872
2532 2873
2532 2874
2532 2883
2533 2534
2533 2544
2533 2874
2534 2535
2534 2544
2534 2545
2534 2546
2534 2855
2534 2874
2534 2875
2534 2876
2534 2885
2535 2546
2535 2547
2535 2876
2536 2537
2536 2549
2536 2550
2536 2551
2536 2867
2536 2878
2536 2879
2537 2538
2537 2551
2537 2879
2538 2539
2538 2551
2538 2552
2538 2553
2538 2869
2538 2879
2538 2880
2538 2881
2538 2889
2539 2553
2539 2554
2539 2881
2540 2541
2540 2542
2541 2542
2541 2562
2541 2564
2542 2543
2542 2564
2542 2565
2542 2566
2542 2872
2542 2882
2542 2883
2542 2890
2543 2544
2543 2566
2543 2883
2544 2545
2544 2566
2544 2567
2544 2568
2544 2874
2544 2883
2544 2884
2544 2885
2544 2892
2545 2546
2545 2568
2545 2885
2546 2547
2546 2548
2546 2568
2546 2569
2546 2570
2546 2876
2546 2885
2546 2886
2546 2887
2546 2894
2547 2548
2547 2859
2547 2861
2547 2876
2547 2877
2547 2887
2548 2570
2548 2887
2549 2550
2549 2551
2550 2551
2551 2552
2551 2571
2551 2572
2551 2879
2551 2888
2551 2889
2552 2553
2552 2572
2552 2889
2553 2554
2553 2555
2553 2572
2553 2573
2553 2574
2554 2555
2555 2574
2556 2557
2556 2558
2557 2558
2557 2559
2557 2560
2557 2561
2558 2559
2558 2575
2558 2576
2559 2561
2559 2576
2560 2561
2560 2562
2561 2562
2561 2563
2561 2576
2561 2577
2561 2578
2562 2563
2562 2564
2563 2564
2563 2578
2564 2565
2564 2578
2564 2579
2564 2580
2565 2566
2565 2580
2565 2890
2566 2567
2566 2580
2566 2581
2566 2582
2566 2883
2566 2890
2566 2891
2566 2892
2566 2896
2567 2568
2567 2582
2567 2892
2568 2569
2568 2582
2568 2583
2568 2584
2568 2885
2568 2892
2568 2893
2568 2894
2568 2898
2569 2570
2569 2584
2569 2894
2570 2584
2570 2585
2571 2572
2572 2573
2573 2574
2575 2576
2575 2586
2575 2588
2576 2577
2576 2588
2576 2589
2576 2590
2577 2578
2577 2590
2578 2579
2578 2590
2578 2591
2578 2592
2579 2580
2579 2592
2580 2581
2580 2592
2580 2593
2580 2594
2580 2890
2580 2895
2580 2896
2581 2582
2581 2594
2581 2896
2582 2583
2582 2594
2582 2595
2582 2892
2582 2896
2582 2897
2582 2898
2583 2584
2583 2898
2584 2585
2586 2587
2586 2588
2587 2588
2587 2596
2587 2598
2588 2589
2588 2598
2588 2599
2589 2590
2590 2591
2591 2592
2592 2593
2593 2594
2594 2595
2596 2597
2596 2598
2597 2598
2598 2599
2600 2601
2600 2602
2601 2602
2601 2603
2601 2604
2601 2605
2602 2603
2602 2612
2602 2613
2602 2614
2602 2615
2603 2605
2603 2615
2603 2903
2604 2605
2604 2606
2604 2899
2605 2606
2605 2607
2605 2615
2605 2616
2605 2617
2605 2899
2605 2901
2605 2902
2605 2903
2605 2905
2606 2607
2606 2899
2606 2900
2606 2902
2607 2617
2607 2620
2607 2902
2608 2609
2608 2610
2609 2610
2609 2611
2609 2612
2609 2613
2610 2611
2611 2613
2611 2628
2612 2613
2613 2614
2613 2628
2613 2629
2613 2630
2613 2913
2613 2914
2613 2915
2614 2615
2614 2630
2614 2914
2615 2616
2615 2630
2615 2631
2615 2632
2615 2903
2615 2904
2615 2905
2615 2914
2615 2917
2616 2617
2616 2632
2616 2905
2617 2619
2617 2620
2617 2621
2617 2632
2617 2633
2617 2634
2617 2636
2617 2902
2617 2905
2617 2906
2617 2908
2617 2919
2618 2619
2618 2620
2619 2620
2619 2621
2619 2633
2619 2635
2619 2636
2620 2621
2620 2902
2620 2907
2620 2908
2620 2909
2620 2910
2620 2911
2621 2636
2621 2908
2621 2910
2622 2623
2622 2624
2623 2624
2623 2625
2623 2626
2623 2627
2624 2625
2624 2637
2624 2638
2624 2921
2624 2922
2624 2923
2625 2627
2625 2638
2625 2922
2626 2627
2627 2638
2627 2639
2627 2922
2627 2925
2627 2926
2628 2629
2628 2641
2628 2643
2628 2644
2628 2645
2629 2630
2629 2645
2629 2915
2630 2631
2630 2645
2630 2646
2630 2647
2630 2914
2630 2915
2630 2916
2630 2917
2630 2928
2631 2632
2631 2647
2631 2917
2632 2633
2632 2634
2632 2905
2632 2918
2632 2919
2633 2634
2633 2635
2633 2636
2634 2636
2634 2919
2635 2636
2636 2908
2636 2919
2636 2920
2637 2638
2637 2648
2637 2923
2638 2639
2638 2648
2638 2649
2638 2650
2638 2922
2638 2923
2638 2924
2638 2926
2638 2931
2639 2650
2639 2926
2640 2641
2640 2642
2640 2643
2641 2643
2642 2643
2642 2659
2642 2661
2643 2644
2643 2661
2643 2662
2643 2663
2644 2645
2644 2663
2645 2646
2645 2915
2645 2927
2645 2928
2645 2939
2645 2940
2645 2941
2646 2647
2646 2928
2646 2940
2647 2917
2647 2928
2647 2929
2647 2940
2647 2943
2647 2944
2648 2649
2648 2664
2648 2666
2648 2667
2648 2923
2648 2930
2648 2931
2648 2945
2649 2650
2649 2667
2649 2931
2650 2667
2650 2668
2650 2669
2650 2926
2650 2931
2650 2932
2650 2947
2651 2652
2651 2653
2651 2655
2652 2653
2652 2654
2652 2655
2652 2656
2652 2658
2652 2659
2653 2654
2653 2655
2653 2657
2653 2658
2653 2670
2653 2671
2653 2672
2654 2658
2654 2671
2655 2656
2655 2657
2655 2658
2655 2933
2655 2934
2655 2935
2656 2658
2656 2659
2656 2934
2657 2658
2657 2672
2657 2935
2658 2659
2658 2660
2658 2671
2658 2672
2658 2673
2658 2675
2658 2934
2658 2935
2658 2936
2658 2938
2658 2948
2659 2660
2659 2661
2659 2934
2659 2937
2659 2938
2660 2661
2660 2675
2660 2938
2661 2662
2661 2675
2661 2676
2661 2677
2662 2663
2662 2677
2664 2665
2664 2666
2664 2667
2665 2667
2665 2668
2666 2667
2666 2689
2666 2945
2666 2954
2667 2668
2667 2669
2667 2689
2667 2931
2667 2945
2667 2946
2667 2947
2667 2958
2667 2959
2667 2960
2668 2669
2669 2947
2669 2960
2670 2671
2670 2672
2670 2678
2671 2672
2671 2673
2671 2674
2671 2675
2671 2678
2671 2679
2671 2681
2671 2682
2672 2673
2672 2678
2672 2680
2672 2681
2672 2948
2672 2962
2672 2963
2673 2675
2673 2681
2673 2948
2674 2675
2674 2682
2675 2676
2675 2681
2675 2682
2675 2683
2675 2938
2675 2948
2675 2949
2676 2677
2678 2679
2678 2680
2678 2681
2679 2681
2679 2682
2680 2681
2680 2963
2681 2682
2681 2683
2681 2948
2681 2963
2681 2964
2682 2683
2684 2685
2684 2686
2684 2687
2684 2688
2684 2689
2684 2690
2685 2687
2685 2689
2686 2687
2686 2690
2686 2692
2687 2689
2687 2690
2687 2691
2687 2692
2687 2693
2687 2695
2688 2689
2688 2690
2688 2954
2688 2956
2689 2690
2689 2691
2689 2945
2689 2954
2689 2956
2689 2957
2689 2958
2689 2959
2689 2966
2689 2967
2690 2691
2690 2692
2690 2694
2690 2695
2690 2956
2690 2965
2690 2966
2690 2969
2690 2970
2690 2971
2690 2973
2691 2695
2691 2966
2691 2967
2692 2693
2692 2694
2692 2695
2693 2695
2694 2695
2694 2970
2694 2973
2694 2981
2695 2966
2695 2967
2695 2973
2695 2974
2695 2975
2695 2976
2695 2981
2695 2983
2695 2984
2696 2697
2696 2698
2696 2699
2696 2970
2696 2977
2696 2978
2696 2979
2696 2980
2696 2985
2696 2986
2696 2987
2696 2989
2697 2699
2697 2970
2697 2980
2697 2981
2698 2699
2698 2700
2698 2986
2698 2989
2699 2700
2699 2701
2699 2980
2699 2981
2699 2989
2699 2990
2699 2991
2699 2992
2700 2701
2702 2703
2702 2704
2702 2706
2703 2704
2703 2705
2703 2706
2703 2707
2703 2709
2703 2710
2703 2711
2703 2712
2704 2705
2704 2706
2704 2708
2704 2709
2704 2720
2704 2722
2704 2723
2704 2724
2705 2709
2705 2711
2705 2724
2706 2707
2706 2708
2706 2709
2706 2993
2706 2994
2706 2995
2707 2709
2707 2712
2707 2994
2708 2709
2708 2720
2708 2723
2708 2995
2709 2711
2709 2712
2709 2713
2709 2723
2709 2724
2709 2725
2709 2727
2709 2994
2709 2995
2709 2996
2709 2998
2709 3003
2710 2711
2710 2712
2711 2712
2711 2713
2711 2724
2711 2726
2711 2727
2711 2728
2711 2729
2711 2730
2712 2713
2712 2730
2712 2994
2712 2997
2712 2998
2712 2999
2712 3000
2713 2727
2713 2730
2713 2998
2714 2715
2714 2716
2715 2716
2715 2718
2715 2719
2716 2717
2716 2718
2716 2719
2717 2719
2717 2720
2718 2719
2719 2720
2719 2721
2719 2736
2719 2738
2719 2739
2720 2721
2720 2723
2721 2723
2721 2739
2722 2723
2722 2724
2722 2740
2723 2724
2723 2725
2723 2739
2723 2740
2723 2741
2723 2995
2723 3002
2723 3003
2724 2725
2724 2726
2724 2727
2725 2727
2725 3003
2726 2727
2726 2729
2727 2729
2727 2730
2727 2731
2727 2744
2727 2998
2727 3003
2727 3004
2727 3005
2727 3014
2727 3015
2728 2729
2728 2730
2728 2732
2729 2730
2729 2731
2729 2732
2729 2733
2729 2735
2729 2742
2729 2743
2729 2744
2730 2731
2730 2732
2730 2734
2730 2735
2730 2998
2730 2999
2730 3000
2730 3001
2730 3005
2730 3006
2731 2735
2731 2744
2731 3005
2732 2733
2732 2734
2732 2735
2733 2735
2733 2743
2733 2746
2734 2735
2734 3006
2734 3008
2735 2743
2735 2744
2735 2745
2735 2746
2735 2748
2735 2749
2735 3005
2735 3006
2735 3007
2735 3008
2735 3010
2735 3017
2736 2737
2736 2738
2736 2739
2737 2739
2737 2740
2738 2739
2739 2740
2739 2741
2740 2741
2742 2743
2742 2744
2743 2744
2743 2745
2743 2746
2743 2747
2743 2749
2743 2759
2743 2760
2744 2745
2744 2758
2744 2759
2744 3005
2744 3014
2744 3015
2744 3016
2744 3017
2745 2749
2745 2759
2745 3017
2746 2747
2746 2748
2746 2749
2746 2750
2746 2751
2746 2752
2747 2749
2747 2751
2747 2760
2748 2749
2748 2752
2748 3008
2748 3010
2749 2751
2749 2752
2749 2753
2749 2759
2749 2760
2749 2761
2749 2763
2749 3010
2749 3017
2749 3018
2749 3019
2749 3023
2750 2751
2750 2752
2750 2754
2751 2752
2751 2753
2751 2754
2751 2755
2751 2757
2751 2760
2751 2762
2751 2763
2751 2764
2752 2753
2752 2754
2752 2756
2752 2757
2752 3008
2752 3010
2752 3011
2752 3012
2752 3013
2752 3019
2752 3020
2753 2757
2753 2763
2753 3019
2754 2755
2754 2756
2754 2757
2755 2757
2755 2764
2755 2766
2756 2757
2756 3020
2757 2763
2757 2764
2757 2765
2757 2766
2757 2768
2757 2769
2757 3019
2757 3020
2757 3021
2757 3025
2757 3026
2758 2759
2759 2760
2759 2761
2759 3017
2759 3022
2759 3023
2760 2761
2760 2762
2760 2763
2761 2763
2761 2782
2761 3023
2762 2763
2762 2764
2763 2764
2763 2765
2763 2770
2763 2771
2763 2782
2763 3019
2763 3023
2763 3024
2763 3025
2763 3029
2764 2765
2764 2766
2764 2767
2764 2769
2764 2771
2764 2772
2765 2769
2765 2771
2765 3025
2766 2767
2766 2768
2766 2769
2767 2769
2767 2772
2767 2774
2768 2769
2768 3026
2769 2771
2769 2772
2769 2773
2769 2774
2769 2776
2769 2777
2769 3025
2769 3026
2769 3027
2769 3031
2769 3032
2770 2771
2770 2782
2770 2784
2770 3029
2771 2772
2771 2773
2771 2784
2771 2785
2771 2786
2771 3025
2771 3029
2771 3030
2771 3031
2771 3047
2772 2773
2772 2774
2772 2775
2772 2777
2772 2786
2773 2777
2773 2786
2773 3031
2774 2775
2774 2776
2774 2777
2775 2777
2776 2777
2776 3032
2777 2786
2777 2801
2777 2805
2777 3031
2777 3032
2777 3033
2777 3049
2777 3050
2777 3051
2778 2779
2778 2780
2778 2781
2779 2781
2779 2782
2780 2781
2780 2793
2781 2782
2781 2783
2781 2793
2781 2794
2781 2795
2782 2783
2782 2784
2782 3023
2782 3028
2782 3029
2783 2784
2783 2795
2783 3061
2784 2785
2784 2795
2784 2796
2784 2797
2784 3029
2784 3046
2784 3047
2784 3061
2784 3063
2785 2786
2785 2797
2785 3047
2786 2797
2786 2798
2786 2799
2786 2801
2786 2802
2786 3031
2786 3047
2786 3048
2786 3049
2786 3065
2787 2788
2787 2789
2787 2790
2788 2790
2788 2791
2789 2790
2790 2791
2790 2792
2791 2792
2793 2794
2794 2795
2794 2807
2795 2796
2795 2807
2795 2808
2795 2809
2795 3061
2795 3062
2795 3063
2795 3078
2796 2797
2796 2809
2796 3063
2797 2798
2797 2809
2797 2810
2797 2811
2797 3047
2797 3063
2797 3064
2797 3065
2797 3080
2798 2802
2798 2811
2798 3065
2799 2800
2799 2801
2799 2802
2799 2803
2799 2804
2799 2805
2800 2802
2800 2804
2800 2812
2801 2802
2801 2805
2801 3049
2802 2804
2802 2805
2802 2806
2802 2811
2802 2812
2802 2813
2802 2815
2802 3049
2802 3065
2802 3066
2802 3067
2802 3082
2803 2804
2803 2805
2804 2805
2804 2806
2804 2812
2804 2814
2804 2815
2805 2806
2805 3049
2805 3050
2805 3051
2805 3052
2805 3067
2805 3068
2805 3069
2805 3070
2806 2815
2806 3067
2806 3069
2807 2808
2808 2809
2808 3078
2809 2810
2809 2816
2809 2818
2809 2819
2809 3063
2809 3078
2809 3079
2809 3080
2809 3092
2810 2811
2810 2819
2810 3080
2811 2812
2811 2813
2811 2819
2811 2820
2811 2821
2811 2823
2811 3065
2811 3080
2811 3081
2811 3082
2811 3094
2812 2813
2812 2814
2812 2815
2812 2820
2812 2822
2812 2823
2812 2824
2813 2815
2813 2823
2813 3082
2814 2815
2814 2824
2815 2823
2815 2824
2815 2825
2815 3067
2815 3069
2815 3082
2815 3083
2815 3084
2815 3085
2815 3096
2815 3097
2816 2817
2816 2818
2816 2819
2817 2819
2817 2820
2818 2819
2818 3092
2819 2820
2819 2821
2819 3080
2819 3092
2819 3093
2819 3094
2820 2821
2820 2822
2820 2823
2821 2823
2821 3094
2822 2823
2822 2824
2823 2824
2823 2825
2823 3082
2823 3094
2823 3095
2823 3096
2824 2825
2825 3096
2825 3097
2826 2827
2826 2828
2826 2829
2826 2830
2827 2829
2827 2832
2828 2829
2828 2830
2828 3122
2829 2830
2829 2831
2829 2832
2829 2833
2829 2834
2829 3109
2829 3110
2829 3111
2829 3115
2829 3116
2829 3122
2829 3124
2830 2831
2830 2844
2830 2845
2830 2846
2830 2847
2830 3122
2830 3123
2830 3124
2830 3149
2830 3151
2831 2834
2831 2847
2831 3124
2832 2833
2832 2834
2832 2835
2832 2836
2832 2837
2833 2834
2833 2837
2833 3110
2833 3116
2834 2836
2834 2837
2834 2838
2834 2847
2834 2848
2834 2849
2834 3116
2834 3124
2834 3125
2834 3126
2834 3153
2835 2836
2835 2837
2836 2837
2836 2838
2836 2849
2837 2838
2837 3110
2837 3113
2837 3114
2837 3116
2837 3117
2837 3118
2837 3119
2837 3121
2837 3126
2837 3127
2838 2849
2838 3126
2838 3127
2839 2842
2839 2862
2840 2841
2840 2842
2840 3141
2840 3144
2841 2842
2841 2843
2841 2844
2841 2845
2841 3144
2841 3147
2841 3148
2841 3149
2842 2843
2842 2862
2842 2864
2842 2865
2842 3141
2842 3142
2842 3144
2842 3145
2842 3146
2842 3148
2842 3167
2842 3171
2843 2845
2843 2865
2843 3148
2844 2845
2844 3149
2845 2846
2845 2865
2845 2866
2845 2867
2845 3148
2845 3149
2845 3150
2845 3151
2845 3173
2846 2847
2846 2867
2846 3151
2847 2848
2847 2867
2847 2868
2847 2869
2847 3124
2847 3151
2847 3152
2847 3153
2847 3175
2848 2849
2848 2869
2848 3153
2849 2869
2849 2870
2849 3126
2849 3153
2849 3154
2849 3177
2850 2851
2850 2852
2850 3155
2851 2852
2851 2853
2851 2854
2851 2855
2851 3129
2851 3130
2851 3131
2851 3133
2851 3134
2851 3155
2851 3157
2852 2853
2852 2871
2852 2872
2852 2873
2852 2874
2852 3155
2852 3156
2852 3157
2852 3178
2852 3180
2853 2855
2853 2874
2853 3157
2854 2855
2854 2856
2854 3130
2854 3134
2855 2856
2855 2857
2855 2874
2855 2875
2855 2876
2855 3134
2855 3157
2855 3158
2855 3159
2855 3182
2856 2857
2856 2858
2856 2860
2856 2861
2856 3130
2856 3134
2856 3135
2856 3136
2856 3137
2856 3138
2856 3140
2856 3159
2857 2861
2857 2876
2857 3159
2858 2859
2858 2860
2858 2861
2859 2861
2860 2861
2860 3138
2860 3140
2860 3161
2861 2876
2861 2877
2861 3140
2861 3159
2861 3160
2861 3161
2861 3162
2861 3164
2861 3184
2861 3185
2862 2863
2862 2864
2862 2865
2863 2865
2864 2865
2864 3167
2864 3171
2865 2866
2865 3148
2865 3171
2865 3172
2865 3173
2866 2867
2866 3173
2867 2868
2867 2878
2867 2879
2867 3151
2867 3174
2867 3175
2868 2869
2868 2879
2868 3175
2869 2870
2869 2879
2869 2880
2869 2881
2869 3153
2869 3175
2869 3176
2869 3177
2869 3188
2870 2881
2870 3177
2871 2872
2871 3178
2872 2873
2872 2882
2872 2883
2872 3178
2872 3179
2872 3180
2872 3189
2873 2874
2873 2883
2873 3180
2874 2875
2874 2883
2874 2884
2874 2885
2874 3157
2874 3180
2874 3181
2874 3182
2874 3191
2875 2876
2875 2885
2875 3182
2876 2877
2876 2885
2876 2886
2876 2887
2876 3159
2876 3182
2876 3183
2876 3184
2876 3193
2877 2887
2877 3184
2877 3185
2878 2879
2879 2880
2879 2888
2879 2889
2879 3175
2879 3187
2879 3188
2880 2881
2880 2889
2880 3188
2882 2883
2882 2890
2882 3189
2883 2884
2883 2890
2883 2891
2883 2892
2883 3180
2883 3189
2883 3190
2883 3191
2883 3196
2884 2885
2884 2892
2884 3191
2885 2886
2885 2892
2885 2893
2885 2894
2885 3182
2885 3191
2885 3192
2885 3193
2885 3198
2886 2887
2886 2894
2886 3193
2887 3184
2887 3193
2887 3194
2888 2889
2890 2891
2890 2895
2890 2896
2890 3189
2890 3195
2890 3196
2890 3200
2891 2892
2891 2896
2891 3196
2892 2893
2892 2896
2892 2897
2892 2898
2892 3191
2892 3196
2892 3197
2892 3198
2892 3202
2893 2894
2893 2898
2893 3198
2894 3193
2894 3198
2894 3199
2895 2896
2895 3200
2896 2897
2896 3196
2896 3200
2896 3201
2896 3202
2897 2898
2897 3202
2899 2900
2899 2901
2899 2902
2900 2902
2900 3203
2900 3204
2901 2902
2901 2903
2901 2905
2901 3211
2902 2905
2902 2906
2902 2907
2902 2908
2902 3203
2902 3204
2902 3206
2902 3207
2902 3211
2902 3213
2903 2904
2903 2905
2904 2905
2904 2914
2904 2917
2904 3217
2905 2906
2905 2918
2905 2919
2905 3211
2905 3212
2905 3213
2906 2908
2906 2919
2906 3213
2907 2908
2907 2911
2907 3203
2907 3207
2908 2910
2908 2911
2908 2912
2908 2919
2908 2920
2908 3207
2908 3213
2908 3214
2908 3215
2908 3221
2909 2910
2909 2911
2910 2911
2910 2912
2911 2912
2911 3203
2911 3207
2911 3208
2911 3209
2911 3210
2911 3215
2912 3215
2913 2914
2913 2915
2914 2915
2914 2916
2914 2917
2914 3216
2914 3217
2914 3218
2915 2916
2915 2927
2915 2928
2915 3218
2915 3222
2915 3223
2916 2917
2916 2928
2916 3218
2917 2928
2917 2929
2917 3217
2917 3218
2917 3219
2917 3225
2918 2919
2919 2920
2919 3213
2919 3220
2919 3221
2920 3221
2921 2922
2921 2923
2922 2923
2922 2924
2922 2925
2922 2926
2923 2924
2923 2930
2923 2931
2923 3226
2923 3227
2923 3228
2924 2926
2924 2931
2924 3227
2925 2926
2926 2931
2926 2932
2926 3227
2926 3230
2926 3231
2927 2928
2927 2941
2927 3223
2928 2929
2928 2940
2928 2941
2928 2942
2928 2944
2928 3218
2928 3223
2928 3224
2928 3225
2928 3233
2929 2944
2929 3225
2930 2931
2930 2945
2930 3228
2931 2932
2931 2945
2931 2946
2931 2947
2931 3227
2931 3228
2931 3229
2931 3231
2931 3236
2932 2947
2932 3231
2933 2934
2933 2935
2934 2935
2934 2936
2934 2937
2934 2938
2935 2936
2936 2938
2936 2948
2937 2938
2938 2948
2938 2949
2939 2940
2939 2941
2940 2941
2940 2942
2940 2943
2940 2944
2940 2950
2940 2951
2940 2952
2941 2942
2941 2952
2941 3223
2941 3232
2941 3233
2941 3238
2941 3239
2942 2944
2942 2952
2942 3233
2943 2944
2943 2951
2944 2951
2944 2952
2944 2953
2944 3225
2944 3233
2944 3234
2944 3241
2945 2946
2945 2954
2945 2955
2945 2956
2945 2957
2945 2959
2945 3228
2945 3235
2945 3236
2945 3242
2945 3244
2946 2947
2946 2959
2946 3236
2947 2959
2947 2960
2947 2961
2947 3231
2947 3236
2947 3237
2947 3246
2948 2949
2948 2962
2948 2963
2948 2964
2950 2951
2950 2952
2951 2952
2951 2953
2952 2953
2952 3233
2952 3238
2952 3239
2952 3240
2952 3241
2953 3241
2954 2955
2954 2956
2955 2956
2955 3242
2956 2957
2956 2965
2956 2966
2956 3242
2956 3243
2956 3244
2956 3247
2957 2959
2957 2966
2957 3244
2958 2959
2958 2960
2958 2967
2959 2960
2959 2961
2959 2966
2959 2967
2959 2968
2959 3236
2959 3244
2959 3245
2959 3246
2959 3249
2959 3250
2960 2961
2961 3246
2961 3250
2962 2963
2963 2964
2965 2966
2965 2971
2965 2973
2965 3247
2966 2967
2966 2968
2966 2973
2966 2974
2966 2976
2966 3244
2966 3247
2966 3248
2966 3249
2966 3255
2967 2968
2967 2975
2967 2976
2968 2976
2968 3249
2968 3250
2969 2970
2969 2971
2970 2971
2970 2972
2970 2973
2970 2977
2970 2978
2970 2980
2970 2981
2971 2972
2971 2973
2971 3247
2971 3252
2971 3253
2972 2973
2972 2978
2972 2980
2972 3253
2973 2974
2973 2980
2973 2981
2973 2982
2973 2984
2973 3247
2973 3253
2973 3254
2973 3255
2973 3263
2974 2976
2974 2984
2974 3255
2975 2976
2976 3249
2976 3255
2976 3256
2977 2978
2978 2979
2978 2980
2978 2987
2978 3253
2978 3257
2978 3258
2978 3259
2978 3261
2979 2980
2979 2987
2979 2989
2979 3261
2980 2981
2980 2982
2980 2989
2980 2990
2980 2992
2980 3253
2980 3261
2980 3262
2980 3263
2980 3267
2981 2982
2981 2983
2981 2984
2981 2991
2981 2992
2982 2984
2982 2992
2982 3263
2983 2984
2984 3255
2984 3263
2984 3264
2985 2986
2985 2987
2986 2987
2986 2988
2986 2989
2987 2988
2987 2989
2987 3257
2987 3258
2987 3260
2987 3261
2987 3265
2988 2989
2988 3265
2988 3269
2989 2990
2989 3261
2989 3265
2989 3266
2989 3267
2989 3269
2989 3270
2989 3272
2989 3273
2990 2992
2990 3267
2990 3273
2991 2992
2992 3263
2992 3267
2992 3268
2993 2994
2993 2995
2994 2995
2994 2996
2994 2997
2994 2998
2995 2996
2995 3002
2995 3003
2996 2998
2996 3003
2997 2998
2997 3000
2998 3000
2998 3001
2998 3003
2998 3004
2998 3005
2998 3297
2998 3298
2998 3299
2999 3000
3000 3001
3001 3005
3001 3006
3001 3298
3002 3003
3003 3004
3004 3005
3004 3015
3004 3299
3005 3006
3005 3007
3005 3015
3005 3016
3005 3017
3005 3298
3005 3299
3005 3300
3005 3302
3005 3305
3006 3007
3006 3008
3006 3009
3006 3010
3006 3298
3006 3301
3006 3302
3006 3303
3007 3010
3007 3017
3007 3302
3008 3009
3008 3010
3008 3011
3008 3012
3009 3010
3009 3012
3009 3303
3010 3012
3010 3013
3010 3017
3010 3018
3010 3019
3010 3302
3010 3303
3010 3304
3010 3307
3010 3308
3011 3012
3012 3013
3013 3019
3013 3020
3013 3308
3014 3015
3015 3016
3016 3017
3016 3305
3017 3018
3017 3022
3017 3023
3017 3302
3017 3305
3017 3306
3017 3307
3018 3019
3018 3023
3018 3307
3019 3020
3019 3021
3019 3023
3019 3024
3019 3025
3019 3307
3019 3308
3019 3309
3020 3021
3020 3026
3020 3310
3020 3311
3020 3312
3020 3313
3021 3025
3021 3026
3021 3313
3022 3023
3023 3024
3023 3028
3023 3029
3024 3025
3024 3029
3025 3026
3025 3027
3025 3029
3025 3030
3025 3031
3025 3313
3025 3315
3025 3316
3025 3332
3026 3027
3026 3032
3026 3310
3026 3312
3026 3313
3026 3314
3026 3316
3026 3317
3026 3318
3027 3031
3027 3032
3027 3316
3028 3029
3029 3030
3029 3046
3029 3047
3030 3031
3030 3047
3030 3332
3031 3032
3031 3033
3031 3047
3031 3048
3031 3049
3031 3316
3031 3332
3031 3333
3031 3334
3031 3353
3032 3033
3032 3316
3032 3317
3032 3318
3032 3319
3032 3334
3033 3049
3033 3051
3033 3334
3034 3035
3034 3036
3034 3038
3035 3036
3035 3037
3035 3038
3035 3039
3035 3041
3035 3042
3035 3043
3035 3044
3036 3037
3036 3038
3036 3040
3036 3041
3037 3041
3037 3043
3037 3053
3038 3039
3038 3040
3038 3041
3039 3041
3039 3044
3039 3341
3040 3041
3041 3043
3041 3044
3041 3045
3041 3053
3041 3055
3041 3056
3041 3341
3041 3343
3041 3344
3041 3365
3042 3043
3042 3044
3043 3044
3043 3045
3043 3053
3043 3054
3043 3056
3043 3057
3043 3058
3043 3059
3044 3045
3044 3059
3044 3341
3044 3342
3044 3344
3044 3345
3044 3346
3045 3056
3045 3059
3045 3344
3046 3047
3046 3061
3046 3063
3047 3048
3047 3063
3047 3064
3047 3065
3047 3332
3047 3352
3047 3353
3047 3370
3048 3049
3048 3065
3048 3353
3049 3051
3049 3052
3049 3065
3049 3066
3049 3067
3049 3334
3049 3353
3049 3354
3049 3356
3049 3372
3050 3051
3051 3052
3051 3334
3051 3355
3051 3356
3052 3067
3052 3070
3052 3356
3053 3054
3053 3055
3053 3056
3053 3072
3053 3073
3053 3074
3054 3056
3054 3058
3054 3073
3055 3056
3055 3074
3055 3365
3056 3058
3056 3059
3056 3060
3056 3073
3056 3074
3056 3075
3056 3077
3056 3344
3056 3365
3056 3366
3056 3367
3056 3381
3057 3058
3057 3059
3058 3059
3058 3060
3058 3073
3058 3076
3058 3077
3059 3060
3059 3344
3059 3345
3059 3346
3059 3347
3059 3348
3059 3349
3059 3351
3059 3367
3059 3368
3060 3077
3060 3367
3060 3368
3061 3062
3061 3063
3062 3063
3062 3078
3063 3064
3063 3078
3063 3079
3063 3080
3064 3065
3064 3080
3064 3370
3065 3066
3065 3080
3065 3081
3065 3082
3065 3353
3065 3370
3065 3371
3065 3372
3065 3384
3066 3067
3066 3082
3066 3372
3067 3069
3067 3070
3067 3071
3067 3082
3067 3083
3067 3085
3067 3356
3067 3372
3067 3373
3067 3375
3067 3386
3068 3069
3068 3070
3069 3070
3069 3071
3069 3084
3069 3085
3070 3071
3070 3356
3070 3359
3070 3363
3070 3374
3070 3375
3070 3376
3071 3085
3071 3375
3071 3376
3072 3073
3072 3074
3072 3086
3073 3074
3073 3075
3073 3076
3073 3077
3073 3086
3073 3087
3073 3089
3073 3090
3074 3075
3074 3086
3074 3088
3074 3089
3074 3365
3074 3380
3074 3381
3074 3392
3075 3077
3075 3089
3075 3381
3076 3077
3076 3090
3077 3089
3077 3090
3077 3091
3077 3367
3077 3381
3077 3382
3077 3394
3078 3079
3079 3080
3079 3092
3080 3081
3080 3092
3080 3093
3080 3094
3080 3370
3080 3383
3080 3384
3080 3395
3081 3082
3081 3094
3081 3384
3082 3083
3082 3094
3082 3095
3082 3096
3082 3372
3082 3384
3082 3385
3082 3386
3082 3397
3083 3085
3083 3096
3083 3386
3084 3085
3084 3097
3085 3096
3085 3097
3085 3098
3085 3375
3085 3376
3085 3386
3085 3387
3085 3388
3085 3389
3085 3399
3085 3400
3086 3087
3086 3088
3086 3089
3086 3099
3086 3100
3086 3101
3086 3102
3086 3104
3086 3105
3087 3089
3087 3090
3087 3105
3088 3089
3088 3102
3088 3104
3088 3392
3089 3090
3089 3091
3089 3104
3089 3105
3089 3106
3089 3108
3089 3381
3089 3392
3089 3393
3089 3394
3089 3411
3090 3091
3090 3105
3090 3107
3090 3108
3091 3108
3091 3394
3092 3093
3093 3094
3093 3395
3094 3095
3094 3384
3094 3395
3094 3396
3094 3397
3095 3096
3095 3397
3096 3097
3096 3098
3096 3386
3096 3397
3096 3398
3096 3399
3096 3412
3096 3413
3096 3414
3097 3098
3098 3399
3098 3400
3098 3413
3099 3100
3099 3102
3100 3101
3100 3102
3100 3103
3100 3104
3100 3109
3100 3110
3100 3111
3101 3104
3101 3105
3101 3110
3102 3103
3102 3104
3102 3392
3102 3404
3102 3405
3102 3406
3102 3407
3102 3409
3103 3104
3103 3111
3103 3405
3103 3409
3104 3105
3104 3106
3104 3110
3104 3111
3104 3112
3104 3114
3104 3392
3104 3409
3104 3410
3104 3411
3104 3421
3105 3106
3105 3107
3105 3108
3105 3110
3105 3113
3105 3114
3106 3108
3106 3114
3106 3411
3107 3108
3108 3114
3108 3120
3108 3411
3108 3423
3108 3424
3109 3110
3109 3111
3110 3111
3110 3112
3110 3113
3110 3114
3110 3116
3111 3112
3111 3115
3111 3116
3111 3409
3111 3420
3111 3421
3111 3433
3112 3114
3112 3116
3112 3421
3113 3114
3113 3118
3114 3116
3114 3117
3114 3118
3114 3120
3114 3121
3114 3411
3114 3421
3114 3422
3114 3424
3114 3435
3115 3116
3115 3122
3115 3124
3115 3433
3116 3117
3116 3124
3116 3125
3116 3126
3116 3421
3116 3433
3116 3434
3116 3435
3116 3442
3117 3121
3117 3126
3117 3435
3118 3119
3118 3120
3118 3121
3119 3121
3119 3127
3120 3121
3120 3424
3121 3126
3121 3127
3121 3128
3121 3424
3121 3435
3121 3436
3121 3444
3121 3445
3121 3446
3121 3447
3122 3123
3122 3124
3123 3124
3123 3149
3123 3151
3124 3125
3124 3151
3124 3152
3124 3153
3124 3433
3124 3441
3124 3442
3124 3456
3125 3126
3125 3153
3125 3442
3126 3127
3126 3128
3126 3153
3126 3154
3126 3435
3126 3442
3126 3443
3126 3444
3126 3458
3127 3128
3128 3444
3128 3446
3129 3130
3129 3131
3130 3131
3130 3132
3130 3134
3130 3135
3130 3136
3131 3132
3131 3133
3131 3134
3131 3449
3131 3450
3131 3451
3132 3134
3132 3136
3132 3450
3133 3134
3133 3155
3133 3157
3133 3451
3134 3136
3134 3137
3134 3157
3134 3158
3134 3159
3134 3450
3134 3451
3134 3452
3134 3453
3134 3462
3135 3136
3135 3138
3136 3137
3136 3138
3136 3139
3136 3140
3136 3426
3136 3428
3136 3429
3136 3437
3136 3438
3136 3450
3136 3453
3137 3140
3137 3159
3137 3453
3138 3139
3138 3140
3139 3140
3139 3429
3139 3438
3139 3439
3140 3159
3140 3160
3140 3161
3140 3163
3140 3164
3140 3438
3140 3439
3140 3453
3140 3454
3140 3455
3140 3464
3141 3142
3141 3143
3141 3144
3141 3145
3142 3145
3142 3165
3142 3167
3143 3144
3143 3145
3144 3145
3144 3146
3144 3147
3144 3148
3145 3146
3145 3165
3145 3167
3145 3168
3145 3169
3145 3170
3145 3171
3145 3466
3145 3467
3145 3469
3145 3470
3146 3148
3146 3171
3146 3470
3147 3148
3147 3149
3148 3149
3148 3150
3148 3171
3148 3172
3148 3173
3149 3150
3149 3151
3150 3151
3150 3173
3151 3152
3151 3174
3151 3175
3151 3456
3151 3472
3151 3473
3152 3153
3152 3175
3152 3456
3153 3154
3153 3175
3153 3176
3153 3177
3153 3442
3153 3456
3153 3457
3153 3458
3153 3475
3154 3177
3154 3458
3155 3156
3155 3157
3155 3451
3155 3459
3155 3460
3156 3157
3156 3178
3156 3180
3156 3460
3157 3158
3157 3180
3157 3181
3157 3182
3157 3451
3157 3460
3157 3461
3157 3462
3157 3477
3158 3159
3158 3182
3158 3462
3159 3160
3159 3182
3159 3183
3159 3184
3159 3453
3159 3462
3159 3463
3159 3464
3159 3479
3160 3164
3160 3184
3160 3464
3161 3162
3161 3163
3161 3164
3162 3164
3162 3185
3163 3164
3163 3439
3163 3455
3164 3184
3164 3185
3164 3186
3164 3455
3164 3464
3164 3465
3164 3481
3165 3166
3165 3167
3165 3168
3165 3169
3166 3167
3166 3169
3167 3169
3167 3170
3167 3171
3168 3169
3168 3466
3169 3170
3169 3466
3169 3468
3169 3469
3170 3171
3170 3469
3171 3172
3171 3469
3171 3470
3171 3471
3172 3173
3174 3175
3174 3473
3174 3482
3175 3176
3175 3187
3175 3188
3175 3456
3175 3473
3175 3474
3175 3475
3175 3482
3175 3484
3176 3177
3176 3188
3176 3475
3178 3179
3178 3180
3179 3180
3179 3189
3180 3181
3180 3189
3180 3190
3180 3191
3180 3460
3180 3476
3180 3477
3180 3486
3181 3182
3181 3191
3181 3477
3182 3183
3182 3191
3182 3192
3182 3193
3182 3462
3182 3477
3182 3478
3182 3479
3182 3488
3183 3184
3183 3193
3183 3479
3184 3185
3184 3186
3184 3193
3184 3194
3184 3464
3184 3479
3184 3480
3184 3481
3184 3490
3185 3186
3186 3481
3187 3188
3187 3482
3187 3484
3187 3492
3188 3475
3188 3484
3188 3485
3189 3190
3189 3195
3189 3196
3190 3191
3190 3196
3190 3486
3191 3192
3191 3196
3191 3197
3191 3198
3191 3477
3191 3486
3191 3487
3191 3488
3191 3495
3192 3193
3192 3198
3192 3488
3193 3194
3193 3198
3193 3199
3193 3479
3193 3488
3193 3489
3193 3490
3193 3497
3193 3498
3194 3490
3194 3498
3194 3500
3195 3196
3195 3200
3196 3197
3196 3200
3196 3201
3196 3202
3197 3198
3197 3202
3197 3495
3198 3199
3198 3488
3198 3495
3198 3496
3198 3497
3199 3497
3199 3498
3200 3201
3201 3202
3203 3204
3203 3205
3203 3207
3203 3208
3203 3209
3204 3205
3204 3206
3204 3207
3204 3504
3204 3505
3204 3506
3205 3207
3205 3209
3205 3505
3206 3207
3206 3211
3206 3213
3206 3506
3207 3209
3207 3210
3207 3213
3207 3214
3207 3215
3207 3505
3207 3506
3207 3507
3207 3509
3207 3511
3208 3209
3209 3210
3209 3505
3209 3508
3209 3509
3210 3215
3210 3509
3210 3513
3211 3212
3211 3213
3212 3213
3213 3214
3213 3220
3213 3221
3213 3506
3213 3510
3213 3511
3214 3215
3214 3221
3214 3511
3215 3221
3215 3509
3215 3511
3215 3512
3215 3513
3215 3514
3215 3516
3215 3517
3215 3519
3216 3217
3216 3218
3217 3218
3217 3219
3218 3219
3218 3222
3218 3223
3218 3224
3218 3225
3219 3225
3220 3221
3221 3511
3221 3517
3221 3518
3221 3519
3222 3223
3223 3224
3223 3232
3223 3233
3223 3520
3223 3521
3223 3522
3223 3523
3223 3525
3223 3526
3224 3225
3224 3233
3224 3526
3225 3233
3225 3234
3225 3526
3225 3528
3225 3529
3226 3227
3226 3228
3227 3228
3227 3229
3227 3230
3227 3231
3228 3229
3228 3235
3228 3236
3229 3231
3229 3236
3229 3530
3230 3231
3231 3236
3231 3237
3231 3530
3231 3531
3231 3533
3232 3233
3232 3239
3232 3521
3232 3525
3233 3234
3233 3239
3233 3240
3233 3241
3233 3525
3233 3526
3233 3527
3233 3529
3233 3537
3234 3241
3234 3529
3235 3236
3235 3242
3235 3244
3236 3237
3236 3244
3236 3245
3236 3246
3236 3530
3236 3532
3236 3533
3236 3538
3237 3246
3237 3533
3238 3239
3239 3240
3239 3521
3239 3525
3239 3534
3239 3535
3239 3536
3239 3537
3239 3540
3239 3541
3239 3542
3240 3241
3240 3537
3240 3541
3241 3537
3241 3541
3241 3544
3241 3545
3241 3546
3242 3243
3242 3244
3243 3244
3243 3247
3243 3547
3244 3245
3244 3247
3244 3248
3244 3249
3244 3538
3244 3547
3244 3548
3244 3550
3245 3246
3245 3249
3245 3538
3246 3249
3246 3250
3246 3251
3246 3533
3246 3538
3246 3539
3247 3248
3247 3252
3247 3253
3247 3254
3247 3255
3247 3547
3247 3549
3247 3550
3248 3249
3248 3255
3248 3550
3249 3250
3249 3251
3249 3255
3249 3256
3249 3538
3249 3550
3249 3551
3250 3251
3252 3253
3253 3254
3253 3259
3253 3261
3253 3262
3253 3263
3253 3564
3253 3565
3253 3567
3254 3255
3254 3263
3255 3256
3255 3263
3255 3264
3257 3258
3258 3259
3258 3260
3258 3261
3259 3261
3259 3564
3260 3261
3260 3265
3261 3262
3261 3265
3261 3266
3261 3267
3261 3564
3261 3566
3261 3567
3262 3263
3262 3267
3262 3567
3263 3264
3263 3267
3263 3268
3265 3266
3265 3269
3265 3271
3265 3272
3265 3572
3265 3573
3265 3574
3266 3267
3266 3272
3266 3573
3267 3268
3267 3272
3267 3273
3267 3274
3269 3270
3269 3271
3269 3272
3269 3275
3269 3276
3269 3277
3269 3278
3269 3280
3269 3281
3270 3272
3270 3273
3270 3281
3271 3272
3271 3278
3271 3280
3271 3574
3272 3273
3272 3274
3272 3280
3272 3281
3272 3282
3272 3573
3272 3574
3272 3575
3272 3583
3273 3274
3275 3276
3275 3278
3276 3277
3276 3278
3276 3279
3276 3280
3276 3283
3276 3284
3276 3285
3277 3280
3277 3281
3277 3284
3278 3279
3278 3280
3278 3574
3278 3576
3278 3577
3278 3578
3278 3579
3278 3581
3279 3280
3279 3285
3279 3577
3279 3581
3280 3281
3280 3282
3280 3284
3280 3285
3280 3286
3280 3288
3280 3574
3280 3581
3280 3582
3280 3583
3280 3585
3281 3282
3281 3284
3281 3287
3281 3288
3282 3288
3282 3583
3283 3284
3283 3285
3283 3289
3283 3291
3284 3285
3284 3286
3284 3287
3284 3288
3284 3291
3284 3295
3284 3296
3285 3286
3285 3289
3285 3291
3285 3292
3285 3293
3285 3294
3285 3296
3285 3581
3285 3584
3285 3585
3286 3288
3286 3296
3286 3585
3287 3288
3289 3290
3289 3291
3289 3292
3289 3293
3290 3291
3290 3293
3291 3293
3291 3294
3291 3295
3291 3296
3292 3293
3293 3294
3294 3296
3295 3296
3297 3298
3297 3299
3297 3586
3297 3589
3298 3299
3298 3300
3298 3301
3298 3302
3298 3589
3298 3592
3298 3593
3299 3300
3299 3586
3299 3587
3299 3589
3299 3590
3299 3591
3299 3593
3300 3302
3300 3305
3300 3593
3301 3302
3301 3303
3302 3303
3302 3304
3302 3305
3302 3306
3302 3307
3303 3304
3304 3307
3304 3308
3305 3306
3306 3307
3307 3308
3307 3309
3308 3309
3308 3311
3308 3313
3308 3594
3308 3595
3308 3596
3309 3313
3309 3596
3310 3312
3311 3312
3311 3313
3311 3595
3312 3313
3312 3314
3312 3595
3312 3598
3312 3599
3313 3314
3313 3315
3313 3316
3313 3595
3313 3596
3313 3597
3313 3599
3313 3600
3314 3316
3314 3318
3314 3599
3315 3316
3315 3332
3315 3600
3316 3318
3316 3319
3316 3332
3316 3333
3316 3334
3316 3599
3316 3600
3316 3601
3316 3603
3316 3629
3317 3318
3318 3319
3318 3599
3318 3602
3318 3603
3319 3334
3319 3603
3320 3321
3320 3322
3320 3324
3321 3322
3321 3323
3321 3324
3321 3325
3321 3327
3321 3328
3321 3329
3321 3330
3322 3323
3322 3324
3322 3326
3322 3327
3322 3335
3322 3336
3322 3337
3323 3327
3323 3329
3323 3336
3324 3325
3324 3326
3324 3327
3324 3604
3324 3605
3324 3606
3324 3607
3324 3609
3324 3610
3325 3327
3325 3330
3325 3610
3326 3327
3326 3337
3326 3605
3326 3609
3327 3329
3327 3330
3327 3331
3327 3336
3327 3337
3327 3338
3327 3340
3327 3609
3327 3610
3327 3611
3327 3613
3327 3640
3328 3329
3328 3330
3329 3330
3329 3331
3329 3336
3329 3339
3329 3340
3330 3331
3330 3610
3330 3612
3330 3613
3330 3614
3330 3615
3330 3616
3331 3340
3331 3613
3331 3615
3332 3333
3332 3352
3332 3353
3332 3600
3332 3628
3332 3629
3333 3334
3333 3353
3333 3629
3334 3353
3334 3354
3334 3355
3334 3356
3334 3603
3334 3629
3334 3630
3334 3651
3335 3336
3335 3337
3336 3337
3336 3338
3336 3339
3336 3340
3337 3338
3337 3605
3337 3609
3337 3637
3337 3638
3337 3639
3337 3640
3337 3657
3337 3659
3337 3660
3338 3340
3338 3640
3339 3340
3340 3613
3340 3615
3340 3640
3340 3641
3340 3642
3340 3643
3341 3342
3341 3343
3341 3344
3342 3344
3342 3346
3342 3644
3343 3344
3343 3365
3344 3346
3344 3347
3344 3365
3344 3366
3344 3367
3344 3644
3344 3645
3344 3646
3344 3661
3345 3346
3345 3348
3346 3347
3346 3348
3346 3350
3346 3351
3346 3618
3346 3619
3346 3620
3346 3622
3346 3623
3346 3644
3346 3646
3347 3351
3347 3367
3347 3646
3348 3349
3348 3350
3348 3351
3349 3351
3349 3368
3350 3351
3350 3619
3350 3623
3350 3625
3351 3367
3351 3368
3351 3369
3351 3623
3351 3625
3351 3646
3351 3647
3351 3648
3351 3649
3351 3663
3352 3353
3352 3370
3353 3354
3353 3370
3353 3371
3353 3372
3353 3629
3353 3650
3353 3651
3353 3664
3354 3356
3354 3372
3354 3651
3355 3356
3356 3372
3356 3373
3356 3374
3356 3375
3356 3651
3356 3654
3356 3666
3356 3667
3357 3358
3357 3359
3357 3360
3357 3361
3357 3362
3357 3363
3358 3360
3358 3362
3359 3360
3359 3363
3359 3376
3360 3362
3360 3363
3360 3364
3360 3376
3360 3378
3360 3379
3361 3362
3361 3363
3361 3631
3361 3635
3361 3652
3362 3363
3362 3364
3362 3605
3362 3631
3362 3632
3362 3634
3362 3635
3362 3636
3362 3637
3362 3638
3362 3656
3362 3657
3363 3364
3363 3374
3363 3375
3363 3376
3363 3377
3363 3379
3363 3635
3363 3652
3363 3654
3363 3655
3363 3656
3363 3669
3364 3379
3364 3656
3364 3657
3365 3366
3365 3380
3365 3381
3366 3367
3366 3381
3366 3661
3367 3368
3367 3369
3367 3381
3367 3382
3367 3646
3367 3661
3367 3662
3367 3663
3368 3369
3369 3663
3370 3371
3370 3383
3370 3384
3371 3372
3371 3384
3371 3664
3372 3373
3372 3384
3372 3385
3372 3386
3372 3651
3372 3664
3372 3665
3372 3667
3372 3674
3373 3375
3373 3386
3373 3667
3374 3375
3374 3652
3374 3654
3375 3376
3375 3377
3375 3386
3375 3387
3375 3389
3375 3654
3375 3667
3375 3668
3375 3669
3375 3676
3376 3377
3376 3378
3376 3379
3376 3388
3376 3389
3376 3390
3377 3379
3377 3389
3377 3669
3378 3379
3378 3390
3379 3389
3379 3390
3379 3391
3379 3656
3379 3657
3379 3669
3379 3670
3379 3671
3379 3672
3379 3678
3380 3381
3380 3392
3380 3680
3380 3685
3381 3382
3381 3392
3381 3393
3381 3394
3382 3394
3383 3384
3383 3395
3384 3385
3384 3395
3384 3396
3384 3397
3384 3664
3384 3673
3384 3674
3384 3687
3385 3386
3385 3397
3385 3674
3386 3387
3386 3397
3386 3398
3386 3399
3386 3667
3386 3674
3386 3675
3386 3676
3386 3689
3387 3389
3387 3399
3387 3676
3388 3389
3388 3390
3388 3400
3389 3390
3389 3391
3389 3399
3389 3400
3389 3401
3389 3403
3389 3669
3389 3676
3389 3677
3389 3678
3389 3691
3390 3391
3390 3400
3390 3402
3390 3403
3391 3403
3391 3678
3392 3393
3392 3407
3392 3409
3392 3410
3392 3411
3392 3680
3392 3684
3392 3685
3392 3686
3392 3695
3393 3394
3393 3411
3395 3396
3396 3397
3396 3687
3397 3398
3397 3674
3397 3687
3397 3688
3397 3689
3398 3399
3398 3414
3398 3689
3399 3400
3399 3401
3399 3413
3399 3414
3399 3415
3399 3417
3399 3676
3399 3689
3399 3690
3399 3691
3399 3697
3400 3401
3400 3402
3400 3403
3400 3413
3400 3416
3400 3417
3400 3418
3401 3403
3401 3417
3401 3691
3402 3403
3402 3418
3403 3417
3403 3418
3403 3419
3403 3678
3403 3691
3403 3692
3403 3699
3404 3405
3404 3406
3405 3406
3405 3408
3405 3409
3406 3407
3406 3408
3406 3409
3406 3679
3406 3680
3406 3681
3406 3683
3406 3684
3406 3693
3407 3409
3407 3680
3407 3684
3408 3409
3408 3693
3409 3410
3409 3420
3409 3421
3409 3684
3409 3693
3409 3694
3409 3695
3410 3411
3410 3421
3410 3695
3411 3421
3411 3422
3411 3423
3411 3424
3412 3413
3412 3414
3412 3425
3413 3414
3413 3415
3413 3416
3413 3417
3413 3425
3413 3426
3413 3428
3413 3429
3414 3415
3414 3425
3414 3427
3414 3428
3414 3689
3414 3696
3414 3697
3414 3700
3415 3417
3415 3428
3415 3697
3416 3417
3416 3418
3416 3429
3417 3418
3417 3419
3417 3428
3417 3429
3417 3430
3417 3432
3417 3691
3417 3697
3417 3698
3417 3699
3417 3702
3418 3419
3418 3429
3418 3431
3418 3432
3419 3432
3419 3699
3420 3421
3420 3433
3421 3422
3421 3433
3421 3434
3421 3435
3421 3704
3421 3705
3421 3706
3422 3424
3422 3435
3422 3705
3423 3424
3424 3435
3424 3436
3424 3447
3424 3705
3424 3708
3424 3709
3424 3710
3424 3711
3425 3426
3425 3427
3425 3428
3426 3428
3426 3429
3427 3428
3427 3450
3427 3700
3428 3429
3428 3430
3428 3437
3428 3438
3428 3450
3428 3697
3428 3700
3428 3701
3428 3702
3428 3714
3429 3430
3429 3431
3429 3432
3429 3438
3429 3439
3430 3432
3430 3438
3430 3702
3431 3432
3431 3439
3432 3438
3432 3439
3432 3440
3432 3699
3432 3702
3432 3703
3432 3716
3432 3717
3432 3718
3432 3719
3433 3434
3433 3441
3433 3442
3434 3435
3434 3442
3434 3706
3435 3436
3435 3442
3435 3443
3435 3444
3435 3705
3435 3706
3435 3707
3435 3709
3435 3722
3436 3444
3436 3447
3436 3709
3437 3438
3437 3450
3437 3453
3437 3714
3438 3439
3438 3440
3438 3453
3438 3454
3438 3455
3438 3702
3438 3714
3438 3715
3438 3716
3438 3729
3439 3440
3439 3455
3440 3455
3440 3716
3440 3718
3441 3442
3441 3456
3442 3443
3442 3456
3442 3457
3442 3458
3442 3706
3442 3721
3442 3722
3443 3444
3443 3458
3443 3722
3444 3446
3444 3447
3444 3448
3444 3709
3444 3722
3444 3723
3444 3724
3445 3446
3445 3447
3446 3447
3446 3448
3447 3448
3447 3709
3447 3710
3447 3711
3447 3712
3447 3724
3448 3724
3449 3450
3449 3451
3449 3725
3450 3451
3450 3452
3450 3453
3450 3700
3450 3713
3450 3714
3450 3725
3450 3727
3451 3452
3451 3459
3451 3460
3451 3461
3451 3462
3451 3725
3451 3726
3451 3727
3451 3739
3452 3453
3452 3462
3452 3727
3453 3454
3453 3462
3453 3463
3453 3464
3453 3714
3453 3727
3453 3728
3453 3729
3453 3741
3454 3455
3454 3464
3454 3729
3455 3464
3455 3465
3455 3716
3455 3718
3455 3729
3455 3730
3455 3731
3455 3732
3455 3743
3455 3744
3456 3457
3456 3472
3456 3473
3456 3474
3456 3475
3456 3748
3456 3749
3456 3750
3457 3458
3457 3475
3457 3749
3459 3460
3460 3461
3460 3476
3460 3477
3461 3462
3461 3477
3461 3739
3462 3463
3462 3477
3462 3478
3462 3479
3462 3727
3462 3739
3462 3740
3462 3741
3462 3753
3463 3464
3463 3479
3463 3741
3464 3465
3464 3479
3464 3480
3464 3481
3464 3729
3464 3741
3464 3742
3464 3743
3464 3755
3465 3481
3465 3743
3465 3744
3466 3467
3466 3468
3466 3469
3466 3733
3466 3734
3466 3735
3466 3737
3466 3738
3466 3746
3467 3469
3467 3470
3467 3734
3467 3738
3468 3469
3468 3746
3469 3470
3469 3471
3469 3738
3469 3746
3469 3747
3470 3471
3472 3473
3473 3474
3473 3482
3473 3483
3473 3484
3473 3750
3473 3757
3473 3758
3474 3475
3474 3484
3474 3750
3475 3484
3475 3485
3475 3749
3475 3750
3475 3751
3475 3760
3476 3477
3476 3486
3477 3478
3477 3486
3477 3487
3477 3488
3477 3739
3477 3752
3477 3753
3477 3761
3478 3479
3478 3488
3478 3753
3479 3480
3479 3488
3479 3489
3479 3490
3479 3741
3479 3753
3479 3754
3479 3755
3479 3763
3480 3481
3480 3490
3480 3755
3481 3743
3481 3755
3481 3756
3482 3483
3482 3484
3482 3491
3482 3492
3482 3493
3483 3484
3483 3493
3483 3758
3483 3765
3484 3485
3484 3492
3484 3493
3484 3494
3484 3750
3484 3758
3484 3759
3484 3760
3484 3770
3484 3771
3485 3760
3485 3771
3486 3487
3487 3488
3487 3495
3487 3761
3488 3489
3488 3495
3488 3496
3488 3497
3488 3753
3488 3761
3488 3762
3488 3763
3489 3490
3489 3497
3489 3763
3490 3497
3490 3498
3490 3499
3490 3500
3490 3502
3490 3503
3490 3755
3490 3763
3490 3764
3490 3774
3490 3775
3491 3492
3491 3493
3492 3493
3492 3494
3493 3494
3493 3758
3493 3765
3493 3766
3493 3768
3493 3769
3493 3770
3493 3779
3493 3783
3493 3784
3493 3785
3494 3770
3494 3771
3494 3785
3495 3496
3496 3497
3497 3498
3497 3499
3497 3763
3497 3773
3497 3774
3498 3499
3498 3500
3498 3501
3498 3503
3499 3503
3499 3774
3500 3501
3500 3502
3500 3503
3501 3503
3502 3503
3502 3775
3503 3774
3503 3775
3503 3776
3504 3505
3504 3506
3505 3506
3505 3507
3505 3508
3505 3509
3506 3507
3506 3510
3506 3511
3507 3509
3507 3511
3507 3787
3508 3509
3509 3511
3509 3512
3509 3513
3509 3515
3509 3516
3509 3787
3509 3788
3509 3790
3509 3791
3510 3511
3511 3512
3511 3518
3511 3519
3511 3787
3511 3789
3511 3790
3511 3793
3512 3516
3512 3519
3512 3790
3513 3514
3513 3515
3513 3516
3514 3516
3515 3516
3515 3791
3516 3519
3516 3790
3516 3791
3516 3792
3516 3795
3516 3796
3517 3519
3518 3519
3518 3793
3519 3790
3519 3793
3519 3794
3519 3795
3519 3796
3520 3521
3520 3522
3521 3522
3521 3524
3521 3525
3521 3534
3521 3535
3522 3523
3522 3524
3522 3525
3523 3525
3523 3526
3524 3525
3524 3535
3525 3526
3525 3527
3525 3535
3525 3536
3525 3537
3526 3527
3526 3528
3526 3529
3527 3529
3527 3537
3528 3529
3530 3531
3530 3532
3530 3533
3531 3533
3532 3533
3532 3538
3533 3538
3533 3539
3534 3535
3535 3536
3536 3537
3536 3542
3536 3797
3537 3541
3537 3542
3537 3543
3537 3545
3537 3546
3537 3797
3537 3798
3537 3800
3537 3801
3538 3539
3538 3548
3538 3550
3538 3551
3540 3541
3540 3542
3540 3552
3541 3542
3541 3543
3541 3544
3541 3546
3541 3552
3541 3553
3541 3555
3541 3556
3542 3543
3542 3552
3542 3554
3542 3555
3542 3797
3542 3799
3542 3800
3542 3803
3543 3546
3543 3555
3543 3800
3544 3546
3544 3556
3545 3546
3545 3801
3546 3555
3546 3556
3546 3557
3546 3800
3546 3801
3546 3802
3546 3805
3546 3806
3546 3807
3546 3808
3547 3548
3547 3549
3547 3550
3548 3550
3549 3550
3550 3551
3552 3553
3552 3554
3552 3555
3552 3558
3552 3559
3552 3560
3553 3555
3553 3556
3553 3559
3554 3555
3554 3560
3554 3803
3555 3556
3555 3557
3555 3559
3555 3560
3555 3561
3555 3563
3555 3800
3555 3803
3555 3804
3555 3805
3555 3811
3556 3557
3556 3559
3556 3562
3556 3563
3557 3563
3557 3805
3557 3807
3558 3559
3558 3560
3558 3568
3559 3560
3559 3561
3559 3562
3559 3563
3559 3568
3559 3569
3559 3571
3560 3561
3560 3568
3560 3570
3560 3571
3560 3803
3560 3810
3560 3811
3560 3813
3561 3563
3561 3571
3561 3811
3562 3563
3563 3805
3563 3811
3563 3812
3564 3565
3564 3566
3564 3567
3565 3567
3566 3567
3568 3569
3568 3570
3568 3571
3569 3571
3570 3571
3570 3813
3571 3811
3571 3813
3571 3814
3572 3573
3572 3574
3573 3574
3573 3575
3574 3575
3574 3579
3574 3581
3574 3582
3574 3583
3575 3583
3576 3577
3576 3578
3577 3578
3577 3580
3577 3581
3578 3579
3578 3580
3578 3581
3579 3581
3580 3581
3581 3582
3581 3584
3581 3585
3582 3583
3582 3585
3584 3585
3586 3587
3586 3588
3586 3589
3586 3590
3587 3590
3588 3589
3588 3590
3589 3590
3589 3591
3589 3592
3589 3593
3590 3591
3591 3593
3592 3593
3594 3595
3594 3596
3594 3815
3595 3596
3595 3597
3595 3598
3595 3599
3595 3815
3595 3816
3595 3818
3595 3819
3596 3597
3596 3815
3596 3817
3596 3818
3597 3599
3597 3600
3597 3818
3598 3599
3598 3819
3599 3600
3599 3601
3599 3602
3599 3603
3599 3818
3599 3819
3599 3820
3600 3601
3600 3628
3600 3629
3601 3603
3601 3629
3602 3603
3603 3629
3603 3630
3604 3605
3604 3606
3605 3606
3605 3608
3605 3609
3605 3632
3605 3634
3605 3637
3605 3638
3606 3607
3606 3608
3606 3609
3606 3825
3606 3827
3606 3828
3607 3609
3607 3610
3607 3821
3607 3825
3608 3609
3608 3634
3608 3638
3608 3828
3609 3610
3609 3611
3609 3638
3609 3639
3609 3640
3609 3825
3609 3828
3609 3829
3609 3830
3609 3852
3610 3611
3610 3612
3610 3613
3610 3821
3610 3822
3610 3824
3610 3825
3610 3826
3610 3830
3610 3831
3611 3613
3611 3640
3611 3830
3612 3613
3612 3616
3612 3831
3613 3615
3613 3616
3613 3617
3613 3640
3613 3641
3613 3643
3613 3830
3613 3831
3613 3832
3613 3834
3613 3854
3614 3615
3614 3616
3615 3616
3615 3617
3615 3642
3615 3643
3616 3617
3616 3831
3616 3833
3616 3834
3616 3835
3616 3836
3616 3837
3617 3643
3617 3834
3617 3836
3618 3619
3618 3620
3619 3620
3619 3621
3619 3623
3619 3624
3619 3625
3619 3626
3620 3621
3620 3622
3620 3623
3620 3843
3620 3844
3620 3845
3621 3623
3621 3626
3621 3844
3622 3623
3622 3644
3622 3646
3622 3845
3623 3625
3623 3626
3623 3627
3623 3646
3623 3647
3623 3649
3623 3844
3623 3845
3623 3846
3623 3848
3623 3857
3624 3625
3624 3626
3625 3626
3625 3627
3625 3648
3625 3649
3626 3627
3626 3844
3626 3847
3626 3848
3627 3649
3627 3848
3628 3629
3629 3630
3629 3650
3629 3651
3630 3651
3631 3632
3631 3633
3631 3634
3631 3635
3632 3634
3633 3634
3633 3635
3634 3635
3634 3636
3634 3638
3634 3828
3634 3849
3634 3850
3635 3636
3635 3652
3635 3653
3635 3654
3635 3655
3635 3656
3635 3850
3635 3859
3635 3860
3636 3638
3636 3656
3636 3850
3637 3638
3637 3657
3638 3639
3638 3656
3638 3657
3638 3658
3638 3660
3638 3828
3638 3850
3638 3851
3638 3852
3638 3862
3639 3640
3639 3660
3639 3852
3640 3641
3640 3830
3640 3852
3640 3853
3640 3854
3641 3643
3641 3854
3642 3643
3643 3834
3643 3854
3643 3855
3644 3645
3644 3646
3645 3646
3645 3661
3646 3647
3646 3661
3646 3662
3646 3663
3646 3845
3646 3856
3646 3857
3647 3649
3647 3663
3647 3857
3648 3649
3649 3848
3649 3857
3649 3858
3650 3651
3650 3664
3651 3664
3651 3665
3651 3666
3651 3667
3652 3653
3652 3654
3653 3654
3654 3655
3654 3666
3654 3667
3654 3668
3654 3669
3654 3860
3654 3864
3654 3865
3654 3867
3655 3656
3655 3669
3655 3860
3656 3657
3656 3658
3656 3669
3656 3670
3656 3672
3656 3850
3656 3860
3656 3861
3656 3862
3656 3869
3657 3658
3657 3659
3657 3660
3657 3671
3657 3672
3658 3660
3658 3672
3658 3862
3659 3660
3660 3852
3660 3862
3660 3863
3661 3662
3662 3663
3664 3665
3664 3673
3664 3674
3665 3667
3665 3674
3665 3871
3666 3667
3666 3864
3667 3668
3667 3674
3667 3675
3667 3676
3667 3864
3667 3866
3667 3867
3667 3871
3667 3873
3668 3669
3668 3676
3668 3867
3669 3670
3669 3676
3669 3677
3669 3678
3669 3860
3669 3867
3669 3868
3669 3869
3669 3875
3670 3672
3670 3678
3670 3869
3671 3672
3672 3678
3672 3862
3672 3869
3672 3870
3672 3877
3672 3878
3673 3674
3673 3687
3674 3675
3674 3687
3674 3688
3674 3689
3674 3871
3674 3872
3674 3873
3674 3885
3675 3676
3675 3689
3675 3873
3676 3677
3676 3689
3676 3690
3676 3691
3676 3867
3676 3873
3676 3874
3676 3875
3676 3887
3677 3678
3677 3691
3677 3875
3678 3691
3678 3692
3678 3869
3678 3875
3678 3876
3678 3877
3678 3878
3678 3889
3679 3680
3679 3681
3680 3681
3680 3682
3680 3684
3680 3685
3681 3682
3681 3683
3681 3684
3681 3879
3681 3880
3681 3881
3682 3684
3682 3685
3682 3880
3683 3684
3683 3693
3683 3881
3684 3685
3684 3686
3684 3693
3684 3694
3684 3695
3684 3880
3684 3881
3684 3882
3684 3884
3685 3686
3685 3880
3685 3883
3685 3884
3686 3695
3686 3884
3687 3688
3688 3689
3688 3885
3689 3690
3689 3696
3689 3697
3689 3873
3689 3885
3689 3886
3689 3887
3689 3890
3690 3691
3690 3697
3690 3887
3691 3692
3691 3697
3691 3698
3691 3699
3691 3875
3691 3887
3691 3888
3691 3889
3691 3892
3692 3699
3692 3889
3693 3694
3694 3695
3696 3697
3696 3700
3696 3890
3697 3698
3697 3700
3697 3701
3697 3702
3697 3887
3697 3890
3697 3891
3697 3892
3697 3895
3698 3699
3698 3702
3698 3892
3699 3702
3699 3703
3699 3889
3699 3892
3699 3893
3699 3897
3700 3701
3700 3713
3700 3714
3700 3890
3700 3894
3700 3895
3700 3904
3701 3702
3701 3714
3701 3895
3702 3703
3702 3714
3702 3715
3702 3716
3702 3892
3702 3895
3702 3896
3702 3897
3702 3906
3703 3716
3703 3719
3703 3897
3704 3705
3704 3706
3705 3706
3705 3707
3705 3708
3705 3709
3705 3898
3705 3899
3705 3900
3706 3707
3706 3721
3706 3722
3707 3709
3707 3722
3707 3900
3708 3709
3708 3711
3708 3899
3709 3711
3709 3712
3709 3722
3709 3723
3709 3724
3709 3899
3709 3900
3709 3901
3709 3903
3709 3911
3710 3711
3711 3712
3711 3899
3711 3902
3711 3903
3712 3724
3712 3903
3712 3913
3713 3714
3713 3725
3713 3727
3713 3904
3714 3715
3714 3727
3714 3728
3714 3729
3714 3895
3714 3904
3714 3905
3714 3906
3714 3918
3715 3716
3715 3729
3715 3906
3716 3718
3716 3719
3716 3720
3716 3729
3716 3730
3716 3732
3716 3897
3716 3906
3716 3907
3716 3909
3716 3920
3717 3718
3717 3719
3718 3719
3718 3720
3718 3731
3718 3732
3719 3720
3719 3897
3719 3908
3719 3909
3720 3732
3720 3909
3720 3922
3721 3722
3722 3723
3722 3900
3722 3910
3722 3911
3723 3724
3723 3911
3723 3926
3724 3903
3724 3911
3724 3912
3724 3913
3724 3914
3724 3916
3724 3926
3724 3927
3724 3929
3724 3930
3725 3726
3725 3727
3726 3727
3726 3739
3727 3728
3727 3739
3727 3740
3727 3741
3727 3904
3727 3917
3727 3918
3727 3932
3728 3729
3728 3741
3728 3918
3729 3730
3729 3741
3729 3742
3729 3743
3729 3906
3729 3918
3729 3919
3729 3920
3729 3934
3730 3732
3730 3743
3730 3920
3731 3732
3731 3744
3732 3743
3732 3744
3732 3745
3732 3909
3732 3920
3732 3921
3732 3922
3732 3923
3732 3925
3732 3936
3732 3937
3733 3734
3733 3735
3734 3735
3734 3736
3734 3738
3735 3736
3735 3737
3735 3738
3736 3738
3737 3738
3737 3746
3738 3746
3738 3747
3739 3740
3739 3752
3739 3753
3740 3741
3740 3753
3740 3932
3741 3742
3741 3753
3741 3754
3741 3755
3741 3918
3741 3932
3741 3933
3741 3934
3741 3940
3742 3743
3742 3755
3742 3934
3743 3744
3743 3745
3743 3755
3743 3756
3743 3920
3743 3934
3743 3935
3743 3936
3743 3942
3744 3745
3745 3936
3745 3937
3746 3747
3748 3749
3748 3750
3749 3750
3749 3751
3750 3751
3750 3757
3750 3758
3750 3759
3750 3760
3750 3943
3750 3944
3750 3946
3751 3760
3752 3753
3752 3761
3753 3754
3753 3761
3753 3762
3753 3763
3753 3932
3753 3939
3753 3940
3754 3755
3754 3763
3754 3940
3755 3756
3755 3763
3755 3764
3755 3934
3755 3940
3755 3941
3755 3942
3756 3942
3757 3758
3757 3943
3758 3759
3758 3765
3758 3767
3758 3768
3758 3769
3758 3770
3758 3943
3758 3945
3758 3946
3758 3947
3758 3949
3759 3760
3759 3770
3759 3946
3760 3770
3760 3771
3760 3772
3761 3762
3762 3763
3763 3764
3763 3773
3763 3774
3764 3774
3764 3775
3765 3766
3765 3767
3765 3768
3766 3768
3766 3777
3766 3779
3767 3768
3767 3947
3768 3769
3768 3777
3768 3779
3768 3780
3768 3781
3768 3782
3768 3784
3768 3947
3768 3948
3768 3949
3768 3951
3769 3770
3769 3784
3769 3949
3770 3771
3770 3772
3770 3784
3770 3785
3770 3786
3770 3946
3770 3949
3770 3950
3770 3953
3771 3772
3773 3774
3774 3775
3774 3776
3775 3776
3777 3778
3777 3779
3777 3780
3777 3781
3778 3779
3778 3781
3779 3781
3779 3782
3779 3783
3779 3784
3780 3781
3781 3782
3782 3784
3782 3951
3783 3784
3783 3785
3784 3785
3784 3786
3784 3949
3784 3951
3784 3952
3784 3953
3785 3786
3786 3953
3787 3788
3787 3789
3787 3790
3787 3954
3787 3955
3787 3956
3788 3790
3788 3791
3788 3955
3789 3790
3789 3793
3789 3956
3790 3791
3790 3792
3790 3793
3790 3794
3790 3796
3790 3955
3790 3956
3790 3957
3790 3959
3790 3960
3791 3792
3791 3955
3791 3958
3791 3959
3792 3796
3792 3959
3793 3794
3794 3796
3794 3960
3795 3796
3796 3959
3796 3960
3796 3961
3797 3798
3797 3799
3797 3800
3798 3800
3798 3801
3799 3800
3799 3803
3800 3801
3800 3802
3800 3803
3800 3804
3800 3805
3801 3802
3801 3808
3801 3962
3801 3963
3801 3964
3801 3965
3802 3805
3802 3808
3802 3965
3803 3804
3803 3810
3803 3811
3804 3805
3804 3811
3805 3807
3805 3808
3805 3809
3805 3811
3805 3812
3805 3965
3805 3967
3805 3968
3806 3807
3806 3808
3807 3808
3807 3809
3808 3809
3808 3962
3808 3964
3808 3965
3808 3966
3808 3968
3809 3968
3810 3811
3810 3813
3811 3812
3811 3813
3811 3814
3813 3814
3815 3816
3815 3817
3815 3818
3815 3969
3815 3970
3815 3971
3816 3818
3816 3819
3816 3970
3817 3818
3817 3971
3818 3819
3818 3820
3818 3970
3818 3971
3818 3972
3819 3820
3821 3822
3821 3823
3821 3824
3821 3825
3822 3824
3823 3824
3823 3825
3824 3825
3824 3826
3825 3826
3825 3827
3825 3828
3825 3829
3825 3830
3826 3830
3826 3831
3827 3828
3828 3829
3828 3849
3828 3850
3828 3851
3828 3852
3829 3830
3829 3852
3830 3831
3830 3832
3830 3852
3830 3853
3830 3854
3831 3832
3831 3833
3831 3834
3832 3834
3832 3854
3833 3834
3833 3837
3834 3836
3834 3837
3834 3838
3834 3854
3834 3855
3835 3836
3835 3837
3835 3839
3836 3837
3836 3838
3836 3839
3836 3840
3836 3842
3837 3838
3837 3839
3837 3841
3837 3842
3838 3842
3839 3840
3839 3841
3839 3842
3840 3842
3841 3842
3843 3844
3843 3845
3844 3845
3844 3846
3844 3847
3844 3848
3844 3973
3844 3974
3844 3975
3845 3846
3845 3856
3845 3857
3846 3848
3846 3857
3846 3975
3847 3848
3847 3974
3847 3977
3848 3857
3848 3858
3848 3974
3848 3975
3848 3976
3848 3977
3848 3978
3848 3980
3848 3982
3848 3983
3849 3850
3850 3851
3850 3859
3850 3860
3850 3861
3850 3862
3850 3985
3850 3986
3850 3987
3851 3852
3851 3862
3851 3986
3852 3853
3852 3862
3852 3863
3852 3986
3852 3989
3852 3990
3853 3854
3854 3855
3856 3857
3857 3858
3857 3975
3857 3981
3857 3982
3858 3982
3858 3983
3859 3860
3860 3861
3860 3865
3860 3867
3860 3868
3860 3869
3860 3987
3860 3992
3860 3995
3860 3996
3861 3862
3861 3869
3861 3987
3862 3863
3862 3869
3862 3870
3862 3986
3862 3987
3862 3988
3862 3990
3862 3998
3862 3999
3863 3990
3863 3999
3863 4001
3864 3865
3864 3866
3864 3867
3864 3991
3864 3992
3864 3993
3865 3867
3865 3992
3866 3867
3866 3871
3866 3873
3866 3993
3867 3868
3867 3873
3867 3874
3867 3875
3867 3992
3867 3993
3867 3994
3867 3996
3867 4006
3868 3869
3868 3875
3868 3996
3869 3870
3869 3875
3869 3876
3869 3878
3869 3987
3869 3996
3869 3997
3869 3998
3869 4008
3870 3878
3870 3998
3870 3999
3871 3872
3871 3873
3872 3873
3872 3885
3873 3874
3873 3885
3873 3886
3873 3887
3873 3993
3873 4005
3873 4006
3874 3875
3874 3887
3874 4006
3875 3876
3875 3887
3875 3888
3875 3889
3875 3996
3875 4006
3875 4007
3875 4008
3875 4013
3876 3878
3876 3889
3876 4008
3877 3878
3878 3998
3878 3999
3878 4008
3878 4009
3878 4010
3878 4011
3879 3880
3879 3881
3880 3881
3880 3882
3880 3883
3880 3884
3881 3882
3882 3884
3883 3884
3885 3886
3886 3887
3886 3890
3886 4014
3887 3888
3887 3890
3887 3891
3887 3892
3887 4006
3887 4012
3887 4013
3887 4014
3887 4016
3888 3889
3888 3892
3888 4013
3889 3892
3889 3893
3889 4013
3889 4018
3889 4019
3890 3891
3890 3894
3890 3895
3890 4014
3890 4015
3890 4016
3890 4027
3891 3892
3891 3895
3891 4016
3892 3893
3892 3895
3892 3896
3892 3897
3892 4013
3892 4016
3892 4017
3892 4019
3892 4029
3893 3897
3893 4019
3894 3895
3894 3904
3894 4027
3895 3896
3895 3904
3895 3905
3895 3906
3895 4016
3895 4027
3895 4028
3895 4029
3895 4038
3896 3897
3896 3906
3896 4029
3897 3906
3897 3907
3897 3908
3897 3909
3897 4019
3897 4029
3897 4030
3897 4040
3898 3899
3898 3900
3898 4031
3899 3900
3899 3901
3899 3902
3899 3903
3899 4025
3899 4031
3899 4032
3899 4034
3900 3901
3900 3910
3900 3911
3900 4031
3900 4033
3900 4034
3901 3903
3901 3911
3901 4034
3902 3903
3902 4020
3902 4022
3902 4025
3903 3911
3903 3912
3903 3913
3903 3915
3903 3916
3903 4022
3903 4025
3903 4034
3903 4035
3903 4036
3903 4042
3904 3905
3904 3917
3904 3918
3904 4027
3904 4037
3904 4038
3904 4044
3905 3906
3905 3918
3905 4038
3906 3907
3906 3918
3906 3919
3906 3920
3906 4029
3906 4038
3906 4039
3906 4040
3906 4046
3907 3909
3907 3920
3907 4040
3908 3909
3909 3920
3909 3921
3909 3922
3909 3924
3909 3925
3909 4040
3909 4048
3909 4049
3909 4050
3910 3911
3911 3912
3911 3926
3911 3928
3911 3929
3911 4034
3911 4041
3911 4042
3911 4052
3912 3916
3912 3929
3912 4042
3913 3914
3913 3915
3913 3916
3914 3916
3914 3930
3915 3916
3915 4022
3915 4036
3916 3929
3916 3930
3916 3931
3916 4036
3916 4042
3916 4043
3916 4054
3917 3918
3917 3932
3917 4044
3918 3919
3918 3932
3918 3933
3918 3934
3918 4038
3918 4044
3918 4045
3918 4046
3918 4055
3919 3920
3919 3934
3919 4046
3920 3921
3920 3934
3920 3935
3920 3936
3920 4040
3920 4046
3920 4047
3920 4049
3920 4057
3921 3925
3921 3936
3921 4049
3922 3923
3922 3924
3922 3925
3923 3925
3923 3937
3924 3925
3924 4050
3925 3936
3925 3937
3925 3938
3925 4049
3925 4050
3925 4051
3925 4059
3925 4060
3925 4061
3925 4062
3926 3927
3926 3928
3926 3929
3927 3929
3927 3930
3928 3929
3928 4052
3928 4064
3929 3930
3929 3931
3929 4042
3929 4052
3929 4053
3929 4054
3929 4064
3929 4065
3929 4067
3929 4068
3930 3931
3931 4054
3931 4068
3932 3933
3932 3939
3932 3940
3933 3934
3933 3940
3933 4055
3934 3935
3934 3940
3934 3941
3934 3942
3934 4046
3934 4055
3934 4056
3934 4057
3935 3936
3935 3942
3935 4057
3936 3937
3936 3938
3936 4049
3936 4057
3936 4058
3936 4059
3936 4070
3936 4071
3936 4072
3937 3938
3938 4059
3938 4061
3938 4071
3939 3940
3940 3941
3941 3942
3943 3944
3943 3945
3943 3946
3944 3946
3945 3946
3945 3947
3945 3949
3946 3949
3946 3950
3947 3948
3947 3949
3948 3949
3948 3951
3948 4076
3949 3950
3949 3951
3949 3952
3949 3953
3949 4076
3949 4077
3949 4079
3950 3953
3951 3952
3951 4076
3951 4078
3951 4079
3951 4080
3951 4081
3951 4082
3951 4083
3951 4085
3951 4086
3952 3953
3952 4079
3952 4086
3953 4079
3953 4086
3953 4088
3953 4089
3953 4090
3954 3955
3954 3956
3954 4091
3954 4095
3955 3956
3955 3957
3955 3958
3955 3959
3955 4091
3955 4092
3955 4094
3955 4095
3955 4096
3955 4097
3955 4099
3955 4101
3956 3957
3956 4095
3956 4100
3956 4101
3957 3959
3957 3960
3957 4101
3958 3959
3958 4097
3958 4099
3959 3960
3959 3961
3959 4099
3959 4101
3959 4102
3959 4104
3960 3961
3960 4101
3960 4103
3960 4104
3961 4104
3962 3964
3963 3964
3963 3965
3963 4105
3964 3965
3964 3966
3964 4105
3964 4106
3964 4108
3965 3966
3965 3967
3965 3968
3965 4105
3965 4107
3965 4108
3965 4109
3966 3968
3966 4108
3967 3968
3967 4109
3968 4108
3968 4109
3968 4110
3969 3970
3969 3971
3970 3971
3970 3972
3971 3972
3973 3974
3973 3975
3974 3975
3974 3976
3974 3977
3974 3979
3974 3980
3975 3976
3975 3981
3975 3982
3976 3980
3976 3982
3977 3978
3977 3979
3977 3980
3978 3980
3978 3983
3979 3980
3980 3982
3980 3983
3980 3984
3981 3982
3982 3983
3982 3984
3983 3984
3985 3986
3985 3987
3985 4112
3985 4117
3986 3987
3986 3988
3986 3989
3986 3990
3987 3988
3987 3995
3987 3996
3987 3997
3987 3998
3987 4112
3987 4116
3987 4117
3987 4118
3987 4132
3987 4133
3988 3990
3988 3998
3988 4133
3989 3990
3989 4119
3989 4120
3990 3998
3990 3999
3990 4000
3990 4001
3990 4003
3990 4004
3990 4119
3990 4120
3990 4122
3990 4123
3990 4133
3990 4135
3991 3992
3991 3993
3991 4128
3992 3993
3992 3994
3992 3995
3992 3996
3992 4111
3992 4112
3992 4113
3992 4115
3992 4116
3992 4128
3992 4130
3993 3994
3993 4005
3993 4006
3993 4128
3993 4129
3993 4130
3993 4147
3993 4148
3993 4149
3993 4151
3994 3996
3994 4006
3994 4130
3995 3996
3995 4112
3995 4116
3996 3997
3996 4006
3996 4007
3996 4008
3996 4116
3996 4130
3996 4131
3996 4132
3996 4153
3997 3998
3997 4008
3997 4132
3998 3999
3998 4000
3998 4008
3998 4009
3998 4011
3998 4132
3998 4133
3998 4134
3998 4135
3998 4154
3999 4000
3999 4001
3999 4002
3999 4004
3999 4010
3999 4011
4000 4004
4000 4011
4000 4135
4001 4002
4001 4003
4001 4004
4002 4004
4003 4004
4003 4119
4003 4123
4003 4125
4004 4011
4004 4123
4004 4125
4004 4135
4004 4136
4004 4137
4004 4138
4004 4156
4004 4157
4005 4006
4005 4014
4005 4148
4005 4151
4006 4007
4006 4012
4006 4013
4006 4014
4006 4130
4006 4151
4006 4152
4006 4153
4006 4165
4007 4008
4007 4013
4007 4153
4008 4009
4009 4011
4009 4154
4010 4011
4011 4135
4011 4154
4011 4155
4011 4156
4011 4157
4012 4013
4012 4014
4012 4016
4012 4165
4013 4016
4013 4017
4013 4018
4013 4019
4014 4015
4014 4016
4014 4148
4014 4151
4014 4162
4014 4163
4014 4164
4014 4165
4015 4016
4015 4027
4016 4017
4016 4027
4016 4028
4016 4029
4017 4019
4017 4029
4018 4019
4019 4029
4019 4030
4020 4021
4020 4022
4020 4023
4020 4024
4020 4025
4021 4022
4021 4024
4022 4024
4022 4025
4022 4026
4022 4036
4023 4024
4023 4025
4023 4166
4024 4025
4024 4026
4024 4166
4024 4167
4024 4169
4024 4170
4024 4171
4024 4172
4025 4026
4025 4032
4025 4034
4025 4035
4025 4036
4025 4166
4025 4168
4025 4169
4025 4174
4025 4176
4026 4036
4026 4169
4026 4171
4027 4028
4027 4037
4027 4038
4028 4029
4028 4038
4029 4030
4029 4038
4029 4039
4029 4040
4030 4040
4031 4032
4031 4033
4031 4034
4032 4034
4032 4174
4033 4034
4034 4035
4034 4041
4034 4042
4034 4174
4034 4175
4034 4176
4035 4036
4035 4042
4035 4176
4036 4042
4036 4043
4036 4169
4036 4171
4036 4176
4036 4177
4036 4178
4036 4179
4036 4181
4037 4038
4037 4044
4038 4039
4038 4044
4038 4045
4038 4046
4039 4040
4039 4046
4040 4046
4040 4047
4040 4048
4040 4049
4041 4042
4041 4052
4041 4190
4042 4043
4042 4052
4042 4053
4042 4054
4042 4176
4042 4180
4042 4181
4042 4190
4042 4192
4043 4054
4043 4181
4044 4045
4045 4046
4045 4055
4046 4047
4046 4055
4046 4056
4046 4057
4047 4049
4047 4057
4048 4049
4048 4050
4049 4050
4049 4051
4049 4057
4049 4058
4049 4059
4049 4194
4049 4195
4049 4196
4050 4051
4051 4059
4051 4062
4051 4195
4052 4053
4052 4064
4052 4066
4052 4067
4052 4190
4052 4191
4052 4192
4052 4204
4053 4054
4053 4067
4053 4192
4054 4067
4054 4068
4054 4069
4054 4181
4054 4192
4054 4193
4054 4206
4054 4207
4054 4208
4054 4209
4055 4056
4056 4057
4057 4058
4058 4059
4058 4072
4058 4196
4059 4061
4059 4062
4059 4063
4059 4071
4059 4072
4059 4073
4059 4075
4059 4195
4059 4196
4059 4197
4059 4199
4059 4211
4060 4061
4060 4062
4061 4062
4061 4063
4061 4071
4061 4074
4061 4075
4062 4063
4062 4184
4062 4188
4062 4195
4062 4198
4062 4199
4062 4200
4063 4075
4063 4199
4063 4200
4064 4065
4064 4066
4064 4067
4065 4067
4065 4068
4066 4067
4066 4204
4067 4068
4067 4069
4067 4192
4067 4204
4067 4205
4067 4206
4067 4225
4067 4226
4067 4227
4068 4069
4069 4206
4069 4208
4069 4226
4070 4071
4070 4072
4071 4072
4071 4073
4071 4074
4071 4075
4072 4073
4073 4075
4073 4211
4074 4075
4075 4199
4075 4200
4075 4211
4075 4212
4075 4213
4075 4214
4076 4077
4076 4078
4076 4079
4076 4083
4076 4231
4076 4232
4076 4233
4076 4235
4076 4236
4077 4079
4077 4236
4078 4079
4078 4083
4078 4085
4078 4235
4079 4085
4079 4086
4079 4087
4079 4089
4079 4090
4079 4235
4079 4236
4079 4237
4079 4239
4079 4240
4080 4081
4080 4083
4081 4082
4081 4083
4081 4084
4081 4085
4082 4085
4082 4086
4083 4084
4083 4085
4083 4231
4083 4232
4083 4234
4083 4235
4084 4085
4085 4086
4085 4087
4085 4235
4085 4238
4085 4239
4086 4087
4086 4088
4086 4090
4087 4090
4087 4239
4088 4090
4089 4090
4089 4240
4090 4239
4090 4240
4090 4241
4091 4092
4091 4093
4091 4094
4091 4095
4092 4094
4092 4097
4093 4094
4093 4095
4093 4242
4094 4095
4094 4096
4094 4097
4094 4098
4094 4099
4094 4242
4094 4243
4094 4245
4095 4096
4095 4100
4095 4101
4095 4242
4095 4244
4095 4245
4095 4246
4096 4099
4096 4101
4096 4245
4097 4098
4097 4099
4098 4099
4099 4101
4099 4102
4099 4245
4099 4248
4099 4249
4100 4101
4100 4246
4101 4102
4101 4103
4101 4104
4101 4245
4101 4246
4101 4247
4101 4249
4102 4104
4102 4249
4103 4104
4105 4106
4105 4107
4105 4108
4106 4108
4107 4108
4107 4109
4108 4109
4108 4110
4109 4110
4111 4112
4111 4113
4112 4113
4112 4114
4112 4116
4112 4117
4113 4114
4113 4115
4113 4116
4113 4250
4113 4251
4113 4252
4114 4116
4114 4117
4114 4251
4115 4116
4115 4128
4115 4130
4115 4252
4116 4117
4116 4118
4116 4130
4116 4131
4116 4132
4116 4251
4116 4252
4116 4253
4116 4255
4116 4265
4117 4118
4117 4251
4117 4254
4117 4255
4118 4132
4118 4133
4118 4255
4119 4120
4119 4121
4119 4123
4119 4124
4119 4125
4119 4126
4120 4121
4120 4122
4120 4123
4121 4123
4121 4126
4121 4256
4122 4123
4122 4133
4122 4135
4122 4268
4123 4125
4123 4126
4123 4127
4123 4135
4123 4136
4123 4138
4123 4256
4123 4258
4123 4259
4123 4268
4123 4271
4124 4125
4124 4126
4125 4126
4125 4127
4125 4137
4125 4138
4126 4127
4126 4256
4126 4257
4126 4259
4126 4260
4126 4261
4126 4262
4127 4138
4127 4259
4127 4261
4128 4129
4128 4130
4129 4130
4129 4149
4129 4151
4129 4283
4130 4131
4130 4151
4130 4152
4130 4153
4130 4252
4130 4264
4130 4265
4130 4283
4130 4285
4131 4132
4131 4153
4131 4265
4132 4133
4132 4134
4132 4255
4132 4265
4132 4266
4133 4134
4133 4135
4133 4267
4133 4268
4133 4269
4134 4135
4134 4154
4134 4269
4135 4136
4135 4154
4135 4155
4135 4157
4135 4268
4135 4269
4135 4270
4135 4271
4135 4287
4136 4138
4136 4157
4136 4271
4137 4138
4138 4157
4138 4259
4138 4271
4138 4272
4138 4289
4138 4290
4139 4140
4139 4141
4139 4143
4140 4141
4140 4142
4140 4143
4140 4144
4140 4146
4140 4147
4140 4148
4140 4149
4141 4142
4141 4143
4141 4145
4141 4146
4141 4158
4141 4159
4141 4160
4142 4146
4142 4148
4142 4159
4143 4144
4143 4145
4143 4146
4143 4273
4143 4274
4143 4275
4143 4276
4143 4278
4143 4279
4144 4146
4144 4149
4144 4279
4145 4146
4145 4160
4145 4274
4145 4278
4146 4148
4146 4149
4146 4150
4146 4159
4146 4160
4146 4161
4146 4163
4146 4278
4146 4279
4146 4280
4146 4282
4146 4302
4147 4148
4147 4149
4148 4149
4148 4150
4148 4151
4148 4159
4148 4162
4148 4163
4149 4150
4149 4151
4149 4279
4149 4281
4149 4282
4149 4283
4150 4151
4150 4163
4150 4282
4151 4152
4151 4163
4151 4164
4151 4165
4151 4282
4151 4283
4151 4284
4151 4285
4151 4304
4152 4153
4152 4165
4152 4285
4154 4155
4154 4269
4154 4286
4154 4287
4155 4157
4155 4287
4156 4157
4157 4271
4157 4287
4157 4288
4157 4289
4157 4290
4157 4306
4157 4307
4157 4308
4158 4159
4158 4160
4159 4160
4159 4161
4159 4162
4159 4163
4160 4161
4160 4274
4160 4278
4160 4299
4160 4300
4160 4301
4160 4302
4161 4163
4161 4302
4162 4163
4163 4164
4163 4282
4163 4302
4163 4303
4163 4304
4164 4165
4164 4304
4165 4285
4165 4304
4165 4305
4166 4167
4166 4168
4166 4169
4167 4169
4167 4172
4167 4317
4168 4169
4168 4174
4168 4176
4169 4171
4169 4172
4169 4173
4169 4176
4169 4177
4169 4179
4169 4317
4169 4318
4169 4319
4169 4322
4170 4171
4170 4172
4171 4172
4171 4173
4171 4178
4171 4179
4172 4173
4172 4310
4172 4311
4172 4312
4172 4313
4172 4315
4172 4316
4172 4317
4172 4319
4172 4320
4173 4179
4173 4319
4173 4320
4174 4175
4174 4176
4175 4176
4176 4177
4176 4180
4176 4181
4177 4179
4177 4181
4177 4322
4178 4179
4179 4319
4179 4322
4179 4323
4180 4181
4180 4190
4180 4192
4180 4329
4181 4192
4181 4193
4181 4329
4181 4332
4181 4333
4182 4183
4182 4184
4182 4185
4182 4186
4182 4187
4182 4188
4183 4185
4183 4187
4184 4185
4184 4188
4184 4200
4185 4187
4185 4188
4185 4189
4185 4200
4185 4202
4185 4203
4186 4187
4186 4188
4186 4324
4187 4188
4187 4189
4187 4324
4187 4325
4187 4327
4188 4189
4188 4198
4188 4199
4188 4200
4188 4201
4188 4203
4188 4324
4188 4326
4188 4327
4188 4334
4188 4336
4189 4203
4189 4327
4189 4338
4190 4191
4190 4192
4190 4328
4190 4329
4190 4330
4191 4192
4191 4204
4191 4330
4192 4193
4192 4204
4192 4205
4192 4206
4192 4329
4192 4330
4192 4331
4192 4333
4192 4341
4193 4206
4193 4209
4193 4333
4194 4195
4194 4196
4195 4196
4195 4197
4195 4198
4195 4199
4196 4197
4197 4199
4197 4211
4198 4199
4198 4334
4199 4200
4199 4201
4199 4211
4199 4212
4199 4214
4199 4334
4199 4335
4199 4336
4199 4345
4200 4201
4200 4202
4200 4203
4200 4213
4200 4214
4200 4215
4201 4203
4201 4214
4201 4336
4202 4203
4202 4215
4202 4217
4203 4214
4203 4215
4203 4216
4203 4217
4203 4219
4203 4220
4203 4327
4203 4336
4203 4337
4203 4338
4203 4340
4203 4347
4204 4205
4205 4206
4205 4227
4205 4341
4206 4208
4206 4209
4206 4210
4206 4226
4206 4227
4206 4228
4206 4230
4206 4333
4206 4341
4206 4342
4206 4344
4206 4356
4207 4208
4207 4209
4208 4209
4208 4210
4208 4226
4208 4229
4208 4230
4209 4210
4209 4333
4209 4343
4209 4344
4210 4230
4210 4344
4211 4212
4212 4214
4212 4345
4213 4214
4213 4215
4214 4215
4214 4216
4214 4336
4214 4345
4214 4346
4214 4347
4215 4216
4215 4217
4215 4218
4215 4220
4216 4220
4216 4347
4217 4218
4217 4219
4217 4220
4217 4221
4217 4222
4217 4223
4218 4220
4218 4222
4219 4220
4219 4223
4219 4338
4219 4340
4220 4222
4220 4223
4220 4224
4220 4340
4220 4347
4220 4348
4220 4350
4220 4358
4220 4359
4220 4360
4221 4222
4221 4223
4222 4223
4222 4224
4223 4224
4223 4340
4223 4349
4223 4350
4223 4351
4223 4352
4223 4353
4224 4350
4224 4352
4224 4359
4225 4226
4225 4227
4226 4227
4226 4228
4226 4229
4226 4230
4227 4228
4227 4341
4227 4355
4227 4356
4228 4230
4228 4356
4228 4362
4229 4230
4230 4344
4230 4356
4230 4357
4230 4362
4230 4363
4230 4365
4231 4232
4232 4233
4232 4234
4232 4235
4233 4235
4233 4236
4234 4235
4235 4236
4235 4237
4235 4238
4235 4239
4236 4237
4237 4239
4237 4240
4238 4239
4239 4240
4239 4241
4240 4241
4242 4243
4242 4244
4242 4245
4242 4366
4242 4367
4242 4368
4243 4245
4243 4367
4244 4245
4244 4246
4244 4368
4245 4246
4245 4247
4245 4248
4245 4249
4245 4367
4245 4368
4245 4369
4245 4371
4246 4247
4246 4368
4246 4370
4246 4371
4247 4249
4247 4371
4248 4249
4250 4251
4250 4252
4251 4252
4251 4253
4251 4254
4251 4255
4252 4253
4252 4264
4252 4265
4253 4255
4253 4265
4253 4372
4254 4255
4255 4265
4255 4266
4255 4372
4255 4373
4255 4375
4256 4257
4256 4258
4256 4259
4257 4259
4257 4262
4258 4259
4258 4268
4258 4271
4259 4261
4259 4262
4259 4263
4259 4271
4259 4272
4260 4261
4260 4262
4261 4262
4261 4263
4262 4263
4264 4265
4264 4283
4264 4285
4265 4266
4265 4372
4265 4374
4265 4375
4266 4375
4267 4268
4267 4269
4268 4269
4268 4270
4268 4271
4269 4270
4269 4286
4269 4287
4270 4271
4270 4287
4270 4386
4271 4272
4271 4287
4271 4288
4271 4290
4271 4386
4271 4387
4271 4389
4271 4390
4272 4290
4272 4390
4273 4274
4273 4275
4274 4275
4274 4277
4274 4278
4274 4292
4274 4294
4274 4296
4274 4299
4274 4300
4275 4276
4275 4277
4275 4278
4276 4278
4276 4279
4277 4278
4277 4296
4277 4300
4277 4396
4278 4279
4278 4280
4278 4300
4278 4301
4278 4302
4279 4280
4279 4281
4279 4282
4280 4282
4280 4302
4281 4282
4281 4283
4282 4283
4282 4284
4282 4302
4282 4303
4282 4304
4283 4284
4283 4285
4284 4285
4284 4304
4285 4304
4285 4305
4286 4287
4287 4288
4287 4386
4287 4388
4287 4389
4288 4290
4288 4308
4288 4389
4289 4290
4289 4307
4290 4307
4290 4308
4290 4309
4290 4389
4290 4390
4290 4391
4290 4399
4290 4400
4290 4401
4290 4402
4291 4292
4291 4293
4291 4294
4291 4295
4291 4296
4291 4297
4292 4294
4292 4296
4293 4294
4293 4297
4294 4296
4294 4297
4294 4298
4294 4299
4294 4300
4295 4296
4295 4297
4295 4377
4295 4378
4295 4382
4296 4297
4296 4298
4296 4300
4296 4377
4296 4382
4296 4383
4296 4384
4296 4385
4296 4395
4296 4396
4297 4298
4297 4378
4297 4382
4297 4392
4297 4393
4297 4394
4297 4395
4298 4300
4298 4395
4299 4300
4300 4301
4300 4395
4300 4396
4300 4397
4301 4302
4302 4303
4303 4304
4304 4305
4306 4307
4306 4308
4307 4308
4307 4309
4308 4309
4308 4389
4308 4398
4308 4399
4309 4399
4309 4401
4310 4311
4310 4313
4311 4312
4311 4313
4311 4314
4311 4316
4312 4316
4312 4320
4313 4314
4313 4315
4313 4316
4313 4404
4313 4405
4313 4406
4314 4316
4314 4405
4315 4316
4315 4317
4315 4319
4315 4406
4316 4319
4316 4320
4316 4321
4316 4405
4316 4406
4316 4407
4316 4409
4317 4318
4317 4319
4318 4319
4318 4322
4319 4320
4319 4321
4319 4322
4319 4323
4319 4406
4319 4408
4319 4409
4320 4321
4321 4409
4322 4323
4324 4325
4324 4326
4324 4327
4325 4327
4326 4327
4326 4334
4326 4336
4327 4336
4327 4337
4327 4338
4327 4339
4327 4340
4328 4329
4328 4330
4329 4330
4329 4331
4329 4332
4329 4333
4329 4410
4329 4411
4329 4412
4330 4331
4331 4333
4331 4341
4331 4412
4332 4333
4332 4411
4333 4341
4333 4342
4333 4343
4333 4344
4333 4411
4333 4412
4333 4413
4334 4335
4334 4336
4335 4336
4335 4345
4336 4337
4336 4345
4336 4346
4336 4347
4337 4340
4337 4347
4338 4339
4338 4340
4339 4340
4340 4347
4340 4348
4340 4349
4340 4350
4341 4342
4341 4355
4341 4356
4341 4414
4341 4415
4341 4416
4342 4344
4342 4356
4342 4415
4343 4344
4344 4356
4344 4357
4344 4415
4344 4418
4344 4419
4344 4420
4344 4421
4344 4422
4345 4346
4346 4347
4347 4348
4348 4350
4348 4360
4349 4350
4349 4353
4350 4352
4350 4353
4350 4354
4350 4359
4350 4360
4350 4361
4351 4352
4351 4353
4352 4353
4352 4354
4353 4354
4355 4356
4355 4416
4355 4424
4356 4357
4356 4362
4356 4364
4356 4365
4356 4415
4356 4416
4356 4417
4356 4419
4356 4424
4356 4426
4357 4365
4357 4419
4357 4421
4358 4359
4358 4360
4359 4360
4359 4361
4360 4361
4362 4363
4362 4364
4362 4365
4363 4365
4364 4365
4364 4424
4364 4426
4365 4419
4365 4421
4365 4426
4365 4427
4365 4428
4365 4429
4365 4430
4365 4431
4365 4432
4366 4367
4366 4368
4367 4368
4367 4369
4368 4369
4368 4370
4368 4371
4368 4434
4368 4435
4368 4436
4369 4371
4369 4435
4370 4371
4370 4436
4370 4438
4370 4440
4371 4435
4371 4436
4371 4437
4371 4440
4371 4444
4371 4445
4372 4373
4372 4374
4372 4375
4373 4375
4374 4375
4376 4377
4376 4378
4376 4379
4377 4378
4377 4379
4377 4380
4377 4382
4377 4383
4377 4384
4378 4379
4378 4381
4378 4382
4378 4392
4378 4393
4379 4380
4379 4381
4379 4382
4379 4446
4379 4447
4379 4448
4380 4382
4380 4384
4380 4447
4381 4382
4381 4393
4381 4448
4382 4384
4382 4385
4382 4393
4382 4394
4382 4395
4382 4447
4382 4448
4382 4449
4382 4451
4382 4453
4383 4384
4384 4385
4384 4447
4384 4450
4384 4451
4385 4395
4385 4396
4385 4451
4386 4387
4386 4388
4386 4389
4387 4389
4387 4390
4388 4389
4389 4390
4389 4391
4389 4398
4389 4399
4389 4455
4389 4456
4389 4457
4390 4391
4391 4399
4391 4402
4391 4456
4392 4393
4393 4394
4393 4448
4393 4452
4393 4453
4394 4395
4394 4453
4395 4396
4395 4397
4395 4451
4395 4453
4395 4454
4396 4397
4398 4399
4398 4457
4399 4401
4399 4402
4399 4403
4399 4456
4399 4457
4399 4458
4399 4460
4400 4401
4400 4402
4401 4402
4401 4403
4402 4403
4402 4456
4402 4459
4402 4460
4402 4461
4402 4462
4402 4463
4403 4460
4403 4462
4403 4473
4404 4405
4404 4406
4404 4465
4405 4406
4405 4407
4405 4465
4405 4466
4405 4468
4405 4469
4405 4470
4405 4471
4406 4407
4406 4408
4406 4409
4406 4465
4406 4467
4406 4468
4407 4409
4407 4468
4407 4470
4408 4409
4410 4411
4410 4412
4410 4477
4411 4412
4411 4413
4411 4477
4411 4478
4411 4480
4411 4481
4411 4482
4411 4483
4412 4413
4412 4477
4412 4479
4412 4480
4413 4480
4413 4482
4414 4415
4414 4416
4415 4416
4415 4417
4415 4418
4415 4419
4416 4417
4416 4424
4416 4425
4416 4426
4417 4419
4417 4426
4418 4419
4418 4422
4419 4421
4419 4422
4419 4423
4419 4426
4419 4427
4419 4429
4419 4485
4419 4486
4419 4487
4420 4421
4420 4422
4421 4422
4421 4423
4421 4428
4421 4429
4422 4423
4423 4429
4423 4486
4423 4489
4424 4425
4424 4426
4425 4426
4426 4427
4427 4429
4427 4432
4427 4487
4428 4429
4428 4431
4429 4431
4429 4432
4429 4433
4429 4486
4429 4487
4429 4488
4429 4489
4429 4490
4429 4492
4429 4494
4429 4495
4430 4431
4430 4432
4431 4432
4431 4433
4432 4433
4432 4487
4432 4493
4432 4494
4433 4494
4433 4495
4434 4435
4434 4436
4434 4497
4435 4436
4435 4437
4435 4497
4435 4498
4435 4500
4436 4437
4436 4438
4436 4440
4436 4441
4436 4442
4436 4443
4436 4445
4436 4497
4436 4499
4436 4500
4437 4445
4437 4500
4438 4439
4438 4440
4438 4441
4438 4442
4439 4440
4439 4442
4440 4442
4440 4443
4440 4444
4440 4445
4441 4442
4442 4443
4443 4445
4444 4445
4446 4447
4446 4448
4447 4448
4447 4449
4447 4450
4447 4451
4448 4449
4448 4452
4448 4453
4449 4451
4449 4453
4450 4451
4451 4453
4451 4454
4452 4453
4453 4454
4455 4456
4455 4457
4456 4457
4456 4458
4456 4459
4456 4460
4457 4458
4458 4460
4459 4460
4459 4463
4460 4462
4460 4463
4460 4464
4460 4473
4460 4475
4460 4476
4461 4462
4461 4463
4462 4463
4462 4464
4462 4473
4462 4474
4462 4476
4463 4464
4464 4476
4465 4466
4465 4467
4465 4468
4466 4468
4466 4471
4467 4468
4468 4470
4468 4471
4468 4472
4469 4470
4469 4471
4470 4471
4470 4472
4471 4472
4473 4474
4473 4475
4473 4476
4474 4476
4475 4476
4477 4478
4477 4479
4477 4480
4478 4480
4478 4483
4479 4480
4480 4482
4480 4483
4480 4484
4481 4482
4481 4483
4482 4483
4482 4484
4483 4484
4485 4486
4485 4487
4486 4487
4486 4488
4486 4489
4486 4491
4486 4492
4487 4488
4487 4493
4487 4494
4488 4492
4488 4494
4488 4501
4489 4490
4489 4491
4489 4492
4490 4492
4490 4495
4491 4492
4492 4494
4492 4495
4492 4496
4492 4501
4492 4502
4492 4504
4493 4494
4494 4495
4494 4496
4494 4501
4494 4503
4494 4504
4495 4496
4496 4504
4497 4498
4497 4499
4497 4500
4498 4500
4499 4500
4501 4502
4501 4503
4501 4504
4502 4504
4503 4504

SURFACE_TRIANGLES
60 62 85
165 168 169
2732 2735 2734
1336 1608 1589
3564 3567 3566
3093 3395 3094
1173 1409 1411
167 217 221
1591 1592 1593
0 2 1
35 41 40
3398 3689 3414
0 1 4
8 9 10
113 143 144
2766 2769 2768
25 27 26
1006 1035 1007
3951 4076 4078
1063 1077 1075
77 102 78
638 639 641
2 7 3
939 940 943
386 446 441
2655 2933 2935
3988 3990 4133
36 63 64
2732 2733 2735
1445 1448 1446
517 524 585
17 24 26
0 4 2
1203 1205 1241
761 765 763
36 37 61
12 15 14
1383 1636 1633
1 2 3
1656 1940 1657
1807 2068 2069
1 3 7
119 146 148
601 685 686
383 450 393
145 172 161
78 103 100
604 690 689
704 836 835
395 456 457
3019 3025 3024
2711 2730 2713
168 225 226
1 5 4
532 605 607
532 535 606
1 7 5
641 644 645
2981 2982 2984
3946 3950 3949
2 4 6
167 204 198
24 25 26
686 815 687
2145 2149 2146
60 85 84
2869 2870 2881
2804 2806 2805
64 68 67
1979 2246 2245
405 482 471
2434 2436 2438
177 236 179
2 6 7
1254 1484 1483
1288 1539 1290
2080 2351 2334
4122 4123 4268
3563 3812 3805
3767 3947 3768
335 337 402
1549 1584 1846
4 5 9
1565 1567 1568
143 158 170
4395 4454 4451
801 1049 1035
504 561 506
342 355 352
1414 1415 1675
375 436 437
2615 2905 2616
143 170 171
842 857 859
948 974 975
37 42 57
1898 1901 1903
2961 3250 3246
4 10 6
480 488 554
1418 1420 1679
6 10 7
745 749 751
4 9 8
177 232 234
18 20 22
824 1063 1075
3596 3815 3817
81 84 105
620 627 626
1083 1340 1341
885 895 1117
4 8 10
2363 2624 2380
281 282 284
100 133 123
1190 1233 1230
390 448 446
709 710 888
2536 2550 2549
3667 3864 3866
2927 3223 2941
313 317 316
1488 1524 1523
223 224 229
113 145 115
779 781 780
1488 1519 1521
2090 2344 2345
2711 2728 2730
2887 3193 3194
2189 2190 2455
2466 2763 2770
513 516 515
104 105 137
3169 3469 3170
171 227 228
4049 4058 4057
7 10 11
1749 1751 1752
2498 2841 2840
2675 2949 2938
132 154 152
2524 2865 2866
90 92 91
102 131 132
2746 2752 2748
3490 3500 3502
3337 3660 3639
3497 3499 3498
9 11 10
1207 1433 1243
3241 3545 3537
1894 1896 1901
147 185 182
17 21 20
53 78 75
5 7 12
3958 3959 4099
5 12 9
4054 4209 4193
1290 1292 1291
342 426 428
4169 4317 4318
2695 2976 2975
4108 4110 4109
215 262 247
94 120 117
3396 3687 3397
656 793 795
7 13 12
1415 1679 1676
2681 2963 2964
2868 3175 2879
43 47 66
2337 2355 2354
16 17 20
4042 4180 4190
338 418 419
35 37 36
1732 1980 1979
913 914 916
2460 2475 2474
12 13 15
594 685 600
7 15 13
30 55 31
356 373 372
3299 3591 3593
9 12 14
4126 4127 4261
2502 2862 2863
641 645 643
609 613 615
17 19 25
7 11 15
1068 1080 1072
16 20 18
993 1023 995
3044 3045 3059
2101 2102 2351
16 18 17
1566 1832 1567
969 1219 1216
17 18 19
3878 4011 4010
57 58 60
1412 1663 1665
4372 4373 4375
903 919 917
4416 4426 4425
94 96 97
1523 1524 1527
573 574 645
1867 2116 1869
70 89 91
351 366 367
3848 3858 3983
3674 3872 3885
1616 1617 1622
699 700 826
85 114 109
597 604 598
42 58 57
2279 2280 2281
106 137 139
357 375 359
4440 4445 4444
429 435 433
17 25 24
2508 2511 2832
500 506 559
491 495 503
448 523 522
3457 3475 3749
25 29 32
3467 3469 3738
17 26 21
1383 1629 1628
836 838 837
2370 2610 2371
2415 2652 2654
87 112 113
1603 1848 1862
312 316 314
2498 2839 2502
1086 1089 1347
762 780 783
2042 2069 2068
464 465 466
393 455 394
1096 1332 1308
407 414 416
2203 2212 2465
696 820 822
1164 1403 1397
546 554 553
29 33 32
148 183 184
1303 1521 1519
1815 2076 2077
18 29 19
2778 2779 2781
673 674 677
2763 2782 2770
158 219 221
3053 3074 3072
82 87 86
18 28 29
38 64 44
486 552 553
358 376 361
786 1020 1021
4123 4256 4258
679 813 693
3846 3975 3857
18 30 28
2003 2042 2041
954 982 960
28 30 29
45 68 47
18 22 30
2450 2453 2743
835 836 837
20 21 49
171 229 172
1298 1549 1550
484 552 486
1233 1448 1234
2130 2144 2132
55 77 78
29 30 31
1016 1198 1200
1582 1845 1584
808 1057 810
2128 2129 2397
9 35 34
177 231 230
313 314 315
814 821 820
4414 4415 4416
3936 4057 4058
2521 2522 2858
831 1067 1065
654 773 750
2869 3188 3176
1175 1416 1177
148 184 149
19 29 25
1736 1737 2017
3610 3822 3821
345 349 348
1393 1401 1400
327 388 386
25 32 33
64 87 65
133 136 135
2446 2704 2720
146 181 148
2823 3094 3095
4131 4265 4132
1532 1533 1534
384 386 440
48 49 70
606 709 718
342 428 430
1893 1895 1896
496 556 555
1295 1579 1581
1827 2086 1829
2263 2539 2529
76 101 102
430 432 431
1023 1024 1026
2645 2941 2939
25 33 27
1898 2155 2159
678 680 812
29 31 33
492 502 498
1445 1446 1450
1038 1283 1039
4051 4062 4195
1794 1822 1796
1254 1519 1484
2152 2157 2158
155 192 193
347 366 351
191 210 192
34 35 36
1055 1060 1059
2755 2764 2766
9 34 36
2140 2410 2394
672 690 808
2018 2019 2021
52 53 74
3576 3578 3577
185 186 241
113 144 145
1015 1263 1239
429 434 435
9 14 35
319 343 341
3803 3811 3810
3108 3424 3423
1283 1284 1286
825 829 827
2066 2326 2327
1539 1836 1806
1829 2087 2088
201 250 252
1065 1315 1312
319 358 361
690 818 808
124 128 125
1678 1966 1964
15 45 47
85 109 108
574 580 645
185 189 190
741 744 937
306 334 336
9 36 38
536 610 609
3494 3785 3770
723 728 726
2119 2389 2377
71 74 90
197 201 198
524 525 597
1284 1568 1286
2086 2339 2340
1105 1362 1363
35 40 42
723 724 728
3249 3550 3551
1877 2134 1878
125 134 151
2956 3242 3243
312 314 313
72 98 76
40 41 42
675 691 692
33 55 56
695 696 701
1166 1167 1169
645 745 744
1085 1086 1347
4004 4011 4156
74 95 90
2882 3189 2890
201 252 253
2842 2864 2862
1687 1707 1705
14 41 35
90 96 92
4230 4357 4344
3456 3749 3748
3254 3255 3263
2703 2707 2706
1308 1336 1310
47 68 69
245 286 290
35 42 37
593 594 599
206 259 255
919 1139 1143
241 244 285
3963 4105 3965
41 43 42
324 384 381
192 248 194
223 267 268
964 1217 997
79 81 80
1385 1635 1642
2915 3223 2927
266 295 300
4125 4127 4126
3768 3781 3780
2349 2597 2598
161 172 229
157 213 208
604 687 688
1555 1561 1560
773 774 778
141 142 161
651 746 747
2524 2863 2865
195 201 197
615 616 723
1110 1369 1370
911 913 915
362 363 435
354 374 375
3409 3693 3694
1022 1268 1026
829 830 832
9 44 11
1901 1902 1904
3936 4071 3938
11 44 15
4311 4314 4313
94 117 116
1646 1657 1647
2315 2558 2575
2485 2800 2799
1231 1233 1234
111 142 141
2747 2760 2751
9 38 44
1489 1748 1749
166 167 198
236 271 277
253 254 255
132 152 153
1973 1978 1979
1460 1461 1717
211 220 218
607 729 619
345 351 349
277 309 278
1420 1421 1682
2144 2403 2402
432 437 436
49 71 70
15 44 45
3441 3442 3456
42 60 58
953 957 979
433 438 510
1110 1371 1111
3546 3556 3557
1051 1052 1254
65 66 68
426 429 428
198 202 216
2401 2645 2403
368 372 369
57 60 59
1617 1875 1876
14 15 41
2768 2769 3026
896 1127 1131
70 98 72
15 46 41
2485 2494 2495
3500 3501 3503
41 46 47
3635 3850 3859
2104 2355 2105
586 661 659
1504 1778 1505
4025 4174 4032
125 129 136
1057 1298 1297
2334 2351 2588
59 81 79
15 47 46
293 298 299
297 331 299
519 593 599
175 179 180
3850 3851 3986
1640 1641 1919
1015 1043 1263
661 665 788
30 50 54
3932 3940 3939
84 108 105
592 594 593
41 47 43
2198 2209 2201
2286 2287 2289
1020 1242 1269
675 693 691
612 621 622
2681 2683 2682
475 552 484
2107 2355 2356
3321 3330 3325
1129 1136 1134
20 50 22
381 450 383
2615 2632 2631
435 439 438
3684 3884 3686
612 732 616
20 49 48
59 60 81
1552 1602 1585
2377 2389 2390
3616 3617 3836
20 48 50
1979 2245 2242
3498 3499 3503
230 231 232
2624 2625 2922
2845 3151 2846
3799 3800 3803
93 116 98
3005 3299 3300
81 106 83
400 469 478
1020 1022 1021
3381 3382 3394
3352 3353 3370
1169 1172 1173
765 766 768
42 66 62
134 153 151
450 455 454
36 64 38
87 113 88
712 716 864
1201 1203 1241
21 26 49
26 27 53
307 335 334
2282 2549 2551
2724 2725 2727
1376 1377 1379
1266 1292 1541
2125 2139 2140
1617 1624 1623
4428 4431 4429
767 768 992
4377 4383 4384
3490 3502 3775
141 160 157
2508 2510 2511
2429 2432 2431
1641 1924 1926
26 52 49
196 198 203
162 166 168
1921 2186 1936
618 619 626
26 53 52
316 341 340
44 64 67
307 308 337
567 642 569
887 1117 1118
2580 2896 2581
1983 1984 1986
1613 1872 1874
231 233 232
429 433 510
3442 3722 3443
22 50 30
1449 1450 1683
2279 2281 2306
30 54 55
426 427 429
408 410 412
221 264 265
1664 1666 1665
111 115 145
335 402 399
3334 3355 3356
2712 3000 2997
1386 1387 1638
402 405 404
2712 2713 2730
42 43 66
27 33 53
149 184 154
602 687 604
1884 1888 1886
1127 1380 1133
3349 3368 3351
273 276 275
1285 1286 1287
3703 3719 3897
31 55 33
33 56 53
933 934 936
4220 4360 4358
37 57 61
4282 4284 4304
278 309 310
615 715 714
109 114 111
831 832 1067
1216 1438 1437
750 775 752
3511 3789 3793
57 59 61
606 706 705
64 86 87
175 177 179
841 843 845
594 657 667
182 185 238
42 62 60
3911 4041 4052
3770 3772 3771
3102 3392 3407
291 322 329
4319 4406 4408
2862 2864 2865
36 61 63
3141 3145 3142
84 85 108
1106 1367 1107
2458 2459 2791
1905 1907 1913
731 896 897
312 313 316
708 879 710
2840 2841 3144
266 301 267
747 771 769
185 190 186
270 273 275
755 779 780
98 116 118
299 331 332
2653 2657 2672
2836 2849 2838
2670 2672 2678
139 158 143
928 930 1166
2121 2377 2378
210 242 246
356 372 371
827 831 1065
631 637 633
79 80 82
2339 2594 2340
1164 1405 1403
823 827 1061
638 641 640
2045 2307 2046
3139 3140 3439
1834 2091 2092
80 81 82
884 887 886
1825 2107 2085
1906 1908 1909
44 68 45
2557 2561 2559
3581 3585 3584
247 249 248
2829 3109 3111
244 245 287
162 167 166
47 69 66
1039 1041 1040
4405 4471 4466
3221 3511 3518
3001 3006 3298
64 65 68
44 67 68
543 546 545
3032 3319 3318
66 69 68
2679 2681 2682
571 572 573
1598 1599 1600
48 70 50
74 100 97
90 95 96
125 150 147
413 424 422
671 690 672
53 75 74
1353 1356 1355
4022 4036 4026
907 1139 919
4282 4304 4303
742 933 935
1958 2234 2230
3966 3968 4108
4038 4045 4044
167 226 217
710 879 880
3346 3620 3622
586 588 590
733 897 735
457 529 523
184 242 191
3490 3764 3755
438 512 510
3684 3882 3884
530 604 603
1512 1809 1544
416 417 477
1465 1466 1470
3239 3521 3534
284 324 321
50 70 72
1992 2250 2268
1508 1510 1509
221 265 266
49 52 74
74 75 100
2498 2502 2499
341 429 427
855 873 857
3605 3634 3632
1991 1992 2267
515 592 519
49 74 71
1397 1403 1649
1863 1864 1877
2553 2554 2555
1432 1436 1434
2130 2143 2144
2978 3257 2987
62 66 85
119 148 131
2727 3003 3004
513 514 516
4420 4421 4422
4293 4297 4294
1913 2170 2168
268 301 302
2215 2219 2220
2658 2948 2673
1311 1312 1314
905 1139 907
677 811 813
2367 2372 2373
208 213 210
3302 3306 3305
50 76 54
2394 2410 2411
92 96 94
216 253 263
285 290 286
54 76 55
3480 3755 3481
2673 2948 2675
50 72 76
2324 2584 2325
716 717 869
443 446 447
2289 2290 2291
116 117 119
873 886 887
55 76 77
282 285 284
844 1091 1089
511 569 577
376 379 377
53 56 78
836 1078 1079
386 441 440
94 97 120
1326 1598 1574
857 877 860
55 78 56
88 113 114
961 1182 1181
399 404 459
493 496 495
727 728 884
59 79 61
391 397 457
2628 2643 2641
857 860 859
414 415 416
125 136 134
61 79 63
2851 3130 3129
1394 1397 1395
498 506 500
1421 1430 1682
63 79 82
2080 2102 2101
158 227 170
1127 1133 1131
2560 2562 2561
242 281 283
2489 2808 2809
210 213 214
1825 1855 2106
1870 2131 1886
649 651 650
1390 1393 1392
416 477 476
3322 3324 3326
81 83 82
276 308 307
108 109 111
3959 4104 4102
1328 1603 1329
1225 1481 1479
66 87 88
2499 2501 2841
422 424 425
572 574 573
2249 2516 2530
1530 1555 1557
1887 2128 2141
60 84 81
4138 4272 4259
967 969 968
63 82 64
1874 2121 2120
536 541 542
2603 2903 2615
3990 4003 4119
1215 1216 1217
2904 2917 3217
1300 1301 1302
3750 3751 3760
1171 1407 1408
969 1002 1221
150 187 185
286 290 324
147 150 185
2451 2460 2459
583 594 592
3279 3581 3285
82 83 87
1073 1321 1317
64 82 86
207 208 210
65 87 66
66 88 85
1675 1676 1678
91 94 93
160 161 215
446 448 447
2656 2659 2934
122 128 124
70 90 89
75 78 100
650 654 653
164 168 165
4090 4239 4241
2959 2961 2960
89 90 91
3096 3414 3412
214 247 248
70 71 90
769 771 772
1209 1213 1432
3188 3485 3475
829 832 831
1314 1339 1338
91 92 94
70 91 93
1218 1439 1248
74 96 95
688 817 690
306 336 338
3320 3321 3324
723 734 735
341 427 426
725 728 727
2981 2992 2982
2134 2138 2137
238 239 241
3713 3727 3725
74 97 96
1225 1228 1229
156 211 218
844 846 1091
151 188 187
969 1000 1002
4456 4459 4460
3351 3369 3663
406 407 410
1903 2157 2147
70 93 98
1110 1370 1371
379 438 439
100 123 122
2565 2890 2580
353 356 368
631 634 636
1064 1313 1338
2394 2650 2639
328 396 389
204 218 206
2730 3006 3001
106 139 143
1967 2278 2259
2998 3297 3299
704 833 834
510 512 572
3519 3796 3795
76 102 77
777 1000 969
108 111 110
76 98 101
3507 3787 3511
581 657 583
3821 3823 3825
113 115 114
343 362 429
3381 3394 3393
2678 2680 2681
1055 1294 1295
216 226 225
270 304 303
4048 4050 4049
1365 1625 1619
78 102 103
496 559 556
3489 3763 3497
1336 1337 1608
1736 2017 2016
3428 3450 3437
3038 3041 3040
1117 1126 1125
200 251 250
173 177 175
2398 2642 2659
81 105 104
1913 2166 2170
81 104 106
3321 3322 3323
661 788 787
580 653 654
344 346 345
1644 1921 1645
3432 3440 3718
2340 2594 2341
177 178 231
632 739 633
344 345 348
2256 2258 2259
216 217 226
2674 2682 2675
3289 3290 3291
467 541 536
4449 4451 4453
105 108 110
83 106 87
209 258 256
2702 2706 2704
276 311 308
274 279 276
2240 2525 2536
4341 4416 4355
3074 3088 3086
1175 1414 1416
4005 4014 4006
1308 1334 1336
478 544 543
87 106 112
3246 3538 3539
1431 1432 1433
1247 1509 1470
85 88 114
1199 1202 1201
1191 1416 1424
313 315 319
2080 2334 2335
1379 1381 1380
502 504 506
2395 2396 2398
1113 1115 1114
111 114 115
3432 3719 3703
2242 2246 2243
93 94 116
276 280 311
3353 3629 3650
1679 1681 1682
489 493 491
2730 2734 3006
116 119 118
4149 4281 4279
2023 2311 2052
117 120 119
2431 2432 2433
681 682 683
4089 4090 4240
119 120 121
448 522 524
538 618 623
97 100 122
755 780 756
97 122 120
4402 4403 4462
4435 4437 4500
249 298 293
813 820 819
780 781 782
375 438 378
120 122 124
120 124 125
750 773 775
127 135 136
120 125 121
271 303 305
122 127 126
122 126 128
190 194 245
2568 2898 2893
126 127 128
3768 3948 3951
102 130 131
1550 1846 1552
2777 3051 3033
122 123 127
3155 3460 3156
1805 1835 2092
1813 2074 2075
460 531 533
127 129 128
666 671 672
2239 2242 2243
784 1020 786
532 534 533
1449 1687 1705
125 128 129
952 960 959
2744 2759 2758
2339 2592 2593
1026 1246 1245
2118 2387 2389
1489 1525 1748
4465 4466 4468
98 130 101
3044 3059 3345
772 774 773
101 130 102
3996 4132 3997
98 118 130
112 143 113
118 119 130
2994 2997 2998
4034 4174 4175
3340 3642 3615
664 671 666
1986 2292 2290
4039 4040 4046
440 442 444
119 131 130
142 145 161
3336 3340 3339
568 573 641
985 1014 1015
1045 1054 1053
4282 4303 4302
102 132 103
2051 2052 2076
3667 3866 3871
234 271 236
1098 1357 1358
296 297 301
547 624 548
2412 2414 2415
245 290 288
1449 1705 1451
100 103 133
2129 2383 2397
3967 4109 3968
667 804 668
3755 3942 3756
103 132 133
708 712 879
3278 3579 3578
961 1181 1179
2267 2270 2269
2978 3258 3257
4036 4177 4179
1561 1590 1563
132 134 133
154 184 191
2652 2659 2656
405 421 482
692 693 694
2263 2554 2539
123 133 127
4368 4369 4435
631 633 739
3505 3509 3507
490 497 499
127 133 135
1110 1118 1117
361 377 379
880 890 888
2551 2552 2572
1578 1580 1579
2041 2042 2068
306 310 309
127 136 129
4159 4160 4161
304 334 306
133 134 136
3672 3678 3877
270 275 307
237 278 279
898 1129 900
104 137 106
2711 2713 2712
2228 2240 2238
198 204 203
4326 4327 4336
1855 2116 2105
105 138 137
105 110 141
110 111 141
105 141 138
699 827 823
161 224 215
3760 3771 3772
3043 3058 3057
1048 1057 1052
2826 2827 2829
3041 3343 3365
3044 3346 3342
440 443 442
106 143 112
1649 1652 1653
3468 3746 3469
3068 3069 3070
182 238 184
1208 1213 1209
2015 2017 2048
238 241 240
340 426 342
137 157 156
641 643 642
1672 1946 1674
812 814 813
3142 3165 3167
143 171 144
4094 4099 4096
1367 1368 1374
2442 2448 2446
2821 3094 2823
475 543 545
3338 3640 3340
1321 1595 1592
674 675 676
111 145 142
2465 2480 2469
119 121 147
157 208 207
2176 2431 2433
736 927 929
314 319 315
4214 4346 4347
131 148 132
808 810 809
119 147 146
1300 1307 1309
295 301 300
1300 1308 1307
2551 2879 2888
132 148 149
2576 2577 2590
345 346 347
455 526 527
2134 2135 2136
121 125 147
652 769 654
705 706 707
2899 2902 2901
419 421 420
125 151 150
2497 2499 2498
2684 2686 2687
820 821 822
350 351 365
132 153 134
3484 3492 3494
799 800 802
3724 3914 3913
3850 3987 3861
152 154 153
1908 2167 2164
4242 4367 4366
1879 2137 2139
132 149 154
546 547 554
151 153 155
2145 2146 2147
1849 2100 1850
2182 2449 2451
153 154 155
1205 1207 1243
137 138 157
3606 3828 3608
2452 2778 2460
565 566 638
178 235 231
137 158 139
2201 2212 2203
137 156 158
196 203 200
1619 1877 1878
283 284 320
138 141 157
946 1184 1183
356 371 368
2777 3050 3051
388 391 390
4313 4405 4404
1319 1323 1321
141 161 160
762 766 765
1183 1186 1185
2502 2524 2503
162 165 163
1279 1282 1280
162 163 167
3911 4052 3928
147 182 181
2149 2412 2413
1635 1915 1917
163 165 167
1150 1161 1159
162 164 165
444 519 451
852 1085 1087
202 253 216
162 168 164
165 169 167
3857 3982 3858
4384 4450 4447
160 215 213
491 501 502
354 359 358
3828 3850 3849
1309 1530 1558
606 611 706
2841 2844 3149
3509 3513 3515
1216 1219 1438
661 791 794
144 171 145
145 171 172
240 241 281
173 175 174
199 200 250
4049 4195 4194
173 174 177
2896 3201 3202
1491 1493 1533
2450 2453 2454
174 175 176
668 805 815
736 926 925
174 176 180
3253 3263 3262
1593 1594 1611
1448 1491 1492
175 180 176
174 178 177
2690 2969 2970
2757 2768 3026
1309 1555 1528
174 180 178
4155 4287 4157
1645 1921 1922
146 147 181
217 264 221
3990 4122 4133
1504 1722 1777
181 182 184
472 475 474
148 181 183
181 184 183
3224 3225 3526
1903 1904 2156
849 869 850
190 244 241
150 151 187
187 188 190
707 710 709
922 1144 1145
912 916 1142
185 187 189
403 420 405
1555 1562 1557
1303 1552 1553
187 190 189
271 309 277
154 192 155
4416 4417 4426
406 410 408
154 191 192
463 471 541
156 218 158
384 440 444
151 193 188
2102 2352 2351
1386 1638 1636
184 238 240
2905 2906 2919
2040 2327 2305
188 193 190
2528 2529 2849
604 688 690
353 370 354
3689 3885 3886
151 155 193
190 193 194
192 194 193
964 1215 1217
195 198 196
936 938 964
879 881 880
195 196 200
327 328 388
195 197 198
693 819 820
2230 2232 2231
319 362 343
3887 4012 4014
195 200 199
195 199 201
3959 3961 4104
3619 3625 3624
1246 1464 1504
2696 2970 2977
897 1132 1135
198 201 202
984 1014 985
1430 1696 1682
2127 2131 2367
203 204 206
770 772 773
178 180 235
4438 4442 4439
318 342 352
1045 1293 1054
460 461 532
2104 2365 2354
168 226 169
200 203 205
2671 2679 2682
260 295 266
203 206 205
1361 1622 1371
1889 1892 1890
156 157 207
2661 2677 2676
2409 2665 2668
156 207 211
762 783 785
363 379 435
207 210 209
386 390 446
333 395 396
3511 3787 3789
207 209 211
331 393 394
2450 2744 2758
3299 3590 3591
2729 2744 2742
2144 2419 2401
1031 1249 1273
157 160 213
253 255 264
3442 3706 3721
3705 3707 3706
3615 3642 3643
3126 3458 3443
213 215 214
556 628 558
166 198 216
2466 2470 2764
2260 2536 2549
948 975 950
1756 1993 1989
3034 3036 3035
167 218 204
1796 1822 1824
2322 2323 2341
167 219 218
694 820 696
1570 1571 1572
4405 4466 4465
2172 2177 2176
167 221 219
4189 4203 4338
206 218 220
897 1135 898
285 287 289
199 250 201
419 481 482
2826 2829 2828
158 218 219
158 221 222
1223 1477 1444
388 389 391
4179 4322 4323
2024 2026 2286
3873 3887 3886
1671 1674 1673
2045 2046 2070
2745 3017 2759
4140 4141 4142
2121 2378 2361
334 398 400
166 216 168
460 532 531
167 169 226
2495 2820 2812
168 216 225
4119 4126 4121
185 239 238
628 631 630
1878 2134 1879
170 227 171
564 632 633
158 222 227
2108 2373 2372
997 1217 1029
222 223 227
179 236 180
1892 2153 2143
782 1018 784
223 228 227
255 259 264
161 229 224
1855 1869 2116
1931 2193 2185
171 228 229
223 229 228
673 677 675
1649 1651 1650
276 279 280
177 230 232
840 841 842
2388 2390 2389
209 210 258
3164 3465 3455
739 931 932
334 335 399
231 235 233
2717 2720 2719
2447 2715 2719
2849 3154 3126
1105 1364 1353
507 566 565
177 234 236
284 286 324
180 237 235
1967 1969 2280
180 236 237
3119 3127 3121
1185 1443 1221
2737 2739 2740
1541 1808 1776
475 545 552
2181 2184 2185
185 241 239
3357 3359 3360
566 568 641
3357 3363 3359
184 240 242
3131 3132 3450
186 190 241
3180 3476 3486
1281 1532 1535
506 562 564
1023 1026 1025
2228 2524 2523
1946 2204 2205
1012 1040 1014
1599 1874 1860
620 729 730
297 299 298
190 245 244
2315 2575 2586
381 444 449
2204 2472 2205
3467 3470 3469
756 780 762
334 400 336
573 644 641
847 853 849
191 242 210
1326 1597 1599
192 210 214
3644 3646 3645
381 449 450
675 677 679
586 659 656
612 622 732
418 480 419
1442 1736 1734
296 329 297
1131 1133 1134
1931 2201 2200
194 248 245
650 652 654
192 214 248
2795 2808 2807
795 804 803
245 248 249
1248 1511 1273
3965 4105 4107
2854 2856 3130
754 756 762
444 451 450
1470 1503 1506
216 264 217
507 565 567
4412 4477 4479
1754 1758 1756
4492 4504 4502
409 413 422
630 631 736
201 253 202
2231 2515 2514
2307 2571 2572
3815 3970 3969
250 251 253
250 253 252
1387 1642 1643
1127 1378 1380
200 205 254
273 274 276
2207 2208 2209
205 206 254
755 759 781
3392 3410 3695
200 254 251
3996 4153 4131
251 254 253
206 255 254
2659 2938 2937
1567 1834 1569
863 864 865
209 256 211
1097 1105 1353
1557 1562 1755
1436 1465 1467
1653 1933 1932
1347 1615 1349
2518 2520 2521
1107 1115 1113
211 256 220
3951 4086 3952
220 256 259
352 356 353
256 258 257
462 533 468
256 257 259
1287 1288 1290
1687 1951 1707
1363 1624 1365
320 321 381
2235 2238 2240
631 737 736
257 258 259
4169 4318 4322
3672 3877 3878
668 804 805
745 751 965
1266 1291 1292
1574 1598 1600
1290 1541 1292
2759 3017 3022
258 260 259
2141 2148 2145
1154 1389 1161
346 362 360
715 723 725
210 246 258
615 714 711
2448 2740 2722
586 590 661
728 895 894
214 215 247
2334 2588 2335
2772 2786 2773
378 438 379
1861 2111 2096
767 992 990
2242 2245 2246
3557 3805 3807
4166 4167 4169
351 367 365
346 366 347
859 862 861
1619 1879 1620
429 510 508
216 263 264
634 635 637
3537 3545 3801
253 264 263
671 689 690
206 220 259
2632 2919 2634
1831 2088 1832
749 750 752
2246 2529 2528
259 265 264
4004 4156 4157
1524 1528 1527
221 266 222
3810 3811 3813
960 984 985
913 916 915
259 260 266
259 266 265
222 266 223
3030 3332 3047
4294 4300 4299
223 266 267
1231 1234 1257
258 291 294
1049 1050 1052
317 319 341
215 224 268
223 268 224
1555 1560 1562
4413 4480 4482
215 268 262
1483 1487 1489
331 333 332
2093 2357 2108
356 430 431
932 1171 1172
567 640 642
447 448 517
690 817 818
2429 2433 2432
507 567 509
2856 3138 3135
232 233 270
459 464 466
2842 3141 3142
344 348 346
232 271 234
1470 1472 1471
1971 2004 2003
530 601 602
232 270 269
232 269 271
1420 1682 1681
651 742 746
3664 3674 3673
2823 3096 2825
284 285 286
884 885 887
3493 3779 3783
303 304 306
233 235 273
558 632 563
308 311 337
3105 3106 3108
233 273 270
235 274 273
413 483 424
320 382 322
876 887 1119
4081 4085 4082
1152 1153 1394
236 278 237
543 544 546
2690 2970 2694
1592 1595 1839
236 277 278
703 833 704
373 436 375
329 393 330
415 417 416
235 279 274
235 237 279
4040 4049 4047
278 280 279
4157 4308 4306
240 281 242
3654 3655 3860
628 629 631
600 685 601
1641 1926 1920
241 282 281
407 416 411
2450 2454 2452
1026 1245 1212
281 284 283
2329 2330 2347
3542 3799 3803
241 285 282
1148 1149 1152
258 294 295
698 704 700
672 808 809
244 287 285
2845 3173 3150
245 288 287
1728 1972 1974
585 588 586
287 288 290
3102 3405 3103
1888 1892 2130
3261 3266 3265
1385 1642 1387
972 1185 1221
1940 1948 1949
287 290 289
3102 3407 3406
717 725 727
1780 1809 1781
285 289 290
4340 4349 4350
2690 2956 2965
3577 3578 3580
994 995 1208
2542 2890 2565
242 291 246
936 964 963
242 283 291
407 411 410
698 702 704
3926 3929 3927
775 778 777
245 249 293
842 859 846
2351 2598 2599
3599 3603 3601
2182 2183 2450
4486 4489 4491
2248 2530 2250
4217 4222 4221
4368 4434 4436
245 293 286
2690 2965 2971
246 291 258
1150 1152 1154
2138 2407 2410
4497 4498 4500
4357 4365 4421
258 295 260
3683 3881 3684
291 295 294
762 785 766
2066 2091 2345
559 560 631
1842 1861 2096
2971 3252 3253
3361 3635 3652
398 468 400
2190 2191 2451
862 1104 1095
4296 4396 4385
291 296 295
354 357 359
1266 1541 1501
2025 2286 2288
541 550 551
536 542 621
2661 2676 2675
495 496 555
334 399 398
1594 1857 1611
247 298 249
3142 3145 3165
247 262 298
1106 1366 1367
2967 2976 2968
262 297 298
640 641 642
656 794 793
1371 1626 1627
2292 2294 2557
3909 4048 4040
295 296 301
266 300 301
533 618 539
450 451 455
4416 4425 4424
262 268 297
408 412 413
267 301 268
268 302 297
772 996 997
297 302 301
3800 3804 3803
444 513 515
269 270 303
1936 2186 2187
1039 1287 1041
269 303 271
709 888 720
1079 1340 1081
1231 1255 1256
2538 2880 2881
2832 2837 2833
1356 1619 1620
303 306 305
1524 1530 1528
275 276 307
2867 3174 3175
270 307 304
402 403 405
1915 1916 1918
271 305 309
305 306 309
2040 2306 2041
789 790 971
2180 2181 2182
278 311 280
1106 1358 1366
1932 1933 1935
278 310 311
3059 3348 3345
611 615 706
313 319 317
314 316 318
3960 4104 3961
386 388 390
314 318 319
2348 2361 2606
1150 1160 1151
851 852 1098
284 321 320
283 320 291
4006 4012 4165
291 320 322
286 293 290
1562 1563 1822
290 293 326
321 324 381
1149 1157 1153
290 326 328
1533 1828 1830
290 327 324
290 328 327
674 676 682
2015 2048 2285
291 329 296
346 350 362
2557 2559 2558
346 348 350
297 329 330
590 663 661
2156 2422 2158
3010 3013 3308
339 419 420
2130 2132 2131
319 360 362
297 330 331
306 338 310
293 332 326
326 332 328
789 1003 1001
2639 2650 2926
407 408 409
407 415 414
1114 1115 1123
519 592 593
1387 1639 1638
324 327 386
293 299 332
2582 2897 2898
328 332 333
1877 2112 2122
940 948 947
940 947 949
1202 1205 1203
2260 2549 2261
304 307 334
558 630 632
2231 2513 2249
1940 1943 1942
307 337 335
619 620 626
310 338 311
1870 2130 2131
2202 2462 2454
900 1130 1125
311 339 337
2733 2743 2746
395 457 397
3860 3992 3865
311 338 339
2417 2663 2418
316 317 341
3073 3090 3076
2294 2562 2560
982 1012 1014
3324 3607 3606
316 342 318
1109 1369 1110
1095 1105 1097
843 1084 852
1979 2264 2265
841 852 848
316 340 342
802 809 810
1555 1556 1561
345 347 351
720 889 890
1325 1574 1542
3525 3536 3535
656 658 657
348 349 351
1577 1600 1578
3400 3413 3416
322 382 329
3149 3151 3150
348 351 350
318 352 354
2361 2620 2607
352 353 354
1383 1631 1629
352 355 356
422 425 423
1430 1717 1696
849 864 869
1169 1411 1410
318 354 319
319 354 358
490 492 498
1282 1565 1568
511 575 576
319 361 360
2825 3096 3097
3945 3946 3949
2633 2634 2636
2312 2313 2331
1044 1045 1053
336 400 338
1617 1623 1622
514 517 581
2546 2570 2569
3992 3995 4112
760 988 1016
3229 3231 3530
346 360 361
2588 2599 2598
346 361 364
361 365 364
720 730 729
350 365 362
361 363 365
418 477 487
362 365 363
795 1053 805
3805 3967 3968
346 364 366
364 365 366
365 367 366
2325 2345 2344
353 368 370
4405 4469 4471
3155 3459 3460
368 369 370
4062 4198 4195
955 1174 979
1697 1700 1698
369 372 370
2581 2896 2582
368 371 372
2915 2916 3218
370 372 373
354 370 374
1871 2118 1872
370 375 374
354 375 357
1409 1671 1413
370 373 375
1582 1584 1583
1300 1304 1303
358 359 376
361 376 377
361 379 363
955 1179 1176
538 539 618
441 446 443
359 378 376
822 824 1075
696 703 701
4341 4415 4414
376 378 379
2607 2620 2902
1089 1301 1327
3193 3199 3498
320 381 380
1293 1577 1579
3285 3286 3296
963 964 996
320 380 382
1223 1224 1477
380 381 382
1394 1396 1397
381 383 382
4278 4302 4301
3759 3770 3946
754 758 757
2294 2560 2557
1336 1589 1561
324 386 384
744 745 937
765 768 767
2723 3003 2725
3240 3541 3241
328 389 388
389 396 391
2760 2761 2763
2645 2915 2927
1323 1326 1325
1149 1150 1151
977 980 1010
1166 1169 1168
677 812 811
409 422 415
382 383 393
682 699 684
329 382 392
329 392 393
382 393 392
4379 4380 4447
330 393 331
904 918 910
356 431 436
3322 3335 3336
4006 4013 4012
2353 2354 2365
1887 1891 1889
331 395 333
706 711 712
331 394 395
362 435 434
2104 2354 2355
328 333 396
391 396 397
395 397 396
2568 2583 2898
1213 1214 1436
929 1160 1163
1091 1094 1096
3635 3859 3860
3070 3376 3359
655 656 657
864 866 865
2561 2578 2577
1103 1112 1362
337 403 402
1216 1218 1217
656 659 794
1243 1463 1244
399 402 404
2151 2152 2153
2783 3061 2795
511 567 569
1504 1777 1778
4130 4153 4152
2954 2955 2956
406 408 407
666 809 800
4067 4205 4227
480 487 488
408 413 409
3069 3084 3085
2357 2602 2358
4024 4171 4170
1877 2122 2135
410 411 413
410 413 412
2841 3147 3144
1064 1078 1077
407 409 415
1702 1952 1954
2777 3033 3032
548 626 549
1894 1901 1898
338 419 339
4440 4442 4443
2239 2507 2504
338 400 418
567 638 640
511 577 575
337 420 403
337 339 420
3039 3044 3341
2309 2572 2573
1993 2267 2269
561 564 562
405 420 421
4006 4152 4153
415 422 423
3237 3246 3533
415 423 425
415 425 417
340 341 426
460 533 462
391 453 448
341 343 429
1877 2135 2133
342 430 355
3308 3595 3594
3005 3300 3305
1337 1607 1608
355 430 356
3408 3693 3409
826 835 837
428 432 430
1549 1846 1550
986 1016 988
2250 2531 2540
1159 1161 1160
902 910 909
3412 3414 3425
2008 2011 2010
362 434 429
1701 1992 1990
356 436 373
431 432 436
1280 1282 1283
359 375 378
375 437 438
3344 3661 3366
1599 1613 1873
433 435 438
379 439 435
4466 4471 4468
440 441 443
4316 4409 4407
1952 2249 2248
4436 4442 4441
605 718 607
3331 3340 3615
538 547 546
459 461 460
381 384 444
413 472 474
3757 3943 3758
1020 1267 1268
444 450 449
2472 2789 2790
4143 4276 4275
3346 3618 3620
1651 1932 1659
1895 1899 1905
1273 1543 1293
390 391 448
2014 2285 2266
951 952 955
2337 2590 2591
1990 1992 1991
1990 1991 1993
393 450 454
980 1190 1010
393 454 455
394 455 395
661 663 665
3247 3254 3253
1874 2119 2121
1304 1554 1524
3825 3826 3830
395 455 456
2363 2364 2623
1196 1459 1430
2542 2882 2890
391 457 453
4172 4310 4313
1633 1636 1915
1936 2194 1937
399 458 460
399 459 458
458 459 460
1641 1647 1925
399 460 462
1839 2070 2093
582 586 656
459 465 464
404 465 459
1532 1534 1535
404 463 465
459 466 461
774 1028 778
4215 4220 4218
682 697 699
4432 4487 4493
465 467 466
2270 2540 2541
4141 4145 4160
463 467 465
1796 1826 1798
3421 3705 3704
398 399 468
3265 3266 3573
2181 2183 2182
1095 1104 1105
3370 3384 3383
399 462 468
1491 1533 1531
2417 2662 2663
2323 2343 2342
3631 3632 3634
400 468 469
404 405 463
2070 2094 2093
4075 4213 4200
918 920 922
3276 3284 3277
527 601 528
405 471 463
3151 3456 3472
411 416 472
893 1125 895
411 472 413
952 959 961
888 890 889
416 473 472
2011 2282 2307
472 473 475
416 476 478
701 704 702
1198 1201 1200
416 478 473
1736 1738 1739
2215 2220 2216
2335 2589 2590
3213 3214 3221
400 476 477
400 478 476
400 477 418
1405 1653 1652
752 777 967
682 692 695
2578 2592 2591
1326 1613 1597
1335 1355 1356
763 987 986
482 551 550
1815 1847 1845
419 480 481
419 482 421
1142 1386 1383
2538 2552 2889
2879 2889 2888
3255 3264 3263
2176 2433 2178
424 483 425
413 474 483
510 573 568
474 475 483
1303 1524 1521
489 491 490
425 483 484
607 719 729
475 484 483
417 425 477
425 485 477
2387 2404 2388
425 486 485
502 506 505
490 494 493
425 484 486
2144 2153 2154
418 487 480
485 486 487
1837 1838 1839
477 485 487
3878 4009 4011
486 488 487
489 490 493
2524 2867 2525
2501 2504 2505
2269 2562 2294
490 491 492
2268 2540 2270
493 494 496
491 493 495
2442 2444 2448
490 498 497
772 997 1029
1160 1161 1162
497 498 499
2218 2223 2497
490 499 494
2908 3215 2912
494 499 496
498 500 499
496 499 500
2489 2807 2808
491 502 492
2651 2652 2655
491 503 501
3353 3664 3371
501 503 502
3418 3432 3419
4295 4377 4378
502 503 504
442 443 513
498 502 505
841 850 855
3072 3086 3073
1286 1568 1570
719 720 729
498 505 506
2689 2967 2958
428 429 507
2235 2239 2238
428 507 432
941 971 942
4350 4361 4360
1617 1618 1624
429 508 507
468 538 469
684 699 821
432 507 509
3364 3379 3657
432 511 437
1937 2194 1946
437 511 438
712 865 867
432 509 511
2289 2315 2314
438 511 512
676 692 682
3952 3953 4079
442 513 444
3980 3983 3984
3787 3788 3955
992 993 995
946 949 950
443 514 513
2981 2984 2983
443 447 517
3403 3418 3419
443 517 514
448 518 517
840 842 846
444 515 519
3570 3813 3571
3161 3164 3163
3568 3570 3571
2129 2371 2383
927 1164 1158
1805 1836 1835
928 1166 1164
817 1060 818
1656 1928 1665
522 523 524
4296 4384 4383
778 1028 793
2719 2720 2721
448 453 523
665 799 792
4306 4308 4307
945 946 1183
2119 2377 2121
3953 4086 4088
448 524 518
3506 3511 3510
523 525 524
622 731 732
1362 1372 1627
1014 1042 1043
654 750 749
451 519 455
1578 1842 1843
3700 3894 3904
533 538 537
1423 1689 1686
455 527 456
2209 2210 2212
455 519 526
456 527 457
1354 1365 1619
1073 1320 1319
457 527 528
453 457 523
2862 2865 2863
523 529 530
457 530 529
2722 2723 2724
3538 3550 3548
507 508 566
1533 1798 1826
523 530 525
1921 1922 2182
457 528 530
1561 1563 1562
1437 1438 1439
1313 1314 1338
1599 1860 1861
4245 4247 4371
2182 2190 2188
531 532 533
1935 1945 1944
632 736 738
461 466 532
466 467 536
682 698 697
466 535 532
466 536 535
1268 1272 1271
2400 2645 2401
3589 3592 3593
468 533 537
468 537 538
2309 2330 2329
940 944 943
1953 1956 2249
1081 1340 1083
533 539 538
884 895 885
927 928 1164
1960 2254 2234
1434 1436 1719
4049 4194 4196
3311 3312 3595
463 541 467
4082 4085 4086
4316 4321 4409
2134 2136 2138
1438 1440 1439
3291 3296 3295
1340 1610 1611
473 478 543
473 543 475
3184 3480 3481
469 538 478
1646 1655 1657
2086 2341 2087
2380 2624 2392
4501 4504 4503
478 538 544
1132 1134 1135
538 546 544
790 1006 971
480 548 481
2546 2886 2887
480 547 548
481 548 482
2278 2280 2279
1265 1266 1461
3330 3616 3612
482 548 549
687 816 817
471 482 541
482 550 541
541 551 542
1067 1068 1072
482 549 551
545 546 552
715 725 717
3980 3984 3982
546 553 552
486 554 488
480 554 547
486 553 554
495 555 503
1057 1296 1298
503 558 504
1814 1815 1845
1169 1173 1411
2603 2605 2903
773 778 776
609 615 611
1293 1579 1294
555 556 558
503 555 557
503 557 558
555 558 557
496 500 559
2926 2932 3231
867 881 879
753 754 757
1502 1504 1503
1140 1142 1383
506 560 559
594 667 685
504 558 561
2156 2421 2422
1465 1469 1471
506 561 562
615 723 715
661 787 789
506 564 560
558 563 561
1016 1197 1198
561 563 564
508 510 566
1073 1317 1315
510 568 566
509 567 511
2094 2328 2346
1008 1010 1036
659 661 794
1010 1190 1232
620 731 622
510 572 571
1163 1401 1402
510 571 573
3789 3956 3790
511 576 512
1064 1338 1078
575 577 576
2126 2367 2366
795 805 804
768 993 992
2397 2641 2640
3063 3080 3079
1507 1778 1779
2746 2750 2752
1756 1760 1993
576 577 578
512 576 572
572 576 579
572 579 580
576 580 579
3699 3703 3897
572 580 574
538 623 624
576 578 580
3873 3874 3887
514 581 516
2643 2663 2662
517 582 581
516 581 583
1615 1616 1622
1025 1212 1208
742 935 936
517 585 586
517 518 524
517 586 582
1779 2044 1780
768 785 786
524 588 585
682 695 698
524 589 588
588 589 591
2867 2879 2878
588 591 590
3778 3781 3779
1204 1206 1205
515 516 592
1668 1670 1671
516 583 592
591 664 663
1485 1489 1744
1697 1698 1702
1589 1608 1590
4168 4176 4174
1599 1873 1874
4185 4203 4189
800 809 802
4402 4459 4456
524 597 589
589 597 591
591 597 598
2240 2524 2525
1212 1246 1214
2969 2971 2970
519 599 526
601 687 602
802 1057 1048
526 599 527
687 815 816
2558 2576 2575
527 599 600
2684 2688 2690
594 600 599
2696 2977 2978
1433 1434 1463
2655 2934 2933
527 600 601
1603 1616 1615
840 844 843
691 693 692
1315 1592 1591
1371 1627 1372
528 601 530
2285 2574 2555
1242 1243 1269
525 530 597
530 603 597
597 603 604
3324 3604 3605
2307 2551 2571
2666 2945 2954
530 602 604
667 668 685
890 1121 1122
532 607 534
755 757 759
1183 1184 1186
1664 1671 1673
532 606 605
4386 4389 4388
986 1197 1016
1762 1796 1764
535 536 609
535 609 606
2442 2443 2444
1096 1302 1301
1677 1678 1964
606 609 611
609 614 613
2388 2405 2647
613 614 615
609 610 614
4287 4386 4388
610 612 614
3315 3600 3332
1152 1390 1388
614 616 615
1062 1065 1311
2799 2805 2801
3986 3990 3988
3542 3803 3554
612 616 614
533 534 607
2615 2904 2914
4297 4393 4394
1067 1073 1069
533 607 617
533 617 618
3563 3811 3812
2917 3225 3219
4348 4350 4360
4012 4014 4165
826 830 829
607 618 617
2471 2482 2484
607 619 618
955 1175 1174
753 755 754
4054 4068 4069
711 714 712
536 621 610
1716 2004 2006
3285 3293 3292
610 621 612
542 620 621
1925 1930 1931
3122 3124 3123
652 747 769
620 622 621
865 866 868
1072 1074 1073
725 726 728
538 624 547
1161 1398 1399
618 624 623
3610 3824 3822
674 682 681
4132 4266 4255
3285 3585 3286
548 624 625
1388 1390 1389
1737 1739 2017
618 625 624
1678 1968 1966
3414 3696 3700
548 625 626
618 626 625
964 997 996
542 551 620
620 730 731
3008 3012 3009
549 626 551
2325 2344 2343
551 627 620
551 626 627
556 559 628
1442 1444 1736
811 812 813
1030 1248 1031
559 629 628
1087 1348 1098
559 631 629
2308 2572 2309
2716 2719 2718
558 628 630
857 873 875
4079 4240 4237
2314 2315 2586
1822 1855 1823
563 632 564
2727 2731 2729
560 564 634
3681 3881 3683
1282 1564 1565
560 634 631
1134 1380 1381
2365 2382 2627
699 823 821
564 635 634
3929 4065 4068
564 637 635
2100 2350 2351
634 637 636
631 636 637
564 633 637
565 638 567
884 894 895
1611 1871 1612
665 792 788
2984 3263 3264
566 639 638
566 641 639
2582 2898 2583
656 795 658
3198 3495 3496
573 645 644
569 642 577
716 869 864
2865 3172 3173
2357 2601 2600
577 642 646
3206 3506 3213
2733 2746 2735
654 769 770
1563 1590 1822
2347 2348 2606
580 648 645
1438 1442 1440
853 866 864
3469 3747 3738
577 650 578
577 649 650
577 651 649
1182 1196 1430
577 646 651
2243 2246 2512
650 651 652
692 696 695
1085 1346 1348
3800 3802 3805
578 650 580
3367 3663 3369
1846 1847 1848
4492 4495 4496
3488 3763 3489
580 650 653
3651 3666 3667
3187 3482 3492
4086 4090 4088
2704 2722 2724
1607 1609 1608
1123 1379 1377
3804 3805 3811
2911 3208 3203
580 654 648
2947 3246 3237
1299 1300 1303
581 582 656
581 656 655
581 655 657
723 735 724
838 1079 1080
2454 2779 2778
946 950 1187
1221 1443 1441
2750 2754 2752
3213 3221 3220
1148 1150 1149
3768 3951 3782
590 591 663
663 664 666
663 666 665
2100 2351 2101
583 657 594
2905 2919 2918
2624 2922 2921
2445 2716 2714
1397 1648 1650
952 954 960
754 762 761
862 1105 1104
3258 3259 3261
2415 2674 2420
3345 3348 3346
1441 1443 1442
591 671 664
3184 3194 3490
591 598 671
666 800 799
1290 1540 1541
1962 1964 2256
673 675 674
2697 2981 2970
2902 3206 3211
3115 3124 3122
674 678 677
1150 1159 1160
2867 2868 2879
2995 2996 3003
4188 4334 4198
674 681 683
642 741 740
2867 3175 2868
674 683 678
678 683 680
1202 1204 1205
682 684 683
2698 2989 2699
680 683 684
2781 2795 2794
1438 1441 1442
668 686 685
1674 1947 1949
601 686 687
1571 1573 1572
780 782 784
1642 1645 1643
2173 2175 2177
1544 1809 1837
2660 2661 2675
2498 2842 2839
1186 1188 1225
598 604 671
3581 3582 3585
732 733 735
604 689 671
1073 1074 1320
943 944 946
1230 1233 1231
675 692 676
955 1176 1175
4113 4251 4250
2616 2905 2632
4022 4026 4024
731 733 732
1176 1179 1415
675 679 693
4497 4500 4499
1051 1254 1227
3115 3433 3124
3672 3878 3870
692 694 696
2450 2759 2453
2605 2901 2903
697 698 699
698 700 699
2175 2178 2179
1185 1186 1223
695 701 698
2335 2590 2336
2491 2809 2816
1144 1385 1387
1871 2117 2118
698 701 702
887 1120 1119
701 703 704
4143 4273 4274
1248 1273 1249
2587 2598 2596
4253 4255 4372
606 705 707
2515 2518 2851
2429 2700 2434
3035 3043 3042
706 708 707
707 708 710
606 707 709
615 711 706
2698 2699 2700
2945 3242 2955
3132 3136 3450
706 712 708
1609 1880 1867
1010 1038 1036
758 986 760
2621 2908 2910
714 715 717
2836 2838 2837
4473 4475 4476
775 776 778
712 714 716
714 717 716
605 606 718
1683 1686 1685
3020 3312 3311
657 803 804
1157 1397 1396
1360 1371 1370
709 720 718
2008 2260 2261
607 718 719
718 720 719
3019 3021 3025
3926 3928 3929
723 726 725
619 729 620
2580 2890 2895
1206 1433 1207
763 765 767
1539 1573 1836
788 790 789
720 721 731
720 731 730
3610 3826 3824
873 874 876
4094 4098 4099
616 732 723
3685 3884 3883
1353 1354 1356
723 732 734
2394 2639 2627
732 735 734
630 736 632
4061 4075 4063
1834 2092 1835
631 739 737
3826 3831 3830
632 738 739
2558 2559 2576
642 643 741
836 1077 1078
642 742 646
841 845 852
642 740 742
1148 1152 1150
1746 1749 2026
643 645 741
645 648 745
645 744 741
2505 2826 2830
1188 1228 1225
1264 1291 1266
646 742 651
651 747 652
742 743 747
742 747 746
4202 4217 4203
1993 2269 2294
841 857 842
1439 1509 1473
3956 4100 4101
648 654 749
1749 1983 1985
873 876 875
648 749 745
2628 2645 2644
2851 3131 3133
749 752 751
1393 1394 1395
777 969 967
1488 1490 1489
1161 1389 1398
753 757 755
903 907 919
2023 2025 2311
754 755 756
1018 1240 1241
2642 2661 2659
1525 1527 1529
1867 1869 1868
2085 2107 2339
757 758 760
757 760 759
754 761 763
965 969 966
777 778 1000
754 763 758
1286 1570 1572
2666 2954 2689
1273 1293 1274
761 762 765
867 868 1113
769 772 770
654 770 773
841 848 850
735 898 900
2392 2637 2648
773 776 775
752 775 777
755 781 779
3844 3846 3845
1447 1451 1491
3889 3893 4019
1488 1521 1524
780 784 783
4066 4204 4067
766 785 768
1908 2165 1910
783 784 785
3077 3091 3394
784 786 785
787 788 789
1562 1822 1794
1670 1946 1672
1212 1214 1213
788 792 790
1161 1401 1162
3460 3477 3476
3336 3337 3338
661 789 791
4477 4480 4479
2604 2606 2899
1449 1683 1687
3392 3411 3410
2387 2388 2389
3621 3626 3844
680 814 812
665 666 799
2020 2021 2050
792 799 801
799 802 801
2746 2747 2751
668 815 686
790 792 1006
657 658 795
657 804 667
657 795 803
1115 1125 1124
3278 3576 3577
3894 4027 3904
2667 2689 2958
1231 1256 1232
1301 1328 1327
1920 1926 2181
2014 2265 2264
2133 2135 2134
2322 2341 2582
1348 1360 1359
666 672 809
677 678 812
1512 1781 1809
677 813 679
3629 3651 3650
4333 4344 4342
805 806 815
806 816 815
687 817 688
3085 3400 3388
972 1003 1004
3414 3689 3696
847 848 852
2212 2490 2478
693 820 694
813 814 820
693 813 819
1116 1374 1117
1243 1244 1272
680 684 821
680 821 814
801 1035 1006
832 837 838
821 823 824
821 824 822
699 826 825
699 825 827
2168 2170 2169
2690 2971 2969
825 826 829
827 829 831
696 833 703
696 822 833
1991 2267 1993
700 704 826
2812 2824 2814
704 835 826
704 834 836
826 837 830
3996 4008 4007
3734 3736 3735
830 837 832
914 923 916
839 841 840
1489 1490 1525
839 840 843
839 843 841
840 846 844
4172 4320 4312
3595 3819 3816
1607 1880 1609
1949 2206 2208
2361 2618 2620
847 850 848
1221 1441 1438
847 849 850
3379 3670 3672
847 852 851
2667 2960 2669
847 851 853
720 888 889
1216 1439 1218
4139 4143 4141
2575 2588 2586
2721 2723 2739
841 855 857
919 1143 1144
1079 1081 1080
4067 4225 4226
3204 3205 3505
859 860 862
4014 4164 4165
1036 1039 1037
4399 4458 4460
846 859 861
4224 4359 4350
712 864 863
712 863 865
3860 3861 3987
1315 1591 1593
865 868 867
849 853 864
2107 2356 2339
808 818 1060
862 1112 1103
1389 1392 1399
850 869 871
873 887 874
843 844 1089
2415 2671 2674
850 873 855
850 871 873
3880 3882 3881
4000 4011 4004
2313 2332 2331
3976 3980 3982
860 877 862
857 875 877
875 876 877
862 877 878
2201 2209 2211
876 878 877
3333 3629 3353
2395 2397 2396
1395 1397 1401
712 867 879
2003 2004 2042
717 727 869
4427 4487 4432
869 884 871
3665 3667 3871
3866 3873 3871
3320 3322 3321
727 884 869
4435 4500 4498
871 884 873
2152 2419 2154
979 1191 1189
1447 1491 1448
873 884 886
2755 2766 2757
720 890 721
4252 4253 4265
710 880 888
929 1163 931
2861 2877 3185
2837 2838 3127
4265 4375 4266
3522 3525 3524
1092 1096 1301
3887 4006 4012
1075 1077 1076
2945 3228 3235
728 894 884
728 893 895
721 890 731
731 897 733
2179 2438 2439
3086 3102 3099
731 890 896
1225 1479 1477
1343 1612 1613
3380 3392 3685
735 897 898
724 735 728
1369 1375 1374
4389 4391 4456
728 735 899
728 899 900
735 900 899
3968 4109 4110
728 900 893
901 903 902
901 902 905
1434 1719 1463
901 905 903
902 903 904
3526 3529 3527
1365 1624 1625
1037 1039 1040
2712 2999 3000
4188 4326 4334
902 906 905
2940 2951 2943
903 905 907
1719 1720 1722
902 909 911
4342 4344 4415
1384 1635 1385
1115 1116 1125
2546 2894 2886
902 904 910
3073 3087 3090
902 911 906
3289 3293 3290
1138 1142 1140
2167 2171 2170
909 910 913
909 913 911
910 914 913
2909 2910 2911
911 915 916
3899 3902 4025
911 916 912
903 918 904
2442 2446 2445
4025 4168 4174
1273 1542 1543
1412 1664 1663
903 917 918
3280 3282 3288
917 919 918
990 992 994
1703 1760 1758
918 919 920
910 918 921
953 979 976
918 922 921
979 1174 1175
910 923 914
910 921 923
1613 1874 1873
921 922 923
916 923 924
1025 1026 1212
922 924 923
925 926 927
736 925 927
1405 1406 1653
736 737 926
737 930 926
926 928 927
926 930 928
4365 4430 4431
1191 1424 1423
1368 1369 1374
1164 1168 1405
2096 2111 2361
2148 2398 2412
737 739 930
736 931 738
738 931 739
736 929 931
3960 4103 4104
739 932 930
740 741 933
740 933 742
1340 1593 1610
2672 2962 2963
1038 1256 1283
742 936 743
741 934 933
933 936 935
1139 1140 1383
741 937 934
3699 3897 3893
1638 1639 1641
2176 2177 2431
934 937 936
745 938 937
1382 1383 1628
2388 2404 2405
2426 2435 2436
936 937 938
1691 1962 1960
911 1142 1141
939 941 940
939 943 941
940 941 942
1298 1550 1552
2930 3228 2945
2474 2792 2791
941 943 945
943 946 945
1205 1242 1241
4161 4302 4163
947 948 949
940 942 948
789 972 1004
940 949 944
944 949 946
948 950 949
951 953 952
951 955 953
952 953 954
781 1016 1017
2623 2625 2624
952 956 955
1560 1561 1562
953 955 957
2086 2340 2341
959 960 961
2052 2311 2312
4140 4148 4147
952 961 956
1128 1129 1134
960 962 961
2941 3232 3239
743 936 747
2471 2484 2772
1094 1095 1096
747 936 963
2664 2667 2665
745 965 938
938 965 964
3475 3760 3751
964 965 966
751 752 967
751 967 965
4473 4476 4474
965 967 968
965 968 969
2629 2915 2645
1507 1779 1780
941 970 971
941 972 970
1387 1643 1646
941 945 972
942 971 948
1685 1956 1951
1246 1503 1466
3358 3360 3362
948 971 974
2782 3028 3029
953 976 977
976 979 977
1599 1601 1600
1109 1117 1369
953 977 978
2454 2462 2782
1671 1672 1674
977 979 980
953 982 954
953 978 982
832 1068 1067
1397 1402 1401
4045 4046 4055
960 982 984
2865 3171 3172
1309 1528 1530
960 985 962
802 1048 1052
2377 2633 2378
758 763 986
1268 1269 1270
1619 1625 1624
760 986 988
3765 3767 3768
1918 2181 2180
2615 2616 2632
763 767 990
3711 3903 3902
1317 1321 1592
763 990 987
1445 1451 1447
2947 2961 3246
992 995 994
2580 2581 2594
2367 2369 2368
2472 2790 2473
2659 2661 2660
747 996 771
2655 2656 2934
771 996 772
2627 2925 2922
747 963 996
1579 1582 1581
3918 4044 4045
1619 1878 1879
1356 1620 1607
1539 1807 1540
1471 1472 1509
817 1059 1060
1905 1913 1911
4340 4350 4348
3346 3622 3644
3552 3554 3560
3608 3828 3634
4148 4159 4162
3654 3860 3865
778 1001 1000
1000 1001 1003
3359 3376 3360
1000 1003 1002
3858 3982 3983
2531 2542 2540
789 971 970
789 970 972
890 1127 896
2261 2549 2282
971 1006 974
974 1006 975
975 1006 1007
3600 3629 3628
2398 2640 2642
977 1009 978
1943 2207 2209
1360 1615 1621
977 1008 1009
977 1010 1008
978 1009 982
982 1009 1012
975 1188 1187
982 1014 984
1744 1746 2026
2190 2451 2456
2832 2835 2837
3451 3725 3726
759 760 1016
3992 4111 4113
1265 1461 1459
759 1016 781
781 1018 782
988 1018 1016
2415 2654 2671
781 1017 1018
1016 1018 1017
784 1018 1019
4024 4167 4166
1014 1043 1015
784 1019 1020
768 1021 993
2050 2075 2074
768 786 1021
993 1021 1023
1021 1024 1023
1021 1026 1024
995 1023 1025
853 1106 866
1021 1022 1026
4064 4066 4067
1641 1925 1924
772 1028 774
3925 4062 4051
772 1027 1028
772 1029 1027
1027 1029 1028
1323 1324 1326
4258 4271 4268
1028 1029 1030
793 1028 1031
3978 3983 3980
1028 1030 1031
1982 1984 1983
778 794 1001
778 793 794
4075 4211 4212
789 1001 794
789 794 791
789 1004 1003
1891 2147 1892
3041 3055 3053
988 1201 1018
2905 3213 2906
792 801 1006
3559 3568 3569
2805 2806 3069
1008 1036 1009
1009 1036 1037
1956 1958 2230
1036 1038 1039
2486 2488 2489
1009 1040 1012
2270 2541 2562
2820 2821 2823
1445 1450 1449
1009 1037 1040
3432 3703 3699
2782 2784 2783
1014 1040 1042
1040 1043 1042
1040 1041 1043
793 1031 795
4482 4484 4483
795 1031 1044
3280 3286 3585
2021 2051 2050
1107 1367 1115
2799 2804 2803
1029 1217 1247
1080 1081 1083
801 802 1049
1406 1412 1653
4172 4315 4317
802 1050 1049
802 1052 1050
1035 1049 1051
1049 1052 1051
4067 4069 4068
805 1053 806
795 1044 1053
2288 2289 2313
806 1053 1054
3936 4072 4070
3026 3318 3314
1918 1922 1921
1282 1568 1284
893 900 1125
3346 3350 3619
802 810 1057
2648 2666 2664
808 1056 1057
1568 1569 1571
806 1058 816
816 1058 817
806 1054 1058
4049 4196 4058
1329 1603 1347
1054 1055 1058
1122 1123 1376
817 1058 1059
1055 1059 1058
2263 2265 2266
3215 3519 3512
808 1060 1056
1055 1056 1060
823 1061 824
2511 2512 2836
827 1062 1061
1061 1062 1064
3640 3853 3854
824 1061 1063
1061 1064 1063
2040 2305 2306
3089 3108 3106
827 1065 1062
1139 1382 1384
3279 3577 3581
1065 1067 1069
2686 2690 2692
1067 1072 1071
1067 1071 1073
1071 1072 1073
1326 1599 1598
822 1075 833
3285 3294 3293
833 1077 834
4059 4211 4073
833 1075 1076
833 1076 1077
2551 2888 2889
4095 4244 4246
1542 1544 1575
834 1077 836
1229 1254 1483
3444 3723 3724
1063 1064 1077
1534 1830 1535
836 1079 838
1089 1092 1301
832 1080 1068
4138 4289 4290
4310 4311 4313
1314 1315 1316
2220 2502 2227
832 838 1080
1182 1430 1421
4213 4214 4215
1751 1755 1754
1072 1080 1082
1072 1082 1083
2514 2852 2516
1465 1471 1467
3344 3645 3661
2008 2237 2240
1080 1083 1082
3929 4064 4065
1072 1083 1074
3329 3336 3339
843 1085 1084
852 1084 1085
843 852 845
843 1086 1085
2624 2921 2923
3302 3303 3304
1561 1589 1590
843 1089 1086
846 861 1091
1315 1317 1592
1089 1091 1092
1091 1095 1094
1879 2134 2137
861 1095 1091
1091 1096 1092
1095 1097 1096
3619 3621 3620
851 1098 853
2538 2539 2553
852 1087 1098
853 1098 1099
4160 4301 4302
3151 3473 3174
979 1177 1191
4356 4424 4364
2640 2643 2642
4182 4188 4184
1879 1881 1880
861 862 1095
4369 4371 4435
862 1103 1105
2958 2959 2960
866 1106 868
3779 3782 3784
1163 1407 1170
4490 4495 4492
1717 2005 1971
853 1099 1106
868 1106 1107
4312 4320 4316
3312 3314 3599
1129 1135 1136
1749 1982 1981
1128 1134 1379
1748 1751 1749
3915 4036 4022
3864 3991 3993
862 878 1112
876 1112 878
1043 1291 1264
876 1111 1112
2754 2755 2757
867 1113 881
868 1107 1113
972 1002 1003
881 1113 1114
986 987 1202
4251 4254 4255
2003 2306 2281
2521 2858 2856
2673 2675 2681
3037 3053 3043
885 1117 887
1109 1110 1117
905 1137 1139
874 887 876
876 1119 1120
876 1120 1111
1110 1111 1120
887 1118 1120
1110 1120 1118
880 881 1121
880 1121 890
1813 2076 1814
2919 3220 3221
1169 1406 1405
881 1114 1121
3456 3474 3473
3263 3268 3267
1114 1123 1121
2493 2495 2494
1121 1123 1122
2224 2228 2504
1115 1124 1123
1248 1473 1512
1925 1931 1927
4086 4087 4090
2823 2825 2824
1116 1117 1125
895 1126 1117
895 1125 1126
4118 4132 4255
1360 1370 1369
1177 1416 1191
4160 4274 4299
890 1122 1127
2398 2659 2414
2948 2964 2963
3784 3953 3786
1123 1124 1129
1123 1129 1128
1459 1461 1460
1124 1125 1129
900 1129 1130
1125 1130 1129
896 1131 897
1281 1564 1282
897 1131 1132
3552 3558 3559
1131 1134 1132
2939 2941 2940
898 1135 1129
1134 1136 1135
905 906 1138
1153 1157 1394
905 1138 1137
1137 1138 1139
1138 1140 1139
906 911 1138
911 912 1142
4329 4410 4412
911 1141 1138
1138 1141 1142
975 1227 1226
919 1144 920
1378 1379 1380
920 1144 922
916 924 1147
2730 3000 2999
1362 1624 1363
922 1147 924
3026 3317 3318
1343 1345 1344
916 1146 1142
4113 4114 4251
916 1147 1146
2865 3173 2866
1142 1146 1147
922 1145 1147
1142 1147 1145
1149 1153 1152
1442 1734 1732
2249 2513 2514
927 1156 1149
1675 1678 1677
1149 1156 1157
927 1157 1156
927 1149 1151
927 1158 1157
2695 2981 2983
1943 2209 2198
3126 3443 3444
3249 3251 3250
2135 2392 2136
1150 1154 1161
3922 3923 3925
2128 2395 2141
927 1151 1160
927 1160 929
4376 4378 4377
3899 4025 4032
1296 1583 1549
1162 1401 1163
1160 1162 1163
1069 1073 1315
930 1172 1167
930 1167 1166
1201 1202 1203
1164 1166 1168
931 1171 932
2919 3213 3220
931 1163 1170
931 1170 1171
3750 3943 3757
1167 1172 1169
930 932 1172
1283 1286 1285
1171 1173 1172
1039 1283 1285
985 1196 1182
955 979 957
4429 4431 4433
3070 3363 3374
979 1175 1177
955 956 1179
3265 3271 3269
2982 3263 2984
956 961 1179
961 962 1182
945 1183 972
1842 2096 1843
972 1183 1185
2267 2268 2270
950 975 1187
1749 1985 2026
946 1187 1184
2724 2727 2726
1184 1187 1186
2546 2887 2548
4253 4372 4265
1186 1187 1188
1893 1896 1894
979 1189 1190
1189 1191 1190
2309 2329 2328
979 1190 980
1217 1218 1248
1858 2108 1871
1190 1191 1192
3558 3560 3568
1848 2098 2099
2138 2406 2407
1628 1630 1632
2105 2355 2107
3144 3147 3148
962 985 1182
986 1198 1197
2514 2515 2851
988 1016 1201
1674 1949 1948
1191 1422 1233
986 1199 1198
1198 1199 1201
1016 1200 1201
3013 3020 3019
3750 3759 3946
975 1226 1228
986 1202 1199
2795 3062 3078
987 990 1202
990 1204 1202
2940 2952 2950
990 994 1206
2459 2474 2791
990 1206 1204
2131 2132 2385
1205 1206 1207
1979 2014 2264
994 1208 1206
995 1025 1208
3244 3245 3538
1206 1208 1209
2287 2290 2289
3731 3744 3732
1208 1212 1211
4020 4021 4024
1208 1211 1213
1580 1843 1582
1211 1212 1213
1857 1871 1870
964 966 1216
3727 3917 3932
964 1216 1215
966 969 1216
2504 2508 2505
969 1221 1219
972 1221 1002
4387 4390 4389
4172 4173 4320
3204 3506 3206
1891 2141 2145
1186 1224 1223
1636 1638 1640
1336 1561 1556
1186 1225 1224
1226 1227 1228
975 1007 1227
1335 1356 1337
975 1228 1188
2696 2697 2970
1227 1229 1228
1190 1230 1231
1190 1231 1232
2185 2193 2454
2436 2440 2438
2220 2498 2499
1190 1192 1233
1179 1181 1420
3704 3705 3706
985 1015 1239
985 1239 1196
1018 1241 1019
3166 3169 3167
1018 1201 1240
1201 1241 1240
1019 1241 1020
1020 1241 1242
1471 1725 1723
1205 1243 1242
1239 1263 1265
1212 1245 1246
1026 1244 1246
1029 1248 1030
1029 1247 1248
1217 1248 1247
1892 2147 2151
1346 1347 1348
3367 3661 3662
1031 1248 1249
1303 1553 1585
1367 1374 1373
1509 1510 1512
4181 4333 4332
1214 1246 1465
1414 1675 1416
3844 3973 3975
1716 1718 1776
1007 1035 1227
4261 4263 4262
3006 3301 3298
1163 1402 1407
2229 2230 2231
1035 1051 1227
1756 1987 1982
1122 1376 1127
1227 1254 1229
2578 2591 2590
4313 4404 4406
3069 3085 3071
1231 1257 1255
3965 4107 4109
3308 3594 3596
1010 1232 1256
1010 1256 1038
1826 1827 1829
1157 1158 1397
2346 2347 2601
3953 4088 4090
1043 1264 1263
1263 1264 1266
1263 1266 1265
3018 3019 3023
1020 1268 1022
1863 1876 1875
1020 1269 1267
1267 1269 1268
1402 1650 1407
1243 1270 1269
1026 1268 1271
3925 4061 4060
1026 1271 1272
1026 1272 1244
4294 4297 4298
1268 1270 1272
1243 1272 1270
1031 1273 1044
1044 1273 1045
1392 1393 1399
1045 1273 1274
3247 3253 3252
2228 2238 2504
2838 3126 3127
1780 2044 2045
1083 1341 1343
1055 1295 1056
2723 3002 3003
3187 3492 3484
1973 1979 1975
2240 2536 2260
1052 1278 1254
3915 3916 4036
1255 1279 1256
1255 1257 1279
1256 1279 1280
3247 3248 3255
3837 3841 3842
1358 1359 1369
1257 1281 1279
1279 1281 1282
1256 1280 1283
2339 2593 2594
3974 3980 3976
1282 1284 1283
1039 1285 1287
1286 1288 1287
1314 1316 1340
1041 1287 1043
1043 1287 1289
1287 1290 1289
1103 1362 1105
1043 1289 1291
3184 3490 3480
1289 1290 1291
3324 3610 3607
4378 4381 4393
1054 1293 1055
2886 2894 3193
1045 1274 1293
1055 1293 1294
4477 4478 4480
2622 2623 2624
1056 1295 1057
3916 3931 4054
1527 1528 1530
1882 1883 1884
4256 4257 4259
1882 1887 1883
1057 1295 1296
1052 1057 1297
2596 2598 2597
1052 1297 1298
1246 1463 1464
1052 1298 1278
1664 1674 1666
1778 2043 2044
4101 4249 4102
1904 1909 1910
1299 1301 1300
1299 1303 1301
1152 1394 1391
1301 1303 1305
2385 2402 2404
1307 1308 1309
1300 1302 1308
1300 1309 1304
1309 1310 1336
1308 1310 1309
1839 1857 1856
1062 1311 1064
3561 3811 3563
1065 1312 1311
1064 1311 1313
1311 1314 1313
1065 1069 1315
1288 1572 1539
1312 1315 1314
2282 2551 2307
4370 4440 4371
4270 4271 4386
1073 1319 1321
2971 3253 2972
1319 1320 1323
1320 1324 1323
2549 2550 2551
1321 1323 1325
1089 1327 1328
4182 4184 4185
1393 1395 1401
2659 2660 2938
1301 1305 1328
1089 1328 1329
2101 2351 2112
1278 1298 1519
2958 2967 2959
3617 3834 3836
1096 1308 1302
3413 3426 3429
1112 1371 1372
1175 1415 1414
1308 1335 1334
4429 4433 4495
1334 1335 1336
1308 1332 1335
1168 1169 1405
1393 1400 1399
1335 1337 1336
2470 2471 2772
1078 1338 1079
1214 1465 1436
2117 2385 2118
3625 3627 3626
1079 1338 1339
1079 1339 1340
1314 1340 1339
3233 3240 3537
1247 1470 1508
1074 1083 1320
3120 3121 3424
3196 3197 3202
1083 1342 1320
3475 3485 3760
1083 1343 1342
1320 1344 1324
3934 4055 4056
1324 1344 1326
2450 2758 2759
1320 1342 1344
1342 1343 1344
2600 2601 2602
1326 1344 1345
1115 1367 1373
3753 3754 3763
3619 3626 3621
1085 1348 1087
1085 1347 1346
1347 1349 1348
1531 1533 1532
1951 1956 1953
1089 1329 1347
2932 2947 3231
4215 4218 4217
1348 1359 1358
1535 1566 1564
2339 2356 2355
4083 4234 4235
2722 2740 2723
1096 1353 1332
1812 2074 1813
1096 1097 1353
1863 1877 1876
1491 1532 1492
1471 1727 1728
1332 1353 1335
1335 1353 1355
1098 1358 1099
1098 1348 1357
2215 2217 2219
1348 1358 1357
1348 1349 1360
1740 1742 2022
1233 1450 1446
3350 3625 3619
1353 1364 1365
2458 2791 2788
1105 1365 1364
1353 1365 1354
1105 1363 1365
1099 1358 1106
1358 1367 1366
3711 3712 3903
1358 1368 1367
3326 3605 3337
2414 2652 2415
4432 4493 4494
1358 1369 1368
1359 1360 1369
1360 1361 1371
2476 2488 2486
1111 1371 1112
1298 1552 1551
1112 1372 1362
3664 3665 3674
4256 4259 4258
1115 1374 1116
1940 1949 1941
1578 1600 1601
1115 1373 1374
1117 1375 1369
1117 1374 1375
4038 4039 4046
1123 1128 1379
2751 2760 2762
1123 1377 1376
1127 1376 1378
1376 1379 1378
2684 2690 2686
1133 1380 1134
1134 1381 1379
1139 1384 1143
1143 1384 1144
1139 1383 1382
4275 4276 4278
1144 1384 1385
1142 1145 1387
1144 1387 1145
3834 3837 3838
3318 3319 3603
1142 1387 1386
1152 1388 1389
1812 1843 2074
2149 2420 2155
1152 1389 1154
1152 1391 1390
3060 3077 3367
1390 1391 1393
1389 1390 1392
2338 2592 2339
4470 4472 4471
2216 2225 2222
1391 1394 1393
1780 2045 2070
1157 1396 1394
1244 1463 1246
1389 1399 1398
1161 1399 1400
2504 2507 2508
2163 2164 2167
3269 3276 3277
1161 1400 1401
3239 3540 3541
1158 1164 1397
1680 1682 1968
1464 1722 1504
2366 2367 2368
3836 3842 3840
1170 1407 1171
2104 2105 2116
1171 1409 1173
3998 4132 4134
1171 1408 1409
4376 4377 4379
1169 1410 1412
1410 1411 1412
1169 1412 1406
1411 1413 1412
3647 3857 3649
3689 3890 3696
1409 1413 1411
1175 1176 1415
1483 1489 1485
2530 2871 2872
1179 1418 1415
3904 4037 4044
1181 1182 1420
1303 1304 1524
1179 1420 1418
1182 1421 1420
1191 1423 1422
1233 1422 1423
1191 1233 1192
1469 1470 1471
2536 2551 2550
1233 1423 1425
1384 1634 1635
1488 1525 1490
1539 1806 1807
1549 1583 1584
2542 2872 2882
1206 1209 1432
4287 4388 4389
1461 1501 1776
1206 1432 1431
1597 1613 1599
1206 1431 1433
1432 1434 1433
4004 4138 4137
3696 3890 3700
1213 1435 1432
1213 1436 1435
1432 1435 1436
1354 1619 1356
1618 1619 1624
1216 1437 1439
2362 2363 2379
1219 1221 1438
1185 1223 1443
4081 4083 4084
1223 1444 1443
1442 1443 1444
1445 1447 1448
1829 1831 1830
1445 1449 1451
1899 1907 1905
4393 4453 4394
1233 1446 1448
2217 2496 2498
2580 2895 2896
1611 1857 1870
4386 4387 4389
1233 1425 1450
1622 1627 1626
3176 3188 3475
3214 3511 3221
4113 4250 4252
3999 4004 4002
2653 2672 2670
1196 1239 1459
1266 1501 1461
1239 1265 1459
1430 1459 1460
2073 2074 2096
1243 1433 1462
1243 1462 1463
1433 1463 1462
1246 1466 1465
2336 2590 2337
1465 1470 1469
1481 1483 1485
3135 3138 3136
1248 1439 1473
2645 2927 2941
1484 1519 1488
2736 2739 2737
1931 2200 2202
1224 1225 1477
1229 1483 1481
1615 1622 1621
1225 1229 1481
3053 3073 3054
1483 1488 1487
1487 1488 1489
4078 4083 4235
4208 4230 4210
1483 1484 1488
3203 3209 3205
1451 1493 1491
1234 1448 1257
1257 1448 1492
3839 3842 3841
2819 3092 3093
2400 2418 2663
1362 1627 1623
1855 1868 1869
2815 2825 3097
4281 4283 4282
3397 3687 3688
1533 1766 1798
2690 2694 2692
1491 1531 1532
4203 4219 4338
2388 2647 2631
2869 3177 2870
1246 1502 1503
1246 1504 1502
3384 3664 3673
1481 1485 1744
1503 1504 1505
1466 1503 1470
1503 1507 1506
1503 1505 1507
1247 1508 1509
2501 2505 2830
1470 1506 1508
2451 2458 2456
1506 1507 1508
1470 1509 1472
1507 1510 1508
1248 1512 1511
1756 1988 1987
3209 3210 3509
1360 1622 1361
1254 1278 1519
2723 2740 2741
3447 3712 3711
2415 2420 2416
2623 2627 2625
2703 2712 2707
1488 1523 1525
2465 2478 2480
1523 1527 1525
1527 1530 1529
1524 1526 1530
1257 1492 1532
1257 1532 1281
1528 1555 1530
2126 2127 2129
3658 3862 3660
2448 2737 2740
2446 2448 2704
3064 3370 3080
2323 2342 2341
4060 4061 4062
3990 4001 4003
4083 4232 4234
4173 4179 4319
1383 1633 1631
4350 4353 4354
1290 1539 1540
1985 2290 2026
4377 4380 4379
2144 2402 2385
1273 1511 1542
1511 1512 1542
1728 1973 1972
1512 1544 1542
1304 1309 1554
3951 4082 4086
4419 4487 4427
4423 4429 4489
2423 2427 2429
2205 2472 2473
1296 1549 1298
1298 1551 1519
4228 4356 4362
3949 4079 4077
1303 1519 1551
1303 1551 1552
1524 1554 1526
1309 1556 1555
1728 1974 1976
4117 4118 4255
2152 2418 2419
2564 2579 2578
2361 2619 2618
1281 1535 1564
1564 1567 1565
1564 1566 1567
1567 1569 1568
1568 1571 1570
2705 2724 2711
1286 1572 1288
1539 1572 1573
2208 2476 2210
1542 1574 1543
1325 1542 1575
3313 3600 3315
1293 1543 1574
1293 1574 1577
3879 3880 3881
1855 2107 2106
1577 1578 1579
1294 1579 1295
4202 4215 4217
2009 2044 2043
1579 1580 1582
3024 3025 3029
1295 1583 1296
1295 1581 1583
2104 2116 2115
1581 1582 1583
1303 1585 1305
2368 2610 2370
2911 3210 3209
2357 2600 2602
3480 3490 3755
1309 1558 1554
3456 3748 3750
1891 2145 2147
2687 2695 2691
1309 1336 1556
1315 1593 1316
1592 1594 1593
2046 2071 2070
1936 2189 2194
1321 1325 1575
2219 2498 2220
1321 1575 1595
1325 1326 1574
3455 3731 3718
1574 1600 1577
3136 3138 3139
1305 1585 1328
1328 1585 1602
1328 1602 1603
1343 1613 1345
2445 2446 2720
4218 4220 4222
4252 4265 4264
1590 1608 1609
1316 1593 1340
1340 1611 1341
1593 1611 1610
1341 1611 1343
3102 3404 3405
1343 1611 1612
1326 1345 1613
2766 2767 2769
1347 1603 1614
1347 1614 1615
1603 1615 1614
2835 2836 2837
2066 2345 2326
1337 1356 1607
3337 3657 3659
1349 1615 1360
3025 3315 3332
1360 1621 1622
2910 2912 2911
1362 1623 1624
3586 3589 3588
2744 3016 3017
2819 2821 2820
1622 1623 1627
1371 1622 1626
1628 1629 1631
1382 1628 1632
1628 1631 1630
1630 1631 1632
2986 2988 2989
1631 1633 1632
1382 1632 1384
2090 2345 2091
1632 1633 1635
3700 3890 3894
1384 1632 1634
1632 1635 1634
1383 1386 1636
2681 2964 2948
2423 2425 2426
2420 2675 2676
1638 1641 1640
1635 1644 1642
4143 4275 4273
1642 1644 1645
2112 2351 2362
1387 1646 1639
1639 1646 1641
1641 1646 1647
1397 1650 1402
1397 1649 1648
1648 1649 1650
1403 1405 1649
4344 4422 4418
1405 1652 1649
1649 1653 1651
1643 1654 1646
1829 2086 2087
1643 1645 1654
1646 1654 1655
1654 1657 1655
1645 1656 1654
1423 1684 1450
1654 1656 1657
1407 1659 1408
2149 2415 2416
1650 1651 1659
1407 1650 1658
1407 1658 1659
1650 1659 1658
1635 1917 1921
2541 2564 2562
1412 1661 1653
4154 4287 4155
3246 3251 3249
1663 1664 1665
1412 1413 1664
1412 1665 1661
1408 1667 1409
1569 1834 1571
3004 3005 3015
1408 1659 1667
1409 1667 1668
1667 1670 1668
3622 3646 3644
1659 1669 1667
1667 1669 1670
2223 2501 2500
1409 1668 1671
2383 2628 2397
1670 1672 1671
2613 2629 2628
1413 1671 1664
2815 2824 2825
1664 1673 1674
4494 4503 4504
3750 3944 3943
4120 4123 4122
2892 3197 3198
1415 1676 1675
3635 3654 3653
1416 1675 1677
3108 3114 3120
1415 1418 1679
3356 3654 3666
1676 1679 1678
1678 1679 1680
2480 2492 2494
1670 1945 1946
1420 1681 1679
3089 3411 3393
1679 1682 1680
3889 4019 4018
1450 1684 1683
1683 1684 1686
1683 1685 1687
2443 2445 2447
1423 1686 1684
2502 2839 2862
1423 1450 1425
2403 2645 2646
4034 4176 4035
3902 4022 4020
1423 1424 1691
1423 1691 1689
1416 1691 1424
2008 2010 2009
2650 2932 2926
1416 1677 1691
3559 3561 3563
3934 4056 4057
3367 3382 3381
1992 2268 2267
3957 4101 3960
2126 2371 2127
1698 1700 1705
1697 1699 1700
1697 1703 1699
2851 3133 3155
1697 1702 1701
1723 2008 2007
1697 1701 1703
1723 2007 2009
1698 1705 1702
1700 1706 1705
2108 2131 2117
1702 1705 1707
2290 2292 2557
1451 1705 1706
2379 2380 2392
3227 3230 3231
1850 1864 1863
4344 4357 4421
1825 2086 1827
3055 3365 3074
4246 4371 4247
2938 2949 2948
3261 3564 3566
1908 1914 2167
3337 3637 3657
4220 4348 4360
2790 2791 2792
2892 2897 3202
1430 1460 1717
1461 1718 1717
2653 2655 2657
1463 1722 1464
2743 2747 2746
1436 1720 1719
3023 3029 3028
1463 1719 1721
1463 1721 1722
1719 1722 1721
1861 2121 2111
2011 2261 2282
1436 1467 1723
1436 1723 1720
1720 1723 1722
1722 1723 1724
1467 1471 1723
3643 3855 3834
1471 1509 1727
4085 4087 4086
1471 1728 1725
1439 1727 1509
1439 1728 1727
1439 1730 1728
3783 3784 3785
1439 1440 1732
3674 3871 3872
3126 3444 3128
1439 1732 1730
2613 2915 2629
1440 1442 1732
3808 3966 3964
2254 2256 2255
2529 2539 2881
1444 1477 1736
2913 2914 2915
2177 2425 2431
3526 3528 3529
1477 1738 1736
1736 1739 1737
3790 3960 3794
1477 1479 1740
3277 3284 3281
2409 2411 2410
1477 1740 1738
3239 3542 3540
1479 1481 1740
1481 1742 1740
2398 2414 2412
1481 1744 1742
4092 4097 4094
1489 1746 1744
2553 2574 2573
1489 1749 1746
3337 3605 3637
1525 1751 1748
1525 1529 1751
4273 4275 4274
1751 1754 1756
2900 3203 3204
4335 4336 4345
4190 4330 4191
1529 1755 1751
2947 3237 3231
1751 1756 1752
3361 3652 3363
1754 1755 1758
1755 1759 1758
1756 1758 1760
2530 2872 2531
1699 1758 1762
1699 1703 1758
4027 4038 4037
2019 2022 2021
1758 1759 1762
4006 4153 4007
3646 3663 3662
1699 1762 1700
1700 1762 1764
2112 2379 2122
4215 4216 4220
1700 1766 1706
2536 2537 2551
1700 1764 1766
1661 1665 1936
2615 2904 2905
2908 3221 3214
1451 1706 1766
1451 1766 1493
2441 2445 2443
2933 2934 2935
3670 3678 3672
3300 3302 3305
2553 2555 2574
2250 2540 2268
2445 2717 2716
4127 4138 4259
3427 3700 3450
3651 3667 3665
1461 1776 1718
1716 1776 1775
2325 2585 2570
1722 1724 1778
4029 4040 4039
3536 3537 3797
1722 1778 1777
1505 1778 1507
4001 4004 4003
3700 3904 3713
1507 1780 1510
3830 3854 3853
1473 1509 1512
1510 1780 1512
1512 1780 1781
2476 2794 2807
3384 3396 3395
2879 3175 3187
1762 1794 1796
2048 2049 2074
2014 2015 2285
3511 3793 3518
1918 2180 2182
4139 4140 4143
3461 3739 3477
3354 3356 3651
2212 2478 2465
3308 3309 3313
2200 2201 2202
3552 3559 3553
2696 2978 2979
3954 4091 4095
4032 4174 4034
2414 2659 2652
1905 1912 1906
1971 2005 2006
3999 4000 4004
4307 4308 4309
3599 3602 3603
1529 1530 1755
2135 2391 2392
1530 1557 1755
1760 1990 1993
3390 3402 3403
2822 2823 2824
1562 1759 1755
2538 2553 2552
2085 2339 2086
2182 2450 2449
1562 1762 1759
1562 1794 1762
4274 4275 4277
4404 4405 4465
3414 3427 3425
1764 1796 1766
1766 1796 1798
1493 1766 1533
2212 2486 2487
2174 2178 2175
2522 2535 2547
2501 2830 2844
3805 3812 3811
2228 2523 2240
1984 1988 1986
3299 3593 3300
2335 2353 2352
2408 2648 2664
4489 4490 4492
3927 3929 3930
2751 2762 2764
1501 1541 1776
1540 1807 1541
1775 1776 1807
1541 1807 1808
2547 2548 2887
1776 1808 1807
2525 2867 2536
2688 2689 2954
1582 1844 1845
4319 4323 4322
1813 1844 1843
4091 4094 4093
3379 3390 3391
2257 2259 2276
4138 4290 4272
3989 3990 4119
2289 2314 2313
2505 2508 2826
1723 2009 1724
3774 3775 3776
3341 3342 3344
2304 2305 2327
3029 3030 3047
1526 1554 1530
1530 1554 1558
3657 3672 3658
2455 2456 2458
1822 1825 1824
2994 2996 2995
1822 1823 1825
2048 2074 2073
1796 1824 1826
1824 1825 1826
3298 3301 3302
1825 1827 1826
1533 1826 1828
2538 2881 2539
1826 1829 1828
2667 2958 2960
1533 1830 1534
1828 1829 1830
2894 3199 3193
2815 3084 3069
1901 1904 1903
1535 1830 1566
2126 2129 2128
1566 1830 1832
1830 1831 1832
2736 2738 2739
1974 2235 2237
1567 1832 1833
1567 1833 1834
1571 1834 1835
1571 1836 1573
2003 2281 2280
1805 1806 1836
1825 2085 2086
1571 1835 1836
1926 2185 2184
1544 1837 1575
4300 4395 4397
1575 1837 1595
1595 1837 1839
1809 1838 1837
3451 3739 3461
2337 2591 2592
3768 3780 3777
1578 1843 1580
2812 2820 2822
1812 1813 1843
2048 2073 2330
1582 1843 1844
1813 1814 1845
1813 1845 1844
1584 1845 1846
3156 3460 3180
1845 1847 1846
1552 1846 1602
1602 1846 1848
1552 1585 1553
2337 2338 2355
2894 3198 3199
2080 2081 2102
1943 1949 2207
2620 2621 2910
1590 1854 1822
1822 1854 1855
1974 2242 2236
1592 1857 1594
1592 1839 1856
1592 1856 1857
1839 1858 1857
4199 4335 4345
2335 2336 2353
3218 3219 3225
2497 2501 2499
1578 1601 1861
1599 1861 1601
3732 3745 3937
1578 1861 1842
1602 1848 1603
2628 2644 2643
1848 1849 1863
3073 3086 3087
1848 1863 1862
1849 1850 1863
2899 2900 2902
4265 4374 4375
1617 1877 1618
3285 3584 3585
2688 2956 2690
1590 1868 1854
1854 1868 1855
1590 1609 1868
1609 1867 1868
3845 3857 3856
1857 1858 1871
1611 1870 1871
2485 2495 2812
1612 1871 1613
1613 1871 1872
4029 4039 4038
2492 2493 2494
2619 2636 2621
1603 1875 1616
1616 1875 1617
1603 1862 1875
1862 1863 1875
2675 2948 2949
3764 3775 3774
2900 3204 2902
2052 2331 2077
2805 3069 3068
1617 1876 1877
1732 1978 1973
1618 1877 1619
1607 1620 1880
1645 1928 1656
1620 1879 1880
1867 1880 1881
4099 4102 4249
1610 1882 1884
1610 1886 1882
1610 1884 1886
1882 1886 1885
1882 1885 1887
3755 3941 3942
3357 3362 3361
1883 1889 1884
1883 1887 1889
1884 1889 1890
1884 1890 1892
3955 3958 4097
2647 2944 2929
1884 1892 1888
4094 4096 4245
1889 1891 1892
1893 1894 1898
1893 1899 1895
3341 3344 3343
1893 1898 1897
1893 1897 1899
1659 1932 1934
2860 3161 3140
1896 1902 1901
1895 1905 1896
1896 1905 1906
1896 1909 1902
1902 1909 1904
4400 4401 4402
2651 2653 2652
3880 3884 3882
1896 1906 1909
1908 1910 1909
1906 1912 1908
1905 1911 1912
1958 1960 2234
1911 1913 1912
2255 2547 2535
3450 3700 3713
1908 1912 1914
1912 1913 1914
4140 4142 4148
1633 1915 1635
1636 1916 1915
2436 2701 2699
1915 1918 1917
1636 1640 1919
2040 2068 2067
1636 1919 1916
1916 1919 1918
1641 1920 1919
2010 2011 2044
1918 1919 1920
4391 4402 4456
2624 2923 2637
1749 1752 1982
3098 3413 3400
2540 2542 2541
1635 1921 1644
1917 1918 1921
2403 2405 2404
3019 3024 3023
2259 2279 2277
1924 1925 1926
2890 3200 2895
1724 2009 1778
1925 1927 1926
2697 2699 2981
3618 3619 3620
2665 2667 2668
1645 1922 1928
4309 4399 4401
1647 1657 1925
1657 1930 1925
2996 2998 3003
1657 1931 1930
2323 2584 2324
2686 2692 2687
1732 2014 1980
2223 2500 2497
4085 4235 4238
1657 1929 1931
2194 2472 2204
3890 4014 4015
1651 1653 1932
2788 2791 2790
2730 2732 2734
1932 1935 1934
1653 1661 1936
2948 2963 2962
2744 3015 3016
1653 1936 1933
3018 3307 3019
1933 1936 1935
1935 1936 1937
1665 1938 1936
2148 2412 2149
1656 1665 1940
4139 4141 4140
1665 1666 1940
1665 1928 1938
1657 1940 1942
1657 1942 1943
1657 1943 1929
1940 1941 1943
1659 1944 1669
2403 2647 2405
1669 1944 1670
1659 1934 1944
2967 2975 2976
4410 4411 4477
1934 1935 1944
2385 2404 2387
1670 1944 1945
1935 1937 1946
1935 1946 1945
2619 2621 2620
2627 2639 2926
1674 1946 1947
1823 1855 1825
1666 1674 1940
1674 1948 1940
3758 3943 3945
1702 1951 1950
1950 1951 1952
1702 1950 1952
1702 1707 1951
1951 1953 1952
2464 2465 2468
1685 1951 1687
3076 3090 3077
1685 1686 1956
4488 4492 4501
1686 1958 1956
2998 3001 3298
1686 1689 1960
2944 2953 3241
1686 1960 1958
1885 2126 1887
1689 1691 1960
3805 3965 3967
1677 1964 1691
2943 2951 2944
1691 1964 1962
3878 4010 3999
1964 1966 1967
1983 1986 1985
1964 1967 1965
1678 1680 1968
1807 2069 2042
1966 1968 1967
4133 4268 4267
1967 1968 1969
2647 2940 2943
1682 1696 1971
1682 1970 1968
1682 1971 1970
1968 1970 1971
1968 1971 1969
1972 1973 1974
1728 1730 1973
1973 1975 1974
2615 2631 2917
1732 1979 1978
3705 3900 3707
1730 1732 1973
1981 1982 1983
1749 1981 1983
2914 3218 2916
1982 1987 1988
1752 1756 1982
1982 1988 1984
1756 1989 1988
2368 2369 2609
1986 1988 1989
1701 1990 1703
1960 2256 2254
1703 1990 1760
1885 1886 2126
4036 4043 4181
2858 2861 2860
1701 1702 1992
1702 1954 1992
2425 2429 2431
3943 3946 3945
2008 2240 2260
1739 2018 2020
2923 3228 2930
3424 3711 3708
3313 3596 3597
2194 2455 2457
3574 3581 3579
1969 1971 2003
1696 1717 1971
1717 1718 2006
1716 2006 1718
2940 2941 2942
2250 2530 2531
1717 2006 2005
4227 4341 4355
1971 2006 2004
1723 1725 2008
2007 2008 2009
3768 3947 3948
2714 2716 2715
1725 1728 2008
2845 2867 2866
1728 1976 2008
1976 2011 2008
2367 2373 2369
1732 1734 2014
1734 1736 2014
3414 3700 3427
1736 2016 2014
2014 2016 2017
2014 2017 2015
1738 1740 2018
1738 2018 1739
1740 2019 2018
2333 2586 2587
2018 2021 2020
1740 2022 2019
3860 3995 3992
4290 4401 4400
2021 2022 2023
3824 3826 3825
1742 1744 2022
1744 2024 2022
2022 2024 2025
2022 2025 2023
1832 2090 1833
3705 3708 3899
1744 2026 2024
2518 2521 2856
3351 3368 3369
2892 2893 2898
1898 2147 2146
3789 3790 3793
4169 4322 4177
4239 4240 4241
3165 3169 3166
4285 4305 4304
3797 3798 3800
4185 4189 4187
1850 2100 2101
1716 1775 2042
1716 2042 2004
1778 2044 1779
2009 2010 2044
1778 2009 2043
2537 2879 2551
2011 2045 2044
1956 2230 2229
2014 2266 2265
2725 3003 2727
2489 2491 2490
2017 2049 2048
1739 2020 2017
2017 2020 2050
2976 3256 3249
2143 2153 2144
2017 2050 2049
2021 2023 2052
4380 4384 4447
2021 2052 2051
3603 3630 3629
3720 3732 3922
3035 3044 3039
2970 2971 2972
2371 2628 2383
3737 3738 3746
2448 2722 2704
2108 2357 2358
1899 2159 2160
2161 2164 2163
2542 2565 2564
4255 4266 4375
2276 2570 2548
4126 4260 4262
2455 2458 2457
3403 3692 3678
2650 2669 2947
1805 2068 1806
2658 2936 2948
2040 2041 2068
1805 2067 2068
1775 1807 2042
1806 2068 1807
1780 1838 1809
1780 2070 1838
1974 2236 2235
2829 3110 3109
2908 2912 2910
2049 2050 2074
2050 2051 2076
1813 2075 2076
2672 2680 2678
2050 2076 2075
1814 2076 1815
2052 2077 2076
3440 3455 3718
1887 2126 2128
2752 2756 3020
3384 3687 3396
2497 2500 2501
3233 3537 3527
2248 2249 2530
3997 3998 4008
2582 2595 2594
3171 3471 3470
1829 2088 1831
3036 3040 3041
1832 2088 2089
1832 2089 2090
3987 4118 4117
1833 2090 1834
2988 3269 2989
1834 2090 2091
1805 2092 2067
2066 2067 2092
2066 2092 2091
1838 2070 1839
3974 3976 3975
2070 2071 2094
2696 2986 2698
3362 3364 3657
2719 2738 2736
4013 4019 4017
1843 2097 2074
1843 2096 2097
2947 2960 2961
2074 2097 2096
1815 2098 1847
1847 2098 1848
1815 2077 2098
2077 2078 2098
2078 2099 2098
1848 2100 1849
2900 2902 3203
3058 3060 3059
1848 2099 2100
2696 2987 2985
4214 4347 4216
3038 3039 3041
1825 2106 2107
1855 2105 2107
2135 2379 2391
3473 3757 3758
1839 2108 1858
1839 2093 2108
4246 4368 4370
2136 2392 2406
1850 2112 1864
1850 2101 2112
2073 2096 2330
2178 2437 2438
2507 2510 2508
4011 4157 4156
2710 2711 2712
1867 2115 2116
1871 2108 2117
3723 3926 3724
3203 3208 3209
1872 2118 1874
1874 2118 2119
3100 3111 3109
1860 1874 1861
1861 1874 2120
1861 2120 2121
3606 3827 3828
1864 2112 1877
2620 2910 2909
2231 2514 2513
1867 1881 2125
4272 4290 4390
3530 3533 3532
4009 4154 4011
1867 2125 2115
1886 2127 2126
1870 1886 2130
4023 4024 4166
1886 1888 2130
1886 2131 2127
2363 2623 2622
2781 2794 2793
1877 2133 2134
1879 2139 1881
4447 4450 4451
1881 2139 2125
3651 3665 3664
2137 2138 2139
2138 2140 2139
2088 2342 2343
4130 4252 4264
1887 2141 1891
3297 3589 3586
1892 2143 2130
4259 4262 4263
2400 2663 2644
2695 2975 2967
2145 2148 2149
4094 4097 4098
3625 3649 3627
1892 2151 2153
2152 2154 2153
1898 2146 2149
1898 1903 2147
1898 2149 2155
2147 2157 2151
2151 2157 2152
1903 2156 2157
3743 3942 3935
2156 2158 2157
1897 1898 2159
1897 2159 1899
2155 2161 2159
2159 2161 2160
2392 2408 2406
2155 2156 2161
1904 2162 2156
2156 2162 2161
3792 3796 3959
1899 2163 1907
1899 2160 2163
2160 2161 2163
1904 1910 2165
4419 4423 4486
1904 2165 2162
2161 2162 2165
2412 2415 2413
1908 2164 2165
2161 2165 2164
2536 2879 2537
1907 2163 1913
4290 4400 4402
1913 2163 2166
2163 2167 2166
1913 2169 1914
1914 2169 2167
1913 2168 2169
2760 2763 2762
2323 2582 2583
2166 2167 2170
2167 2169 2171
2185 2454 2453
2169 2170 2171
2172 2175 2173
2172 2173 2177
2232 2520 2518
2172 2174 2175
2172 2178 2174
2172 2176 2178
2175 2179 2177
3411 3424 3422
1918 1920 2181
1918 2182 1922
2711 2726 2729
2619 2635 2636
3241 3541 3544
1926 1927 2185
1926 2184 2181
2181 2185 2183
1921 2187 2186
3900 3901 3911
1921 1936 1938
2090 2343 2344
1921 2188 2187
2187 2188 2190
1936 2187 2189
3351 3649 3648
2187 2190 2189
1974 2237 2008
1921 1928 1922
1921 1938 1928
1921 2182 2188
2182 2191 2190
2255 2256 2257
3622 3845 3646
1927 1931 2185
2941 3239 3238
3265 3573 3572
4188 4324 4326
2692 2694 2695
3121 3436 3424
2941 3223 3232
1929 1943 1931
1931 1943 2198
1931 2198 2201
2371 2611 2628
1931 2202 2193
3808 3964 3962
3036 3041 3037
2093 2094 2357
4485 4486 4487
2201 2203 2202
1946 2205 1947
1946 2194 2204
1947 2205 1949
1949 2205 2206
1941 1949 1943
2235 2240 2237
2205 2473 2474
1949 2208 2207
2864 3167 3171
2208 2210 2209
2746 2751 2750
3684 3695 3694
2201 2211 2212
2568 2584 2583
2209 2212 2211
2213 2215 2214
2213 2214 2217
2213 2217 2215
2214 2215 2216
2214 2218 2217
2214 2222 2221
2214 2221 2223
2221 2222 2223
2214 2216 2222
3571 3814 3811
2214 2223 2218
2423 2429 2425
2222 2224 2223
2216 2220 2225
2222 2225 2226
2222 2226 2228
3722 3910 3911
2225 2228 2226
3678 3692 3889
3477 3761 3487
2222 2228 2224
2220 2227 2225
2225 2227 2228
4389 4457 4398
1956 2229 2231
2230 2234 2232
1956 2231 2233
2235 2236 2239
3131 3449 3451
3111 3409 3420
2236 2242 2239
2842 3142 3167
1974 1975 2242
3155 3451 3459
3136 3428 3437
2615 2903 2904
1975 1979 2242
2708 2995 2723
2368 2608 2610
1979 2247 2246
1952 1953 2249
1952 2250 1954
1952 2248 2250
1956 2233 2249
2493 2817 2820
4277 4278 4300
2177 2439 2435
1960 1962 2256
2141 2395 2148
1964 1965 2259
1964 2258 2256
1964 2259 2258
2256 2259 2257
1974 2008 1976
1976 2008 2261
1979 1980 2014
1979 2265 2247
2247 2265 2263
2052 2312 2331
1954 2250 1992
3481 3756 3743
2323 2324 2343
2761 3023 2782
3689 3886 3890
2671 2678 2679
2623 2626 2627
2490 2491 2493
3949 4077 4076
2669 2960 2947
2687 2692 2693
2259 2277 2276
1965 1967 2259
2259 2278 2279
1969 2003 2280
1967 2280 2278
1976 2261 2011
2024 2286 2025
2026 2287 2286
2286 2289 2288
2026 2290 2287
2276 2548 2547
2484 2799 2786
1985 1986 2290
1986 1989 2294
1986 2294 2292
1989 1993 2294
2452 2454 2778
3180 3486 3190
2346 2601 2357
3026 3027 3032
2276 2277 2304
2276 2304 2303
2108 2358 2373
2277 2279 2304
2279 2305 2304
2003 2041 2306
2285 2555 2554
2279 2306 2305
2011 2307 2045
2046 2307 2308
2048 2310 2285
2025 2288 2311
2288 2313 2311
2311 2313 2312
2289 2291 2315
2805 3068 3070
3298 3592 3589
3516 3792 3791
2365 2627 2626
4365 4432 4430
3299 3587 3590
2921 2922 2923
2448 2736 2737
2625 2627 2922
2303 2304 2325
2304 2326 2325
2040 2067 2327
2066 2327 2067
2304 2327 2326
2046 2328 2071
2046 2308 2328
2308 2309 2328
2468 2469 2471
2826 2828 2830
2048 2330 2310
2309 2310 2330
2077 2331 2078
2078 2331 2332
2313 2314 2333
2313 2333 2332
2922 2924 2923
2080 2335 2081
3818 3819 3820
2619 2633 2635
2234 2254 2520
4191 4192 4204
3432 3718 3717
3916 4054 4043
2087 2341 2088
2088 2341 2342
2088 2343 2089
2089 2343 2090
2324 2325 2343
2325 2326 2345
2071 2328 2094
4076 4083 4078
2328 2329 2347
4379 4447 4446
2328 2347 2346
2403 2646 2647
4291 4292 4296
2096 2348 2330
2840 3144 3141
4217 4218 4222
2330 2348 2347
2078 2349 2099
2099 2349 2100
3233 3527 3529
2078 2332 2349
2100 2349 2350
2080 2101 2351
3505 3507 3506
2860 2861 3161
2081 2335 2102
4006 4014 4012
2102 2335 2352
3818 3972 3970
2336 2337 2353
2337 2354 2353
2338 2339 2355
3770 3950 3946
3094 3397 3095
2094 2346 2357
3046 3063 3061
2914 3217 3216
2096 2361 2348
2711 2724 2726
2351 2352 2363
2351 2363 2362
2352 2353 2363
2353 2364 2363
2104 2115 2365
3313 3597 3600
2353 2365 2364
2704 2724 2705
2126 2366 2368
2126 2127 2367
2981 2991 2992
2787 2790 2789
2126 2368 2370
2126 2370 2371
2131 2372 2367
4052 4066 4064
2108 2372 2131
2111 2121 2361
2552 2553 2572
4119 4125 4124
2112 2362 2379
2148 2395 2398
2363 2380 2379
2115 2125 2365
2125 2382 2365
2127 2371 2129
2117 2131 2385
2919 3221 2920
2118 2385 2387
2118 2389 2119
2122 2379 2135
3360 3379 3364
2379 2392 2391
4456 4458 4457
2457 2787 2472
2125 2140 2394
2125 2394 2382
2128 2397 2395
2578 2579 2592
4469 4470 4471
2132 2144 2385
2144 2401 2403
2922 2926 2924
2402 2403 2404
2136 2406 2138
2829 2832 2833
2406 2409 2407
2406 2408 2409
2138 2410 2140
2407 2409 2410
2420 2674 2675
2783 2784 3061
2149 2413 2415
4094 4245 4243
2144 2154 2419
3951 4083 4080
2400 2401 2419
2400 2419 2418
2155 2420 2156
2149 2416 2420
2156 2420 2421
2217 2498 2219
2152 2158 2422
3130 3136 3132
2152 2422 2418
2417 2418 2422
2417 2422 2421
2423 2426 2424
2423 2424 2428
3564 3565 3567
2424 2426 2428
4350 4354 4352
2423 2428 2427
2426 2430 2428
2879 2880 2889
2429 2434 2433
2989 3269 3270
2177 2426 2425
2177 2435 2426
2426 2436 2430
4003 4125 4119
2178 2438 2179
2436 2700 2701
2433 2434 2438
2178 2433 2437
2433 2438 2437
2435 2439 2436
2177 2179 2439
2436 2439 2440
2438 2440 2439
2441 2443 2442
2441 2442 2445
2443 2448 2444
2443 2447 2448
3036 3038 3040
2699 2992 2991
2182 2451 2191
2449 2450 2451
2450 2452 2451
4460 4464 4476
2183 2185 2450
2839 2842 2862
2185 2453 2450
2189 2455 2194
3215 3516 3514
2190 2456 2455
4054 4069 4208
2451 2459 2458
2852 3155 3156
2451 2452 2460
2561 2577 2576
4014 4148 4162
2193 2202 2454
2202 2465 2464
2202 2464 2466
2202 2203 2465
2688 2954 2956
2202 2466 2462
2632 2918 2919
2464 2468 2466
2687 2691 2689
3488 3761 3762
2465 2469 2468
2466 2468 2470
2468 2471 2470
2194 2457 2472
3100 3103 3111
2934 2936 2935
2205 2474 2206
2728 2732 2730
2206 2474 2208
2459 2460 2474
2208 2474 2475
3620 3843 3845
2208 2475 2476
4436 4441 4438
4073 4211 4075
3654 3865 3864
2469 2480 2482
2469 2482 2471
4403 4460 4473
2480 2483 2482
2482 2483 2485
4329 4411 4410
2482 2485 2484
4187 4327 4325
2210 2486 2212
2210 2476 2486
2486 2489 2487
2726 2727 2729
2212 2487 2490
2487 2489 2490
2478 2490 2480
2480 2490 2492
2490 2493 2492
2480 2494 2483
2483 2494 2485
2217 2218 2497
4071 4075 4074
2217 2497 2496
2496 2497 2498
3530 3531 3533
2223 2224 2501
2520 2522 2521
2227 2502 2228
2220 2499 2502
2837 3118 3113
2228 2502 2503
2224 2504 2501
2772 2773 2777
4489 4492 4491
2238 2239 2504
2794 2795 2807
2239 2510 2507
2239 2243 2510
2420 2677 2421
2985 2987 2986
2243 2512 2510
3848 3983 3978
2510 2512 2511
2231 2249 2233
4001 4002 4004
2772 2775 2774
2249 2514 2516
2231 2232 2518
4268 4271 4270
2445 2720 2717
2231 2518 2515
2232 2234 2520
2254 2522 2520
4333 4413 4411
2240 2523 2524
2653 2670 2671
3334 3356 3354
2228 2503 2524
2246 2247 2529
3860 3987 3995
2246 2528 2512
2695 2983 2984
2858 2859 2861
3482 3493 3491
2508 2832 2827
2254 2255 2522
2255 2535 2522
2247 2263 2529
2923 3226 3228
3801 3963 3965
2643 2662 2661
3936 4058 4072
2787 2788 2790
4031 4034 4033
2648 2945 2666
2255 2257 2547
2257 2276 2547
2637 2923 2648
3955 4097 4092
2263 2266 2554
3153 3458 3154
2266 2285 2554
2539 2554 2553
3552 3560 3558
3536 3797 3542
2290 2558 2291
2290 2557 2556
2290 2556 2558
2556 2557 2558
3605 3608 3634
2892 3202 3197
2734 2735 3008
2557 2560 2561
3418 3431 3432
2561 2562 2563
2269 2270 2562
2562 2564 2563
2541 2542 2564
2335 2588 2589
2276 2303 2570
3844 3975 3846
2546 2548 2570
2307 2572 2308
2551 2572 2571
3678 3889 3876
2491 2816 2493
3077 3394 3382
2553 2573 2572
2285 2310 2574
2309 2574 2310
2309 2573 2574
2291 2558 2315
2470 2772 2764
2559 2561 2576
2561 2563 2578
2840 3141 2842
2563 2564 2578
3801 3808 3962
3863 4001 3990
2564 2565 2580
2564 2580 2579
2694 2970 2981
2322 2582 2323
2568 2569 2584
3596 3818 3597
2323 2583 2584
2303 2325 2570
2569 2570 2584
4159 4161 4163
2325 2584 2585
2570 2585 2584
2314 2586 2333
2586 2588 2587
2575 2576 2588
2576 2589 2588
2396 2397 2640
2576 2590 2589
2577 2578 2590
3409 3694 3695
2337 2592 2338
2579 2580 2592
2580 2593 2592
3497 3763 3773
2580 2594 2593
2581 2582 2594
2341 2595 2582
2852 3156 3178
2341 2594 2595
2332 2333 2596
2332 2596 2349
2349 2598 2350
2333 2587 2596
2661 2662 2677
2349 2596 2597
2750 2751 2754
2350 2598 2351
2587 2588 2598
2351 2599 2588
2601 2603 2602
2347 2604 2601
2601 2604 2605
2601 2605 2603
2856 3135 3130
2347 2606 2604
2361 2607 2606
2368 2609 2608
2608 2609 2610
2371 2610 2611
2609 2611 2610
2369 2373 2609
2373 2612 2609
2609 2612 2613
2609 2613 2611
2358 2602 2373
2373 2602 2612
2602 2613 2612
2602 2614 2613
2602 2603 2615
2602 2615 2614
3993 4129 4149
3467 3738 3734
2618 2619 2620
2361 2378 2619
2363 2622 2624
2364 2365 2623
2365 2626 2623
2611 2613 2628
2388 2632 2390
2450 2743 2742
2388 2631 2632
2377 2390 2633
2390 2632 2633
2632 2634 2633
2378 2633 2619
2484 2485 2799
2633 2636 2635
2392 2624 2637
2382 2394 2627
2396 2640 2398
2952 3239 3240
2640 2641 2643
3130 3132 3131
2647 2929 2917
2397 2628 2641
4332 4333 4411
2628 2629 2645
2400 2644 2645
2392 2648 2408
2759 3023 2761
4245 4369 4367
2394 2411 2650
2651 2655 2653
2652 2653 2654
2652 2656 2655
2642 2643 2661
2643 2644 2663
2408 2664 2409
2409 2664 2665
2664 2666 2667
2409 2668 2411
2411 2668 2650
2445 2714 2715
2650 2668 2669
2667 2669 2668
2653 2671 2654
2430 2436 2699
2657 2658 2672
3223 3522 3520
2658 2673 2672
4237 4240 4239
2417 2421 2677
2417 2677 2662
3889 4018 4013
2420 2676 2677
2723 2741 2739
2670 2678 2671
2678 2681 2679
2498 2840 2842
2671 2682 2674
2675 2682 2683
2675 2683 2681
2684 2687 2685
2684 2685 2689
3450 3713 3725
2685 2687 2689
2684 2689 2688
2687 2693 2695
2692 2695 2693
2427 2428 2696
2427 2696 2429
2428 2430 2699
2428 2697 2696
2428 2699 2697
2429 2696 2698
4313 4406 4315
2434 2700 2436
4451 4454 4453
2429 2698 2700
2699 2701 2700
2702 2704 2703
2702 2703 2706
2703 2704 2705
2704 2706 2708
2703 2711 2710
2703 2710 2712
2703 2705 2711
3673 3674 3687
2445 2715 2447
2716 2717 2719
2715 2716 2718
2715 2718 2719
2704 2708 2720
2708 2723 2720
2720 2723 2721
2723 2725 2724
2711 2729 2728
4291 4293 4294
3203 3205 3204
2728 2729 2732
2729 2733 2732
4025 4166 4168
3834 3855 3854
2851 3129 3131
2447 2736 2448
2447 2719 2736
3758 3945 3947
2719 2721 2739
3897 4040 4030
2719 2739 2738
2830 3122 3123
2739 2741 2740
2729 2743 2733
2729 2742 2743
2729 2731 2744
3875 4008 3876
4230 4363 4365
3635 3636 3850
2735 2746 2748
4170 4171 4172
3032 3334 3319
2751 2755 2754
3817 3971 3818
2516 2852 2530
2752 2754 2756
2754 2757 2756
3319 3334 3603
2450 2742 2744
2744 2745 2759
3199 3497 3498
2743 2760 2747
2659 2937 2934
2453 2760 2743
2453 2759 2760
4290 4402 4391
2759 2761 2760
4061 4071 4074
2751 2764 2755
3261 3267 3266
2764 2767 2766
2757 2766 2768
3318 3603 3602
2466 2764 2762
2466 2762 2763
2764 2772 2767
3196 3202 3201
2767 2772 2774
2767 2774 2769
2774 2775 2777
2772 2777 2775
3136 3139 3429
2769 2774 2776
2774 2777 2776
4433 4494 4495
2460 2778 2780
2778 2781 2780
2454 2782 2779
2779 2782 2781
2781 2782 2783
2462 2466 2782
2466 2770 2782
2770 2784 2782
3586 3588 3590
2484 2786 2772
2457 2458 2787
2458 2788 2787
2472 2787 2789
3465 3743 3744
2473 2790 2474
2474 2790 2792
2460 2793 2475
2475 2793 2476
2460 2780 2793
2780 2781 2793
2476 2793 2794
4020 4024 4023
2781 2783 2795
4296 4385 4384
4214 4216 4215
2786 2799 2801
2799 2803 2805
2803 2804 2805
2799 2800 2804
2689 2691 2967
2476 2807 2488
2488 2807 2489
2489 2809 2491
2485 2812 2800
4118 4133 4132
2800 2812 2804
2804 2812 2814
2804 2814 2815
4141 4159 4142
2804 2815 2806
2493 2816 2817
2816 2819 2817
2809 2818 2816
2816 2818 2819
2493 2820 2495
2657 2935 2658
2817 2819 2820
2820 2823 2822
2814 2824 2815
2812 2822 2824
2508 2827 2826
2827 2832 2829
2832 2836 2835
2511 2836 2832
2498 2499 2841
2501 2844 2841
2890 3189 3195
2512 2528 2836
2528 2849 2836
2514 2851 2850
2514 2850 2852
2518 2854 2851
3429 3439 3431
2518 2856 2854
2522 2859 2858
2856 2858 2860
3893 3897 4019
2502 2863 2524
2845 2846 2867
2524 2866 2867
2529 2870 2849
2530 2852 2871
3017 3307 3018
4205 4341 4227
2522 2547 2859
2547 2861 2859
2547 2877 2861
3221 3519 3517
3519 3793 3794
2536 2867 2878
2536 2878 2879
2529 2881 2870
2869 2881 2880
4371 4437 4435
2531 2872 2542
2547 2887 2877
3271 3574 3278
2551 2889 2552
2538 2889 2880
3236 3530 3532
2546 2569 2894
2568 2894 2569
2568 2893 2894
2582 2896 2897
2902 3204 3206
2892 2898 2897
2604 2899 2605
2606 2607 2902
2606 2900 2899
2606 2902 2900
2605 2899 2901
2901 2905 2903
2903 2905 2904
3392 3680 3407
2620 2907 2902
2620 2909 2911
2620 2911 2907
2613 2614 2914
2613 2914 2913
2613 2913 2915
2914 2916 2915
2614 2615 2914
2615 2917 2904
2632 2905 2918
2621 2636 2908
2634 2919 2636
2636 2920 2908
3080 3370 3383
2636 2919 2920
3165 3166 3167
2627 2926 2925
2922 2925 2926
2631 2647 2917
4329 4412 4331
2648 2923 2930
2655 2935 2657
2658 2935 2936
2989 3273 2990
2934 2937 2938
2934 2938 2936
4160 4302 4161
2645 2940 2646
2645 2939 2940
2646 2940 2647
2647 2943 2944
2648 2930 2945
2650 2947 2932
2660 2675 2938
2936 2938 2948
2940 2950 2951
2950 2952 2951
2940 2942 2952
2944 2951 2953
2951 2952 2953
2945 2955 2954
2666 2689 2667
4411 4413 4482
3864 3993 3866
3090 3105 3107
2672 2673 2948
2673 2681 2948
2672 2963 2680
2680 2963 2681
3492 3493 3494
2672 2948 2962
3779 3784 3783
2959 2967 2968
2691 2695 2967
3542 3797 3799
2695 2974 2976
2970 2978 2977
2752 3020 3013
2970 2972 2978
2694 2981 2695
2695 2984 2974
2696 2985 2986
2698 2986 2989
2696 2979 2987
2986 2987 2988
2699 2989 2990
2699 2991 2981
2699 2990 2992
2706 2707 2994
2706 2995 2708
2706 2994 2993
2706 2993 2995
2993 2994 2995
2707 2712 2994
2712 2997 2994
3244 3548 3547
2994 2998 2996
3755 3764 3763
2712 2730 2999
3020 3026 3310
2997 3000 2998
2730 3001 3000
2998 3000 3001
4200 4213 4215
2723 2995 3002
2995 3003 3002
2998 3004 3003
3308 3313 3311
3911 4034 4041
3241 3544 3546
2734 3008 3006
2735 2748 3008
3006 3008 3009
2752 3011 3008
3008 3011 3012
2752 3012 3011
2748 2752 3008
3705 3899 3898
3009 3012 3010
2752 3013 3012
3010 3012 3013
2727 2744 2731
2727 3014 2744
2727 3015 3014
2744 3014 3015
2727 3004 3015
3005 3016 3015
3153 3177 3176
2744 3017 2745
2756 2757 3020
3660 3862 3863
2757 3021 3020
3019 3020 3021
3370 3371 3384
3017 3018 3023
2759 3022 3023
3017 3023 3022
3873 4005 4006
3026 3312 3310
4070 4072 4071
2757 3026 3021
2769 3027 3026
2761 2782 2763
2770 2782 3029
3023 3024 3029
2782 3023 3028
3025 3030 3029
3304 3308 3307
4220 4347 4348
2769 2776 3032
2776 2777 3032
2769 3032 3027
3034 3035 3038
3034 3038 3036
3035 3036 3037
3035 3039 3038
3035 3042 3044
3042 3043 3044
3035 3037 3043
3043 3045 3044
2770 3029 2784
2784 3029 3046
3029 3047 3046
2773 2786 2777
2777 2786 2801
3421 3706 3434
3121 3127 3128
2777 2805 3050
2805 3051 3050
2777 2801 2805
2805 3052 3051
3037 3041 3053
3043 3053 3054
3934 3941 3940
3043 3057 3059
3057 3058 3059
3124 3441 3456
3043 3054 3058
3043 3059 3045
3337 3639 3640
2784 3046 3061
2795 3061 3062
3061 3063 3062
3046 3047 3063
2808 3078 2809
3047 3064 3063
4327 4340 4337
2805 3070 3052
3069 3071 3070
3053 3072 3073
2923 2924 3227
3053 3055 3074
3054 3073 3058
3058 3073 3076
3058 3076 3077
4127 4259 4261
3058 3077 3060
2795 3078 2808
3062 3063 3078
3998 4154 4009
2809 3078 3079
3063 3079 3078
3063 3064 3080
4119 4124 4126
3096 3413 3098
2806 2815 3069
4220 4224 4222
3072 3074 3086
3932 3933 3940
3077 3090 3091
3432 3439 3440
4140 4144 4143
3473 3474 3750
2809 3092 2818
2818 3092 2819
2809 3079 3092
3079 3080 3092
3080 3093 3092
2819 3094 2821
2819 3093 3094
2823 3095 3096
2815 3097 3084
3084 3097 3085
3085 3097 3098
3096 3098 3097
3086 3099 3100
3099 3102 3100
3086 3100 3101
2987 3257 3258
3086 3088 3102
3100 3102 3103
3086 3105 3087
3086 3101 3105
4362 4365 4363
3087 3105 3090
3090 3107 3108
3105 3108 3107
3090 3108 3091
3089 3091 3108
3100 3110 3101
3100 3109 3110
4486 4491 4492
3101 3110 3105
3105 3110 3113
3105 3113 3114
3105 3114 3106
2829 2833 3110
4291 4294 4292
2829 3111 3115
2837 3113 3110
2833 2837 3110
3113 3118 3114
2837 3119 3118
3118 3119 3121
3114 3118 3120
3118 3121 3120
2828 2829 3122
2828 3122 2830
2829 3115 3122
3837 3839 3841
3209 3508 3505
2990 3273 3267
4319 4408 4409
2837 3127 3119
3922 3925 3924
3126 3128 3127
3129 3130 3131
2851 2854 3130
3130 3135 3136
4235 4239 4238
3788 3791 3955
2856 2860 3138
2860 3140 3138
3138 3140 3139
3141 3144 3143
3141 3143 3145
3143 3144 3145
3144 3146 3145
3144 3148 3146
2841 3149 3147
3147 3149 3148
3148 3149 3150
2830 3149 2844
2830 3123 3149
2945 3235 3242
3123 3151 3149
2845 3150 3151
3816 3819 3818
3123 3124 3151
3124 3152 3151
4297 4392 4393
4336 4337 4347
2838 2849 3126
3959 4102 4099
3424 3436 3447
2850 2851 3155
2850 3155 2852
4395 4453 4454
3616 3836 3835
3684 3686 3695
2861 3162 3161
3161 3162 3164
3140 3161 3163
3145 3168 3165
3165 3168 3169
3167 3169 3170
2842 3167 2864
3167 3170 3171
2864 3171 2865
3146 3148 3171
3148 3172 3171
2845 2866 3173
4418 4422 4419
4101 4104 4103
3148 3150 3173
3148 3173 3172
2846 3151 2867
3228 3236 3235
2867 3151 3174
2849 2870 3177
2849 3177 3154
3153 3154 3177
2869 3176 3177
2852 3178 2871
2871 3178 2872
3156 3180 3178
2872 3178 3179
3178 3180 3179
2861 3185 3162
4222 4224 4223
3162 3185 3164
2877 3184 3185
3164 3185 3186
3184 3186 3185
3356 3666 3651
3169 3466 3468
2869 2880 3188
2879 3188 2880
2879 3187 3188
2872 3189 2882
2872 3179 3189
3179 3180 3189
3844 3974 3973
3180 3190 3189
3850 3861 3860
3597 3599 3600
3500 3503 3502
2877 2887 3184
2886 3193 2887
2887 3194 3184
3823 3824 3825
4134 4269 4154
3189 3190 3196
3189 3196 3195
3213 3510 3511
3190 3191 3196
4368 4436 4370
4327 4339 4340
3124 3456 3152
3191 3197 3196
2892 3198 2893
2893 3198 2894
2895 3200 2896
2890 3195 3200
3195 3196 3200
3674 3885 3688
2896 3200 3201
3196 3201 3200
2896 3202 2897
2902 2907 3203
2911 3209 3208
3281 3284 3287
2907 2911 3203
2901 2902 3211
2901 3211 2905
3206 3213 3211
2905 3211 3212
2905 3212 3213
3211 3213 3212
4351 4352 4353
2911 2912 3215
2911 3215 3210
2908 3214 3215
2904 3217 2914
2914 3216 3218
3216 3217 3218
2917 3219 3217
3217 3219 3218
2906 3213 2919
2908 2920 3221
4297 4378 4392
2915 3218 3222
2915 3222 3223
3863 3999 4001
3218 3223 3222
3218 3224 3223
2917 2929 3225
3218 3225 3224
2923 3227 3226
3226 3227 3228
3227 3229 3228
2924 2926 3227
2926 3230 3227
2926 3231 3230
3227 3231 3229
2929 2944 3225
2944 3234 3225
3521 3522 3524
3228 3229 3236
2941 2952 2942
2941 3238 2952
4099 4249 4248
2952 3238 3239
3059 3368 3349
4227 4356 4228
2952 3241 2953
2944 3241 3234
3233 3234 3241
2952 3240 3241
3233 3241 3240
2955 3242 2956
3235 3244 3242
3242 3244 3243
3235 3236 3244
3236 3245 3244
4371 4440 4444
2956 3247 2965
2956 3243 3247
2959 3250 2961
2959 2968 3250
2968 3249 3250
3245 3246 3249
3246 3250 3251
2965 3247 2971
2971 3247 3252
3247 3255 3254
3085 3098 3400
2968 2976 3249
2974 3255 2976
3248 3249 3255
4168 4169 4176
2976 3255 3256
3249 3256 3255
2978 2987 2979
2978 3259 3258
2987 3258 3260
3258 3261 3260
2972 3253 2978
2978 3253 3259
4462 4474 4476
3253 3254 3263
2974 2984 3255
4411 4478 4477
2984 3264 3255
2987 3265 2988
2987 3260 3265
3260 3261 3265
4415 4417 4416
4242 4243 4367
3261 3262 3267
2982 2992 3263
2990 3267 2992
3262 3263 3267
2992 3268 3263
2992 3267 3268
2988 3265 3269
2989 3270 3273
3270 3272 3273
3266 3267 3272
3267 3273 3274
3272 3274 3273
3267 3274 3272
3269 3275 3276
3269 3278 3275
3754 3940 3755
3275 3278 3276
4326 4336 4334
3269 3271 3278
3276 3278 3279
3269 3281 3270
3270 3281 3272
3269 3277 3281
3272 3281 3282
3455 3744 3731
3276 3283 3284
3276 3285 3283
3791 3792 3959
3276 3279 3285
3281 3287 3288
4197 4199 4211
3284 3288 3287
3281 3288 3282
3284 3286 3288
3280 3288 3286
3283 3289 3291
3283 3285 3289
3290 3293 3291
3285 3292 3289
3289 3292 3293
3291 3293 3294
3283 3291 3284
3284 3291 3295
3284 3295 3296
3284 3296 3286
3291 3294 3296
3285 3296 3294
2998 3299 3004
3004 3299 3005
2998 3298 3297
3298 3302 3300
3006 3009 3303
3009 3010 3303
4277 4300 4396
3006 3303 3301
3301 3303 3302
3010 3304 3303
3005 3305 3016
3433 3442 3441
3016 3305 3017
3017 3305 3306
3302 3304 3307
3017 3306 3307
4405 4407 4470
3302 3307 3306
3013 3019 3308
3010 3308 3304
3019 3309 3308
3019 3307 3309
3307 3308 3309
3020 3310 3312
3020 3021 3026
3020 3313 3021
3020 3311 3313
3026 3314 3312
3021 3313 3025
3025 3313 3315
3026 3032 3317
3032 3318 3317
4245 4249 4247
3320 3324 3322
3321 3325 3324
3321 3329 3328
3321 3328 3330
4067 4204 4205
3328 3329 3330
3223 3521 3232
3321 3323 3329
4250 4251 4252
3329 3331 3330
3025 3332 3030
3032 3033 3334
3322 3336 3323
3322 3337 3335
3335 3337 3336
3322 3326 3337
3323 3336 3329
3329 3339 3340
3329 3340 3331
3336 3338 3340
3039 3341 3041
3044 3342 3341
3041 3341 3343
3044 3345 3346
3059 3349 3348
3348 3349 3351
3346 3348 3350
3348 3351 3350
3850 3986 3985
3332 3333 3353
3047 3332 3352
3546 3802 3801
3332 3353 3352
3033 3051 3334
3051 3052 3356
3051 3355 3334
3051 3356 3355
3357 3360 3358
3862 3999 3863
3357 3358 3362
3357 3361 3363
3360 3364 3362
3041 3365 3055
3343 3344 3365
3344 3366 3365
3059 3060 3368
3482 3491 3492
3060 3367 3368
4020 4023 4025
3367 3369 3368
3047 3370 3064
3047 3352 3370
3353 3371 3370
4311 4316 4314
3210 3215 3513
3052 3070 3356
3466 3467 3734
3070 3374 3356
3070 3359 3363
3070 3071 3376
3360 3376 3378
3360 3378 3379
3365 3366 3381
3074 3365 3380
3365 3381 3380
3366 3367 3381
3077 3382 3367
3071 3085 3376
3085 3388 3376
3376 3390 3378
3378 3390 3379
3376 3388 3390
4459 4463 4460
3925 4051 4050
3074 3392 3088
3074 3380 3392
3380 3381 3392
4424 4425 4426
3381 3393 3392
3089 3394 3091
3089 3393 3394
4036 4179 4178
3080 3395 3093
3080 3383 3395
3383 3384 3395
3094 3395 3396
3525 3526 3527
3094 3396 3397
3095 3397 3096
3096 3397 3398
4271 4390 4387
3388 3400 3390
3390 3400 3402
3390 3403 3391
3102 3406 3404
3198 3496 3497
3404 3406 3405
3103 3405 3409
3405 3406 3408
3405 3408 3409
3987 3988 4133
3088 3392 3102
3089 3106 3411
3392 3393 3411
3096 3412 3413
4294 4298 4300
3096 3398 3414
3400 3418 3402
3402 3418 3403
3400 3416 3418
3103 3409 3111
3409 3410 3421
3409 3421 3420
3410 3411 3421
3806 3807 3808
3411 3422 3421
3106 3114 3108
3106 3108 3411
3108 3120 3424
3108 3423 3411
3411 3423 3424
3412 3425 3413
3413 3425 3426
3425 3428 3426
3425 3427 3428
3413 3429 3416
4438 4439 4440
3416 3429 3418
3418 3429 3431
4208 4210 4209
3111 3433 3115
3111 3420 3433
3420 3421 3433
3421 3434 3433
3844 3847 3974
3136 3429 3426
3136 3426 3428
4181 4332 4329
3825 3829 3828
3431 3439 3432
3139 3439 3429
3433 3434 3442
3124 3433 3441
4028 4029 4038
3308 3596 3309
3121 3446 3445
3121 3445 3447
3445 3446 3447
3121 3128 3446
3128 3444 3446
3121 3447 3436
3732 3937 3923
3446 3448 3447
3444 3448 3446
3131 3451 3133
3131 3450 3449
4300 4397 4396
3136 3437 3450
3170 3469 3171
4186 4324 4188
3140 3163 3439
3163 3455 3439
3439 3455 3440
3334 3354 3651
3442 3457 3456
3126 3154 3458
3442 3443 3458
3153 3457 3458
3442 3458 3457
3133 3451 3155
3451 3460 3459
3451 3461 3460
4291 4297 4293
3163 3164 3455
3680 3685 3682
3969 3970 3971
3145 3466 3168
3168 3466 3169
3145 3467 3466
3169 3468 3469
3145 3146 3470
3146 3171 3470
3145 3470 3467
3171 3469 3471
3469 3470 3471
3151 3152 3456
3151 3472 3473
3456 3473 3472
3153 3176 3475
3153 3475 3457
4480 4484 4482
3460 3461 3477
3180 3460 3476
3299 3586 3587
3164 3186 3481
3184 3481 3186
3164 3481 3465
3174 3482 3175
3174 3473 3482
3175 3482 3187
3606 3607 3825
4011 4155 4157
3473 3483 3482
3187 3484 3188
3188 3484 3485
3190 3486 3191
3476 3477 3486
3191 3486 3487
3477 3487 3486
3491 3493 3492
3482 3483 3493
3191 3495 3197
3197 3495 3198
3191 3487 3495
3487 3488 3495
3488 3496 3495
3198 3497 3199
3488 3489 3497
3488 3497 3496
3193 3498 3194
3194 3498 3500
3194 3500 3490
3498 3501 3500
3498 3503 3501
3204 3505 3504
3204 3504 3506
3504 3505 3506
3205 3209 3505
3209 3509 3508
3505 3508 3509
3213 3511 3214
4080 4083 4081
3506 3507 3511
3213 3506 3510
4228 4362 4230
4121 4126 4256
3210 3513 3509
3215 3514 3513
3513 3514 3516
3513 3516 3515
3215 3512 3516
4180 4329 4190
3214 3221 3215
3215 3221 3517
3215 3517 3519
3221 3518 3519
3223 3520 3521
3520 3522 3521
3223 3523 3522
3522 3523 3525
3223 3224 3526
3223 3526 3523
3523 3526 3525
3236 3538 3245
3225 3234 3529
3233 3529 3234
3225 3528 3526
3225 3529 3528
3229 3530 3236
3870 3878 3999
3231 3237 3533
3231 3531 3530
3231 3533 3531
3232 3521 3239
3521 3535 3534
3239 3534 3535
3521 3524 3535
3524 3525 3535
3239 3535 3536
3493 3765 3766
3525 3527 3537
3525 3537 3536
3245 3538 3246
3236 3532 3538
3532 3533 3538
3246 3539 3533
3533 3539 3538
3239 3541 3240
3239 3536 3542
3240 3241 3537
3241 3546 3545
3243 3244 3547
3243 3547 3247
3247 3550 3248
3547 3548 3550
3247 3547 3549
4274 4277 4296
3247 3549 3550
3547 3550 3549
3245 3249 3538
3248 3550 3249
3244 3538 3548
3249 3551 3538
4224 4350 4352
3538 3551 3550
3540 3552 3541
3540 3542 3552
3541 3552 3553
3447 3724 3712
3542 3554 3552
3447 3448 3724
3541 3556 3544
3544 3556 3546
3541 3553 3556
3553 3559 3556
3556 3559 3562
3556 3562 3563
3559 3563 3562
3556 3563 3557
3253 3564 3259
3259 3564 3261
3253 3262 3567
3261 3567 3262
3253 3565 3564
3253 3567 3565
3261 3566 3567
3558 3568 3559
3559 3569 3571
3568 3571 3569
3559 3571 3561
3560 3570 3568
3977 3978 3980
3266 3272 3573
3265 3574 3271
3265 3572 3574
3572 3573 3574
3272 3575 3573
3573 3575 3574
3278 3578 3576
3278 3577 3279
3578 3579 3581
3577 3580 3581
3782 3951 3784
3578 3581 3580
4288 4389 4308
3278 3574 3579
3574 3582 3581
3272 3282 3583
3280 3583 3282
3272 3583 3575
3574 3575 3583
3280 3582 3583
3574 3583 3582
3280 3585 3582
3285 3581 3584
3297 3586 3299
3586 3590 3587
4487 4494 4493
4481 4482 4483
3588 3589 3590
3589 3591 3590
3297 3298 3589
3298 3300 3593
3298 3593 3592
3589 3593 3591
3308 3311 3595
3309 3596 3313
3312 3598 3595
3312 3599 3598
3599 3601 3600
4315 4406 4319
3314 3318 3599
3318 3602 3599
3324 3606 3604
3604 3606 3605
3324 3605 3326
3605 3606 3608
4198 4334 4199
3324 3325 3610
4406 4409 4408
4280 4282 4302
3325 3330 3610
3330 3612 3610
3330 3615 3614
3330 3614 3616
3614 3615 3616
3330 3331 3615
3615 3617 3616
3346 3619 3618
3619 3624 3626
3624 3625 3626
3332 3629 3333
3600 3601 3629
3332 3600 3628
3332 3628 3629
3601 3603 3629
3334 3630 3603
3362 3632 3631
3361 3362 3631
3361 3631 3635
3631 3634 3633
3631 3633 3635
3633 3634 3635
3634 3636 3635
3362 3605 3632
3362 3637 3605
3337 3640 3338
3340 3640 3641
3340 3643 3642
3615 3643 3617
3340 3641 3643
3342 3346 3644
3342 3644 3344
3344 3644 3645
3947 3949 3948
3350 3351 3625
3351 3648 3625
3625 3648 3649
3351 3647 3649
3334 3651 3630
3629 3630 3651
3363 3652 3374
3374 3652 3654
3635 3653 3652
3652 3653 3654
4393 4448 4452
3635 3655 3654
3362 3657 3637
4192 4331 4341
3337 3659 3660
3657 3660 3659
4085 4238 4239
3657 3658 3660
3366 3661 3367
3645 3646 3661
3646 3662 3661
3351 3663 3647
3646 3647 3663
3367 3662 3663
3353 3650 3664
3650 3651 3664
3356 3374 3654
3379 3671 3657
3657 3671 3672
3379 3672 3671
3371 3664 3384
3992 4113 4115
4223 4351 4353
3595 3816 3815
3379 3391 3678
4207 4208 4209
3379 3678 3670
3705 3898 3900
3406 3680 3679
3679 3680 3681
3406 3679 3681
3406 3407 3680
3680 3682 3681
3406 3681 3683
3380 3680 3392
3380 3685 3680
3392 3686 3685
3384 3673 3687
3674 3688 3687
3397 3689 3398
3397 3688 3689
3391 3403 3678
3406 3693 3408
3406 3683 3693
3683 3684 3693
3610 3831 3826
3684 3694 3693
3409 3695 3410
3392 3695 3686
3403 3419 3699
3403 3699 3692
3419 3432 3699
3421 3422 3705
3421 3704 3706
4059 4196 4197
3422 3424 3705
3424 3708 3705
3424 3447 3710
3424 3710 3711
3447 3711 3710
4105 4106 4108
3427 3450 3428
3974 3979 3980
3432 3717 3719
3717 3718 3719
3718 3720 3719
4128 4130 4129
3434 3706 3442
3706 3707 3722
3442 3721 3722
3706 3722 3721
3443 3722 3444
4352 4354 4353
3444 3722 3723
3444 3724 3448
3449 3450 3725
3449 3725 3451
3725 3727 3726
4232 4235 4234
3718 3731 3732
3718 3732 3720
3466 3734 3733
3733 3734 3735
3466 3733 3735
3734 3738 3736
3735 3736 3738
3466 3735 3737
3735 3738 3737
4277 4396 4296
3451 3726 3739
3726 3727 3739
3727 3740 3739
4149 4283 4281
3455 3465 3744
3732 3744 3745
3743 3745 3744
3466 3746 3468
3466 3737 3746
3469 3746 3747
3738 3747 3746
3456 3457 3749
3456 3750 3474
3748 3749 3750
3475 3751 3749
3749 3751 3750
3739 3740 3753
3477 3739 3752
3739 3753 3752
4492 4496 4504
3465 3481 3743
3481 3755 3756
3473 3758 3483
3473 3750 3757
4270 4386 4287
3750 3760 3759
3487 3761 3488
3477 3752 3761
4297 4395 4298
3913 3914 3916
3752 3753 3761
3753 3762 3761
3488 3762 3763
3753 3763 3762
3754 3755 3763
3483 3765 3493
3483 3758 3765
3765 3768 3766
3758 3767 3765
4407 4468 4470
3484 3771 3485
3485 3771 3760
3484 3494 3771
3494 3770 3771
3759 3760 3770
3760 3772 3770
3497 3774 3499
3763 3764 3774
3497 3773 3774
3763 3774 3773
3502 3503 3775
3499 3774 3503
3490 3775 3764
3503 3776 3775
3503 3774 3776
3766 3777 3779
3766 3768 3777
3777 3778 3779
4344 4418 4415
3777 3781 3778
3777 3780 3781
3779 3781 3782
3768 3782 3781
3493 3766 3779
3493 3785 3494
3493 3783 3785
3770 3785 3786
3784 3786 3785
3507 3509 3787
4317 4319 4318
3509 3788 3787
3509 3515 3791
3515 3516 3791
4350 4359 4361
3509 3791 3788
4154 4286 4287
3518 3793 3519
3790 3794 3793
3512 3519 3516
3516 3519 3795
3516 3795 3796
3516 3796 3792
3519 3794 3796
4141 4158 4159
3537 3798 3797
3797 3800 3799
3545 3546 3801
3537 3801 3798
3798 3801 3800
3800 3801 3802
3805 3968 3809
4212 4345 4214
3800 3805 3804
3546 3807 3806
3546 3806 3808
3546 3557 3807
3546 3808 3802
3807 3809 3808
3805 3809 3807
3554 3803 3560
3803 3804 3811
3560 3803 3810
3557 3563 3805
3561 3571 3811
3560 3813 3570
3560 3810 3813
3571 3813 3814
3811 3814 3813
3594 3595 3815
3594 3815 3596
3596 3817 3818
3595 3598 3819
3598 3599 3819
3597 3818 3599
3599 3820 3819
3599 3818 3820
3821 3822 3824
3607 3610 3821
3607 3821 3825
3821 3824 3823
3606 3825 3827
3825 3828 3827
3825 3830 3829
3610 3612 3831
3830 3831 3832
3612 3616 3831
3616 3833 3831
3831 3833 3834
3831 3834 3832
3616 3835 3837
3616 3837 3833
3833 3837 3834
4013 4018 4019
3834 3838 3836
3835 3836 3839
3835 3839 3837
3836 3840 3839
3839 3840 3842
3836 3838 3842
3837 3842 3838
3620 3621 3844
3620 3845 3622
3620 3844 3843
3843 3844 3845
3626 3627 3848
3626 3847 3844
3626 3848 3847
3956 4095 4100
3634 3850 3636
3634 3828 3849
3634 3849 3850
3828 3851 3850
3828 3829 3852
3828 3852 3851
3639 3852 3640
3829 3830 3852
3640 3852 3853
3830 3853 3852
3640 3854 3641
3830 3832 3854
3617 3643 3834
3641 3854 3643
3832 3834 3854
3643 3854 3855
3646 3857 3647
3845 3846 3857
3646 3845 3856
3646 3856 3857
3627 3649 3848
3649 3858 3848
3649 3857 3858
3635 3860 3655
3850 3860 3859
3639 3660 3852
3660 3863 3852
3654 3864 3666
3666 3864 3667
4434 4497 4436
3658 3672 3862
3672 3870 3862
4486 4488 4487
3665 3871 3674
3871 3873 3872
3678 3878 3877
3678 3876 3878
3681 3682 3880
3681 3880 3879
3681 3879 3881
3684 3881 3882
3682 3685 3880
3685 3686 3884
3685 3883 3880
3880 3883 3884
3688 3885 3689
3872 3873 3885
3873 3886 3885
3875 3876 3889
3875 3889 3888
3692 3699 3889
3699 3893 3889
4368 4435 4434
4298 4395 4300
4062 4188 4198
3708 3711 3899
3808 3809 3968
3711 3902 3899
3719 3720 3909
3719 3908 3897
3719 3909 3908
3897 3908 3909
3897 3909 3907
3707 3900 3722
3904 4027 4037
3722 3911 3723
3722 3900 3910
3900 3911 3910
3712 3724 3913
3712 3913 3903
3903 3913 3915
3913 3916 3915
3713 3904 3727
3727 3904 3917
3720 3922 3909
3732 3923 3922
3909 3922 3924
3723 3911 3926
3724 3926 3927
3911 3928 3926
3724 3930 3914
3914 3930 3916
3724 3927 3930
3916 3930 3931
3929 3931 3930
3727 3932 3740
3917 3918 3932
3918 3933 3932
3970 3972 3971
3743 3936 3745
3743 3935 3936
4076 4236 4233
3923 3937 3925
3745 3936 3937
3925 3937 3938
3936 3938 3937
3740 3932 3753
3753 3940 3754
3753 3932 3939
3753 3939 3940
3933 3934 3940
3755 3940 3941
3743 3756 3942
3934 3935 3942
3934 3942 3941
3750 3946 3944
3943 3944 3946
3758 3947 3767
3945 3949 3947
3784 3951 3952
3770 3786 3953
3770 3953 3950
3949 3950 3953
3784 3952 3953
3949 3953 3952
3787 3956 3789
3787 3955 3954
3787 3954 3956
3790 3956 3957
3791 3958 3955
3791 3959 3958
3794 3960 3796
3790 3957 3960
3796 3961 3959
3796 3960 3961
3801 3962 3964
3801 3802 3808
3801 3965 3802
3801 3964 3963
3802 3965 3805
3808 3968 3966
3815 3816 3970
3816 3818 3970
3815 3971 3817
3815 3969 3971
3818 3971 3972
3973 3974 3975
3847 3848 3977
3847 3977 3974
3848 3978 3977
3974 3977 3979
3977 3980 3979
3975 3976 3982
3857 3975 3981
3857 3981 3982
3975 3982 3981
4462 4476 4464
3982 3984 3983
3850 3985 3987
3985 3986 3987
3986 3988 3987
3851 3852 3986
3852 3863 3990
3852 3989 3986
3852 3990 3989
3986 3989 3990
3864 3865 3992
3864 3992 3991
4058 4196 4059
3862 3870 3999
3999 4002 4001
4140 4147 4149
3866 3993 3873
3873 4006 3874
3873 3993 4005
4179 4323 4319
3996 3997 4008
3875 4007 4008
3876 4008 3878
4402 4462 4461
3878 4008 4009
3998 4009 4008
4187 4325 4324
3999 4010 4011
3999 4011 4000
3874 4006 3887
3875 3888 4013
3875 4013 4007
4006 4007 4013
3886 3887 4014
3886 4014 3890
4012 4016 4014
4014 4016 4015
4012 4013 4016
4013 4017 4016
3888 3889 4013
4020 4022 4021
4021 4022 4024
3902 4020 4025
3890 4027 3894
3890 4015 4027
4015 4016 4027
4016 4028 4027
4016 4017 4029
4016 4029 4028
4017 4019 4029
3897 4030 4019
4019 4030 4029
3898 3899 4031
3898 4031 3900
3900 4034 3901
3899 4032 4031
4031 4032 4034
3900 4031 4033
3900 4033 4034
3902 3903 4022
3903 3915 4022
4183 4185 4187
4027 4028 4038
4107 4108 4109
3897 3907 4040
4029 4030 4040
3901 4034 3911
4189 4338 4327
4034 4035 4042
4034 4042 4041
3916 4043 4036
3904 4044 3917
3917 4044 3918
4037 4038 4044
4038 4046 4045
4040 4047 4046
4274 4294 4299
3907 3909 4040
4040 4048 4049
4187 4189 4327
3909 3924 4050
3924 3925 4050
3909 4050 4048
4049 4050 4051
3918 4055 3933
3933 4055 3934
3918 4045 4055
4046 4056 4055
3934 4057 3935
4314 4316 4405
4046 4047 4057
4046 4057 4056
3935 4057 3936
4047 4049 4057
3925 4060 4062
3925 3938 4061
4061 4063 4062
3928 4064 3929
3928 4052 4064
4064 4067 4065
3929 4068 3931
3931 4068 4054
4065 4067 4068
3936 4070 4071
4058 4059 4072
4336 4347 4346
4071 4072 4073
4059 4073 4072
3938 4071 4061
4061 4074 4075
4071 4073 4075
3948 3949 4076
3948 4076 3951
3949 3952 4079
4370 4438 4440
3951 4080 4081
3951 4081 4082
3951 4078 4083
4355 4424 4356
4078 4085 4083
4081 4084 4085
4083 4085 4084
3952 4086 3953
3953 4089 4079
3953 4090 4089
3955 4092 4091
4091 4092 4094
3954 3955 4091
4091 4093 4095
4220 4359 4224
3958 4099 4097
4097 4099 4098
3954 4095 3956
3956 4101 3957
4101 4102 4104
3960 4101 4103
3963 3964 4105
3964 3966 4108
3964 4106 4105
3964 4108 4106
4105 4108 4107
3965 4109 3967
3968 4110 4108
3992 4112 4111
4111 4112 4113
4112 4114 4113
3985 4112 3987
3985 4117 4112
3985 3987 4117
3987 4112 3995
4112 4117 4114
3989 4119 4120
3989 4120 3990
4119 4121 4120
4120 4121 4123
3990 4120 4122
4124 4125 4126
3991 3992 4128
3991 4128 3993
3992 4115 4128
4115 4130 4128
3993 4128 4129
3996 4131 4132
3997 4132 3998
3987 4133 4118
4132 4133 4134
4003 4004 4125
4004 4137 4125
4125 4137 4138
4125 4138 4127
4004 4136 4138
4141 4143 4145
4140 4149 4144
3993 4147 4148
3993 4149 4147
3993 4148 4005
3996 4007 4153
4130 4131 4153
3998 4134 4154
4011 4154 4155
4004 4157 4136
4141 4160 4158
4158 4160 4159
4142 4159 4148
4159 4163 4162
4005 4148 4014
4014 4162 4163
4014 4163 4164
4006 4165 4152
4023 4166 4025
4166 4169 4168
4024 4170 4172
4024 4026 4171
4024 4172 4167
4171 4173 4172
4034 4175 4176
4174 4176 4175
4169 4177 4176
4026 4036 4171
4036 4178 4171
4171 4178 4179
4171 4179 4173
4035 4176 4042
4036 4181 4177
4176 4177 4181
4042 4176 4180
4176 4181 4180
4182 4185 4183
4182 4183 4187
4182 4187 4186
4182 4186 4188
4041 4042 4190
4041 4190 4052
4052 4190 4191
4043 4054 4181
4054 4193 4181
4049 4051 4195
4194 4195 4196
4219 4223 4340
4195 4197 4196
4117 4254 4251
4195 4198 4199
4195 4199 4197
4062 4200 4184
4062 4184 4188
4062 4063 4200
4184 4200 4185
4185 4200 4202
4185 4202 4203
4052 4204 4066
4052 4191 4204
4192 4205 4204
4054 4208 4207
4054 4207 4209
4059 4197 4211
4199 4212 4211
4063 4075 4200
4075 4214 4213
4075 4212 4214
4200 4215 4202
4190 4328 4330
4203 4217 4219
4217 4221 4223
4221 4222 4223
4217 4223 4219
4172 4313 4315
4067 4226 4069
4067 4227 4225
4225 4227 4226
4226 4227 4228
4069 4226 4208
4208 4226 4229
4208 4229 4230
4226 4230 4229
4226 4228 4230
4076 4231 4083
4076 4232 4231
4083 4231 4232
4076 4233 4232
4232 4233 4235
4076 4077 4236
4077 4079 4236
4233 4236 4235
4079 4237 4236
4235 4236 4237
4278 4301 4300
4078 4235 4085
4085 4239 4087
4235 4237 4239
4079 4089 4240
4087 4239 4090
4090 4241 4240
4093 4094 4242
4093 4242 4095
4094 4243 4242
4095 4242 4244
4095 4246 4100
4100 4246 4101
4101 4246 4247
4096 4099 4245
4099 4248 4245
4245 4248 4249
4101 4247 4249
4113 4252 4115
4251 4253 4252
4114 4117 4251
4117 4255 4254
4251 4255 4253
4121 4256 4123
4126 4257 4256
4126 4261 4260
4260 4261 4262
4126 4262 4257
4257 4262 4259
4259 4263 4261
4115 4252 4130
4130 4265 4131
4130 4264 4265
4336 4346 4345
4132 4265 4266
4122 4268 4133
4133 4269 4134
4133 4267 4269
4267 4268 4269
4268 4270 4269
4123 4258 4268
4258 4259 4271
4259 4272 4271
4143 4274 4145
4275 4278 4277
4143 4144 4279
4143 4279 4276
4276 4279 4278
4278 4279 4280
4144 4149 4279
4279 4281 4282
4279 4282 4280
4129 4283 4149
4282 4283 4284
4129 4130 4283
4130 4152 4285
4130 4264 4283
4130 4285 4264
4264 4285 4283
4283 4285 4284
4269 4270 4287
4154 4269 4286
4269 4287 4286
4448 4453 4452
4157 4287 4288
4136 4157 4138
4138 4157 4289
4291 4296 4295
4291 4295 4297
4274 4292 4294
4274 4296 4292
4145 4274 4160
4160 4299 4300
4160 4300 4301
4278 4280 4302
4421 4429 4423
4163 4302 4303
4163 4304 4164
4163 4303 4304
4152 4165 4285
4164 4304 4165
4284 4285 4304
4165 4305 4285
4165 4304 4305
4157 4307 4289
4289 4307 4290
4157 4306 4307
4157 4288 4308
4290 4307 4309
4172 4311 4310
4172 4312 4311
4311 4312 4316
4167 4172 4317
4167 4317 4169
4364 4426 4365
4315 4319 4317
4173 4319 4320
4316 4320 4321
4319 4321 4320
4177 4322 4179
4318 4319 4322
4186 4187 4324
4324 4325 4327
4324 4327 4326
4246 4370 4371
4191 4330 4192
4190 4329 4328
4328 4329 4330
4192 4330 4331
4329 4331 4330
4180 4181 4329
4181 4193 4333
4199 4334 4335
4334 4336 4335
4327 4337 4336
4219 4340 4338
4327 4338 4339
4338 4340 4339
4192 4341 4205
4331 4333 4341
4333 4342 4341
4193 4209 4333
4209 4210 4344
4209 4343 4333
4209 4344 4343
4333 4343 4344
4199 4345 4212
4214 4345 4346
4216 4347 4220
4337 4340 4347
4340 4348 4347
4223 4349 4340
4223 4352 4351
4223 4224 4352
4223 4353 4349
4349 4353 4350
4227 4355 4356
4210 4230 4344
4220 4358 4359
4358 4360 4359
4359 4360 4361
4230 4362 4363
4230 4365 4357
4356 4364 4362
4362 4364 4365
4243 4245 4367
4242 4368 4244
4242 4366 4368
4366 4367 4368
4367 4369 4368
4244 4368 4246
4245 4371 4369
4255 4373 4372
4255 4375 4373
4265 4372 4374
4372 4375 4374
4376 4379 4378
4378 4379 4381
4296 4383 4377
4295 4296 4377
4377 4384 4380
4287 4389 4288
4271 4387 4386
4271 4272 4390
4290 4391 4390
4389 4390 4391
4295 4378 4297
4378 4393 4392
4297 4394 4395
4385 4396 4395
4395 4396 4397
4308 4399 4309
4308 4389 4398
4308 4398 4399
4290 4309 4401
4401 4403 4402
4399 4403 4401
4313 4314 4405
4316 4407 4405
4319 4409 4321
4406 4407 4409
4329 4332 4411
4331 4412 4333
4333 4412 4413
4341 4342 4415
4341 4414 4416
4415 4418 4419
4415 4419 4417
4344 4421 4420
4344 4420 4422
4421 4423 4422
4419 4422 4423
4355 4416 4424
4389 4455 4457
4364 4424 4426
4417 4419 4426
4365 4426 4427
4419 4427 4426
4365 4428 4421
4421 4428 4429
4365 4431 4428
4430 4432 4431
4365 4427 4432
4431 4432 4433
4370 4436 4438
4439 4442 4440
4438 4441 4442
4436 4443 4442
4371 4444 4445
4371 4445 4437
4436 4437 4445
4440 4443 4445
4436 4445 4443
4379 4448 4381
4379 4446 4448
4446 4447 4448
4447 4449 4448
4384 4385 4451
4384 4451 4450
4447 4451 4449
4381 4448 4393
4448 4449 4453
4393 4452 4453
4385 4395 4451
4394 4453 4395
4398 4457 4399
4389 4456 4455
4455 4456 4457
4399 4457 4458
4399 4460 4403
4456 4460 4458
4402 4461 4463
4461 4462 4463
4402 4463 4459
4462 4464 4463
4460 4463 4464
4404 4465 4406
4406 4468 4407
4406 4465 4467
4406 4467 4468
4465 4468 4467
4405 4470 4469
4468 4472 4470
4468 4471 4472
4403 4473 4462
4462 4473 4474
4460 4475 4473
4460 4476 4475
4410 4477 4412
4412 4480 4413
4412 4479 4480
4411 4482 4481
4411 4481 4483
4411 4483 4478
4478 4483 4480
4480 4483 4484
4419 4486 4485
4419 4485 4487
4423 4489 4486
4429 4490 4489
4486 4492 4488
4432 4494 4433
4487 4488 4494
4429 4495 4490
4494 4496 4495
4434 4435 4497
4436 4500 4437
4435 4498 4497
4436 4497 4499
4436 4499 4500
4488 4501 4494
4494 4504 4496
4492 4502 4501
4501 4502 4504
4494 4501 4503
