# CentVoxTetrahedralizerHybrid tetrahedral mesh
# Detection mode: HYBRID
# Grid: 20^3
# Merge block size: 2
# Protection layers: 2
# Smoothed: Yes
# Vertices: 2317
# Tetrahedra: 7724

VERTICES
-1.054268 -0.360666 0.351474
-1.039802 -0.360495 0.351703
-1.052123 -0.352451 0.352939
-1.039802 -0.349489 0.350430
-1.062082 -0.367063 0.360309
-1.039802 -0.371143 0.359929
-1.061914 -0.343938 0.361105
-1.039802 -0.337692 0.359131
-1.025336 -0.360666 0.351474
-1.027480 -0.352451 0.352939
-1.017507 -0.367049 0.360309
-1.017689 -0.343938 0.361105
-1.101514 -0.428720 0.375440
-1.085407 -0.429225 0.374079
-1.102623 -0.413345 0.373780
-1.085370 -0.412546 0.367917
-1.109075 -0.435925 0.389937
-1.086428 -0.441072 0.384997
-1.115280 -0.415068 0.384455
-1.086549 -0.413788 0.388893
-1.063099 -0.430782 0.371946
-1.063080 -0.412220 0.367102
-1.063139 -0.443524 0.382836
-1.063187 -0.413788 0.388893
-1.039893 -0.429900 0.372794
-1.039847 -0.412526 0.366750
-1.039847 -0.443143 0.382948
-1.039825 -0.413788 0.388893
-1.017930 -0.430443 0.372250
-1.017185 -0.412052 0.367493
-1.017177 -0.443024 0.383053
-1.016463 -0.413788 0.388893
-1.002487 -0.427812 0.374928
-0.993129 -0.412792 0.370688
-0.993092 -0.437078 0.385554
-0.983733 -0.422808 0.380513
-1.108932 -0.390333 0.370688
-1.085854 -0.390274 0.366150
-1.118949 -0.399729 0.380513
-1.086549 -0.390426 0.388893
-1.063069 -0.390320 0.364784
-1.063187 -0.390426 0.388893
-1.039825 -0.390588 0.364445
-1.039825 -0.390426 0.388893
-1.016546 -0.390274 0.364814
-1.016463 -0.390426 0.388893
-0.993220 -0.389745 0.366150
-0.993101 -0.390426 0.388893
-0.970118 -0.406482 0.373780
-0.970917 -0.389229 0.367917
-0.968394 -0.419139 0.384455
-0.969739 -0.390426 0.388893
-0.954743 -0.405373 0.375440
-0.954237 -0.389266 0.374079
-0.947537 -0.412935 0.389937
-0.942390 -0.390287 0.384997
-1.123953 -0.380975 0.374928
-1.126584 -0.365532 0.372250
-1.108182 -0.366278 0.367509
-1.133219 -0.390370 0.385554
-1.139164 -0.366285 0.383054
-1.109911 -0.367064 0.388893
-1.086328 -0.366980 0.364846
-1.086549 -0.367064 0.388893
-0.993230 -0.366992 0.364816
-0.993101 -0.367064 0.388893
-0.971254 -0.366939 0.367118
-0.969739 -0.367064 0.388893
-0.952681 -0.366958 0.371946
-0.939939 -0.366998 0.382836
-1.126040 -0.343570 0.372794
-1.108644 -0.343615 0.366782
-1.139284 -0.343615 0.382948
-1.109911 -0.343702 0.388893
-1.086328 -0.343632 0.364938
-1.086549 -0.343702 0.388893
-0.993276 -0.343677 0.364938
-0.993101 -0.343702 0.388893
-0.970959 -0.343707 0.366782
-0.969739 -0.343702 0.388893
-0.953563 -0.343752 0.372794
-0.940319 -0.343707 0.382948
-1.126915 -0.320371 0.371946
-1.108346 -0.320386 0.367159
-1.139645 -0.320343 0.382836
-1.109911 -0.320340 0.388893
-1.086434 -0.320299 0.365612
-1.086549 -0.320340 0.388893
-1.063127 -0.319800 0.364722
-1.063187 -0.320340 0.388893
-1.039802 -0.319250 0.364444
-1.039825 -0.320340 0.388893
-1.016493 -0.319783 0.364722
-1.016463 -0.320340 0.388893
-0.993215 -0.320310 0.365641
-0.993101 -0.320340 0.388893
-0.971422 -0.321044 0.367550
-0.969739 -0.320340 0.388893
-0.953019 -0.321790 0.372250
-0.940439 -0.321037 0.383053
-1.125247 -0.298175 0.374079
-1.108671 -0.298108 0.367945
-1.136994 -0.297254 0.384997
-1.109911 -0.296978 0.388893
-1.086410 -0.297565 0.366588
-1.086549 -0.296978 0.388893
-1.063118 -0.297040 0.365687
-1.063187 -0.296978 0.388893
-1.039779 -0.297000 0.365620
-1.039825 -0.296978 0.388893
-1.016474 -0.296994 0.365657
-1.016463 -0.296978 0.388893
-0.993723 -0.297032 0.366588
-0.993101 -0.296978 0.388893
-0.970677 -0.296989 0.370710
-0.960679 -0.287593 0.380513
-0.955650 -0.306347 0.374928
-0.946395 -0.296952 0.385554
-1.124581 -0.282229 0.375440
-1.109366 -0.280959 0.373794
-1.131096 -0.275357 0.389937
-1.110994 -0.268398 0.384455
-1.086468 -0.274536 0.370710
-1.095846 -0.264538 0.380513
-1.062418 -0.275281 0.367573
-1.063187 -0.273616 0.388893
-1.039756 -0.274818 0.366828
-1.039825 -0.273616 0.388893
-1.016527 -0.275113 0.367182
-1.016463 -0.273616 0.388893
-0.994249 -0.274777 0.367945
-0.993101 -0.273616 0.388893
-0.977099 -0.273977 0.373794
-0.964539 -0.272254 0.384455
-1.077116 -0.259510 0.374928
-1.061673 -0.256879 0.372250
-1.086500 -0.250255 0.385554
-1.062426 -0.244298 0.383054
-1.039710 -0.257422 0.372794
-1.039756 -0.244179 0.382948
-1.016512 -0.256540 0.371946
-1.016484 -0.243798 0.382836
-0.994316 -0.258097 0.374079
-0.993394 -0.246250 0.384997
-0.978369 -0.258602 0.375440
-0.971498 -0.251397 0.389937
-1.053876 -0.474550 0.398264
-1.039802 -0.476821 0.395940
-1.063176 -0.460465 0.393088
-1.039825 -0.460062 0.389930
-1.063169 -0.483670 0.409053
-1.039802 -0.488239 0.407413
-1.072547 -0.469606 0.403733
-1.039825 -0.460512 0.412255
-1.025728 -0.474550 0.398264
-1.016464 -0.460419 0.393126
-1.016435 -0.483719 0.409031
-1.007056 -0.469614 0.403736
-1.102981 -0.452144 0.396080
-1.086742 -0.454113 0.395133
-1.109295 -0.459388 0.407339
-1.087940 -0.465903 0.406856
-1.116573 -0.443727 0.403351
-1.086549 -0.437150 0.412255
-1.039825 -0.437150 0.412255
-0.992854 -0.453802 0.395627
-0.991663 -0.465915 0.406882
-0.976542 -0.452212 0.397158
-0.969551 -0.437079 0.394203
-0.970284 -0.459454 0.407655
-0.962950 -0.443826 0.404386
-1.126360 -0.430200 0.395766
-1.133220 -0.413912 0.394203
-1.132987 -0.436841 0.406397
-1.139966 -0.420512 0.404386
-0.993101 -0.413788 0.412255
-0.953262 -0.430219 0.395766
-0.946622 -0.436846 0.406397
-0.939736 -0.420432 0.403351
-1.148353 -0.406921 0.397158
-1.149942 -0.390609 0.395627
-1.155594 -0.413179 0.407655
-1.162056 -0.391799 0.406882
-1.109911 -0.390426 0.412255
-0.993101 -0.390426 0.412255
-0.946377 -0.390426 0.412255
-0.931319 -0.406841 0.396080
-0.929350 -0.390601 0.395133
-0.924060 -0.413155 0.407339
-0.917552 -0.391799 0.406856
-1.156553 -0.366999 0.393163
-1.165741 -0.376406 0.403803
-1.063187 -0.367064 0.412255
-1.016463 -0.367064 0.412255
-0.923005 -0.367035 0.393134
-0.913866 -0.376406 0.403818
-1.170611 -0.357759 0.399009
-1.172848 -0.343698 0.397049
-1.156187 -0.343638 0.390022
-1.179743 -0.367081 0.409896
-1.184884 -0.344265 0.413504
-1.156635 -0.343702 0.412255
-1.063187 -0.343702 0.412255
-1.016463 -0.343702 0.412255
-0.923416 -0.343684 0.390043
-0.923015 -0.343702 0.412255
-0.908993 -0.357759 0.399189
-0.906755 -0.343698 0.397311
-0.899905 -0.367081 0.410131
-0.894731 -0.344265 0.414709
-1.170642 -0.329611 0.399373
-1.156585 -0.320300 0.393164
-1.180487 -0.320284 0.413016
-1.165730 -0.310924 0.404180
-1.109911 -0.320340 0.412255
-0.993101 -0.320340 0.412255
-0.946377 -0.320340 0.412255
-0.923051 -0.320323 0.393212
-0.913837 -0.310891 0.404213
-0.908961 -0.329611 0.399565
-0.899064 -0.320275 0.413436
-1.150001 -0.296973 0.395146
-1.161778 -0.295750 0.406904
-1.136068 -0.270690 0.403351
-1.086549 -0.296978 0.412255
-1.039825 -0.296978 0.412255
-0.993101 -0.296978 0.412255
-0.946377 -0.296978 0.412255
-0.929671 -0.296713 0.395639
-0.917564 -0.295486 0.406930
-1.147693 -0.281073 0.396080
-1.154392 -0.275301 0.407348
-0.946591 -0.273410 0.394203
-0.939975 -0.266810 0.404386
-0.931278 -0.280401 0.397158
-0.924127 -0.274129 0.407664
-1.125754 -0.257691 0.395766
-1.109846 -0.250450 0.394203
-1.131849 -0.251608 0.406397
-1.116316 -0.243834 0.404386
-1.086549 -0.250254 0.412255
-1.039825 -0.250254 0.412255
-0.966830 -0.243595 0.403351
-0.953831 -0.257122 0.395766
-0.947749 -0.250481 0.406397
-1.103034 -0.235137 0.397158
-1.086739 -0.233531 0.395627
-1.109206 -0.227982 0.407655
-1.087933 -0.221414 0.406882
-1.063139 -0.226903 0.393126
-1.072547 -0.217708 0.403736
-1.039779 -0.227260 0.389930
-1.039825 -0.226892 0.412255
-1.016441 -0.226857 0.393088
-1.007089 -0.217712 0.403733
-0.993114 -0.233210 0.395133
-0.991927 -0.221411 0.406856
-0.977214 -0.235178 0.396080
-0.971456 -0.227919 0.407339
-1.053876 -0.212772 0.398264
-1.039802 -0.210501 0.395940
-1.063169 -0.203603 0.409031
-1.039802 -0.199084 0.407413
-1.025728 -0.212772 0.398264
-1.016446 -0.203647 0.409053
-1.079736 -0.497789 0.421734
-1.062701 -0.499279 0.420679
-1.087059 -0.483731 0.417951
-1.086722 -0.501309 0.436124
-1.063182 -0.510301 0.436669
-1.093388 -0.490305 0.430050
-1.039802 -0.501620 0.418794
-1.039802 -0.512279 0.436896
-1.016893 -0.499763 0.420688
-1.016440 -0.511021 0.436660
-1.016463 -0.483874 0.435617
-0.999843 -0.498961 0.421758
-0.992557 -0.484316 0.417506
-0.992639 -0.506538 0.436835
-0.986256 -0.491969 0.428712
-1.123690 -0.473819 0.422169
-1.108476 -0.477822 0.418910
-1.132043 -0.459198 0.416267
-1.132062 -0.479311 0.437087
-1.109658 -0.488075 0.436675
-1.140656 -0.467472 0.428615
-0.971176 -0.478300 0.417839
-0.970747 -0.489888 0.430139
-0.955948 -0.474499 0.421460
-0.947561 -0.459254 0.416248
-0.947626 -0.483084 0.437179
-0.938919 -0.467910 0.428589
-1.147989 -0.451832 0.421028
-1.155395 -0.435902 0.416248
-1.156478 -0.460313 0.435833
-1.164050 -0.444523 0.428589
-0.931631 -0.451848 0.421028
-0.924255 -0.435902 0.416267
-0.923123 -0.460329 0.435833
-0.915937 -0.444497 0.428615
-1.170640 -0.427505 0.421460
-1.174441 -0.412287 0.417839
-1.179224 -0.435621 0.437179
-1.186029 -0.412701 0.430139
-0.909443 -0.427535 0.422169
-0.905381 -0.412328 0.418910
-0.903558 -0.435719 0.437087
-0.894139 -0.413404 0.436675
-1.180435 -0.390918 0.417545
-1.188110 -0.397207 0.428712
-0.899634 -0.390927 0.418003
-0.892811 -0.397238 0.430050
-1.195045 -0.383660 0.421813
-1.195309 -0.367090 0.421305
-1.202650 -0.390832 0.436849
-1.206467 -0.367072 0.436629
-1.179997 -0.367064 0.435617
-0.885702 -0.383636 0.421812
-0.884768 -0.367081 0.421550
-0.881973 -0.390586 0.436153
-0.873846 -0.367090 0.436818
-1.196126 -0.350564 0.420737
-1.203585 -0.344167 0.435576
-1.189841 -0.338748 0.426998
-0.883514 -0.350564 0.421341
-0.876030 -0.344167 0.436599
-1.190532 -0.329091 0.425750
-0.889023 -0.329091 0.427613
-1.192728 -0.311489 0.422942
-1.193369 -0.301814 0.422249
-1.179605 -0.296008 0.418349
-1.202648 -0.320269 0.435727
-1.197043 -0.296332 0.436265
-1.186392 -0.290324 0.430094
-0.899304 -0.295800 0.417924
-0.891532 -0.290026 0.428754
-0.886227 -0.311463 0.423253
-0.885036 -0.301761 0.422297
-0.876347 -0.320279 0.436130
-0.877259 -0.295983 0.436970
-1.173702 -0.275454 0.418934
-1.184188 -0.274925 0.436688
-0.905179 -0.274999 0.417862
-0.893574 -0.274573 0.430154
-1.169773 -0.260146 0.422169
-1.154948 -0.251821 0.416267
-1.175441 -0.251802 0.437087
-1.163577 -0.242878 0.428615
-0.924410 -0.251420 0.416248
-0.915551 -0.242779 0.428589
-0.908968 -0.259807 0.421460
-0.900164 -0.251486 0.437179
-1.147789 -0.235658 0.421028
-1.131841 -0.228269 0.416248
-1.156446 -0.226991 0.435833
-1.140646 -0.219410 0.428589
-0.947962 -0.228114 0.416267
-0.939019 -0.219796 0.428615
-0.931799 -0.235490 0.421028
-0.923132 -0.226983 0.435833
-1.123631 -0.212827 0.421460
-1.108420 -0.209030 0.417839
-1.131762 -0.204023 0.437179
-1.108841 -0.197419 0.430139
-1.087044 -0.203009 0.417506
-1.093348 -0.195353 0.428712
-1.063187 -0.203530 0.435617
-1.039825 -0.203530 0.435617
-0.992768 -0.203473 0.417951
-0.986562 -0.196670 0.430050
-0.971631 -0.209241 0.418911
-0.971094 -0.197999 0.436675
-0.956287 -0.213302 0.422169
-0.947942 -0.207417 0.437087
-1.079760 -0.188361 0.421758
-1.062710 -0.187559 0.420688
-1.086962 -0.180782 0.436835
-1.063164 -0.176301 0.436660
-1.039802 -0.185702 0.418794
-1.039802 -0.175043 0.436896
-1.016916 -0.188032 0.420679
-1.016433 -0.177010 0.436669
-0.999905 -0.189505 0.421734
-0.993092 -0.185798 0.436124
-1.054444 -0.520428 0.445772
-1.044804 -0.521816 0.444422
-1.063208 -0.525523 0.459875
-1.039820 -0.525246 0.458349
-1.072558 -0.515550 0.450041
-1.034799 -0.515921 0.450317
-1.007664 -0.519859 0.445708
-0.998023 -0.520517 0.444516
-1.016466 -0.525828 0.458192
-0.992888 -0.523648 0.459616
-1.025187 -0.517129 0.449041
-0.986248 -0.513788 0.452379
-1.103047 -0.499725 0.442623
-1.109593 -0.505592 0.459665
-1.087932 -0.511487 0.453634
-0.971221 -0.502409 0.441362
-0.970201 -0.511763 0.459666
-0.956574 -0.497655 0.446118
-0.951880 -0.502046 0.460980
-0.939937 -0.489184 0.460877
-1.147973 -0.474749 0.444424
-1.155371 -0.479431 0.459742
-1.133016 -0.487965 0.459936
-1.163685 -0.467524 0.451559
-1.116642 -0.488760 0.452624
-1.063187 -0.460512 0.458979
-1.039825 -0.460512 0.458979
-0.993101 -0.460512 0.458979
-0.946377 -0.460512 0.458979
-0.930914 -0.475369 0.444496
-0.923338 -0.479730 0.459826
-0.915836 -0.467504 0.451559
-1.171510 -0.452319 0.444496
-1.175883 -0.459620 0.459826
-1.185325 -0.442084 0.460877
-0.908342 -0.451644 0.444424
-0.903375 -0.458788 0.459742
-0.893205 -0.435716 0.459936
-1.193795 -0.426653 0.446118
-1.198550 -0.412220 0.441362
-1.198187 -0.431071 0.460980
-1.207904 -0.413151 0.459666
-1.156635 -0.413788 0.458979
-1.133273 -0.413788 0.458979
-1.086549 -0.413788 0.458979
-1.016463 -0.413788 0.458979
-0.993101 -0.413788 0.458979
-0.946377 -0.413788 0.458979
-0.890566 -0.420165 0.452624
-1.209929 -0.397207 0.452379
-1.156635 -0.390426 0.458979
-1.133273 -0.390426 0.458979
-1.086549 -0.390426 0.458979
-1.016463 -0.390426 0.458979
-0.993101 -0.390426 0.458979
-0.923015 -0.390426 0.458979
-0.883126 -0.406881 0.442623
-0.876724 -0.413275 0.459665
-0.871749 -0.391780 0.453634
-1.216658 -0.385440 0.444516
-1.215947 -0.375799 0.445708
-1.219789 -0.390570 0.459616
-1.221922 -0.366996 0.458192
-1.212650 -0.358296 0.448987
-0.899653 -0.367064 0.458979
-0.867942 -0.376417 0.450056
-1.210930 -0.348704 0.450209
-0.889762 -0.338748 0.431016
-0.868706 -0.338699 0.450496
-0.863654 -0.358323 0.445876
-0.862779 -0.348704 0.444601
-0.857981 -0.367068 0.459888
-0.858630 -0.343691 0.458420
-1.216792 -0.338699 0.444315
-1.215585 -0.329039 0.445681
-1.220973 -0.343655 0.458317
-1.221578 -0.320260 0.459875
-1.211257 -0.310905 0.450011
-1.156635 -0.320340 0.458979
-1.133273 -0.320340 0.458979
-1.086549 -0.320340 0.458979
-1.016463 -0.320340 0.458979
-0.993101 -0.320340 0.458979
-0.923015 -0.320340 0.458979
-0.867322 -0.329067 0.449121
-1.207579 -0.295710 0.453644
-1.184901 -0.270620 0.452624
-1.133273 -0.296978 0.458979
-1.086549 -0.296978 0.458979
-1.016463 -0.296978 0.458979
-0.993101 -0.296978 0.458979
-0.923015 -0.296978 0.458979
-0.899653 -0.296978 0.458979
-0.869693 -0.290066 0.452389
-0.864039 -0.311503 0.445704
-0.863004 -0.301842 0.444526
-0.857721 -0.320326 0.458205
-0.859827 -0.296735 0.459619
-1.195834 -0.280955 0.442635
-1.201724 -0.274826 0.459669
-0.881052 -0.275050 0.441369
-0.871596 -0.274048 0.459669
-1.184106 -0.251579 0.459936
-1.156635 -0.250254 0.458979
-1.109911 -0.250254 0.458979
-1.086549 -0.250254 0.458979
-1.016463 -0.250254 0.458979
-0.993101 -0.250254 0.458979
-0.946377 -0.250254 0.458979
-0.892838 -0.243797 0.460877
-0.885573 -0.260434 0.446118
-0.880904 -0.255739 0.460980
-1.170889 -0.235674 0.444424
-1.175572 -0.228283 0.459742
-1.163664 -0.219751 0.451559
-0.915891 -0.219696 0.451559
-0.907864 -0.234773 0.444496
-0.903228 -0.227197 0.459826
-1.148460 -0.211723 0.444496
-1.155761 -0.207087 0.459826
-1.138225 -0.196697 0.460877
-1.109911 -0.203530 0.458979
-1.086549 -0.203530 0.458979
-0.966761 -0.194426 0.452624
-0.947720 -0.197065 0.459936
-0.931815 -0.212201 0.444424
-0.924424 -0.207234 0.459742
-1.122794 -0.189433 0.446118
-1.108361 -0.184892 0.441362
-1.127212 -0.184764 0.460980
-1.109292 -0.175448 0.459666
-1.093348 -0.173526 0.452379
-1.054416 -0.170193 0.449041
-1.044804 -0.171401 0.450317
-1.007070 -0.171748 0.450041
-0.991887 -0.175609 0.453634
-0.977144 -0.186985 0.442623
-0.970979 -0.180584 0.459665
-1.081580 -0.166805 0.444516
-1.071939 -0.167463 0.445708
-1.086710 -0.163669 0.459616
-1.063137 -0.161494 0.458192
-1.034799 -0.165506 0.444422
-1.025160 -0.166894 0.445771
-1.039783 -0.162076 0.458349
-1.016401 -0.161793 0.459875
-1.103035 -0.520761 0.467330
-1.086762 -0.522836 0.466210
-1.109481 -0.523527 0.482921
-1.086501 -0.530411 0.482416
-1.116669 -0.512232 0.475879
-1.086549 -0.507236 0.482341
-1.063152 -0.535600 0.482531
-1.039817 -0.535529 0.477305
-1.017164 -0.536044 0.475933
-0.993143 -0.533950 0.481622
-0.976538 -0.522417 0.465913
-0.969524 -0.524455 0.482281
-0.962862 -0.513706 0.475802
-1.126420 -0.500387 0.466396
-1.133481 -0.506407 0.482961
-0.945633 -0.507022 0.482668
-1.170539 -0.474204 0.467535
-1.178472 -0.482130 0.483323
-1.155579 -0.488920 0.477325
-1.185282 -0.458596 0.477370
-0.923411 -0.489126 0.477370
-0.908788 -0.474172 0.467535
-0.900898 -0.482117 0.483323
-0.892981 -0.458032 0.477325
-1.203163 -0.436823 0.482668
-1.209847 -0.420321 0.475802
-0.881903 -0.429690 0.466396
-0.875891 -0.436353 0.482961
-0.870664 -0.420244 0.475879
-1.218558 -0.406909 0.465913
-1.220596 -0.413839 0.482281
-1.230090 -0.390314 0.481622
-0.876291 -0.390426 0.482341
-0.862401 -0.406871 0.467330
-0.860500 -0.390613 0.466210
-0.859733 -0.413239 0.482921
-0.853032 -0.390355 0.482416
-1.232174 -0.366299 0.475933
-0.847868 -0.367011 0.482534
-1.231648 -0.343646 0.477305
-0.847955 -0.343676 0.477311
-1.231732 -0.320314 0.482531
-0.847430 -0.321023 0.475936
-1.218964 -0.296819 0.466210
-1.226552 -0.296975 0.482416
-1.203359 -0.296978 0.482341
-0.849508 -0.297003 0.481622
-1.216902 -0.280706 0.467330
-1.219667 -0.274083 0.482921
-1.208372 -0.267076 0.475879
-0.869477 -0.266721 0.475802
-0.861030 -0.280397 0.465913
-0.858907 -0.273383 0.482281
-1.196527 -0.257627 0.466396
-1.202548 -0.250159 0.482961
-0.875434 -0.249493 0.482668
-1.185060 -0.228010 0.477325
-0.892880 -0.227270 0.477370
-1.170345 -0.212710 0.467535
-1.178270 -0.204781 0.483323
-1.154736 -0.196740 0.477370
-0.924151 -0.196840 0.477325
-0.908851 -0.212647 0.467535
-0.900922 -0.204757 0.483323
-1.132964 -0.179294 0.482668
-1.116462 -0.173336 0.475802
-0.993101 -0.180168 0.482341
-0.963217 -0.174523 0.475879
-0.953768 -0.185762 0.466396
-0.946299 -0.179750 0.482961
-1.103049 -0.164889 0.465913
-1.109980 -0.162766 0.482281
-1.086455 -0.153367 0.481622
-1.062440 -0.151278 0.475933
-1.039787 -0.151793 0.477305
-1.016455 -0.151719 0.482531
-0.992960 -0.164360 0.466210
-0.993116 -0.156892 0.482416
-0.976847 -0.166260 0.467330
-0.970224 -0.163592 0.482921
-1.056309 -0.545565 0.490682
-1.039406 -0.546002 0.490211
-1.063082 -0.547693 0.506102
-1.039817 -0.551885 0.506927
-1.069957 -0.538683 0.497551
-1.039825 -0.530598 0.505703
-1.017900 -0.547173 0.489049
-1.017229 -0.551906 0.507469
-1.016463 -0.530598 0.505703
-1.002577 -0.544524 0.491656
-0.994270 -0.548554 0.506964
-0.984674 -0.538681 0.497292
-1.126398 -0.521088 0.489496
-1.132797 -0.523996 0.506255
-1.109527 -0.533748 0.506109
-1.139997 -0.513577 0.499270
-1.109911 -0.507236 0.505703
-1.086223 -0.537423 0.498677
-1.063187 -0.507236 0.505703
-1.039825 -0.507236 0.505703
-0.993101 -0.507236 0.505703
-0.968625 -0.534297 0.504658
-0.953071 -0.521253 0.489373
-0.946151 -0.524457 0.505646
-0.939476 -0.513711 0.499164
-1.170347 -0.497789 0.491922
-1.155126 -0.501987 0.488394
-1.178693 -0.501746 0.506942
-1.155849 -0.511299 0.506674
-1.186843 -0.490628 0.498427
-0.924382 -0.502071 0.488353
-0.923236 -0.511802 0.506302
-0.909201 -0.497850 0.491907
-0.900996 -0.502419 0.506927
-0.892794 -0.490682 0.498427
-1.194001 -0.474017 0.491907
-1.198212 -0.458569 0.488353
-1.198560 -0.482450 0.506927
-1.207943 -0.460115 0.506302
-1.156635 -0.460512 0.505703
-1.139993 -0.489005 0.478038
-1.086549 -0.460512 0.505703
-1.016463 -0.460512 0.505703
-0.993101 -0.460512 0.505703
-0.938162 -0.489496 0.478149
-0.899653 -0.460512 0.505703
-0.885424 -0.473973 0.491922
-0.880948 -0.458478 0.488394
-0.881700 -0.482535 0.506942
-0.872049 -0.459597 0.506674
-1.209852 -0.443707 0.499164
-0.869593 -0.443579 0.499270
-1.217394 -0.430112 0.489373
-1.220598 -0.437212 0.505646
-1.230438 -0.414827 0.504658
-1.203359 -0.413788 0.505703
-1.185637 -0.441336 0.478149
-1.133273 -0.413788 0.505703
-1.086549 -0.413788 0.505703
-1.016463 -0.413788 0.505703
-0.993101 -0.413788 0.505703
-0.923015 -0.413788 0.505703
-0.890239 -0.439971 0.478038
-0.862074 -0.429979 0.489496
-0.859360 -0.436556 0.506255
-0.849700 -0.413376 0.506109
-1.234821 -0.398785 0.497292
-1.203359 -0.390426 0.505703
-1.156635 -0.390426 0.505703
-1.133273 -0.390426 0.505703
-1.086549 -0.390426 0.505703
-1.016463 -0.390426 0.505703
-0.993101 -0.390426 0.505703
-0.923015 -0.390426 0.505703
-0.846033 -0.390079 0.498677
-1.240665 -0.380886 0.491656
-1.243313 -0.365563 0.489049
-1.244694 -0.389193 0.506964
-1.248030 -0.366234 0.507480
-1.226721 -0.367064 0.505703
-0.899653 -0.367064 0.505703
-0.844780 -0.373817 0.497551
-1.242142 -0.344056 0.490211
-1.247993 -0.343646 0.506950
-1.226721 -0.343702 0.505703
-0.852929 -0.343702 0.505703
-0.837898 -0.360169 0.490682
-0.837461 -0.343266 0.490211
-0.835783 -0.366941 0.506111
-0.831610 -0.343676 0.506950
-1.241706 -0.327153 0.490682
-1.243788 -0.320381 0.506111
-1.234824 -0.313505 0.497551
-1.203359 -0.320340 0.505703
-1.156635 -0.320340 0.505703
-1.133273 -0.320340 0.505703
-1.086549 -0.320340 0.505703
-1.016463 -0.320340 0.505703
-0.993101 -0.320340 0.505703
-0.923015 -0.320340 0.505703
-0.899653 -0.320340 0.505703
-0.852929 -0.320340 0.505703
-0.836290 -0.321759 0.489049
-0.831614 -0.321088 0.507480
-1.233564 -0.297243 0.498677
-1.203359 -0.296978 0.505703
-1.156635 -0.296978 0.505703
-1.133273 -0.296978 0.505703
-1.086549 -0.296978 0.505703
-1.016463 -0.296978 0.505703
-0.993101 -0.296978 0.505703
-0.923015 -0.296978 0.505703
-0.899653 -0.296978 0.505703
-0.844778 -0.288533 0.497292
-0.838939 -0.306436 0.491656
-0.834931 -0.298129 0.506964
-1.229889 -0.273941 0.506109
-0.849156 -0.272485 0.504658
-1.217229 -0.257088 0.489496
-1.220137 -0.250673 0.506255
-1.209718 -0.243480 0.499270
-1.185146 -0.243806 0.478038
-1.133273 -0.250254 0.505703
-1.086549 -0.250254 0.505703
-1.016463 -0.250254 0.505703
-0.993101 -0.250254 0.505703
-0.923015 -0.250254 0.505703
-0.890002 -0.242022 0.478149
-0.869472 -0.243335 0.499164
-0.861929 -0.256930 0.489373
-0.858906 -0.250010 0.505646
-1.198127 -0.228357 0.488394
-1.207439 -0.227619 0.506674
-0.880880 -0.228241 0.488353
-0.871549 -0.227096 0.506302
-1.193930 -0.213112 0.491922
-1.197887 -0.204770 0.506942
-1.186769 -0.196600 0.498427
-1.156635 -0.203530 0.505703
-1.137476 -0.193861 0.478149
-1.086549 -0.203530 0.505703
-1.016463 -0.203530 0.505703
-0.993101 -0.203530 0.505703
-0.939947 -0.194098 0.478038
-0.892741 -0.196653 0.498427
-0.885368 -0.213060 0.491907
-0.881027 -0.204855 0.506927
-1.170158 -0.189228 0.491907
-1.154710 -0.184739 0.488353
-1.178591 -0.184886 0.506927
-1.156256 -0.175409 0.506302
-1.139848 -0.173331 0.499164
-0.939621 -0.173452 0.499270
-0.924497 -0.184807 0.488394
-0.923759 -0.175909 0.506674
-0.909252 -0.189284 0.491922
-0.900911 -0.185559 0.506942
-1.126253 -0.165789 0.489373
-1.133353 -0.162765 0.505646
-1.110968 -0.153015 0.504658
-1.094926 -0.148637 0.497292
-1.063187 -0.156806 0.505703
-1.039825 -0.156806 0.505703
-1.009646 -0.148639 0.497551
-0.993383 -0.149893 0.498677
-0.970082 -0.153559 0.506109
-0.953228 -0.165933 0.489496
-0.946814 -0.163219 0.506255
-1.077027 -0.142798 0.491656
-1.061704 -0.140149 0.489049
-1.085333 -0.138768 0.506964
-1.062374 -0.135416 0.507469
-1.040197 -0.141320 0.490211
-1.039787 -0.135437 0.506927
-1.023294 -0.141757 0.490682
-1.016522 -0.139629 0.506102
-1.099741 -0.544295 0.515885
-1.084997 -0.547460 0.511323
-1.104303 -0.547460 0.530629
-1.085342 -0.551947 0.530252
-1.116952 -0.537437 0.529406
-1.086549 -0.530598 0.529065
-1.063034 -0.553799 0.529161
-1.063187 -0.530598 0.529065
-1.039825 -0.554594 0.528861
-1.039825 -0.530598 0.529065
-1.016592 -0.554614 0.529223
-1.016463 -0.530598 0.529065
-0.993924 -0.552925 0.529915
-0.993101 -0.530598 0.529065
-0.978231 -0.544934 0.514253
-0.970942 -0.548554 0.530293
-0.961265 -0.538681 0.520700
-1.148295 -0.522154 0.512653
-1.149415 -0.523410 0.528887
-1.133216 -0.530474 0.529130
-1.162058 -0.512514 0.527710
-1.133273 -0.507236 0.529065
-0.993101 -0.507236 0.529065
-0.945595 -0.533950 0.529171
-0.946377 -0.507236 0.529065
-0.929850 -0.522422 0.512576
-0.923575 -0.523636 0.528916
-0.916303 -0.513781 0.522278
-1.192771 -0.495969 0.514592
-1.194586 -0.497230 0.524009
-1.180754 -0.501798 0.528545
-1.202534 -0.482919 0.528627
-1.188724 -0.491368 0.534013
-0.900542 -0.506393 0.528627
-0.892095 -0.492583 0.534013
-0.887494 -0.496630 0.514592
-0.886233 -0.498445 0.524009
-0.881662 -0.484611 0.528545
-1.209922 -0.467151 0.522278
-1.133273 -0.460512 0.529065
-1.086549 -0.460512 0.529065
-1.016463 -0.460512 0.529065
-0.993101 -0.460512 0.529065
-0.923015 -0.460512 0.529065
-0.899653 -0.460512 0.529065
-0.870942 -0.465912 0.527710
-1.218562 -0.453596 0.512576
-1.219777 -0.459883 0.528916
-1.230090 -0.437863 0.529171
-1.203359 -0.437150 0.529065
-0.876291 -0.437150 0.529065
-0.861293 -0.452138 0.512653
-0.860047 -0.453268 0.528887
-0.852983 -0.437070 0.529130
-1.234821 -0.422193 0.520700
-1.156635 -0.413788 0.529065
-1.133273 -0.413788 0.529065
-1.086549 -0.413788 0.529065
-1.016463 -0.413788 0.529065
-0.993101 -0.413788 0.529065
-0.923015 -0.413788 0.529065
-0.846023 -0.420808 0.529406
-1.241074 -0.405232 0.514253
-1.244694 -0.412521 0.530293
-1.249059 -0.389556 0.529929
-1.226721 -0.390426 0.529065
-1.156635 -0.390426 0.529065
-1.133273 -0.390426 0.529065
-1.086549 -0.390426 0.529065
-1.016463 -0.390426 0.529065
-0.993101 -0.390426 0.529065
-0.923015 -0.390426 0.529065
-0.899653 -0.390426 0.529065
-0.852929 -0.390426 0.529065
-0.839168 -0.403600 0.515885
-0.836003 -0.388856 0.511323
-0.836003 -0.408162 0.530629
-0.831522 -0.389219 0.530266
-1.250710 -0.366907 0.529273
-1.226721 -0.367064 0.529065
-0.852929 -0.367064 0.529065
-0.829708 -0.366930 0.529211
-1.250228 -0.343663 0.529243
-1.226721 -0.343702 0.529065
-0.852929 -0.343702 0.529065
-0.829376 -0.343708 0.529243
-1.249105 -0.320367 0.529187
-1.226721 -0.320340 0.529065
-1.156635 -0.320340 0.529065
-1.133273 -0.320340 0.529065
-1.086549 -0.320340 0.529065
-1.016463 -0.320340 0.529065
-0.993101 -0.320340 0.529065
-0.923015 -0.320340 0.529065
-0.899653 -0.320340 0.529065
-0.852929 -0.320340 0.529065
-0.829683 -0.320390 0.529248
-1.243574 -0.298466 0.511323
-1.247645 -0.298091 0.530254
-1.226721 -0.296978 0.529065
-1.203359 -0.296978 0.529065
-1.156635 -0.296978 0.529065
-1.133273 -0.296978 0.529065
-1.086549 -0.296978 0.529065
-1.016463 -0.296978 0.529065
-0.993101 -0.296978 0.529065
-0.923015 -0.296978 0.529065
-0.899653 -0.296978 0.529065
-0.852929 -0.296978 0.529065
-0.830980 -0.297753 0.529917
-1.240417 -0.283722 0.515885
-1.243574 -0.279160 0.530629
-1.233578 -0.266511 0.529406
-0.844778 -0.265124 0.520700
-0.838547 -0.282090 0.514253
-0.834931 -0.274801 0.530293
-1.226614 -0.250246 0.529130
-1.203359 -0.250254 0.529065
-1.156635 -0.250254 0.529065
-1.133273 -0.250254 0.529065
-1.086549 -0.250254 0.529065
-1.016463 -0.250254 0.529065
-0.993101 -0.250254 0.529065
-0.923015 -0.250254 0.529065
-0.849508 -0.249454 0.529171
-1.218294 -0.235168 0.512653
-1.219551 -0.234047 0.528887
-1.208655 -0.221404 0.527710
-0.869674 -0.220163 0.522278
-0.861025 -0.233710 0.512576
-0.859822 -0.227435 0.528916
-1.197938 -0.202708 0.528545
-1.187509 -0.194739 0.534013
-1.156635 -0.203530 0.529065
-1.133273 -0.203530 0.529065
-1.086549 -0.203530 0.529065
-1.016463 -0.203530 0.529065
-0.993101 -0.203530 0.529065
-0.890880 -0.195954 0.534013
-0.877068 -0.204401 0.528627
-1.192110 -0.190692 0.514592
-1.193371 -0.188877 0.524009
-1.179059 -0.180927 0.528627
-1.163292 -0.173533 0.522278
-0.946377 -0.180168 0.529065
-0.917545 -0.174801 0.527710
-0.898849 -0.185522 0.528545
-0.886832 -0.191353 0.514592
-0.885018 -0.190092 0.524009
-1.149737 -0.164884 0.512576
-1.156023 -0.163681 0.528916
-1.134004 -0.153367 0.529171
-1.118334 -0.148637 0.520700
-1.086549 -0.156806 0.529065
-1.063187 -0.156806 0.529065
-1.039825 -0.156806 0.529065
-1.016463 -0.156806 0.529065
-0.993101 -0.156806 0.529065
-0.962651 -0.149882 0.529406
-0.946387 -0.156842 0.529130
-0.931308 -0.165152 0.512653
-0.930188 -0.163906 0.528887
-1.101372 -0.142388 0.514253
-1.108662 -0.138768 0.530293
-1.085679 -0.134397 0.529915
-1.063012 -0.132708 0.529222
-1.039779 -0.132728 0.528861
-1.016569 -0.133523 0.529161
-0.994606 -0.139862 0.511323
-0.994262 -0.135375 0.530252
-0.979863 -0.143027 0.515885
-0.975301 -0.139862 0.530629
-1.109515 -0.547680 0.552544
-1.086378 -0.553767 0.552527
-1.118075 -0.538683 0.545668
-1.086549 -0.530598 0.552427
-1.062069 -0.559073 0.552450
-1.039802 -0.559529 0.548342
-1.017525 -0.559143 0.552441
-0.993287 -0.554582 0.552550
-0.993101 -0.530598 0.552427
-0.971458 -0.551890 0.553251
-0.969739 -0.530598 0.552427
-0.955634 -0.544524 0.538599
-0.953027 -0.547173 0.553922
-0.939910 -0.536033 0.553186
-1.155751 -0.525465 0.552417
-1.133094 -0.535605 0.552474
-1.165670 -0.515226 0.543052
-1.109911 -0.507236 0.552427
-1.063187 -0.507236 0.552427
-1.016463 -0.507236 0.552427
-0.922170 -0.525742 0.552489
-0.912947 -0.516110 0.561230
-0.908473 -0.520473 0.534046
-0.909639 -0.519431 0.543687
-0.899700 -0.507068 0.552462
-1.179960 -0.506492 0.552431
-1.189973 -0.493176 0.543670
-0.890287 -0.493832 0.543670
-1.216614 -0.474990 0.534046
-1.215572 -0.473824 0.543687
-1.203209 -0.483763 0.552462
-1.221883 -0.461293 0.552489
-1.212251 -0.470516 0.561230
-1.156635 -0.460512 0.552427
-0.876970 -0.483819 0.552431
-0.868237 -0.469529 0.543052
-1.232174 -0.443552 0.553186
-0.857998 -0.459610 0.552417
-0.847857 -0.436954 0.552474
-1.240665 -0.427829 0.538599
-1.243314 -0.430436 0.553922
-1.248030 -0.412005 0.553251
-1.226721 -0.413788 0.552427
-0.899653 -0.413788 0.552427
-0.844780 -0.421934 0.545668
-1.250710 -0.390212 0.552578
-1.226721 -0.390426 0.552427
-0.852929 -0.390426 0.552427
-0.835783 -0.413374 0.552544
-0.829708 -0.390274 0.552555
-1.255046 -0.366615 0.552870
-1.203359 -0.367064 0.552427
-0.852929 -0.367064 0.552427
-0.824626 -0.366606 0.552879
-1.254288 -0.344780 0.553581
-1.203359 -0.343702 0.552427
-0.852929 -0.343702 0.552427
-0.825315 -0.344780 0.553581
-1.250658 -0.320382 0.552521
-1.226721 -0.320340 0.552427
-0.852929 -0.320340 0.552427
-0.828859 -0.320370 0.552509
-1.249060 -0.297024 0.552531
-1.226721 -0.296978 0.552427
-0.852929 -0.296978 0.552427
-0.829728 -0.297085 0.552553
-1.243770 -0.273948 0.552544
-1.234824 -0.265388 0.545668
-0.852929 -0.273616 0.552427
-0.831637 -0.275317 0.553251
-1.231746 -0.250368 0.552474
-1.203359 -0.250254 0.552427
-0.899653 -0.250254 0.552427
-0.847430 -0.243770 0.553186
-0.838939 -0.259493 0.538599
-0.836290 -0.256886 0.553922
-1.221606 -0.227712 0.552417
-1.211367 -0.217793 0.543052
-0.867353 -0.216806 0.561230
-0.857721 -0.226029 0.552489
-1.202633 -0.203503 0.552431
-1.189317 -0.193490 0.543670
-0.946377 -0.203530 0.552427
-0.889630 -0.194146 0.543670
-0.876394 -0.203559 0.552462
-0.862990 -0.212332 0.534046
-0.864032 -0.213498 0.543686
-1.179904 -0.180254 0.552462
-1.166656 -0.171212 0.561230
-0.913934 -0.172096 0.543052
-0.899644 -0.180830 0.552431
-1.171130 -0.166849 0.534046
-1.169965 -0.167891 0.543687
-1.157434 -0.161580 0.552489
-1.139693 -0.151289 0.553186
-1.109911 -0.156806 0.552427
-1.086549 -0.156806 0.552427
-1.063187 -0.156806 0.552427
-1.039825 -0.156806 0.552427
-0.993101 -0.156806 0.552427
-0.961529 -0.148639 0.545668
-0.946509 -0.151717 0.552474
-0.923853 -0.161857 0.552417
-1.123970 -0.142798 0.538599
-1.126577 -0.140149 0.553922
-1.108146 -0.135432 0.553251
-1.086317 -0.132740 0.552550
-1.062078 -0.128179 0.552441
-1.039802 -0.127793 0.548342
-1.017535 -0.128249 0.552450
-0.993225 -0.133555 0.552527
-0.970089 -0.139642 0.552544
-1.054268 -0.568011 0.558819
-1.039802 -0.567782 0.558990
-1.052123 -0.566546 0.567034
-1.039802 -0.569055 0.569996
-1.061914 -0.558358 0.575547
-1.039802 -0.560354 0.581793
-1.025336 -0.568011 0.558819
-1.027480 -0.566546 0.567034
-1.017689 -0.558358 0.575547
-1.124944 -0.545565 0.559317
-1.125414 -0.546002 0.576220
-1.108676 -0.551853 0.575809
-1.138321 -0.535507 0.575809
-1.109911 -0.530598 0.575789
-1.086364 -0.554102 0.575808
-1.086549 -0.530598 0.575789
-0.993239 -0.554102 0.575853
-0.993101 -0.530598 0.575789
-0.970928 -0.551853 0.575839
-0.969739 -0.530598 0.575789
-0.954189 -0.546002 0.575429
-0.941283 -0.535507 0.575839
-1.169926 -0.519414 0.561203
-1.171275 -0.520591 0.570862
-1.157289 -0.524804 0.575818
-1.179676 -0.506715 0.576328
-1.165348 -0.514696 0.580867
-1.109911 -0.507236 0.575789
-1.063187 -0.507236 0.575789
-1.016463 -0.507236 0.575789
-0.993101 -0.507236 0.575789
-0.946377 -0.507236 0.575789
-0.922315 -0.524804 0.575854
-0.914223 -0.514696 0.570862
-1.193314 -0.497125 0.561250
-1.194541 -0.498401 0.570903
-1.202844 -0.483544 0.576328
-1.188207 -0.492103 0.582719
-0.899918 -0.506704 0.576328
-0.891360 -0.492067 0.582719
-0.886338 -0.497174 0.561250
-0.885062 -0.498401 0.570903
-0.876747 -0.483535 0.576328
-1.210837 -0.469239 0.570862
-1.156635 -0.460512 0.575789
-1.133273 -0.460512 0.575789
-1.086549 -0.460512 0.575789
-1.016463 -0.460512 0.575789
-0.993101 -0.460512 0.575789
-0.923015 -0.460512 0.575789
-0.899653 -0.460512 0.575789
-0.868766 -0.469207 0.580867
-0.864049 -0.473786 0.561203
-0.862872 -0.475134 0.570862
-0.858658 -0.461148 0.575818
-1.220945 -0.461148 0.575854
-1.231648 -0.442180 0.575839
-1.203359 -0.437150 0.575789
-0.847955 -0.442180 0.575809
-1.242142 -0.429274 0.575429
-1.247993 -0.412535 0.575839
-1.226721 -0.413788 0.575789
-1.156635 -0.413788 0.575789
-1.133273 -0.413788 0.575789
-1.086549 -0.413788 0.575789
-1.016463 -0.413788 0.575789
-0.993101 -0.413788 0.575789
-0.923015 -0.413788 0.575789
-0.899653 -0.413788 0.575789
-0.852929 -0.413788 0.575789
-0.837898 -0.428804 0.559317
-0.837461 -0.429274 0.576220
-0.831610 -0.412535 0.575809
-1.250228 -0.390242 0.575823
-1.226721 -0.390426 0.575789
-1.156635 -0.390426 0.575789
-1.133273 -0.390426 0.575789
-1.086549 -0.390426 0.575789
-1.016463 -0.390426 0.575789
-0.993101 -0.390426 0.575789
-0.923015 -0.390426 0.575789
-0.899653 -0.390426 0.575789
-0.852929 -0.390426 0.575789
-0.829376 -0.390242 0.575777
-1.254288 -0.365904 0.574705
-1.203359 -0.367064 0.575789
-0.852929 -0.367064 0.575789
-0.825315 -0.365904 0.574705
-1.263673 -0.360177 0.559308
-1.262149 -0.352998 0.561799
-1.262149 -0.357686 0.566487
-1.263673 -0.350507 0.568978
-1.255101 -0.344050 0.575435
-1.203359 -0.343702 0.575789
-0.852929 -0.343702 0.575789
-0.824502 -0.344050 0.575435
-0.815931 -0.360177 0.559308
-0.817454 -0.352998 0.561799
-0.817454 -0.357686 0.566487
-0.815931 -0.350507 0.568978
-1.250913 -0.320323 0.575800
-1.226721 -0.320340 0.575789
-1.156635 -0.320340 0.575789
-1.133273 -0.320340 0.575789
-1.086549 -0.320340 0.575789
-1.016463 -0.320340 0.575789
-0.993101 -0.320340 0.575789
-0.923015 -0.320340 0.575789
-0.899653 -0.320340 0.575789
-0.852929 -0.320340 0.575789
-0.828690 -0.320323 0.575800
-1.249538 -0.297032 0.575801
-1.226721 -0.296978 0.575789
-1.203359 -0.296978 0.575789
-1.156635 -0.296978 0.575789
-1.133273 -0.296978 0.575789
-1.086549 -0.296978 0.575789
-1.016463 -0.296978 0.575789
-0.993101 -0.296978 0.575789
-0.923015 -0.296978 0.575789
-0.899653 -0.296978 0.575789
-0.852929 -0.296978 0.575789
-0.830065 -0.297032 0.575847
-1.247948 -0.274787 0.575809
-1.226721 -0.273616 0.575789
-0.852929 -0.273616 0.575789
-0.831656 -0.274787 0.575839
-1.241706 -0.258518 0.559317
-1.242142 -0.258048 0.576220
-1.231648 -0.245142 0.575809
-1.203359 -0.250254 0.575789
-1.156635 -0.250254 0.575789
-1.133273 -0.250254 0.575789
-1.086549 -0.250254 0.575789
-1.016463 -0.250254 0.575789
-0.993101 -0.250254 0.575789
-0.923015 -0.250254 0.575789
-0.899653 -0.250254 0.575789
-0.847955 -0.245142 0.575839
-0.837461 -0.258048 0.575429
-1.220945 -0.226174 0.575818
-1.210837 -0.218115 0.580867
-0.868766 -0.218083 0.570862
-0.858658 -0.226174 0.575854
-1.215554 -0.213536 0.561203
-1.216732 -0.212188 0.570862
-1.202856 -0.203787 0.576328
-1.188244 -0.195255 0.582719
-1.156635 -0.203530 0.575789
-1.133273 -0.203530 0.575789
-1.086549 -0.203530 0.575789
-1.016463 -0.203530 0.575789
-0.993101 -0.203530 0.575789
-0.946377 -0.203530 0.575789
-0.891396 -0.195219 0.582719
-0.876759 -0.203778 0.576328
-1.193266 -0.190148 0.561250
-1.194541 -0.188922 0.570903
-1.179685 -0.180618 0.576328
-1.165380 -0.172626 0.570862
-0.914256 -0.172626 0.580867
-0.899928 -0.180607 0.576328
-0.886289 -0.190197 0.561250
-0.885062 -0.188922 0.570903
-1.157289 -0.162518 0.575854
-1.138321 -0.151815 0.575839
-1.109911 -0.156806 0.575789
-1.086549 -0.156806 0.575789
-1.063187 -0.156806 0.575789
-1.039825 -0.156806 0.575789
-0.993101 -0.156806 0.575789
-0.969739 -0.156806 0.575789
-0.941283 -0.151815 0.575809
-0.922315 -0.162518 0.575818
-0.909677 -0.167908 0.561203
-0.908329 -0.166731 0.570862
-1.125414 -0.141320 0.575429
-1.108676 -0.135469 0.575839
-1.086364 -0.133220 0.575853
-1.061914 -0.128964 0.575547
-1.039802 -0.126968 0.581793
-1.017689 -0.128964 0.575547
-0.993239 -0.133220 0.575808
-0.970928 -0.135469 0.575809
-0.954659 -0.141757 0.559317
-0.954189 -0.141320 0.576220
-1.054268 -0.119311 0.558819
-1.039802 -0.119540 0.558990
-1.052123 -0.120775 0.567034
-1.039802 -0.118267 0.569996
-1.025336 -0.119311 0.558819
-1.027480 -0.120775 0.567034
-1.126577 -0.547173 0.597726
-1.108146 -0.551849 0.598397
-1.139693 -0.536033 0.598462
-1.109911 -0.530598 0.599151
-1.086377 -0.553787 0.599129
-1.086549 -0.530598 0.599151
-1.063104 -0.554721 0.599679
-1.063187 -0.530598 0.599151
-1.039802 -0.555014 0.600236
-1.039825 -0.530598 0.599151
-1.016510 -0.554635 0.599667
-1.016463 -0.530598 0.599151
-0.993164 -0.552971 0.599152
-0.993101 -0.530598 0.599151
-0.970089 -0.547647 0.599104
-0.961529 -0.538683 0.605980
-0.954659 -0.545565 0.592332
-0.946509 -0.535605 0.599174
-1.157395 -0.525742 0.599159
-1.166287 -0.516146 0.590459
-0.923892 -0.525465 0.599231
-0.914318 -0.515251 0.608572
-0.908361 -0.520591 0.580867
-0.910046 -0.519445 0.590486
-0.902882 -0.507262 0.599243
-1.176664 -0.507947 0.599210
-1.187940 -0.492294 0.599217
-0.891169 -0.491799 0.599217
-1.216732 -0.475101 0.580867
-1.215586 -0.473416 0.590486
-1.203403 -0.480580 0.599243
-1.221606 -0.459571 0.599231
-1.211392 -0.469144 0.608572
-0.875516 -0.480523 0.599210
-0.867316 -0.470147 0.590459
-1.231746 -0.436954 0.599174
-0.857721 -0.461254 0.599159
-0.847430 -0.443552 0.598462
-1.241706 -0.428804 0.592332
-1.243788 -0.413374 0.599104
-1.234824 -0.421934 0.605980
-0.852929 -0.413788 0.599151
-0.836290 -0.430436 0.597726
-0.831614 -0.412005 0.598397
-1.249105 -0.390298 0.599118
-1.226721 -0.390426 0.599151
-0.852929 -0.390426 0.599151
-0.829683 -0.390237 0.599095
-1.250658 -0.366964 0.599103
-1.226721 -0.367064 0.599151
-0.852929 -0.367064 0.599151
-0.828859 -0.366976 0.599115
-1.250913 -0.343685 0.599162
-1.226721 -0.343702 0.599151
-0.852929 -0.343702 0.599151
-0.828690 -0.343685 0.599162
-1.250450 -0.320334 0.599151
-1.226721 -0.320340 0.599151
-0.852929 -0.320340 0.599151
-0.829240 -0.320345 0.599140
-1.249857 -0.297085 0.599095
-1.226721 -0.296978 0.599151
-0.852929 -0.296978 0.599151
-0.830562 -0.297024 0.599118
-1.247967 -0.275317 0.598397
-1.226721 -0.273616 0.599151
-0.844780 -0.265388 0.605980
-0.835834 -0.273948 0.599104
-1.243314 -0.256886 0.597726
-1.232174 -0.243770 0.598462
-0.847857 -0.250368 0.599174
-0.837898 -0.258518 0.592332
-1.221883 -0.226068 0.599159
-1.212287 -0.217175 0.590459
-0.868211 -0.218178 0.608572
-0.857998 -0.227751 0.599231
-1.204088 -0.206799 0.599210
-1.188434 -0.195523 0.599217
-0.891664 -0.195028 0.599217
-0.876201 -0.206742 0.599243
-0.862872 -0.212221 0.580867
-0.864017 -0.213906 0.590486
-1.176721 -0.180060 0.599243
-1.165285 -0.172071 0.608572
-0.913316 -0.171176 0.590459
-0.902939 -0.179375 0.599210
-1.171242 -0.166731 0.580867
-1.169557 -0.167877 0.590486
-1.155712 -0.161857 0.599231
-1.133094 -0.151717 0.599174
-1.118075 -0.148639 0.605980
-1.086549 -0.156806 0.599151
-1.063187 -0.156806 0.599151
-1.039825 -0.156806 0.599151
-1.016463 -0.156806 0.599151
-0.993101 -0.156806 0.599151
-0.969739 -0.156806 0.599151
-0.939910 -0.151289 0.598462
-0.922209 -0.161580 0.599159
-1.124944 -0.141757 0.592332
-1.109515 -0.139675 0.599104
-1.086439 -0.134351 0.599152
-1.063093 -0.132687 0.599667
-1.039802 -0.132308 0.600236
-1.016499 -0.132601 0.599679
-0.993226 -0.133535 0.599129
-0.971458 -0.135473 0.598397
-0.953027 -0.140149 0.597726
-1.123970 -0.544524 0.613049
-1.108662 -0.548532 0.621356
-1.134004 -0.533950 0.622482
-1.118334 -0.538681 0.630952
-1.085709 -0.552486 0.621749
-1.086549 -0.530598 0.622513
-1.063072 -0.553741 0.622434
-1.063187 -0.530598 0.622513
-1.039779 -0.553420 0.622522
-1.039825 -0.530598 0.622513
-1.016508 -0.552926 0.622496
-1.016463 -0.530598 0.622513
-0.994231 -0.551508 0.621412
-0.993101 -0.530598 0.622513
-0.975301 -0.547433 0.621020
-0.962652 -0.537437 0.622245
-1.169582 -0.519462 0.607941
-1.171072 -0.520463 0.617562
-1.156006 -0.523633 0.622725
-1.178764 -0.506292 0.622518
-1.163265 -0.513771 0.629338
-1.109911 -0.507236 0.622513
-1.086549 -0.507236 0.622513
-1.039825 -0.507236 0.622513
-0.993101 -0.507236 0.622513
-0.946387 -0.530474 0.622524
-0.946377 -0.507236 0.622513
-0.930200 -0.523410 0.622767
-0.917593 -0.512505 0.623908
-1.187079 -0.492138 0.615734
-0.899207 -0.501680 0.622501
-0.891324 -0.490939 0.615734
-1.197820 -0.484254 0.622501
-1.208646 -0.465863 0.623908
-1.156635 -0.460512 0.622513
-1.133273 -0.460512 0.622513
-1.086549 -0.460512 0.622513
-1.016463 -0.460512 0.622513
-0.993101 -0.460512 0.622513
-0.923015 -0.460512 0.622513
-0.899653 -0.460512 0.622513
-0.877168 -0.482623 0.622518
-0.869684 -0.467125 0.629338
-0.864001 -0.473441 0.607941
-0.863000 -0.474931 0.617562
-0.859825 -0.459865 0.622725
-1.219551 -0.453256 0.622767
-1.226614 -0.437070 0.622524
-1.203359 -0.437150 0.622513
-0.849508 -0.437863 0.622482
-1.233578 -0.420808 0.622245
-1.203359 -0.413788 0.622513
-1.156635 -0.413788 0.622513
-1.133273 -0.413788 0.622513
-1.086549 -0.413788 0.622513
-1.016463 -0.413788 0.622513
-0.993101 -0.413788 0.622513
-0.923015 -0.413788 0.622513
-0.899653 -0.413788 0.622513
-0.844778 -0.422193 0.630952
-0.838939 -0.427829 0.613049
-0.834931 -0.412521 0.621356
-1.243574 -0.408162 0.621020
-1.247645 -0.389231 0.621395
-1.226721 -0.390426 0.622513
-1.203359 -0.390426 0.622513
-1.156635 -0.390426 0.622513
-1.133273 -0.390426 0.622513
-1.086549 -0.390426 0.622513
-1.016463 -0.390426 0.622513
-0.993101 -0.390426 0.622513
-0.923015 -0.390426 0.622513
-0.899653 -0.390426 0.622513
-0.852929 -0.390426 0.622513
-0.830980 -0.389569 0.621732
-1.249060 -0.366955 0.622461
-1.226721 -0.367064 0.622513
-0.852929 -0.367064 0.622513
-0.829728 -0.366932 0.622400
-1.249538 -0.343684 0.622453
-1.226721 -0.343702 0.622513
-0.852929 -0.343702 0.622513
-0.830065 -0.343638 0.622453
-1.249857 -0.320390 0.622400
-1.226721 -0.320340 0.622513
-1.203359 -0.320340 0.622513
-1.156635 -0.320340 0.622513
-1.133273 -0.320340 0.622513
-1.086549 -0.320340 0.622513
-1.016463 -0.320340 0.622513
-0.993101 -0.320340 0.622513
-0.923015 -0.320340 0.622513
-0.899653 -0.320340 0.622513
-0.852929 -0.320340 0.622513
-0.830562 -0.320367 0.622461
-1.248614 -0.297753 0.621732
-1.226721 -0.296978 0.622513
-1.203359 -0.296978 0.622513
-1.156635 -0.296978 0.622513
-1.133273 -0.296978 0.622513
-1.086549 -0.296978 0.622513
-1.016463 -0.296978 0.622513
-0.993101 -0.296978 0.622513
-0.923015 -0.296978 0.622513
-0.899653 -0.296978 0.622513
-0.852929 -0.296978 0.622513
-0.831967 -0.298091 0.621395
-1.244673 -0.274801 0.621356
-1.234821 -0.265124 0.630952
-0.846022 -0.266511 0.622245
-0.836030 -0.279160 0.621020
-1.240665 -0.259493 0.613049
-1.230090 -0.249454 0.622482
-1.203359 -0.250254 0.622513
-1.156635 -0.250254 0.622513
-1.133273 -0.250254 0.622513
-1.086549 -0.250254 0.622513
-1.016463 -0.250254 0.622513
-0.993101 -0.250254 0.622513
-0.923015 -0.250254 0.622513
-0.899653 -0.250254 0.622513
-0.876291 -0.250254 0.622513
-0.852983 -0.250246 0.622524
-1.219774 -0.227452 0.622725
-1.209912 -0.220189 0.629338
-0.870951 -0.221452 0.623908
-0.860047 -0.234060 0.622767
-1.215603 -0.213881 0.607941
-1.216603 -0.212391 0.617562
-1.202433 -0.204697 0.622518
-1.188279 -0.196383 0.615734
-1.156635 -0.203530 0.622513
-1.109911 -0.203530 0.622513
-1.086549 -0.203530 0.622513
-1.016463 -0.203530 0.622513
-0.993101 -0.203530 0.622513
-0.946377 -0.203530 0.622513
-0.892524 -0.195184 0.615734
-0.881781 -0.203066 0.622501
-1.180394 -0.185640 0.622501
-1.162004 -0.174811 0.623908
-1.133273 -0.180168 0.622513
-0.916330 -0.173543 0.629338
-0.900838 -0.181028 0.622518
-1.149397 -0.163906 0.622767
-1.133210 -0.156842 0.622524
-1.116949 -0.149882 0.622245
-1.086549 -0.156806 0.622513
-1.063187 -0.156806 0.622513
-1.039825 -0.156806 0.622513
-1.016463 -0.156806 0.622513
-0.993101 -0.156806 0.622513
-0.961265 -0.148637 0.630952
-0.945595 -0.153367 0.622482
-0.923593 -0.163684 0.622725
-0.910021 -0.167860 0.607941
-0.908532 -0.166859 0.617562
-1.104303 -0.139889 0.621020
-1.085372 -0.135814 0.621412
-1.063095 -0.134396 0.622496
-1.039825 -0.133902 0.622522
-1.016531 -0.133581 0.622434
-0.993894 -0.134836 0.621749
-0.970942 -0.138790 0.621356
-0.955634 -0.142798 0.613049
-1.101372 -0.544915 0.637395
-1.085333 -0.548532 0.644684
-1.110968 -0.534297 0.647000
-1.094926 -0.538681 0.654361
-1.062374 -0.551826 0.644168
-1.063187 -0.530598 0.645876
-1.039787 -0.551807 0.644698
-1.039825 -0.530598 0.645876
-1.016522 -0.547629 0.645537
-1.009646 -0.538683 0.654097
-0.994606 -0.547433 0.640325
-0.993383 -0.537423 0.652974
-0.979863 -0.544277 0.635763
-0.970082 -0.533748 0.645549
-1.149737 -0.522422 0.639088
-1.133353 -0.524457 0.646102
-1.156248 -0.511799 0.645445
-1.139848 -0.513711 0.652764
-0.946814 -0.523996 0.645493
-0.939621 -0.513577 0.652656
-0.931308 -0.522154 0.639011
-0.923769 -0.511295 0.645070
-1.193332 -0.498403 0.627550
-1.192091 -0.496609 0.637012
-1.178575 -0.502413 0.644714
-1.197879 -0.482516 0.644694
-1.186769 -0.490682 0.653262
-0.900930 -0.501739 0.644694
-0.892741 -0.490628 0.653262
-0.885059 -0.497191 0.627550
-0.886853 -0.495950 0.637012
-0.881033 -0.482434 0.644714
-1.207440 -0.459577 0.645079
-0.871553 -0.460107 0.645445
-1.218294 -0.452138 0.639011
-1.220142 -0.436546 0.645500
-1.209733 -0.443544 0.652687
-0.869472 -0.443707 0.652764
-0.861025 -0.453596 0.639088
-0.858906 -0.437212 0.646102
-1.229889 -0.413376 0.645544
-0.849156 -0.414827 0.647000
-1.240417 -0.403600 0.635763
-1.243574 -0.388856 0.640325
-1.233564 -0.390079 0.652971
-0.844778 -0.398785 0.654361
-0.838547 -0.405232 0.637395
-0.834931 -0.389193 0.644684
-1.243770 -0.366941 0.645537
-1.234824 -0.373817 0.654097
-0.852929 -0.367064 0.645876
-0.831637 -0.366234 0.644168
-1.247948 -0.343676 0.644698
-1.226721 -0.343702 0.645876
-0.852929 -0.343702 0.645876
-0.831656 -0.343646 0.644698
-1.247967 -0.321088 0.644168
-1.226721 -0.320340 0.645876
-0.844780 -0.313505 0.654097
-0.835834 -0.320381 0.645537
-1.244673 -0.298129 0.644684
-1.234821 -0.288533 0.654361
-0.846033 -0.297243 0.652974
-0.836030 -0.298466 0.640325
-1.241056 -0.282090 0.637395
-1.230438 -0.272485 0.647000
-0.849700 -0.273941 0.645549
-0.839186 -0.283722 0.635763
-1.220598 -0.250010 0.646102
-1.209852 -0.243335 0.652764
-0.869593 -0.243480 0.652656
-0.859360 -0.250673 0.645493
-1.218562 -0.233710 0.639088
-1.207940 -0.227104 0.645445
-0.872053 -0.227628 0.645070
-0.861293 -0.235168 0.639011
-1.198554 -0.204871 0.644714
-1.186822 -0.196653 0.653262
-0.892794 -0.196600 0.653262
-0.881707 -0.204789 0.644694
-1.194544 -0.190131 0.627550
-1.192750 -0.191372 0.637012
-1.178657 -0.185566 0.644694
-1.155718 -0.175910 0.645079
-1.139685 -0.173444 0.652687
-0.939476 -0.173331 0.652764
-0.923244 -0.175412 0.645445
-0.901012 -0.184892 0.644714
-0.886271 -0.188919 0.627550
-0.887513 -0.190713 0.637012
-1.148279 -0.165152 0.639011
-1.132687 -0.163217 0.645500
-1.109517 -0.153559 0.645544
-1.086220 -0.149893 0.652971
-1.069957 -0.148639 0.654097
-1.039825 -0.156806 0.645876
-1.016463 -0.156806 0.645876
-0.984674 -0.148637 0.654361
-0.968625 -0.153015 0.647000
-0.946151 -0.162765 0.646102
-0.929850 -0.164884 0.639088
-1.099741 -0.143045 0.635763
-1.084997 -0.139889 0.640325
-1.063082 -0.139693 0.645537
-1.039817 -0.135515 0.644698
-1.017229 -0.135496 0.644168
-0.994270 -0.138790 0.644684
-0.978231 -0.142407 0.637395
-1.077027 -0.544524 0.659992
-1.061704 -0.547173 0.662599
-1.086455 -0.533950 0.670031
-1.062440 -0.536044 0.675715
-1.040197 -0.546002 0.661437
-1.039787 -0.535529 0.674343
-1.023294 -0.545565 0.660967
-1.016455 -0.535600 0.669117
-1.126253 -0.521253 0.662555
-1.109980 -0.524455 0.669468
-1.132964 -0.507022 0.669986
-1.116462 -0.513706 0.676126
-1.086549 -0.507236 0.669238
-1.039825 -0.507236 0.669238
-0.993116 -0.530411 0.669239
-0.993101 -0.507236 0.669238
-0.970224 -0.523526 0.668829
-0.963217 -0.512232 0.676054
-0.953228 -0.521088 0.662430
-0.946299 -0.506407 0.669674
-1.170158 -0.497850 0.659986
-1.154710 -0.502071 0.663807
-1.178282 -0.482091 0.668783
-1.154736 -0.489126 0.675734
-0.924497 -0.501987 0.663762
-0.924151 -0.488920 0.675745
-0.909252 -0.497789 0.659970
-0.900922 -0.482130 0.668755
-1.193941 -0.473947 0.659998
-1.198156 -0.458412 0.663828
-1.185311 -0.457383 0.676405
-1.156635 -0.460512 0.669238
-1.137476 -0.489496 0.677463
-0.939947 -0.489005 0.677492
-0.892880 -0.458596 0.675734
-0.885368 -0.474017 0.659986
-0.880880 -0.458569 0.663807
-1.202725 -0.435931 0.670032
-0.875434 -0.436823 0.669986
-1.217244 -0.429944 0.662454
-1.219676 -0.413242 0.668731
-1.208403 -0.420255 0.675782
-1.186541 -0.429630 0.686068
-0.890002 -0.441336 0.677463
-0.869477 -0.420321 0.676126
-0.861929 -0.430112 0.662555
-0.858907 -0.413839 0.669468
-1.226552 -0.390355 0.669225
-1.203359 -0.390426 0.669238
-0.899653 -0.390426 0.669238
-0.849508 -0.390314 0.670031
-1.231730 -0.367011 0.669114
-1.203359 -0.367064 0.669238
-0.847430 -0.366299 0.675715
-0.838939 -0.380886 0.659992
-0.836290 -0.365563 0.662599
-1.241706 -0.360169 0.660967
-1.242142 -0.343266 0.661437
-1.231642 -0.343676 0.674343
-0.847955 -0.343646 0.674343
-0.837461 -0.344056 0.661437
-1.243314 -0.321759 0.662599
-1.232171 -0.321023 0.675715
-1.203359 -0.320340 0.669238
-0.899653 -0.320340 0.669238
-0.847868 -0.320314 0.669117
-0.837898 -0.327153 0.660967
-1.240665 -0.306436 0.659992
-1.230090 -0.297003 0.670031
-1.203359 -0.296978 0.669238
-0.876291 -0.296978 0.669238
-0.853032 -0.296975 0.669239
-1.220596 -0.273383 0.669468
-1.209847 -0.266721 0.676126
-0.870664 -0.267076 0.676054
-0.859733 -0.274083 0.668829
-1.217394 -0.256930 0.662555
-1.203163 -0.249493 0.669986
-1.185637 -0.242022 0.677463
-0.946377 -0.250254 0.669238
-0.890239 -0.243806 0.677492
-0.875891 -0.250159 0.669675
-0.862074 -0.257088 0.662430
-1.198212 -0.228241 0.663807
-1.185267 -0.227270 0.675734
-0.892981 -0.228010 0.675745
-0.880948 -0.228357 0.663762
-1.193990 -0.213060 0.659986
-1.178232 -0.204751 0.668783
-1.153524 -0.196707 0.676405
-1.125771 -0.193040 0.686068
-1.063187 -0.203530 0.669238
-1.016463 -0.203530 0.669238
-0.993101 -0.203530 0.669238
-0.938162 -0.193861 0.677463
-0.923411 -0.196740 0.675734
-0.900898 -0.204781 0.668755
-0.885424 -0.213112 0.659970
-1.170087 -0.189277 0.659998
-1.154552 -0.184792 0.663828
-1.132071 -0.179658 0.670032
-1.116395 -0.174507 0.675782
-1.086549 -0.180168 0.669238
-0.962862 -0.173336 0.676126
-0.945633 -0.179294 0.669986
-0.924382 -0.184739 0.663807
-0.909201 -0.189227 0.659986
-1.126085 -0.165925 0.662454
-1.109383 -0.163587 0.668731
-1.086495 -0.156892 0.669225
-1.063152 -0.151719 0.669114
-1.039817 -0.151793 0.674343
-1.017164 -0.151278 0.675715
-0.993143 -0.153367 0.670031
-0.969524 -0.162766 0.669468
-0.953071 -0.165789 0.662555
-1.056309 -0.141757 0.660967
-1.039406 -0.141320 0.661437
-1.017900 -0.140149 0.662599
-1.002577 -0.142798 0.659992
-1.103049 -0.522417 0.685751
-1.086710 -0.523648 0.692037
-1.109292 -0.511763 0.692093
-1.093348 -0.513788 0.699278
-1.063137 -0.525828 0.693456
-1.054417 -0.517129 0.702607
-1.039783 -0.525246 0.693299
-1.044804 -0.515921 0.701331
-1.016401 -0.525523 0.691773
-1.007070 -0.515550 0.701607
-0.992960 -0.522836 0.685447
-0.991887 -0.511487 0.698025
-0.976847 -0.520761 0.684341
-0.970979 -0.505592 0.692160
-1.127212 -0.502046 0.691180
-1.138225 -0.489184 0.692212
-0.953768 -0.500387 0.685841
-0.947720 -0.487965 0.692872
-1.170368 -0.474156 0.684597
-1.155761 -0.479730 0.692327
-1.175812 -0.458948 0.692393
-1.163686 -0.467522 0.700174
-1.086549 -0.460512 0.692600
-1.016463 -0.460512 0.692600
-0.966761 -0.488760 0.699361
-0.924424 -0.479431 0.692360
-0.915891 -0.467524 0.700174
-0.908851 -0.474204 0.684569
-0.903228 -0.459620 0.692327
-1.185233 -0.436772 0.692841
-0.892838 -0.442084 0.692212
-1.196916 -0.430003 0.685574
-1.201912 -0.413816 0.690790
-1.133273 -0.413788 0.692600
-1.086549 -0.413788 0.692600
-1.016463 -0.413788 0.692600
-0.993101 -0.413788 0.692600
-0.923015 -0.413788 0.692600
-0.880904 -0.431071 0.691180
-0.871588 -0.413151 0.692093
-1.216917 -0.406917 0.684028
-1.218982 -0.390630 0.685315
-1.207639 -0.391815 0.697783
-1.156635 -0.390426 0.692600
-1.133273 -0.390426 0.692600
-1.086549 -0.390426 0.692600
-1.016463 -0.390426 0.692600
-0.993101 -0.390426 0.692600
-0.923015 -0.390426 0.692600
-0.869666 -0.397207 0.699278
-0.861030 -0.406909 0.685751
-0.859810 -0.390570 0.692037
-1.221604 -0.367068 0.691767
-1.211622 -0.376417 0.701583
-0.866953 -0.358296 0.702661
-0.857682 -0.366996 0.693456
-1.220869 -0.343691 0.693332
-1.210611 -0.338699 0.701439
-0.868673 -0.348704 0.701439
-0.858630 -0.343655 0.693332
-1.221870 -0.320326 0.693456
-1.212111 -0.329067 0.702697
-1.156635 -0.320340 0.692600
-1.133273 -0.320340 0.692600
-1.086549 -0.320340 0.692600
-1.016463 -0.320340 0.692600
-0.993101 -0.320340 0.692600
-0.923015 -0.320340 0.692600
-0.868322 -0.310905 0.701637
-0.858020 -0.320260 0.691773
-1.219771 -0.296735 0.692034
-1.209903 -0.290066 0.699268
-1.156635 -0.296978 0.692600
-1.133273 -0.296978 0.692600
-1.086549 -0.296978 0.692600
-1.016463 -0.296978 0.692600
-0.993101 -0.296978 0.692600
-0.923015 -0.296978 0.692600
-0.890566 -0.270620 0.699361
-0.871797 -0.295710 0.698016
-0.860512 -0.296819 0.685447
-1.218558 -0.280397 0.685751
-1.207896 -0.274048 0.692090
-0.876732 -0.274826 0.692157
-0.862401 -0.280706 0.684341
-1.198187 -0.255739 0.691180
-1.185325 -0.243797 0.692212
-1.133273 -0.250254 0.692600
-1.086549 -0.250254 0.692600
-1.016463 -0.250254 0.692600
-0.993101 -0.250254 0.692600
-0.893205 -0.251579 0.692872
-0.881903 -0.257627 0.685841
-1.175871 -0.227197 0.692327
-1.163663 -0.219690 0.700174
-0.915836 -0.219751 0.700174
-0.903375 -0.228283 0.692360
-1.170296 -0.212638 0.684597
-1.155089 -0.207162 0.692393
-1.132913 -0.196747 0.692841
-0.939937 -0.196697 0.692212
-0.923338 -0.207087 0.692327
-0.908788 -0.212710 0.684569
-1.126144 -0.185644 0.685574
-1.109957 -0.180486 0.690790
-1.087955 -0.175603 0.697783
-1.072558 -0.171748 0.701583
-1.034799 -0.171401 0.701331
-1.025187 -0.170193 0.702607
-0.986248 -0.173526 0.699278
-0.970201 -0.175448 0.692093
-0.951880 -0.184764 0.691180
-1.103058 -0.166252 0.684028
-1.086771 -0.164356 0.685315
-1.063208 -0.161793 0.691767
-1.039820 -0.162076 0.693299
-1.016466 -0.161494 0.693456
-0.992888 -0.163669 0.692037
-0.976538 -0.164889 0.685751
-1.081580 -0.520517 0.707133
-1.071939 -0.519859 0.705940
-1.086962 -0.506538 0.714815
-1.063164 -0.511021 0.714988
-1.034799 -0.521816 0.707226
-1.025160 -0.520428 0.705877
-1.039802 -0.512279 0.714753
-1.016433 -0.510301 0.714979
-1.122794 -0.497655 0.705765
-1.108361 -0.502409 0.710308
-1.131762 -0.483084 0.714685
-1.108841 -0.489888 0.721525
-1.093348 -0.491969 0.722936
-1.063187 -0.483874 0.715962
-1.039825 -0.483874 0.715962
-0.993092 -0.501306 0.715528
-0.986562 -0.490295 0.721598
-0.977144 -0.499725 0.709050
-0.971095 -0.488060 0.715072
-1.148460 -0.475369 0.707382
-1.156464 -0.460337 0.715826
-1.140664 -0.467910 0.723062
-1.109911 -0.460512 0.715962
-1.086549 -0.460512 0.715962
-0.993101 -0.460512 0.715962
-0.947942 -0.479301 0.714755
-0.939019 -0.467437 0.723015
-0.931815 -0.474749 0.707412
-0.923132 -0.460305 0.715826
-1.171092 -0.451815 0.707401
-1.175689 -0.435943 0.714532
-1.163635 -0.444515 0.722997
-0.915551 -0.444505 0.723062
-0.907864 -0.452319 0.707382
-0.900164 -0.435621 0.714685
-1.184422 -0.414057 0.713441
-1.156635 -0.413788 0.715962
-1.139868 -0.420432 0.744498
-1.086549 -0.413788 0.715962
-1.016463 -0.413788 0.715962
-0.966830 -0.439927 0.744498
-0.946377 -0.413788 0.715962
-0.893559 -0.412701 0.721525
-0.885573 -0.426653 0.705765
-0.881032 -0.412220 0.710308
-1.195899 -0.406983 0.708386
-1.197414 -0.390616 0.715281
-1.186464 -0.397293 0.721219
-1.133273 -0.390426 0.715962
-1.086549 -0.390426 0.715962
-1.016463 -0.390426 0.715962
-0.993101 -0.390426 0.715962
-0.946377 -0.390426 0.715962
-0.891494 -0.397207 0.722936
-0.876951 -0.390832 0.714801
-1.205566 -0.367090 0.715000
-1.156635 -0.367064 0.715962
-0.899653 -0.367064 0.715962
-0.873137 -0.367072 0.715019
-0.862945 -0.385440 0.707133
-0.863657 -0.375799 0.705940
-1.215791 -0.358323 0.705930
-1.216538 -0.348704 0.707333
-1.202550 -0.344167 0.716072
-1.185823 -0.338748 0.724650
-0.889762 -0.338748 0.724650
-0.876018 -0.344167 0.716072
-1.202846 -0.320279 0.715929
-1.188717 -0.329091 0.725899
-1.133273 -0.320340 0.715962
-1.086549 -0.320340 0.715962
-1.016463 -0.320340 0.715962
-0.993101 -0.320340 0.715962
-0.946377 -0.320340 0.715962
-0.889072 -0.329091 0.725899
-0.876946 -0.320269 0.715921
-0.862811 -0.338699 0.707333
-0.864019 -0.329039 0.705967
-1.215537 -0.311503 0.705972
-1.216599 -0.301842 0.707122
-1.202326 -0.295983 0.714697
-1.188071 -0.290026 0.722894
-1.156635 -0.296978 0.715962
-1.109911 -0.296978 0.715962
-1.086549 -0.296978 0.715962
-1.016463 -0.296978 0.715962
-0.993101 -0.296978 0.715962
-0.939736 -0.270690 0.744498
-0.892855 -0.290324 0.721554
-0.882343 -0.296332 0.715387
-1.198530 -0.275050 0.710300
-1.186014 -0.274573 0.721509
-0.894152 -0.274925 0.715059
-0.883158 -0.280955 0.709038
-1.193795 -0.260434 0.705765
-1.179224 -0.251486 0.714685
-1.164050 -0.242779 0.723062
-1.116573 -0.243595 0.744498
-1.086549 -0.250254 0.715962
-1.016463 -0.250254 0.715962
-0.993101 -0.250254 0.715962
-0.946377 -0.250254 0.715962
-0.915937 -0.242878 0.723015
-0.903558 -0.251802 0.714755
-1.171510 -0.234773 0.707382
-1.156478 -0.226980 0.715826
-1.140656 -0.219790 0.722997
-0.938919 -0.219410 0.723062
-0.923123 -0.226991 0.715826
-0.908342 -0.235674 0.707412
-1.147956 -0.212144 0.707401
-1.132084 -0.207347 0.714532
-1.110198 -0.197885 0.713441
-1.093434 -0.196660 0.721219
-1.063187 -0.203530 0.715962
-1.039825 -0.203530 0.715962
-1.016463 -0.203530 0.715962
-0.986256 -0.195353 0.722936
-0.970747 -0.197419 0.721525
-0.947626 -0.204023 0.714685
-0.930914 -0.211723 0.707382
-1.103123 -0.186968 0.708386
-1.086745 -0.185793 0.715298
-1.063182 -0.177010 0.714969
-1.039802 -0.175043 0.714753
-1.016440 -0.176301 0.714988
-0.992639 -0.180782 0.714815
-0.971221 -0.184892 0.710308
-0.956574 -0.189433 0.705765
-1.054444 -0.166894 0.705877
-1.044804 -0.165506 0.707226
-1.007664 -0.167463 0.705940
-0.998023 -0.166805 0.707133
-1.079760 -0.498961 0.729891
-1.062710 -0.499763 0.730960
-1.087047 -0.484316 0.734139
-1.063169 -0.483719 0.742617
-1.039802 -0.501620 0.732855
-1.039802 -0.488239 0.744235
-1.016916 -0.499276 0.730965
-1.016446 -0.483664 0.742590
-0.999905 -0.497779 0.729904
-0.992768 -0.483624 0.733592
-1.123645 -0.474499 0.730184
-1.108428 -0.478300 0.733802
-1.132043 -0.459254 0.735199
-1.109320 -0.459454 0.743879
-1.087940 -0.465915 0.744759
-1.072547 -0.469614 0.747912
-1.039825 -0.460512 0.739324
-1.007089 -0.469577 0.747887
-0.991927 -0.465647 0.744536
-0.971631 -0.477570 0.732493
-0.971456 -0.458255 0.743176
-0.956287 -0.473632 0.729307
-0.947962 -0.458807 0.734990
-1.147973 -0.451848 0.730436
-1.155339 -0.435902 0.734980
-1.132982 -0.436846 0.744118
-1.116653 -0.443826 0.746925
-0.947749 -0.435708 0.744118
-0.931799 -0.451648 0.730436
-0.924410 -0.435701 0.735199
-1.169980 -0.427572 0.729109
-1.173977 -0.412370 0.732210
-1.155529 -0.413155 0.743161
-0.939975 -0.420175 0.746925
-0.924123 -0.413065 0.743879
-0.908968 -0.427490 0.730184
-0.905170 -0.412280 0.733802
-1.179844 -0.390944 0.733426
-1.162044 -0.391800 0.744529
-0.917555 -0.391792 0.744759
-0.899171 -0.390915 0.734101
-1.193852 -0.383636 0.729821
-1.194572 -0.367081 0.730338
-1.179480 -0.367081 0.741719
-1.165715 -0.376406 0.747815
-0.913863 -0.376406 0.747845
-0.899861 -0.367081 0.741752
-0.884558 -0.383660 0.729835
-0.884294 -0.367090 0.730343
-1.195486 -0.350564 0.730911
-1.183668 -0.344265 0.738144
-1.156635 -0.343702 0.739324
-0.923015 -0.343702 0.739324
-0.894720 -0.344265 0.738144
-0.883477 -0.350564 0.730911
-1.180101 -0.320275 0.738650
-1.165737 -0.310891 0.747465
-0.913840 -0.310924 0.747440
-0.899107 -0.320284 0.738627
-1.193076 -0.311463 0.728695
-1.194541 -0.301761 0.729378
-1.180281 -0.295800 0.733742
-1.162047 -0.295486 0.744711
-0.917561 -0.295750 0.744488
-0.899773 -0.296008 0.733195
-0.886857 -0.311489 0.728701
-0.886197 -0.301814 0.729390
-1.174431 -0.274999 0.733779
-1.155591 -0.274129 0.743870
-1.139966 -0.266810 0.746925
-0.924063 -0.275301 0.743167
-0.905390 -0.275454 0.732469
-1.170640 -0.259807 0.730184
-1.155395 -0.251420 0.735199
-1.132987 -0.250481 0.744118
-0.962950 -0.243834 0.746925
-0.946622 -0.251608 0.744118
-0.924255 -0.251821 0.734990
-0.909443 -0.260146 0.729307
-1.147989 -0.235490 0.730436
-1.132043 -0.228114 0.734980
-1.109295 -0.227919 0.743161
-1.087940 -0.221411 0.744529
-1.072547 -0.217712 0.747882
-1.039825 -0.226892 0.739324
-1.007056 -0.217708 0.747912
-0.991663 -0.221414 0.744759
-0.970284 -0.227982 0.743879
-0.947561 -0.228269 0.735199
-0.931631 -0.235658 0.730436
-1.123713 -0.213294 0.729109
-1.108510 -0.209233 0.732210
-1.087072 -0.203470 0.733464
-1.063169 -0.203647 0.742584
-1.039802 -0.199083 0.744235
-1.016435 -0.203603 0.742617
-0.992557 -0.203009 0.734139
-0.971176 -0.209030 0.733802
-0.955948 -0.212827 0.730184
-1.079736 -0.189505 0.729877
-1.062701 -0.188032 0.730955
-1.039802 -0.185702 0.732855
-1.016893 -0.187559 0.730960
-0.999843 -0.188361 0.729891
-1.053876 -0.474550 0.753384
-1.039802 -0.476821 0.755709
-1.063139 -0.460419 0.758522
-1.039779 -0.460062 0.761718
-1.025728 -0.474550 0.753384
-1.016441 -0.460452 0.758547
-1.103062 -0.452212 0.754463
-1.086749 -0.453802 0.756011
-1.110053 -0.437079 0.757238
-1.086511 -0.437078 0.766083
-1.062426 -0.443024 0.768595
-1.039756 -0.443143 0.768700
-1.016484 -0.443504 0.768792
-0.993114 -0.453860 0.756262
-0.993394 -0.440853 0.766432
-0.977214 -0.451552 0.754976
-0.971498 -0.434956 0.760741
-1.126341 -0.430219 0.755294
-1.132066 -0.412935 0.760741
-1.111209 -0.419139 0.766978
-1.095870 -0.422808 0.771111
-1.063187 -0.413788 0.762686
-1.039825 -0.413788 0.762686
-1.016463 -0.413788 0.762686
-0.993101 -0.413788 0.762686
-0.964539 -0.414853 0.766978
-0.953831 -0.429613 0.755294
-0.946591 -0.413705 0.757238
-1.148285 -0.406841 0.754976
-1.150253 -0.390601 0.756262
-1.137213 -0.390287 0.766432
-1.109911 -0.390426 0.762686
-1.086549 -0.390426 0.762686
-1.063187 -0.390426 0.762686
-1.039825 -0.390426 0.762686
-1.016463 -0.390426 0.762686
-0.993101 -0.390426 0.762686
-0.960679 -0.399705 0.771111
-0.946395 -0.390360 0.766083
-0.931278 -0.406893 0.754463
-0.929671 -0.390598 0.756011
-1.156589 -0.367035 0.758510
-1.139664 -0.366998 0.768792
-1.109911 -0.367064 0.762686
-1.086549 -0.367064 0.762686
-1.063187 -0.367064 0.762686
-1.039825 -0.367064 0.762686
-0.993101 -0.367064 0.762686
-0.969739 -0.367064 0.762686
-0.940439 -0.366285 0.768595
-0.923051 -0.366999 0.758485
-1.170430 -0.357759 0.752639
-1.172586 -0.343698 0.754599
-1.156166 -0.343684 0.761626
-1.139284 -0.343707 0.768700
-1.109911 -0.343702 0.762686
-1.086549 -0.343702 0.762686
-1.063187 -0.343702 0.762686
-1.039825 -0.343702 0.762686
-0.993101 -0.343702 0.762686
-0.969739 -0.343702 0.762686
-0.940319 -0.343615 0.768700
-0.923416 -0.343638 0.761626
-0.908993 -0.357759 0.752639
-0.906755 -0.343697 0.754599
-1.170450 -0.329611 0.752275
-1.156543 -0.320323 0.758446
-1.139164 -0.321037 0.768595
-1.109911 -0.320340 0.762686
-1.086549 -0.320340 0.762686
-1.063187 -0.320340 0.762686
-1.039825 -0.320340 0.762686
-1.016463 -0.320340 0.762686
-0.993101 -0.320340 0.762686
-0.969739 -0.320340 0.762686
-0.939939 -0.320343 0.768792
-0.923005 -0.320300 0.758471
-0.908961 -0.329611 0.752275
-1.149942 -0.296713 0.755999
-1.133219 -0.296952 0.766083
-1.118949 -0.287593 0.771111
-1.086549 -0.296978 0.762686
-1.063187 -0.296978 0.762686
-1.039825 -0.296978 0.762686
-1.016463 -0.296978 0.762686
-0.993101 -0.296978 0.762686
-0.969739 -0.296978 0.762686
-0.942390 -0.297254 0.766432
-0.929350 -0.296973 0.756250
-1.148353 -0.280401 0.754463
-1.133220 -0.273410 0.757238
-1.115280 -0.272254 0.766978
-1.086549 -0.273616 0.762686
-1.063187 -0.273616 0.762686
-1.039825 -0.273616 0.762686
-1.016463 -0.273616 0.762686
-0.983733 -0.264538 0.771111
-0.968394 -0.268398 0.766978
-0.947537 -0.275357 0.760741
-0.931319 -0.281073 0.754976
-1.126360 -0.257122 0.755294
-1.109075 -0.251397 0.760741
-1.086428 -0.246250 0.766432
-1.063139 -0.243798 0.768792
-1.039847 -0.244179 0.768700
-1.017177 -0.244298 0.768595
-0.993092 -0.250255 0.766083
-0.969551 -0.250450 0.757238
-0.953262 -0.257691 0.755294
-1.102981 -0.235178 0.754976
-1.086742 -0.233210 0.756262
-1.063176 -0.226857 0.758547
-1.039825 -0.227260 0.761718
-1.016464 -0.226903 0.758522
-0.992854 -0.233531 0.756011
-0.976542 -0.235137 0.754463
-1.053876 -0.212772 0.753384
-1.039802 -0.210501 0.755709
-1.025728 -0.212772 0.753384
-1.077116 -0.427812 0.776720
-1.061673 -0.430443 0.779398
-1.086474 -0.412792 0.780954
-1.062418 -0.412052 0.784155
-1.039710 -0.429900 0.778855
-1.039756 -0.412526 0.784898
-1.016512 -0.430774 0.779695
-1.016527 -0.412217 0.784543
-0.994316 -0.429107 0.777451
-0.994249 -0.412530 0.783716
-0.978369 -0.428440 0.775928
-0.977099 -0.413226 0.777749
-1.124861 -0.405373 0.775928
-1.109485 -0.406482 0.777749
-1.125366 -0.389266 0.777451
-1.108686 -0.389229 0.783716
-1.086383 -0.389745 0.785495
-1.063057 -0.390274 0.786834
-1.039779 -0.390588 0.787203
-1.016535 -0.390320 0.786864
-0.993753 -0.390271 0.785495
-0.970677 -0.390327 0.780954
-1.126923 -0.366958 0.779695
-1.108350 -0.366939 0.784527
-1.086374 -0.366992 0.786832
-1.062096 -0.367049 0.791340
-1.039802 -0.371143 0.791719
-1.017521 -0.367063 0.791340
-0.993275 -0.366980 0.786803
-0.971422 -0.366278 0.784139
-0.955650 -0.380975 0.776720
-0.953019 -0.365532 0.779398
-1.126040 -0.343752 0.778855
-1.108644 -0.343707 0.784866
-1.086328 -0.343677 0.786711
-1.061914 -0.343938 0.790543
-1.039802 -0.337692 0.792518
-1.017689 -0.343938 0.790543
-0.993276 -0.343632 0.786711
-0.970959 -0.343615 0.784866
-0.953563 -0.343570 0.778855
-1.126584 -0.321790 0.779398
-1.108182 -0.321044 0.784098
-1.086389 -0.320310 0.786007
-1.063110 -0.319783 0.786927
-1.039802 -0.319250 0.787205
-1.016476 -0.319800 0.786927
-0.993169 -0.320299 0.786037
-0.971254 -0.320386 0.784486
-0.952681 -0.320371 0.779695
-1.123953 -0.306347 0.776720
-1.108933 -0.296989 0.780932
-1.085884 -0.297032 0.785056
-1.063129 -0.296994 0.785991
-1.039825 -0.297000 0.786029
-1.016485 -0.297040 0.785961
-0.993190 -0.297565 0.785056
-0.970917 -0.298108 0.783688
-0.954237 -0.298175 0.777451
-1.102623 -0.273977 0.777736
-1.085370 -0.274777 0.783688
-1.063080 -0.275113 0.784463
-1.039847 -0.274818 0.784821
-1.017185 -0.275281 0.784075
-0.993129 -0.274536 0.780932
-0.970118 -0.280959 0.777736
-0.954743 -0.282229 0.775928
-1.101514 -0.258602 0.775928
-1.085407 -0.258097 0.777451
-1.063099 -0.256540 0.779695
-1.039893 -0.257422 0.778855
-1.017930 -0.256879 0.779398
-1.002487 -0.259510 0.776720
-1.054268 -0.360666 0.800174
-1.039802 -0.360495 0.799945
-1.052123 -0.352451 0.798710
-1.039802 -0.349489 0.801218
-1.025336 -0.360666 0.800174
-1.027480 -0.352451 0.798710

TETRAHEDRA
0 1 2 4
1 3 2 7
1 2 4 7
1 4 5 7
2 4 7 6
1 8 9 10
1 9 3 7
1 5 10 7
9 10 11 7
1 10 9 7
12 13 14 16
13 15 14 19
13 14 16 19
13 16 17 19
14 16 19 18
13 20 21 22
13 21 15 19
13 17 22 19
21 22 23 19
13 22 21 19
20 24 21 22
24 25 21 27
24 21 22 27
24 22 26 27
21 22 27 23
24 28 29 30
24 29 25 27
24 26 30 27
29 30 31 27
24 30 29 27
28 32 29 30
32 33 29 35
32 29 30 35
32 30 34 35
29 30 35 31
14 15 37 19
14 37 36 38
14 18 19 38
37 19 39 38
14 19 37 38
15 21 37 19
21 40 37 41
21 37 19 41
21 19 23 41
37 19 41 39
21 25 42 27
21 42 40 41
21 23 27 41
42 27 43 41
21 27 42 41
25 29 42 27
29 44 42 45
29 42 27 45
29 27 31 45
42 27 45 43
29 33 46 35
29 46 44 45
29 31 35 45
46 35 47 45
29 35 46 45
33 48 46 35
48 49 46 51
48 46 35 51
48 35 50 51
46 35 51 47
48 52 53 54
48 53 49 51
48 50 54 51
53 54 55 51
48 54 53 51
56 36 58 38
56 58 57 60
56 59 38 60
58 38 61 60
56 38 58 60
36 37 58 38
37 62 58 63
37 58 38 63
37 38 39 63
58 38 63 61
37 40 4 41
37 4 62 63
37 39 41 63
4 41 192 63
37 41 4 63
40 42 4 41
42 5 4 193
42 4 41 193
42 41 43 193
4 41 193 192
42 44 10 45
42 10 5 193
42 43 45 193
42 45 10 193
44 46 10 45
46 64 10 65
46 10 45 65
46 45 47 65
10 45 65 193
46 49 66 51
46 66 64 65
46 47 51 65
66 51 67 65
46 51 66 65
49 53 66 51
53 68 66 69
53 66 51 69
53 51 55 69
66 51 69 67
57 58 70 60
58 71 70 73
58 70 60 73
58 60 61 73
70 60 73 72
58 62 74 63
58 74 71 73
58 61 63 73
74 63 75 73
58 63 74 73
62 4 74 63
4 6 74 202
4 74 63 202
4 63 192 202
74 63 202 75
4 5 7 193
4 7 6 202
4 192 193 202
7 193 203 202
4 193 7 202
5 10 7 193
10 11 7 203
10 7 193 203
10 64 76 65
10 76 11 203
10 193 65 203
76 65 77 203
10 65 76 203
64 66 76 65
66 78 76 79
66 76 65 79
66 65 67 79
76 65 79 77
66 68 80 69
66 80 78 79
66 67 69 79
80 69 81 79
66 69 80 79
70 71 83 73
70 83 82 84
70 72 73 84
83 73 85 84
70 73 83 84
71 74 83 73
74 86 83 87
74 83 73 87
74 73 75 87
83 73 87 85
74 6 88 202
74 88 86 87
74 75 202 87
88 202 89 87
74 202 88 87
6 7 88 202
7 90 88 91
7 88 202 91
7 202 203 91
88 202 91 89
7 11 92 203
7 92 90 91
92 203 93 91
7 203 92 91
11 76 92 203
76 94 92 95
76 92 203 95
76 203 77 95
92 203 95 93
76 78 96 79
76 96 94 95
76 77 79 95
96 79 97 95
76 79 96 95
78 80 96 79
80 98 96 99
80 96 79 99
80 79 81 99
96 79 99 97
82 83 100 84
83 101 100 103
83 100 84 103
83 84 85 103
100 84 103 102
83 86 104 87
83 104 101 103
83 85 87 103
104 87 105 103
83 87 104 103
86 88 104 87
88 106 104 107
88 104 87 107
88 87 89 107
104 87 107 105
88 90 108 91
88 108 106 107
88 89 91 107
108 91 109 107
88 91 108 107
90 92 108 91
92 110 108 111
92 108 91 111
92 91 93 111
108 91 111 109
92 94 112 95
92 112 110 111
92 93 95 111
112 95 113 111
92 95 112 111
94 96 112 95
96 114 112 115
96 112 95 115
96 95 97 115
112 95 115 113
96 98 116 99
96 116 114 115
96 97 99 115
116 99 117 115
96 99 116 115
100 101 119 103
100 119 118 120
100 102 103 120
119 103 121 120
100 103 119 120
101 104 119 103
104 122 119 123
104 119 103 123
104 103 105 123
119 103 123 121
104 106 124 107
104 124 122 123
104 105 107 123
124 107 125 123
104 107 124 123
106 108 124 107
108 126 124 127
108 124 107 127
108 107 109 127
124 107 127 125
108 110 128 111
108 128 126 127
108 109 111 127
128 111 129 127
108 111 128 127
110 112 128 111
112 130 128 131
112 128 111 131
112 111 113 131
128 111 131 129
112 114 132 115
112 132 130 131
112 113 115 131
132 115 133 131
112 115 132 131
122 124 134 123
124 135 134 137
124 134 123 137
124 123 125 137
134 123 137 136
124 126 138 127
124 138 135 137
124 125 127 137
138 127 139 137
124 127 138 137
126 128 138 127
128 140 138 141
128 138 127 141
128 127 129 141
138 127 141 139
128 130 142 131
128 142 140 141
128 129 131 141
142 131 143 141
128 131 142 141
130 132 142 131
132 144 142 145
132 142 131 145
132 131 133 145
142 131 145 143
146 147 149 151
146 149 148 152
146 150 151 152
149 151 153 152
146 151 149 152
147 154 149 151
154 155 149 157
154 149 151 157
154 151 156 157
149 151 157 153
158 159 16 160
159 17 16 163
159 16 160 163
159 160 161 163
16 160 163 162
159 148 22 152
159 22 17 163
159 161 152 163
159 152 22 163
148 149 22 152
149 26 22 164
149 22 152 164
149 152 153 164
22 152 164 163
149 155 30 157
149 30 26 164
149 153 157 164
149 157 30 164
155 165 30 157
165 34 30 175
165 30 157 175
165 157 166 175
30 157 175 164
165 167 168 169
165 168 34 175
165 166 169 175
168 169 170 175
165 169 168 175
171 16 172 173
16 18 172 162
16 172 173 162
172 173 162 174
16 17 19 163
16 19 18 162
16 163 19 162
17 22 19 163
22 23 19 163
22 26 27 164
22 27 23 163
22 164 27 163
26 30 27 164
30 31 27 164
30 34 35 175
30 35 31 164
30 175 35 164
34 168 35 175
168 50 35 175
168 176 54 177
168 54 50 175
168 170 177 175
54 177 178 175
168 177 54 175
179 172 180 181
172 59 180 183
172 180 181 183
172 181 174 183
180 181 183 182
172 18 38 162
172 38 59 183
172 174 162 183
172 162 38 183
18 19 38 162
19 39 38 192
19 38 162 192
19 162 163 192
38 162 192 183
19 23 41 163
19 41 39 192
19 163 41 192
23 27 41 163
27 43 41 193
27 41 163 193
27 163 164 193
41 163 193 192
27 31 45 164
27 45 43 193
27 164 45 193
31 35 45 164
35 47 45 184
35 45 164 184
35 164 175 184
45 164 184 193
35 50 51 175
35 51 47 184
35 175 51 184
50 54 51 175
54 55 51 185
54 51 175 185
54 175 178 185
51 175 185 184
54 186 187 188
54 187 55 185
54 178 188 185
187 188 189 185
54 188 187 185
180 59 60 183
180 60 190 191
180 182 183 191
180 183 60 191
59 38 60 183
38 61 60 183
38 39 63 192
38 63 61 183
38 192 63 183
39 41 63 192
45 47 65 184
45 184 65 193
47 51 65 184
51 67 65 184
51 55 69 185
51 69 67 184
51 185 69 184
55 187 69 185
187 194 69 195
187 69 185 195
187 185 189 195
196 190 198 191
196 198 197 200
196 199 191 200
198 191 201 200
196 191 198 200
190 60 198 191
60 72 198 214
60 198 191 214
60 191 183 214
198 191 214 201
60 61 73 183
60 73 72 214
60 183 73 214
61 63 73 183
63 75 73 202
63 73 183 202
63 183 192 202
73 183 202 214
193 202 192 203
65 77 203 215
65 203 193 215
65 193 184 215
65 67 79 184
65 79 77 215
65 184 79 215
67 69 79 184
69 81 79 216
69 79 184 216
69 184 185 216
79 184 216 215
69 194 204 195
69 204 81 216
69 185 195 216
204 195 205 216
69 195 204 216
194 206 204 195
206 207 204 209
206 204 195 209
206 195 208 209
204 195 209 205
197 198 210 200
198 211 210 213
198 210 200 213
198 200 201 213
210 200 213 212
198 72 84 214
198 84 211 213
198 201 214 213
198 214 84 213
72 73 84 214
73 85 84 214
73 75 87 202
73 87 85 214
73 202 87 214
203 77 95 215
77 79 95 215
79 97 95 215
79 81 99 216
79 99 97 215
79 216 99 215
81 204 99 216
204 217 99 218
204 99 216 218
204 216 205 218
204 207 219 209
204 219 217 218
204 205 209 218
219 209 220 218
204 209 219 218
211 84 221 213
84 102 221 223
84 221 213 223
84 213 214 223
221 213 223 222
84 85 103 214
84 103 102 223
84 214 103 223
85 87 103 214
87 105 103 224
87 103 214 224
87 214 202 224
103 214 224 223
87 89 107 202
87 107 105 224
87 202 107 224
89 91 107 202
91 109 107 225
91 107 202 225
91 202 203 225
107 202 225 224
91 93 111 203
91 111 109 225
91 203 111 225
93 95 111 203
95 113 111 226
95 111 203 226
95 203 215 226
111 203 226 225
95 97 115 215
95 115 113 226
95 215 115 226
97 99 115 215
99 117 115 227
99 115 215 227
99 215 216 227
115 215 227 226
99 217 228 218
99 228 117 227
99 216 218 227
228 218 229 227
99 218 228 227
221 102 120 223
221 120 230 231
221 222 223 231
221 223 120 231
102 103 120 223
103 121 120 223
103 105 123 224
103 123 121 223
103 224 123 223
105 107 123 224
107 125 123 224
107 109 127 225
107 127 125 224
107 225 127 224
109 111 127 225
111 129 127 225
111 113 131 226
111 131 129 225
111 226 131 225
113 115 131 226
115 133 131 226
115 117 232 227
115 232 133 226
232 227 233 226
115 227 232 226
117 228 232 227
228 234 232 235
228 232 227 235
228 227 229 235
232 227 235 233
120 121 237 223
120 237 236 238
237 223 239 238
120 223 237 238
121 123 237 223
123 136 237 240
123 237 223 240
123 223 224 240
237 223 240 239
123 125 137 224
123 137 136 240
123 224 137 240
125 127 137 224
127 139 137 241
127 137 224 241
127 224 225 241
137 224 241 240
127 129 141 225
127 141 139 241
127 225 141 241
129 131 141 225
131 143 141 242
131 141 225 242
131 225 226 242
141 225 242 241
131 133 145 226
131 145 143 242
131 226 145 242
133 232 145 226
232 243 145 244
232 145 226 244
232 226 233 244
145 226 244 242
237 136 246 240
237 246 245 247
237 239 240 247
246 240 248 247
237 240 246 247
136 137 246 240
137 249 246 250
137 246 240 250
246 240 250 248
137 139 251 241
137 251 249 250
137 240 241 250
251 241 252 250
137 241 251 250
139 141 251 241
141 253 251 254
141 251 241 254
251 241 254 252
141 143 255 242
141 255 253 254
141 241 242 254
255 242 256 254
141 242 255 254
143 145 255 242
145 257 255 258
145 255 242 258
255 242 258 256
249 251 259 250
251 260 259 262
251 259 250 262
251 250 252 262
259 250 262 261
251 253 263 254
251 263 260 262
251 252 254 262
263 254 264 262
251 254 263 262
265 266 267 268
266 150 267 409
266 267 268 409
266 268 269 409
267 268 409 270
266 271 151 272
266 151 150 409
266 269 272 409
151 272 410 409
266 272 151 409
271 273 151 272
273 156 151 275
273 151 272 275
273 272 274 275
151 272 275 410
273 276 277 278
273 277 156 275
273 274 278 275
277 278 279 275
273 278 277 275
280 281 160 284
280 160 282 285
280 283 284 285
160 284 408 285
280 284 160 285
281 267 160 284
267 161 160 409
267 160 284 409
267 284 270 409
160 284 409 408
267 150 152 409
267 152 161 409
150 151 152 409
151 153 152 410
151 152 409 410
151 156 157 275
151 157 153 410
151 275 157 410
156 277 157 275
277 166 157 411
277 157 275 411
277 275 279 411
157 275 411 410
277 286 169 287
277 169 166 411
277 279 287 411
277 287 169 411
286 288 169 287
288 289 169 291
288 169 287 291
288 287 290 291
169 287 291 411
292 282 173 285
292 173 293 295
292 294 285 295
173 285 427 295
292 285 173 295
282 160 173 285
160 162 173 427
160 173 285 427
160 285 408 427
160 161 163 409
160 163 162 427
160 408 409 427
163 409 428 427
160 409 163 427
161 152 163 409
152 163 409 428
152 153 164 410
152 164 163 428
152 409 410 428
164 410 429 428
152 410 164 428
153 157 164 410
157 164 410 429
157 166 175 411
157 175 164 429
157 410 411 429
175 411 430 429
157 411 175 429
166 169 175 411
169 170 175 430
169 175 411 430
169 289 177 291
169 177 170 430
169 411 291 430
177 291 431 430
169 291 177 430
289 296 177 291
296 297 177 299
296 177 291 299
296 291 298 299
177 291 299 431
300 293 181 295
300 181 301 303
300 302 295 303
181 295 426 303
300 295 181 303
293 173 181 295
173 174 181 427
173 181 295 427
181 295 427 426
173 162 174 427
163 162 427 428
164 163 428 429
175 429 164 430
170 177 175 430
177 178 175 431
177 175 430 431
177 297 188 299
177 188 178 431
177 299 188 431
297 304 188 299
304 305 188 307
304 188 299 307
304 299 306 307
188 299 307 431
301 181 308 303
181 182 308 434
181 308 303 434
181 303 426 434
308 303 434 309
181 174 183 427
181 183 182 434
181 426 427 434
183 427 435 434
181 427 183 434
174 162 183 427
162 183 427 435
162 163 192 428
162 192 183 435
162 427 428 435
192 428 436 435
162 428 192 435
163 428 192 436
163 164 193 429
163 193 192 436
163 428 429 436
193 429 437 436
163 429 193 436
164 429 193 437
164 175 184 430
164 184 193 437
164 429 430 437
184 430 438 437
164 430 184 437
175 184 430 438
175 178 185 431
175 185 184 438
175 430 431 438
185 431 439 438
175 431 185 438
178 188 185 431
188 189 185 439
188 185 431 439
188 305 310 307
188 310 189 439
188 431 307 439
310 307 311 439
188 307 310 439
312 308 313 314
308 199 313 316
308 313 314 316
308 314 309 316
313 314 316 315
308 182 191 434
308 191 199 316
308 309 434 316
308 434 191 316
182 183 191 434
183 191 434 435
192 435 183 436
193 192 436 437
184 193 437 438
185 184 438 439
185 189 195 439
189 310 195 439
310 208 195 448
310 195 439 448
310 439 311 448
310 317 318 319
310 318 208 448
310 311 319 448
318 319 320 448
310 319 318 448
313 199 200 316
313 200 321 322
313 315 316 322
200 316 323 322
313 316 200 322
199 191 200 316
191 201 200 462
191 200 316 462
191 316 434 462
200 316 462 323
191 183 214 435
191 214 201 462
191 434 435 462
214 435 463 462
191 435 214 462
183 214 435 463
183 192 202 436
183 202 214 463
183 435 436 463
202 436 464 463
183 436 202 463
192 202 436 464
192 193 203 437
192 203 202 464
192 436 437 464
203 437 465 464
192 437 203 464
193 203 437 465
193 184 215 438
193 215 203 465
193 437 438 465
215 438 466 465
193 438 215 465
184 215 438 466
184 185 216 439
184 216 215 466
184 438 439 466
216 439 467 466
184 439 216 466
185 195 216 439
195 205 216 467
195 216 439 467
195 208 209 448
195 209 205 467
195 439 448 467
209 448 451 467
195 448 209 467
208 318 209 448
318 324 209 325
318 209 448 325
318 448 320 325
209 448 325 451
200 201 213 462
200 213 212 326
200 323 462 326
200 462 213 326
201 214 213 462
214 213 462 463
202 214 463 464
203 202 464 465
215 465 203 466
216 215 466 467
216 205 218 467
205 209 218 467
209 220 218 327
209 218 467 327
209 467 451 327
328 212 330 326
328 330 329 332
328 331 326 332
330 326 333 332
328 326 330 332
212 213 330 326
213 222 330 470
213 330 326 470
213 326 462 470
330 326 470 333
213 214 223 463
213 223 222 470
213 462 463 470
223 463 471 470
213 463 223 470
214 223 463 471
214 202 224 464
214 224 223 471
214 463 464 471
224 464 472 471
214 464 224 471
202 224 464 472
202 203 225 465
202 225 224 472
202 464 465 472
225 465 473 472
202 465 225 472
203 225 465 473
203 215 226 466
203 226 225 473
203 465 466 473
226 466 474 473
203 466 226 473
215 226 466 474
215 216 227 467
215 227 226 474
215 466 467 474
227 467 475 474
215 467 227 474
216 218 227 467
218 229 227 475
218 227 467 475
218 220 334 327
218 334 229 475
218 467 327 475
334 327 335 475
218 327 334 475
220 336 334 327
336 337 334 339
336 334 327 339
336 327 338 339
334 327 339 335
330 222 231 470
330 231 340 341
330 333 470 341
330 470 231 341
222 223 231 470
223 231 470 471
224 223 471 472
225 224 472 473
226 225 473 474
227 233 226 475
227 226 474 475
227 229 235 475
227 235 233 475
229 334 235 475
334 342 235 343
334 235 475 343
334 475 335 343
340 231 344 341
231 345 344 347
231 344 341 347
231 341 470 347
344 341 347 346
231 223 238 471
231 238 345 347
231 470 471 347
238 471 488 347
231 471 238 347
223 239 238 488
223 238 471 488
223 224 240 472
223 240 239 488
223 471 472 488
240 472 489 488
223 472 240 488
224 240 472 489
224 225 241 473
224 241 240 489
224 472 473 489
241 473 490 489
224 473 241 489
225 241 473 490
225 226 242 474
225 242 241 490
225 473 474 490
242 474 491 490
225 474 242 490
226 242 474 491
226 233 244 475
226 244 242 491
226 474 475 491
244 475 492 491
226 475 244 491
233 235 244 475
235 348 244 349
235 244 475 349
244 475 349 492
235 342 350 343
235 350 348 349
235 475 343 349
350 343 351 349
235 343 350 349
345 238 352 347
238 353 352 355
238 352 347 355
238 347 488 355
352 347 355 354
238 239 247 488
238 247 353 355
238 488 247 355
239 240 247 488
240 248 247 489
240 247 488 489
240 250 248 489
240 241 250 489
241 252 250 490
241 250 489 490
241 254 252 490
241 242 254 490
242 256 254 491
242 254 490 491
242 258 256 491
242 244 258 491
244 356 258 357
244 258 491 357
244 491 492 357
244 348 358 349
244 358 356 357
244 492 349 357
358 349 359 357
244 349 358 357
353 247 360 355
247 361 360 363
247 360 355 363
247 355 488 363
360 355 363 362
247 248 364 489
247 364 361 363
247 488 489 363
364 489 365 363
247 489 364 363
248 250 364 489
250 261 364 366
250 364 489 366
364 489 366 365
250 252 262 490
250 262 261 366
250 489 490 366
262 490 367 366
250 490 262 366
252 254 262 490
254 264 262 367
254 262 490 367
254 256 368 491
254 368 264 367
254 490 491 367
368 491 369 367
254 491 368 367
256 258 368 491
258 370 368 371
258 368 491 371
368 491 371 369
258 356 372 357
258 372 370 371
258 491 357 371
372 357 373 371
258 357 372 371
364 261 375 366
364 375 374 376
364 365 366 376
375 366 377 376
364 366 375 376
261 262 375 366
262 378 375 379
262 375 366 379
262 366 367 379
375 366 379 377
262 264 380 367
262 380 378 379
380 367 381 379
262 367 380 379
264 368 380 367
368 382 380 383
368 380 367 383
368 367 369 383
380 367 383 381
384 385 272 387
384 272 269 388
384 386 387 388
272 387 389 388
384 387 272 388
390 391 278 393
390 278 274 394
390 392 393 394
278 393 395 394
390 393 278 394
396 268 284 397
268 270 284 409
268 284 397 409
268 397 398 409
284 397 409 408
268 269 409 388
268 398 388 409
269 272 409 388
272 409 388 410
272 388 389 410
272 274 275 394
272 389 394 410
272 394 275 410
274 278 275 394
278 279 275 411
278 275 394 411
278 394 395 411
275 394 411 410
278 399 287 400
278 287 279 411
278 395 400 411
278 400 287 411
399 401 287 400
401 290 287 403
401 287 400 403
401 400 402 403
287 400 403 411
404 283 285 406
404 285 294 407
404 405 406 407
285 406 408 407
404 406 285 407
283 284 285 406
284 285 406 408
287 290 291 403
291 403 412 411
287 403 291 411
290 413 291 403
413 298 291 415
413 291 403 415
413 403 414 415
291 403 415 412
416 294 295 407
416 295 302 418
416 417 407 418
295 407 426 418
416 407 295 418
294 285 295 407
285 295 407 427
285 407 408 427
295 407 427 426
409 427 408 428
410 428 409 429
411 429 410 430
291 430 411 431
291 411 412 431
291 298 299 415
291 412 415 431
291 415 299 431
298 419 299 415
419 306 299 421
419 299 415 421
419 415 420 421
299 415 421 431
422 302 303 418
422 303 423 425
422 424 418 425
303 418 426 425
422 418 303 425
302 295 303 418
295 303 418 426
299 306 307 421
307 421 432 431
299 421 307 431
423 303 314 425
303 309 314 434
303 314 425 434
303 425 426 434
314 425 434 433
427 434 426 435
428 435 427 436
429 436 428 437
430 437 429 438
431 438 430 439
307 311 439 448
307 439 431 448
307 431 432 448
307 440 319 441
307 319 311 448
307 432 441 448
319 441 442 448
307 441 319 448
443 314 444 445
314 315 444 447
314 444 445 447
314 445 433 447
444 445 447 446
314 309 316 434
314 316 315 447
314 433 434 447
314 434 316 447
319 320 448 449
319 448 442 449
315 316 322 447
316 323 322 462
316 322 447 462
316 447 434 462
322 447 462 450
435 462 434 463
436 463 435 464
437 464 436 465
438 465 437 466
439 466 438 467
448 467 439 451
448 320 325 449
325 449 452 451
448 449 325 451
320 453 325 449
453 454 325 456
453 325 449 456
453 449 455 456
325 449 456 452
457 322 458 459
322 331 458 461
322 458 459 461
322 459 450 461
458 459 461 460
322 323 326 462
322 326 331 461
322 450 462 461
322 462 326 461
325 338 327 468
325 327 451 468
325 451 452 468
331 326 332 461
326 333 332 470
326 332 461 470
326 461 462 470
332 461 470 469
463 470 462 471
464 471 463 472
465 472 464 473
466 473 465 474
467 474 466 475
327 335 475 476
327 475 467 476
327 467 451 476
327 338 339 468
327 339 335 476
327 451 468 476
339 468 477 476
327 468 339 476
338 478 339 468
478 479 339 481
478 339 468 481
478 468 480 481
339 468 481 477
332 333 341 470
332 341 482 483
332 469 470 483
332 470 341 483
475 335 343 476
335 339 343 476
339 484 343 485
339 343 476 485
339 476 477 485
341 347 346 486
347 470 487 486
341 470 347 486
471 347 470 488
347 470 488 487
472 488 471 489
473 489 472 490
474 490 473 491
475 491 474 492
343 351 349 493
343 349 475 493
343 475 476 493
349 475 493 492
343 484 494 485
343 494 351 493
343 476 485 493
494 485 495 493
343 485 494 493
346 347 496 486
347 354 496 498
347 496 486 498
347 486 487 498
496 486 498 497
347 355 354 498
347 487 488 498
347 488 355 498
349 359 357 499
349 357 492 499
349 351 500 493
349 500 359 499
349 492 493 499
500 493 501 499
349 493 500 499
354 355 502 498
355 362 502 504
355 502 498 504
355 498 488 504
502 498 504 503
355 363 362 504
363 488 505 504
355 488 363 504
489 365 363 506
489 363 488 506
363 488 506 505
489 366 365 506
490 366 489 367
366 489 367 506
491 369 367 507
491 367 490 507
491 371 369 507
357 373 371 508
357 371 491 508
357 491 492 508
371 491 508 507
357 359 509 499
357 509 373 508
357 492 499 508
509 499 510 508
357 499 509 508
362 363 511 504
363 512 511 514
363 511 504 514
363 504 505 514
511 504 514 513
363 365 376 506
363 376 512 514
363 505 506 514
376 506 515 514
363 506 376 514
365 366 376 506
366 377 376 516
366 376 506 516
376 506 516 515
366 379 377 516
366 506 367 516
379 367 517 516
366 367 379 516
367 381 379 518
379 367 518 517
367 369 383 507
367 383 381 518
383 507 519 518
367 507 383 518
369 371 383 507
371 520 383 521
371 383 507 521
383 507 521 519
376 377 523 516
376 523 522 524
376 515 516 524
523 516 525 524
376 516 523 524
379 381 527 518
379 527 526 528
379 517 518 528
527 518 529 528
379 518 527 528
530 531 397 532
531 398 397 535
531 397 532 535
531 532 533 535
397 532 535 534
531 386 388 536
531 388 398 535
531 533 536 535
388 536 628 535
531 536 388 535
386 387 388 536
387 389 388 629
387 388 536 629
387 536 537 629
388 536 629 628
387 392 394 538
387 394 389 629
387 537 538 629
387 538 394 629
392 393 394 538
393 395 394 630
393 394 538 630
393 538 539 630
394 538 630 629
393 540 400 541
393 400 395 630
393 539 541 630
400 541 542 630
393 541 400 630
543 397 406 544
397 408 406 650
397 406 544 650
397 544 534 650
397 398 409 535
397 409 408 650
397 534 535 650
409 535 651 650
397 535 409 650
398 388 409 535
388 409 535 651
388 535 628 651
388 389 410 629
388 410 409 651
388 628 629 651
410 629 652 651
388 629 410 651
389 394 410 629
394 410 629 652
394 395 411 630
394 411 410 652
394 629 630 652
411 630 653 652
394 630 411 652
395 400 411 630
400 411 630 653
400 630 542 653
400 402 403 545
400 403 411 653
400 542 545 653
403 545 654 653
400 545 403 653
546 405 407 548
546 407 417 549
546 547 548 549
407 548 649 549
546 548 407 549
405 406 407 548
406 408 407 650
406 407 548 650
407 548 650 649
409 408 650 651
410 409 651 652
411 410 652 653
403 412 411 654
403 411 653 654
403 414 415 550
403 415 412 654
403 550 415 654
414 551 415 550
551 420 415 553
551 415 550 553
551 550 552 553
415 550 553 654
417 407 418 549
407 426 418 666
407 418 549 666
407 549 649 666
407 408 427 650
407 427 426 666
407 649 650 666
427 650 667 666
407 650 427 666
408 427 650 667
408 409 428 651
408 428 427 667
408 650 651 667
428 651 668 667
408 651 428 667
409 428 651 668
409 410 429 652
409 429 428 668
409 651 652 668
429 652 669 668
409 652 429 668
410 652 429 669
410 411 430 653
410 430 429 669
410 652 653 669
430 653 670 669
410 653 430 669
411 430 653 670
411 412 431 654
411 431 430 670
411 653 654 670
431 654 671 670
411 654 431 670
412 415 431 654
415 431 654 671
415 420 421 553
415 421 431 671
415 654 553 671
421 553 672 671
415 553 421 671
424 418 425 554
418 426 425 666
418 425 554 666
425 554 666 555
427 426 666 667
428 427 667 668
429 428 668 669
430 429 669 670
431 430 670 671
421 432 431 672
421 431 671 672
421 556 441 557
421 441 432 672
441 557 558 672
421 557 441 672
559 425 445 560
425 433 445 677
425 445 560 677
425 560 555 677
445 560 677 561
425 426 434 666
425 434 433 677
425 555 666 677
434 666 678 677
425 666 434 677
426 434 666 678
426 427 435 667
426 435 434 678
426 666 667 678
435 667 679 678
426 667 435 678
427 435 667 679
427 428 436 668
427 436 435 679
427 667 668 679
436 668 680 679
427 668 436 679
428 436 668 680
428 429 437 669
428 437 436 680
428 668 669 680
437 669 681 680
428 669 437 680
429 437 669 681
429 430 438 670
429 438 437 681
429 669 670 681
438 670 682 681
429 670 438 681
430 438 670 682
430 431 439 671
430 439 438 682
430 670 671 682
439 671 683 682
430 671 439 682
431 671 439 683
431 432 448 672
431 448 439 683
431 671 672 683
448 672 690 683
431 672 448 683
432 441 448 672
441 442 448 562
441 448 672 562
441 672 558 562
448 672 562 690
441 563 564 565
441 564 442 562
441 558 565 562
564 565 566 562
441 565 564 562
445 433 447 677
445 447 446 567
445 561 677 567
445 677 447 567
433 434 447 677
434 447 677 678
435 434 678 679
436 435 679 680
437 436 680 681
438 437 681 682
439 438 682 683
448 439 683 690
448 442 449 562
448 562 449 690
442 564 449 562
564 455 449 568
564 449 562 568
564 562 566 568
449 562 568 690
446 447 459 567
447 450 459 703
447 459 567 703
447 567 677 703
459 567 703 569
447 434 462 678
447 462 450 703
447 677 678 703
462 678 704 703
447 678 462 703
434 462 678 704
434 435 463 679
434 463 462 704
434 678 679 704
463 679 705 704
434 679 463 704
435 463 679 705
435 436 464 680
435 464 463 705
435 679 680 705
464 680 706 705
435 680 464 705
436 464 680 706
436 437 465 681
436 465 464 706
436 680 681 706
465 681 707 706
436 681 465 706
437 465 681 707
437 438 466 682
437 466 465 707
437 681 682 707
466 682 708 707
437 682 466 707
438 466 682 708
438 439 467 683
438 467 466 708
438 682 683 708
467 683 709 708
438 683 467 708
439 467 683 709
439 448 451 690
439 451 467 709
439 683 690 709
451 690 710 709
439 690 451 709
448 449 451 690
449 452 451 710
449 451 690 710
449 455 456 568
449 456 452 710
449 690 568 710
456 568 570 710
449 568 456 710
459 450 461 703
459 461 460 571
459 569 703 571
459 703 461 571
450 462 461 703
462 461 703 704
463 462 704 705
464 463 705 706
465 464 706 707
466 465 707 708
467 466 708 709
451 467 709 710
451 452 468 710
452 456 468 710
456 480 468 572
456 468 710 572
456 710 570 572
460 461 573 571
461 469 573 575
461 573 571 575
461 571 703 575
573 571 575 574
461 462 470 704
461 470 469 575
461 703 704 575
470 704 716 575
461 704 470 575
462 470 704 716
462 463 471 705
462 471 470 716
462 704 705 716
471 705 717 716
462 705 471 716
463 471 705 717
463 464 472 706
463 472 471 717
463 705 706 717
472 706 718 717
463 706 472 717
464 472 706 718
464 465 473 707
464 473 472 718
464 706 707 718
473 707 719 718
464 707 473 718
465 473 707 719
465 466 474 708
465 474 473 719
465 707 708 719
474 708 720 719
465 708 474 719
466 474 708 720
466 467 475 709
466 475 474 720
466 708 709 720
475 709 721 720
466 709 475 720
467 475 709 721
467 451 476 710
467 476 475 721
467 709 710 721
476 710 722 721
467 710 476 721
451 468 476 710
468 477 476 722
468 476 710 722
468 480 481 572
468 481 477 722
468 710 572 722
481 572 576 722
468 572 481 722
573 469 483 575
573 483 577 578
573 574 575 578
483 575 579 578
573 575 483 578
469 470 483 575
470 483 575 716
483 575 716 579
471 470 716 717
472 471 717 718
473 472 718 719
474 473 719 720
475 474 720 721
476 475 721 722
476 477 485 722
477 481 485 722
481 581 485 582
481 485 722 582
481 722 576 582
485 722 582 580
483 470 486 716
483 486 583 584
483 579 716 584
486 716 731 584
483 716 486 584
470 487 486 731
470 486 716 731
470 471 488 717
470 488 487 731
470 716 717 731
488 717 732 731
470 717 488 731
471 717 488 732
471 472 489 718
471 489 488 732
471 717 718 732
489 718 733 732
471 718 489 732
472 489 718 733
472 473 490 719
472 490 489 733
472 718 719 733
490 719 734 733
472 719 490 733
473 490 719 734
473 474 491 720
473 491 490 734
473 719 720 734
491 720 735 734
473 720 491 734
474 491 720 735
474 475 492 721
474 492 491 735
474 720 721 735
492 721 736 735
474 721 492 735
475 492 721 736
475 476 493 722
475 493 492 736
475 721 722 736
493 722 737 736
475 722 493 736
476 485 493 722
485 495 493 585
485 493 722 585
485 722 580 585
493 722 585 737
486 487 498 731
486 498 497 586
486 731 498 586
487 488 498 731
488 498 731 732
489 488 732 733
490 489 733 734
491 490 734 735
492 491 735 736
492 493 499 736
493 501 499 587
493 499 736 587
493 736 737 587
497 498 588 586
498 503 588 590
498 588 586 590
498 586 731 590
588 586 590 589
498 488 504 732
498 504 503 590
498 731 732 590
504 732 749 590
498 732 504 590
488 505 504 749
488 504 732 749
488 489 506 733
488 506 505 749
488 732 733 749
506 733 750 749
488 733 506 749
489 506 733 750
489 490 367 734
489 367 506 750
489 733 734 750
367 734 751 750
489 734 367 750
490 367 734 751
490 491 507 735
490 507 367 751
490 734 735 751
507 735 752 751
490 735 507 751
491 507 735 752
491 492 508 736
491 508 507 752
491 735 736 752
508 736 753 752
491 736 508 752
492 499 508 736
499 510 508 591
499 508 736 591
508 736 591 753
499 501 592 587
499 592 510 591
499 736 587 591
592 587 593 591
499 587 592 591
504 505 514 749
504 514 513 594
514 749 595 594
504 749 514 594
505 506 514 749
506 515 514 750
506 514 749 750
514 749 750 595
506 516 515 750
506 367 516 750
367 517 516 751
367 516 750 751
367 518 517 751
367 507 518 751
507 519 518 596
507 518 751 596
507 751 752 596
507 521 519 596
521 752 597 596
507 752 521 596
507 508 521 752
508 598 521 599
508 521 752 599
508 752 753 599
521 752 599 597
514 515 524 750
514 524 600 601
514 595 750 601
524 750 602 601
514 750 524 601
515 516 524 750
516 525 524 603
516 524 750 603
524 750 603 602
516 517 528 751
516 528 525 603
516 750 751 603
528 751 604 603
516 751 528 603
517 518 528 751
518 529 528 605
518 528 751 605
528 751 605 604
518 519 606 596
518 606 529 605
518 751 596 605
606 596 607 605
518 596 606 605
519 521 606 596
521 608 606 609
521 606 596 609
521 596 597 609
606 596 609 607
610 611 536 612
611 537 536 615
611 536 612 615
611 612 613 615
536 612 615 614
611 616 538 617
611 538 537 615
611 613 617 615
538 617 618 615
611 617 538 615
616 619 538 617
619 539 538 621
619 538 617 621
619 617 620 621
538 617 621 618
622 532 544 623
532 534 544 626
532 544 623 626
532 623 624 626
544 623 626 625
532 533 535 627
532 535 534 626
532 624 627 626
535 627 628 626
532 627 535 626
533 536 535 627
536 535 627 628
536 627 614 628
536 537 629 615
536 614 615 628
536 615 629 628
537 538 629 615
538 615 618 629
538 539 630 621
538 618 621 629
538 621 630 629
539 541 630 621
541 621 631 630
541 632 545 633
541 545 542 630
541 631 633 630
545 633 634 630
541 633 545 630
635 636 548 638
635 548 547 639
635 637 638 639
548 638 649 639
635 638 548 639
636 544 548 638
544 548 638 650
544 638 625 650
548 638 650 649
544 534 650 626
544 625 626 650
534 535 650 626
535 650 626 651
535 626 628 651
629 651 628 652
630 652 629 653
542 545 653 630
545 653 630 654
545 630 634 654
545 640 550 641
545 634 641 654
545 641 550 654
640 642 550 641
642 552 550 644
642 550 641 644
642 641 643 644
550 641 644 654
645 547 549 639
645 549 646 648
645 647 639 648
549 639 649 648
645 639 549 648
547 548 549 639
548 549 639 649
550 552 553 644
553 644 655 654
550 644 553 654
552 656 553 644
656 657 553 659
656 553 644 659
656 644 658 659
553 644 659 655
646 549 554 648
549 554 648 666
549 648 649 666
554 648 666 660
650 666 649 667
651 667 650 668
652 668 651 669
653 669 652 670
654 670 653 671
553 671 654 672
553 654 655 672
553 657 557 659
553 655 659 672
557 659 661 672
553 659 557 672
662 554 560 663
554 555 560 665
554 560 663 665
554 663 660 665
560 663 665 664
554 666 555 665
554 660 666 665
557 673 565 674
557 565 558 672
557 661 674 672
565 674 675 672
557 674 565 672
560 555 677 665
560 677 561 676
560 664 665 676
560 665 677 676
555 666 677 665
666 677 665 678
667 678 666 679
668 679 667 680
669 680 668 681
670 681 669 682
671 682 670 683
672 683 671 690
558 565 562 672
565 566 562 684
565 562 672 684
565 672 675 684
562 672 684 690
685 561 567 676
685 567 686 688
685 687 676 688
567 676 689 688
685 676 567 688
561 677 567 676
567 676 677 689
562 566 568 684
568 684 691 690
562 684 568 690
686 567 692 688
567 569 692 694
567 692 688 694
567 688 689 694
692 688 694 693
567 703 569 694
567 689 677 694
567 677 703 694
678 703 677 704
679 704 678 705
680 705 679 706
681 706 680 707
682 707 681 708
683 708 682 709
690 709 683 710
568 570 710 695
568 710 690 695
568 690 691 695
568 696 697 698
568 697 570 695
568 691 698 695
697 698 699 695
568 698 697 695
692 569 571 694
692 571 700 701
692 693 694 701
571 694 702 701
692 694 571 701
569 703 571 694
571 694 703 702
710 570 572 695
572 695 711 710
570 697 572 695
697 712 572 713
697 572 695 713
697 695 699 713
572 695 713 711
571 575 574 714
571 702 703 714
575 703 715 714
571 703 575 714
704 575 703 716
575 703 716 715
705 716 704 717
706 717 705 718
707 718 706 719
708 719 707 720
709 720 708 721
710 721 709 722
572 576 722 723
572 722 710 723
572 710 711 723
572 712 724 713
572 724 576 723
572 711 713 723
724 713 725 723
572 713 724 723
574 575 578 714
575 579 578 715
575 578 714 715
578 714 715 726
575 716 579 715
722 576 582 723
582 723 727 722
578 579 584 715
578 584 728 729
578 726 715 729
584 715 730 729
578 715 584 729
579 716 584 715
716 584 715 731
584 715 731 730
717 731 716 732
718 732 717 733
719 733 718 734
720 734 719 735
721 735 720 736
722 736 721 737
585 722 738 737
580 582 585 722
582 739 585 740
582 585 722 740
582 722 727 740
585 722 740 738
584 586 741 742
584 730 731 742
584 731 586 742
585 743 587 744
585 587 737 744
585 737 738 744
741 586 745 742
586 589 745 747
586 745 742 747
586 742 731 747
745 742 747 746
586 590 589 747
590 731 748 747
586 731 590 747
732 590 731 749
590 731 749 748
733 749 732 750
734 750 733 751
735 751 734 752
736 752 735 753
587 593 591 754
587 591 736 754
587 736 737 754
591 736 754 753
587 743 755 744
587 755 593 754
587 737 744 754
755 744 756 754
587 744 755 754
589 590 757 747
590 758 757 760
590 757 747 760
590 747 748 760
757 747 760 759
590 594 758 760
590 748 749 760
594 749 761 760
590 749 594 760
599 753 762 752
591 763 599 764
591 599 753 764
599 753 764 762
591 593 765 754
591 765 763 764
591 753 754 764
765 754 766 764
591 754 765 764
594 595 601 749
594 601 767 768
594 761 749 768
601 749 769 768
594 749 601 768
595 750 601 749
750 602 601 770
750 601 749 770
601 749 770 769
750 603 602 770
603 750 771 770
751 604 603 772
751 603 750 772
603 750 772 771
751 605 604 772
605 751 773 772
596 607 605 774
596 605 751 774
596 751 752 774
605 751 774 773
596 597 609 752
596 609 607 774
609 752 775 774
596 752 609 774
597 599 609 752
599 776 609 777
599 609 752 777
599 752 762 777
609 752 777 775
602 603 778 770
603 779 778 781
603 778 770 781
603 770 771 781
778 770 781 780
603 604 782 772
603 782 779 781
603 771 772 781
782 772 783 781
603 772 782 781
604 605 782 772
605 784 782 785
605 782 772 785
605 772 773 785
782 772 785 783
786 787 627 789
786 627 624 790
786 788 789 790
627 789 791 790
786 789 627 790
787 612 627 789
612 614 627 793
612 627 789 793
612 789 792 793
627 789 793 791
612 613 615 794
612 615 614 793
612 792 794 793
615 794 795 793
612 794 615 793
613 617 615 794
617 618 615 797
617 615 794 797
617 794 796 797
615 794 797 795
617 620 621 798
617 621 618 797
617 796 798 797
621 798 799 797
617 798 621 797
620 800 621 798
800 631 621 802
800 621 798 802
800 798 801 802
621 798 802 799
803 623 638 804
623 625 638 807
623 638 804 807
623 804 805 807
638 804 807 806
623 624 626 790
623 626 625 807
623 805 790 807
626 790 975 807
623 790 626 807
624 627 626 790
627 628 626 976
627 626 790 976
627 790 791 976
626 790 976 975
627 614 628 793
627 791 793 976
627 793 628 976
614 615 628 793
615 629 628 977
615 628 793 977
615 793 795 977
628 793 977 976
615 618 629 797
615 795 797 977
615 797 629 977
618 621 629 797
621 630 629 808
621 629 797 808
621 797 799 808
629 797 808 977
621 631 630 802
621 799 802 808
621 802 630 808
631 633 630 802
633 634 630 810
633 630 802 810
633 802 809 810
630 802 810 808
633 811 641 812
633 641 634 810
633 809 812 810
641 812 813 810
633 812 641 810
814 637 639 816
814 639 647 817
814 815 816 817
639 816 818 817
814 816 639 817
637 638 639 816
638 649 639 991
638 639 816 991
638 816 806 991
639 816 991 818
638 625 650 807
638 650 649 991
638 806 807 991
650 807 825 991
638 807 650 991
625 626 650 807
626 650 807 825
626 807 975 825
626 628 651 976
626 651 650 825
626 975 976 825
651 976 826 825
626 976 651 825
628 651 976 826
628 629 652 977
628 652 651 826
628 976 977 826
652 977 827 826
628 977 652 826
629 977 652 827
629 630 653 808
629 653 652 827
629 977 808 827
653 808 828 827
629 808 653 827
630 653 808 828
630 634 654 810
630 654 653 828
630 808 810 828
654 810 829 828
630 810 654 828
634 641 654 810
641 654 810 829
641 810 813 829
641 643 644 819
641 644 654 829
641 813 819 829
644 819 820 829
641 819 644 829
643 821 644 819
821 658 644 823
821 644 819 823
821 819 822 823
644 819 823 820
647 639 648 817
639 649 648 991
639 648 817 991
639 817 818 991
648 817 991 824
650 649 991 825
651 650 825 826
652 651 826 827
653 652 827 828
654 653 828 829
644 655 654 830
644 654 829 830
644 829 820 830
644 658 659 823
644 659 655 830
644 820 823 830
659 823 831 830
644 823 659 830
832 648 663 833
648 660 663 835
648 663 833 835
648 833 824 835
663 833 835 834
648 649 666 991
648 666 660 835
648 824 991 835
666 991 841 835
648 991 666 835
649 666 991 841
649 650 667 825
649 667 666 841
649 991 825 841
667 825 842 841
649 825 667 841
650 667 825 842
650 651 668 826
650 668 667 842
650 825 826 842
668 826 843 842
650 826 668 842
651 668 826 843
651 652 669 827
651 669 668 843
651 826 827 843
669 827 844 843
651 827 669 843
652 669 827 844
652 653 670 828
652 670 669 844
652 827 828 844
670 828 845 844
652 828 670 844
653 670 828 845
653 654 671 829
653 671 670 845
653 828 829 845
671 829 846 845
653 829 671 845
654 829 671 846
654 655 672 830
654 672 671 846
654 829 830 846
672 830 1001 846
654 830 672 846
655 659 672 830
659 661 672 836
659 672 830 836
659 830 831 836
672 830 836 1001
659 837 674 838
659 674 661 836
659 831 838 836
674 838 839 836
659 838 674 836
663 660 665 835
663 665 664 840
663 834 835 840
663 835 665 840
660 666 665 835
666 665 835 841
667 666 841 842
668 667 842 843
669 668 843 844
670 669 844 845
671 670 845 846
672 671 846 1001
661 674 672 836
674 675 672 847
674 672 836 847
674 836 839 847
672 836 847 1001
848 664 676 840
848 676 687 850
848 849 840 850
676 840 851 850
848 840 676 850
664 665 676 840
665 677 676 1009
665 676 840 1009
665 840 835 1009
676 840 1009 851
665 666 678 841
665 678 677 1009
665 835 841 1009
678 841 852 1009
665 841 678 1009
666 678 841 852
666 667 679 842
666 679 678 852
666 841 842 852
679 842 853 852
666 842 679 852
667 679 842 853
667 668 680 843
667 680 679 853
667 842 843 853
680 843 854 853
667 843 680 853
668 680 843 854
668 669 681 844
668 681 680 854
668 843 844 854
681 844 855 854
668 844 681 854
669 681 844 855
669 670 682 845
669 682 681 855
669 844 845 855
682 845 856 855
669 845 682 855
670 682 845 856
670 671 683 846
670 683 682 856
670 845 846 856
683 846 857 856
670 846 683 856
671 683 846 857
671 672 690 1001
671 690 683 857
671 846 1001 857
690 858 1001 857
671 1001 690 857
672 690 1001 858
672 675 684 847
672 684 690 858
672 1001 847 858
684 847 859 858
672 847 684 858
675 860 684 847
860 861 684 863
860 684 847 863
860 847 862 863
684 847 863 859
687 676 688 850
676 689 688 865
676 688 850 865
676 850 851 865
688 850 865 864
676 677 689 865
676 851 1009 865
676 1009 677 865
678 1009 677 852
679 678 852 853
680 679 853 854
681 680 854 855
682 681 855 856
683 682 856 857
690 857 683 858
684 691 690 866
684 690 858 866
684 858 859 866
684 861 698 863
684 698 691 866
684 859 863 866
698 863 867 866
684 863 698 866
688 689 694 865
688 694 693 868
688 864 865 868
694 865 869 868
688 865 694 868
689 677 694 865
677 703 694 1013
677 694 865 1013
677 865 1009 1013
694 865 1013 869
677 678 704 852
677 704 703 1013
677 1009 852 1013
704 852 874 1013
677 852 704 1013
678 704 852 874
678 679 705 853
678 705 704 874
678 852 853 874
705 853 875 874
678 853 705 874
679 705 853 875
679 680 706 854
679 706 705 875
679 853 854 875
706 854 876 875
679 854 706 875
680 706 854 876
680 681 707 855
680 707 706 876
680 854 855 876
707 855 877 876
680 855 707 876
681 707 855 877
681 682 708 856
681 708 707 877
681 855 856 877
708 856 878 877
681 856 708 877
682 708 856 878
682 683 709 857
682 709 708 878
682 856 857 878
709 857 879 878
682 857 709 878
683 709 857 879
683 690 710 858
683 710 709 879
683 857 858 879
710 858 880 879
683 858 710 879
690 710 858 880
690 691 695 866
690 695 710 880
690 858 866 880
695 866 870 880
690 866 695 880
691 698 695 866
698 699 695 871
698 695 866 871
698 866 867 871
695 866 871 870
693 694 701 868
694 702 701 873
694 701 868 873
694 868 869 873
701 868 873 872
694 703 702 873
694 869 1013 873
694 1013 703 873
704 703 1013 874
705 704 874 875
706 705 875 876
707 706 876 877
708 707 877 878
709 708 878 879
710 709 879 880
695 711 710 881
695 710 880 881
695 880 870 881
695 699 713 871
695 713 711 881
695 870 871 881
713 871 882 881
695 871 713 881
701 702 714 873
701 714 883 884
701 872 873 884
714 873 885 884
701 873 714 884
702 703 714 873
703 715 714 886
703 714 873 886
703 873 1013 886
714 873 886 885
703 704 716 874
703 716 715 886
703 1013 874 886
716 874 887 886
703 874 716 886
704 716 874 887
704 705 717 875
704 717 716 887
704 874 875 887
717 875 888 887
704 875 717 887
705 717 875 888
705 706 718 876
705 718 717 888
705 875 876 888
718 876 889 888
705 876 718 888
706 718 876 889
706 707 719 877
706 719 718 889
706 876 877 889
719 877 890 889
706 877 719 889
707 719 877 890
707 708 720 878
707 720 719 890
707 877 878 890
720 878 891 890
707 878 720 890
708 720 878 891
708 709 721 879
708 721 720 891
708 878 879 891
721 879 892 891
708 879 721 891
709 721 879 892
709 710 722 880
709 722 721 892
709 879 880 892
722 880 893 892
709 880 722 892
710 722 880 893
710 711 723 881
710 723 722 893
710 880 881 893
723 881 894 893
710 881 723 893
711 713 723 881
713 725 723 895
713 723 881 895
713 881 882 895
723 881 895 894
883 714 896 884
714 726 896 898
714 896 884 898
714 884 885 898
896 884 898 897
714 715 726 898
714 885 886 898
714 886 715 898
716 715 886 887
717 716 887 888
718 717 888 889
719 718 889 890
720 719 890 891
721 720 891 892
722 721 892 893
723 727 722 899
723 722 893 899
723 893 894 899
723 725 900 895
723 900 727 899
723 894 895 899
900 895 901 899
723 895 900 899
726 715 729 898
715 730 729 903
715 729 898 903
715 898 886 903
729 898 903 902
715 716 731 887
715 731 730 903
715 886 887 903
731 887 904 903
715 887 731 903
716 731 887 904
716 717 732 888
716 732 731 904
716 887 888 904
732 888 905 904
716 888 732 904
717 732 888 905
717 718 733 889
717 733 732 905
717 888 889 905
733 889 906 905
717 889 733 905
718 733 889 906
718 719 734 890
718 734 733 906
718 889 890 906
734 890 907 906
718 890 734 906
719 734 890 907
719 720 735 891
719 735 734 907
719 890 891 907
735 891 908 907
719 891 735 907
720 735 891 908
720 721 736 892
720 736 735 908
720 891 892 908
736 892 909 908
720 892 736 908
721 736 892 909
721 722 737 893
721 737 736 909
721 892 893 909
737 893 1030 909
721 893 737 909
722 738 737 1030
722 737 893 1030
722 727 740 899
722 740 738 1030
722 893 899 1030
740 899 910 1030
722 899 740 1030
729 730 742 903
729 742 911 912
729 902 903 912
742 903 913 912
729 903 742 912
730 731 742 903
731 742 903 904
742 903 904 913
732 731 904 905
733 732 905 906
734 733 906 907
735 734 907 908
736 735 908 909
737 736 909 1030
737 738 744 1030
738 740 744 1030
740 915 744 916
740 744 1030 916
740 1030 910 916
744 1030 916 914
742 731 747 904
742 747 746 917
742 913 904 917
747 904 918 917
742 904 747 917
731 748 747 919
731 747 904 919
747 904 919 918
731 732 749 905
731 749 748 919
731 904 905 919
749 905 920 919
731 905 749 919
732 905 749 920
732 733 750 906
732 750 749 920
732 905 906 920
750 906 921 920
732 906 750 920
733 750 906 921
733 734 751 907
733 751 750 921
733 906 907 921
751 907 922 921
733 907 751 921
734 751 907 922
734 735 752 908
734 752 751 922
734 907 908 922
752 908 923 922
734 908 752 922
735 752 908 923
735 736 753 909
735 753 752 923
735 908 909 923
753 909 1040 923
735 909 753 923
736 753 909 1040
736 737 754 1030
736 754 753 1040
736 909 1030 1040
754 1030 924 1040
736 1030 754 1040
737 744 754 1030
744 756 754 925
744 754 1030 925
744 1030 914 925
754 1030 925 924
746 747 926 917
747 759 926 928
747 926 917 928
747 917 918 928
926 917 928 927
747 748 760 919
747 760 759 928
747 918 919 928
760 919 929 928
747 919 760 928
748 749 760 919
749 761 760 920
749 760 919 920
760 919 920 929
750 749 920 921
751 750 921 922
752 751 922 923
753 762 752 930
753 752 923 930
753 923 1040 930
753 764 762 930
764 1040 931 930
753 1040 764 930
753 754 764 1040
754 766 764 932
754 764 1040 932
754 1040 924 932
764 1040 932 931
754 756 933 925
754 933 766 932
754 924 925 932
933 925 934 932
754 925 933 932
760 761 768 920
760 768 935 936
760 929 920 936
768 920 937 936
760 920 768 936
761 749 768 920
749 769 768 938
749 768 920 938
768 920 938 937
749 750 770 921
749 770 769 938
749 920 921 938
770 921 939 938
749 921 770 938
750 771 770 940
750 770 921 940
770 921 940 939
750 751 772 922
750 772 771 940
750 921 922 940
772 922 941 940
750 922 772 940
751 773 772 942
751 772 922 942
772 922 942 941
751 752 774 923
751 774 773 942
751 922 923 942
774 923 943 942
751 923 774 942
752 775 774 944
752 774 923 944
774 923 944 943
752 762 777 930
752 777 775 944
752 923 930 944
777 930 945 944
752 930 777 944
762 764 777 930
764 946 777 947
764 777 930 947
764 930 931 947
777 930 947 945
769 770 948 938
770 780 948 950
770 948 938 950
770 938 939 950
948 938 950 949
770 771 781 940
770 781 780 950
770 939 940 950
781 940 951 950
770 940 781 950
771 772 781 940
772 783 781 952
772 781 940 952
772 940 941 952
781 940 952 951
772 773 785 942
772 785 783 952
772 941 942 952
785 942 953 952
772 942 785 952
773 774 785 942
774 954 785 955
774 785 942 955
774 942 943 955
785 942 955 953
774 775 956 944
774 956 954 955
774 943 944 955
956 944 957 955
774 944 956 955
788 789 790 958
789 791 790 961
789 790 958 961
789 958 959 961
790 958 961 960
789 792 793 962
789 793 791 961
789 959 962 961
793 962 976 961
789 962 793 961
792 794 793 962
794 795 793 977
794 793 962 977
794 962 963 977
793 962 977 976
794 796 797 964
794 797 795 977
794 963 964 977
794 964 797 977
796 798 797 964
798 799 797 966
798 797 964 966
798 964 965 966
797 964 966 977
798 801 802 967
798 802 799 966
798 965 967 966
802 967 968 966
798 967 802 966
801 969 802 967
969 809 802 971
969 802 967 971
969 967 970 971
802 967 971 968
804 805 807 973
804 807 806 974
804 972 973 974
807 973 975 974
804 973 807 974
805 790 807 973
790 807 973 975
790 973 960 975
790 791 976 961
790 960 961 975
790 961 976 975
791 793 976 961
797 799 808 966
797 966 808 977
799 802 808 966
802 966 968 808
802 809 810 971
802 968 971 808
802 971 810 808
809 812 810 971
812 813 810 979
812 810 971 979
812 971 978 979
812 980 819 981
812 819 813 979
812 978 981 979
819 981 982 979
812 981 819 979
816 806 991 974
816 991 818 984
816 983 974 984
816 974 991 984
806 807 991 974
807 974 991 825
807 974 975 825
976 975 825 826
977 826 976 827
808 827 977 828
810 828 808 829
810 813 829 979
813 819 829 979
819 820 829 985
819 829 979 985
819 979 982 985
986 817 833 987
817 824 833 990
817 833 987 990
817 987 988 990
833 987 990 989
817 818 991 984
817 991 824 990
817 988 984 990
817 984 991 990
829 820 830 985
820 823 830 985
823 831 830 993
823 830 985 993
823 985 992 993
833 824 835 990
833 835 834 994
833 989 990 994
833 990 835 994
824 991 835 990
991 835 990 841
825 841 991 842
826 842 825 843
827 843 826 844
828 844 827 845
829 845 828 846
830 846 829 1001
830 831 836 993
830 993 836 1001
831 838 836 993
838 839 836 996
838 836 993 996
838 993 995 996
836 993 996 1001
997 834 840 994
997 840 849 999
997 998 994 999
840 994 1000 999
997 994 840 999
834 835 840 994
840 994 835 1000
836 839 847 996
847 996 1002 1001
836 996 847 1001
849 840 850 999
840 851 850 1004
840 850 999 1004
840 999 1000 1004
850 999 1004 1003
840 1009 851 1004
840 1000 835 1004
840 835 1009 1004
841 835 1009 852
842 852 841 853
843 853 842 854
844 854 843 855
845 855 844 856
846 856 845 857
1001 846 857 858
847 859 858 1005
847 858 1001 1005
847 1001 1002 1005
847 862 863 1006
847 863 859 1005
847 1002 1006 1005
863 1006 1007 1005
847 1006 863 1005
850 851 865 1004
850 865 864 1008
850 1003 1004 1008
865 1004 1009 1008
850 1004 865 1008
851 1009 865 1004
858 859 866 1005
866 1005 1010 858
859 863 866 1005
863 867 866 1011
863 866 1005 1011
863 1005 1007 1011
866 1005 1011 1010
864 865 868 1008
865 869 868 1013
865 868 1008 1013
865 1008 1009 1013
868 1008 1013 1012
852 1013 1009 874
853 874 852 875
854 875 853 876
855 876 854 877
856 877 855 878
857 878 856 879
858 879 857 880
866 870 880 1014
866 880 858 1014
866 858 1010 1014
866 867 871 1011
866 871 870 1014
866 1010 1011 1014
871 1011 1015 1014
866 1011 871 1014
868 869 873 1013
868 873 872 1016
868 1012 1013 1016
873 1013 1017 1016
868 1013 873 1016
880 870 881 1014
881 1014 1018 880
870 871 881 1014
871 882 881 1019
871 881 1014 1019
871 1014 1015 1019
881 1014 1019 1018
872 873 884 1016
873 885 884 1021
873 884 1016 1021
873 1016 1017 1021
884 1016 1021 1020
873 886 885 1021
873 1017 1013 1021
873 1013 886 1021
874 886 1013 887
875 887 874 888
876 888 875 889
877 889 876 890
878 890 877 891
879 891 878 892
880 892 879 893
881 894 893 1022
881 893 880 1022
881 880 1018 1022
881 882 895 1019
881 895 894 1022
881 1018 1019 1022
895 1019 1023 1022
881 1019 895 1022
884 885 898 1021
884 898 897 1024
884 1020 1021 1024
898 1021 1025 1024
884 1021 898 1024
885 886 898 1021
898 1021 886 1025
893 894 899 1022
899 1022 1026 893
894 895 899 1022
895 901 899 1027
895 899 1022 1027
895 1022 1023 1027
899 1022 1027 1026
898 903 902 1028
898 1025 886 1028
903 886 1029 1028
898 886 903 1028
887 903 886 904
903 886 904 1029
888 904 887 905
889 905 888 906
890 906 889 907
891 907 890 908
892 908 891 909
893 909 892 1030
899 910 1030 1031
899 1030 893 1031
899 893 1026 1031
899 901 1032 1027
899 1032 910 1031
899 1026 1027 1031
1032 1027 1033 1031
899 1027 1032 1031
902 903 912 1028
903 913 912 1035
903 912 1028 1035
903 1028 1029 1035
912 1028 1035 1034
903 904 913 1035
903 1029 904 1035
1030 910 916 1031
1030 916 914 1036
916 1031 1037 1036
1030 1031 916 1036
913 904 917 1035
904 918 917 1039
904 917 1035 1039
917 1035 1039 1038
904 919 918 1039
905 919 904 920
906 920 905 921
907 921 906 922
908 922 907 923
909 923 908 1040
1030 924 1040 1041
1030 909 1040 1041
1030 914 925 1036
1030 925 924 1041
925 1036 1042 1041
1030 1036 925 1041
914 916 925 1036
916 1043 925 1044
916 925 1036 1044
916 1036 1037 1044
925 1036 1044 1042
918 919 928 1039
919 929 928 1046
919 928 1039 1046
928 1039 1046 1045
919 920 929 1046
1040 931 930 1047
1040 924 932 1041
1040 932 931 1047
932 1041 1048 1047
1040 1041 932 1047
928 929 936 1046
928 936 1049 1050
928 1045 1046 1050
936 1046 1051 1050
928 1046 936 1050
929 920 936 1046
920 937 936 1052
920 936 1046 1052
936 1046 1052 1051
920 938 937 1052
938 920 1053 1052
921 939 938 1054
921 938 920 1054
938 920 1054 1053
921 940 939 1054
940 921 1055 1054
922 941 940 1056
922 940 921 1056
940 921 1056 1055
922 942 941 1056
923 943 942 1057
923 942 922 1057
942 922 1057 1056
923 944 943 1057
944 923 1058 1057
930 945 944 1059
930 944 923 1059
930 923 1040 1059
944 923 1059 1058
930 931 947 1047
930 947 945 1059
930 1040 1047 1059
947 1047 1060 1059
930 1047 947 1059
937 938 1061 1052
938 949 1061 1063
938 1061 1052 1063
938 1052 1053 1063
1061 1052 1063 1062
938 939 950 1054
938 950 949 1063
938 1053 1054 1063
950 1054 1064 1063
938 1054 950 1063
939 940 950 1054
940 951 950 1065
940 950 1054 1065
940 1054 1055 1065
950 1054 1065 1064
940 941 952 1056
940 952 951 1065
940 1055 1056 1065
952 1056 1066 1065
940 1056 952 1065
941 942 952 1056
942 953 952 1067
942 952 1056 1067
952 1056 1067 1066
942 943 955 1057
942 955 953 1067
942 1056 1057 1067
955 1057 1068 1067
942 1057 955 1067
943 944 955 1057
944 957 955 1069
944 955 1057 1069
944 1057 1058 1069
955 1057 1069 1068
1070 1071 962 1072
1071 963 962 1075
1071 962 1072 1075
1071 1072 1073 1075
962 1072 1075 1074
1071 1076 964 1077
1071 964 963 1075
1071 1073 1077 1075
964 1077 1078 1075
1071 1077 964 1075
1079 958 973 1080
958 960 973 1083
958 973 1080 1083
958 1080 1081 1083
973 1080 1083 1082
958 959 961 1084
958 961 960 1083
958 1081 1084 1083
961 1084 1085 1083
958 1084 961 1083
959 962 961 1084
962 976 961 1098
962 961 1084 1098
962 1084 1074 1098
961 1084 1098 1085
962 963 977 1075
962 977 976 1098
962 1074 1075 1098
977 1075 1099 1098
962 1075 977 1098
963 964 977 1075
964 977 1075 1099
964 1075 1078 1099
964 965 966 1086
964 966 977 1099
964 1078 1086 1099
966 1086 1087 1099
964 1086 966 1099
965 967 966 1086
967 968 966 1089
967 966 1086 1089
967 1086 1088 1089
966 1086 1089 1087
967 970 971 1090
967 971 968 1089
967 1088 1090 1089
971 1090 1091 1089
967 1090 971 1089
1092 972 974 1094
1092 974 983 1095
1092 1093 1094 1095
974 1094 1096 1095
1092 1094 974 1095
972 973 974 1094
973 975 974 1097
973 974 1094 1097
973 1094 1082 1097
974 1094 1097 1096
973 960 975 1083
973 1082 1083 1097
973 1083 975 1097
960 961 975 1083
961 976 975 1098
961 975 1083 1098
961 1083 1085 1098
975 1083 1098 1097
977 976 1098 1099
966 808 977 1100
966 977 1099 1100
966 1099 1087 1100
966 968 808 1089
966 1087 1089 1100
966 1089 808 1100
968 971 808 1089
971 810 808 1101
971 808 1089 1101
971 1089 1091 1101
808 1089 1101 1100
971 978 979 1102
971 979 810 1101
971 1091 1102 1101
979 1102 1103 1101
971 1102 979 1101
1104 983 984 1095
1104 984 988 1106
1104 1105 1095 1106
984 1095 1107 1106
1104 1095 984 1106
983 974 984 1095
974 991 984 1114
974 984 1095 1114
974 1095 1096 1114
984 1095 1114 1107
974 975 825 1097
974 825 991 1114
974 1096 1097 1114
825 1097 1115 1114
974 1097 825 1114
975 825 1097 1115
975 976 826 1098
975 826 825 1115
975 1097 1098 1115
826 1098 1116 1115
975 1098 826 1115
976 826 1098 1116
976 977 827 1099
976 827 826 1116
976 1098 1099 1116
827 1099 1117 1116
976 1099 827 1116
977 827 1099 1117
977 808 828 1100
977 828 827 1117
977 1099 1100 1117
828 1100 1118 1117
977 1100 828 1117
808 828 1100 1118
808 810 829 1101
808 829 828 1118
808 1100 1101 1118
829 1101 1119 1118
808 1101 829 1118
810 979 829 1101
979 829 1101 1119
979 1101 1103 1119
979 982 985 1108
979 985 829 1119
979 1103 1108 1119
985 1108 1109 1119
979 1108 985 1119
982 1110 985 1108
1110 992 985 1112
1110 985 1108 1112
1110 1108 1111 1112
985 1108 1112 1109
988 984 990 1106
984 991 990 1114
984 990 1106 1114
984 1106 1107 1114
990 1106 1114 1113
825 991 1114 1115
826 825 1115 1116
827 826 1116 1117
828 827 1117 1118
829 828 1118 1119
985 830 829 1120
985 829 1119 1120
985 1119 1109 1120
985 992 993 1112
985 993 830 1120
985 1109 1112 1120
993 1112 1121 1120
985 1112 993 1120
992 1122 993 1112
1122 995 993 1124
1122 993 1112 1124
1122 1112 1123 1124
993 1112 1124 1121
989 990 994 1125
990 835 994 1127
990 994 1125 1127
990 1125 1113 1127
994 1125 1127 1126
990 991 841 1114
990 841 835 1127
990 1113 1114 1127
841 1114 1132 1127
990 1114 841 1127
991 841 1114 1132
991 825 842 1115
991 842 841 1132
991 1114 1115 1132
842 1115 1133 1132
991 1115 842 1132
825 842 1115 1133
825 826 843 1116
825 843 842 1133
825 1115 1116 1133
843 1116 1134 1133
825 1116 843 1133
826 843 1116 1134
826 827 844 1117
826 844 843 1134
826 1116 1117 1134
844 1117 1135 1134
826 1117 844 1134
827 844 1117 1135
827 828 845 1118
827 845 844 1135
827 1117 1118 1135
845 1118 1136 1135
827 1118 845 1135
828 845 1118 1136
828 829 846 1119
828 846 845 1136
828 1118 1119 1136
846 1119 1137 1136
828 1119 846 1136
829 846 1119 1137
829 830 1001 1120
829 1001 846 1137
829 1119 1120 1137
1001 1120 1138 1137
829 1120 1001 1137
830 993 1001 1120
993 1001 1120 1138
993 1120 1121 1138
993 995 996 1124
993 996 1001 1138
993 1121 1124 1138
996 1124 1128 1138
993 1124 996 1138
998 994 999 1129
994 1000 999 1131
994 999 1129 1131
994 1129 1126 1131
999 1129 1131 1130
994 835 1000 1131
994 1126 1127 1131
994 1127 835 1131
841 835 1127 1132
842 841 1132 1133
843 842 1133 1134
844 843 1134 1135
845 844 1135 1136
846 845 1136 1137
1001 846 1137 1138
996 1002 1001 1139
996 1001 1138 1139
996 1138 1128 1139
996 1140 1006 1141
996 1006 1002 1139
996 1128 1141 1139
1006 1141 1142 1139
996 1141 1006 1139
999 1000 1004 1131
999 1004 1003 1143
999 1130 1131 1143
1004 1131 1144 1143
999 1131 1004 1143
1000 835 1004 1131
835 1009 1004 1155
835 1004 1131 1155
835 1131 1127 1155
1004 1131 1155 1144
835 841 852 1132
835 852 1009 1155
835 1127 1132 1155
852 1132 1145 1155
835 1132 852 1155
841 852 1132 1145
841 842 853 1133
841 853 852 1145
841 1132 1133 1145
853 1133 1146 1145
841 1133 853 1145
842 853 1133 1146
842 843 854 1134
842 854 853 1146
842 1133 1134 1146
854 1134 1147 1146
842 1134 854 1146
843 854 1134 1147
843 844 855 1135
843 855 854 1147
843 1134 1135 1147
855 1135 1148 1147
843 1135 855 1147
844 855 1135 1148
844 845 856 1136
844 856 855 1148
844 1135 1136 1148
856 1136 1149 1148
844 1136 856 1148
845 856 1136 1149
845 846 857 1137
845 857 856 1149
845 1136 1137 1149
857 1137 1150 1149
845 1137 857 1149
846 857 1137 1150
846 1001 858 1138
846 858 857 1150
846 1137 1138 1150
858 1138 1151 1150
846 1138 858 1150
1001 858 1138 1151
1001 1002 1005 1139
1001 1005 858 1151
1001 1138 1139 1151
1005 1139 1152 1151
1001 1139 1005 1151
1002 1006 1005 1139
1006 1007 1005 1153
1006 1005 1139 1153
1006 1139 1142 1153
1005 1139 1153 1152
1003 1004 1008 1143
1004 1009 1008 1155
1004 1008 1143 1155
1004 1143 1144 1155
1008 1143 1155 1154
852 1009 1155 1145
853 852 1145 1146
854 853 1146 1147
855 854 1147 1148
856 855 1148 1149
857 856 1149 1150
858 857 1150 1151
1005 1010 858 1156
1005 858 1151 1156
1005 1151 1152 1156
1005 1007 1011 1153
1005 1011 1010 1156
1005 1152 1153 1156
1011 1153 1157 1156
1005 1153 1011 1156
1158 1008 1159 1160
1008 1012 1159 1162
1008 1159 1160 1162
1008 1160 1154 1162
1159 1160 1162 1161
1008 1009 1013 1155
1008 1013 1012 1162
1008 1154 1155 1162
1013 1155 1163 1162
1008 1155 1013 1162
1009 1013 1155 1163
1009 852 874 1145
1009 874 1013 1163
1009 1155 1145 1163
874 1145 1172 1163
1009 1145 874 1163
852 874 1145 1172
852 853 875 1146
852 875 874 1172
852 1145 1146 1172
875 1146 1173 1172
852 1146 875 1172
853 875 1146 1173
853 854 876 1147
853 876 875 1173
853 1146 1147 1173
876 1147 1174 1173
853 1147 876 1173
854 876 1147 1174
854 855 877 1148
854 877 876 1174
854 1147 1148 1174
877 1148 1175 1174
854 1148 877 1174
855 877 1148 1175
855 856 878 1149
855 878 877 1175
855 1148 1149 1175
878 1149 1176 1175
855 1149 878 1175
856 878 1149 1176
856 857 879 1150
856 879 878 1176
856 1149 1150 1176
879 1150 1177 1176
856 1150 879 1176
857 879 1150 1177
857 858 880 1151
857 880 879 1177
857 1150 1151 1177
880 1151 1178 1177
857 1151 880 1177
858 880 1151 1178
858 1010 1014 1156
858 1014 880 1178
858 1151 1156 1178
1014 1156 1164 1178
858 1156 1014 1178
1010 1011 1014 1156
1011 1015 1014 1165
1011 1014 1156 1165
1011 1156 1157 1165
1014 1156 1165 1164
1011 1166 1167 1168
1011 1167 1015 1165
1011 1157 1168 1165
1167 1168 1169 1165
1011 1168 1167 1165
1012 1013 1016 1162
1013 1017 1016 1171
1013 1016 1162 1171
1013 1162 1163 1171
1016 1162 1171 1170
874 1013 1163 1172
875 874 1172 1173
876 875 1173 1174
877 876 1174 1175
878 877 1175 1176
879 878 1176 1177
880 879 1177 1178
1014 1018 880 1179
1014 880 1178 1179
1014 1178 1164 1179
1014 1015 1019 1165
1014 1019 1018 1179
1014 1164 1165 1179
1019 1165 1180 1179
1014 1165 1019 1179
1016 1017 1021 1171
1016 1021 1020 1181
1016 1170 1171 1181
1021 1171 1182 1181
1016 1171 1021 1181
1017 1013 1021 1171
1013 886 1021 1183
1013 1021 1171 1183
1013 1171 1163 1183
1021 1171 1183 1182
1013 874 887 1172
1013 887 886 1183
1013 1163 1172 1183
887 1172 1184 1183
1013 1172 887 1183
874 887 1172 1184
874 875 888 1173
874 888 887 1184
874 1172 1173 1184
888 1173 1185 1184
874 1173 888 1184
875 888 1173 1185
875 876 889 1174
875 889 888 1185
875 1173 1174 1185
889 1174 1186 1185
875 1174 889 1185
876 889 1174 1186
876 877 890 1175
876 890 889 1186
876 1174 1175 1186
890 1175 1187 1186
876 1175 890 1186
877 890 1175 1187
877 878 891 1176
877 891 890 1187
877 1175 1176 1187
891 1176 1188 1187
877 1176 891 1187
878 891 1176 1188
878 879 892 1177
878 892 891 1188
878 1176 1177 1188
892 1177 1189 1188
878 1177 892 1188
879 892 1177 1189
879 880 893 1178
879 893 892 1189
879 1177 1178 1189
893 1178 1190 1189
879 1178 893 1189
880 893 1178 1190
880 1018 1022 1179
880 1022 893 1190
880 1178 1179 1190
1022 1179 1191 1190
880 1179 1022 1190
1018 1019 1022 1179
1019 1023 1022 1192
1019 1022 1179 1192
1019 1179 1180 1192
1022 1179 1192 1191
1020 1021 1024 1181
1021 1025 1024 1194
1021 1024 1181 1194
1021 1181 1182 1194
1024 1181 1194 1193
1021 886 1025 1194
1021 1182 1183 1194
1021 1183 886 1194
887 886 1183 1184
888 887 1184 1185
889 888 1185 1186
890 889 1186 1187
891 890 1187 1188
892 891 1188 1189
893 892 1189 1190
1022 1026 893 1195
1022 893 1190 1195
1022 1190 1191 1195
1022 1023 1027 1192
1022 1027 1026 1195
1022 1191 1192 1195
1027 1192 1196 1195
1022 1192 1027 1195
1024 1025 1028 1194
1024 1028 1197 1198
1024 1193 1194 1198
1028 1194 1199 1198
1024 1194 1028 1198
1025 886 1028 1194
886 1029 1028 1200
886 1028 1194 1200
886 1194 1183 1200
1028 1194 1200 1199
886 887 904 1184
886 904 1029 1200
886 1183 1184 1200
904 1184 1201 1200
886 1184 904 1200
887 904 1184 1201
887 888 905 1185
887 905 904 1201
887 1184 1185 1201
905 1185 1202 1201
887 1185 905 1201
888 905 1185 1202
888 889 906 1186
888 906 905 1202
888 1185 1186 1202
906 1186 1203 1202
888 1186 906 1202
889 906 1186 1203
889 890 907 1187
889 907 906 1203
889 1186 1187 1203
907 1187 1204 1203
889 1187 907 1203
890 907 1187 1204
890 891 908 1188
890 908 907 1204
890 1187 1188 1204
908 1188 1205 1204
890 1188 908 1204
891 908 1188 1205
891 892 909 1189
891 909 908 1205
891 1188 1189 1205
909 1189 1206 1205
891 1189 909 1205
892 909 1189 1206
892 893 1030 1190
892 1030 909 1206
892 1189 1190 1206
1030 1190 1207 1206
892 1190 1030 1206
893 1030 1190 1207
893 1026 1031 1195
893 1031 1030 1207
893 1190 1195 1207
1031 1195 1208 1207
893 1195 1031 1207
1026 1027 1031 1195
1027 1033 1031 1209
1027 1031 1195 1209
1027 1195 1196 1209
1031 1195 1209 1208
1028 1029 1035 1200
1028 1035 1034 1210
1028 1199 1200 1210
1035 1200 1211 1210
1028 1200 1035 1210
1029 904 1035 1200
904 1035 1200 1201
1035 1200 1201 1211
905 904 1201 1202
906 905 1202 1203
907 906 1203 1204
908 907 1204 1205
909 908 1205 1206
1030 909 1206 1207
1030 1031 1036 1207
1031 1037 1036 1213
1031 1036 1207 1213
1031 1207 1208 1213
1036 1207 1213 1212
1034 1035 1214 1210
1035 1038 1214 1216
1035 1214 1210 1216
1035 1210 1211 1216
1214 1210 1216 1215
1035 904 1039 1201
1035 1039 1038 1216
1035 1211 1201 1216
1039 1201 1217 1216
1035 1201 1039 1216
904 919 1039 1218
904 1039 1201 1218
1039 1201 1218 1217
904 905 920 1202
904 920 919 1218
904 1201 1202 1218
920 1202 1219 1218
904 1202 920 1218
905 920 1202 1219
905 906 921 1203
905 921 920 1219
905 1202 1203 1219
921 1203 1220 1219
905 1203 921 1219
906 921 1203 1220
906 907 922 1204
906 922 921 1220
906 1203 1204 1220
922 1204 1221 1220
906 1204 922 1220
907 922 1204 1221
907 908 923 1205
907 923 922 1221
907 1204 1205 1221
923 1205 1222 1221
907 1205 923 1221
908 923 1205 1222
908 909 1040 1206
908 1040 923 1222
908 1205 1206 1222
1040 1206 1223 1222
908 1206 1040 1222
909 1206 1040 1223
909 1030 1041 1207
909 1041 1040 1223
909 1206 1207 1223
1041 1207 1224 1223
909 1207 1041 1223
1030 1036 1041 1207
1036 1042 1041 1225
1036 1041 1207 1225
1036 1207 1212 1225
1041 1207 1225 1224
1038 1039 1226 1216
1039 1045 1226 1228
1039 1226 1216 1228
1039 1216 1217 1228
1226 1216 1228 1227
1039 919 1046 1218
1039 1046 1045 1228
1039 1217 1218 1228
1046 1218 1229 1228
1039 1218 1046 1228
919 920 1046 1218
920 1046 1218 1219
1046 1218 1219 1229
921 920 1219 1220
922 921 1220 1221
923 922 1221 1222
1040 923 1222 1223
1040 1041 1047 1223
1041 1048 1047 1231
1041 1047 1223 1231
1041 1223 1224 1231
1047 1223 1231 1230
1041 1042 1232 1225
1041 1232 1048 1231
1041 1224 1225 1231
1232 1225 1233 1231
1041 1225 1232 1231
1046 920 1052 1219
1046 1052 1051 1234
1046 1229 1219 1234
1052 1219 1235 1234
1046 1219 1052 1234
920 1053 1052 1236
920 1052 1219 1236
1052 1219 1236 1235
920 921 1054 1220
920 1054 1053 1236
920 1219 1220 1236
1054 1220 1237 1236
920 1220 1054 1236
921 1055 1054 1238
921 1054 1220 1238
1054 1220 1238 1237
921 922 1056 1221
921 1056 1055 1238
921 1220 1221 1238
1056 1221 1239 1238
921 1221 1056 1238
922 1221 1056 1239
922 923 1057 1222
922 1057 1056 1239
922 1221 1222 1239
1057 1222 1240 1239
922 1222 1057 1239
923 1058 1057 1241
923 1057 1222 1241
1057 1222 1241 1240
923 1040 1059 1223
923 1059 1058 1241
923 1222 1223 1241
1059 1223 1242 1241
923 1223 1059 1241
1040 1047 1059 1223
1047 1060 1059 1243
1047 1059 1223 1243
1047 1223 1230 1243
1059 1223 1243 1242
1047 1048 1244 1231
1047 1244 1060 1243
1047 1230 1231 1243
1244 1231 1245 1243
1047 1231 1244 1243
1052 1053 1063 1236
1052 1063 1062 1246
1052 1235 1236 1246
1063 1236 1247 1246
1052 1236 1063 1246
1053 1054 1063 1236
1054 1064 1063 1248
1054 1063 1236 1248
1054 1236 1237 1248
1063 1236 1248 1247
1054 1055 1065 1238
1054 1065 1064 1248
1054 1237 1238 1248
1065 1238 1249 1248
1054 1238 1065 1248
1055 1056 1065 1238
1056 1066 1065 1250
1056 1065 1238 1250
1056 1238 1239 1250
1065 1238 1250 1249
1056 1067 1066 1250
1067 1239 1251 1250
1056 1239 1067 1250
1056 1057 1067 1239
1057 1068 1067 1252
1057 1067 1239 1252
1057 1239 1240 1252
1067 1239 1252 1251
1057 1058 1069 1241
1057 1069 1068 1252
1057 1240 1241 1252
1069 1241 1253 1252
1057 1241 1069 1252
1058 1059 1069 1241
1059 1254 1069 1255
1059 1069 1241 1255
1059 1241 1242 1255
1069 1241 1255 1253
1065 1066 1257 1250
1065 1257 1256 1258
1065 1249 1250 1258
1257 1250 1259 1258
1065 1250 1257 1258
1066 1067 1257 1250
1067 1260 1257 1261
1067 1257 1250 1261
1067 1250 1251 1261
1257 1250 1261 1259
1080 1081 1083 1263
1080 1083 1082 1264
1080 1262 1263 1264
1083 1263 1265 1264
1080 1263 1083 1264
1081 1084 1083 1263
1084 1085 1083 1267
1084 1083 1263 1267
1084 1263 1266 1267
1083 1263 1267 1265
1084 1074 1098 1268
1084 1098 1085 1267
1084 1266 1268 1267
1098 1268 1269 1267
1084 1268 1098 1267
1074 1075 1098 1268
1075 1099 1098 1271
1075 1098 1268 1271
1075 1268 1270 1271
1098 1268 1271 1269
1075 1078 1099 1272
1075 1270 1272 1271
1099 1272 1273 1271
1075 1272 1099 1271
1078 1086 1099 1272
1086 1087 1099 1275
1086 1099 1272 1275
1086 1272 1274 1275
1099 1272 1275 1273
1086 1088 1089 1276
1086 1089 1087 1275
1086 1274 1276 1275
1089 1276 1277 1275
1086 1276 1089 1275
1088 1090 1089 1276
1090 1091 1089 1279
1090 1089 1276 1279
1090 1276 1278 1279
1089 1276 1279 1277
1094 1082 1097 1264
1094 1097 1096 1281
1094 1280 1264 1281
1094 1264 1097 1281
1082 1083 1097 1264
1083 1264 1265 1097
1083 1085 1098 1267
1083 1265 1267 1097
1083 1267 1098 1097
1099 1087 1100 1275
1087 1089 1100 1275
1089 1275 1277 1100
1089 1091 1101 1279
1089 1277 1279 1100
1089 1279 1101 1100
1091 1102 1101 1279
1102 1103 1101 1283
1102 1101 1279 1283
1102 1279 1282 1283
1102 1284 1108 1285
1102 1108 1103 1283
1102 1282 1285 1283
1108 1285 1286 1283
1102 1285 1108 1283
1095 1096 1114 1281
1095 1114 1107 1288
1095 1287 1281 1288
1095 1281 1114 1288
1096 1097 1114 1281
1097 1114 1281 1115
1098 1115 1097 1116
1099 1116 1098 1117
1100 1117 1099 1118
1101 1118 1100 1119
1101 1103 1119 1283
1103 1108 1119 1283
1108 1109 1119 1289
1108 1119 1283 1289
1108 1283 1286 1289
1290 1106 1125 1291
1106 1113 1125 1294
1106 1125 1291 1294
1106 1291 1292 1294
1125 1291 1294 1293
1106 1107 1114 1288
1106 1114 1113 1294
1106 1292 1288 1294
1106 1288 1114 1294
1119 1109 1120 1289
1109 1112 1120 1289
1112 1121 1120 1296
1112 1120 1289 1296
1112 1289 1295 1296
1125 1113 1127 1294
1125 1127 1126 1297
1125 1293 1294 1297
1125 1294 1127 1297
1113 1114 1127 1294
1114 1127 1294 1132
1115 1132 1114 1133
1116 1133 1115 1134
1117 1134 1116 1135
1118 1135 1117 1136
1119 1136 1118 1137
1120 1137 1119 1138
1120 1121 1138 1296
1121 1124 1138 1296
1124 1128 1138 1299
1124 1138 1296 1299
1124 1296 1298 1299
1129 1126 1131 1297
1129 1131 1130 1301
1129 1300 1297 1301
1131 1297 1302 1301
1129 1297 1131 1301
1126 1127 1131 1297
1131 1297 1127 1302
1138 1128 1139 1299
1139 1299 1303 1138
1128 1141 1139 1299
1141 1142 1139 1305
1141 1139 1299 1305
1141 1299 1304 1305
1139 1299 1305 1303
1130 1131 1143 1301
1131 1144 1143 1307
1131 1143 1301 1307
1131 1301 1302 1307
1143 1301 1307 1306
1131 1155 1144 1307
1131 1302 1127 1307
1131 1127 1155 1307
1132 1155 1127 1145
1133 1145 1132 1146
1134 1146 1133 1147
1135 1147 1134 1148
1136 1148 1135 1149
1137 1149 1136 1150
1138 1150 1137 1151
1139 1152 1151 1308
1139 1151 1138 1308
1139 1138 1303 1308
1139 1142 1153 1305
1139 1153 1152 1308
1139 1303 1305 1308
1153 1305 1309 1308
1139 1305 1153 1308
1143 1144 1155 1307
1143 1155 1154 1310
1143 1306 1307 1310
1155 1307 1311 1310
1143 1307 1155 1310
1151 1152 1156 1308
1156 1308 1312 1151
1152 1153 1156 1308
1153 1157 1156 1313
1153 1156 1308 1313
1153 1308 1309 1313
1156 1308 1313 1312
1154 1155 1162 1310
1155 1163 1162 1315
1155 1162 1310 1315
1155 1310 1311 1315
1162 1310 1315 1314
1145 1163 1155 1172
1146 1172 1145 1173
1147 1173 1146 1174
1148 1174 1147 1175
1149 1175 1148 1176
1150 1176 1149 1177
1151 1177 1150 1178
1156 1164 1178 1316
1156 1178 1151 1316
1156 1151 1312 1316
1156 1157 1165 1313
1156 1165 1164 1316
1156 1312 1313 1316
1165 1313 1317 1316
1156 1313 1165 1316
1162 1163 1171 1315
1162 1171 1170 1318
1162 1314 1315 1318
1171 1315 1319 1318
1162 1315 1171 1318
1171 1315 1163 1319
1178 1164 1179 1316
1179 1316 1320 1178
1164 1165 1179 1316
1165 1180 1179 1321
1165 1179 1316 1321
1165 1316 1317 1321
1179 1316 1321 1320
1170 1171 1181 1318
1171 1182 1181 1323
1171 1181 1318 1323
1171 1318 1319 1323
1181 1318 1323 1322
1171 1183 1182 1323
1171 1319 1163 1323
1171 1163 1183 1323
1172 1183 1163 1184
1173 1184 1172 1185
1174 1185 1173 1186
1175 1186 1174 1187
1176 1187 1175 1188
1177 1188 1176 1189
1178 1189 1177 1190
1179 1191 1190 1324
1179 1190 1178 1324
1179 1178 1320 1324
1179 1180 1192 1321
1179 1192 1191 1324
1179 1320 1321 1324
1192 1321 1325 1324
1179 1321 1192 1324
1181 1182 1194 1323
1181 1194 1193 1326
1181 1322 1323 1326
1194 1323 1327 1326
1181 1323 1194 1326
1182 1183 1194 1323
1194 1323 1183 1327
1190 1191 1195 1324
1195 1324 1328 1190
1191 1192 1195 1324
1192 1196 1195 1329
1192 1195 1324 1329
1192 1324 1325 1329
1195 1324 1329 1328
1193 1194 1198 1326
1194 1199 1198 1331
1194 1198 1326 1331
1194 1326 1327 1331
1198 1326 1331 1330
1194 1200 1199 1331
1194 1327 1183 1331
1194 1183 1200 1331
1184 1200 1183 1201
1185 1201 1184 1202
1186 1202 1185 1203
1187 1203 1186 1204
1188 1204 1187 1205
1189 1205 1188 1206
1190 1206 1189 1207
1195 1208 1207 1332
1195 1207 1190 1332
1195 1190 1328 1332
1195 1196 1209 1329
1195 1209 1208 1332
1195 1328 1329 1332
1209 1329 1333 1332
1195 1329 1209 1332
1199 1200 1210 1331
1200 1211 1210 1335
1200 1210 1331 1335
1210 1331 1335 1334
1200 1201 1211 1335
1207 1208 1213 1332
1207 1213 1212 1336
1213 1332 1337 1336
1207 1332 1213 1336
1211 1201 1216 1335
1201 1217 1216 1339
1201 1216 1335 1339
1216 1335 1339 1338
1201 1218 1217 1339
1202 1218 1201 1219
1203 1219 1202 1220
1204 1220 1203 1221
1205 1221 1204 1222
1206 1222 1205 1223
1207 1224 1223 1340
1207 1223 1206 1340
1207 1212 1225 1336
1207 1225 1224 1340
1225 1336 1341 1340
1207 1336 1225 1340
1212 1213 1225 1336
1213 1342 1225 1343
1213 1225 1336 1343
1213 1336 1337 1343
1225 1336 1343 1341
1217 1218 1228 1339
1218 1229 1228 1345
1218 1228 1339 1345
1228 1339 1345 1344
1218 1219 1229 1345
1223 1224 1231 1340
1223 1231 1230 1346
1231 1340 1347 1346
1223 1340 1231 1346
1228 1229 1234 1345
1228 1234 1348 1349
1228 1344 1345 1349
1234 1345 1350 1349
1228 1345 1234 1349
1229 1219 1234 1345
1219 1235 1234 1351
1219 1234 1345 1351
1234 1345 1351 1350
1219 1236 1235 1351
1236 1219 1352 1351
1220 1237 1236 1353
1220 1236 1219 1353
1236 1219 1353 1352
1220 1238 1237 1353
1238 1220 1354 1353
1221 1239 1238 1355
1221 1238 1220 1355
1238 1220 1355 1354
1239 1221 1356 1355
1222 1240 1239 1357
1222 1239 1221 1357
1239 1221 1357 1356
1222 1241 1240 1357
1241 1222 1358 1357
1223 1242 1241 1359
1223 1241 1222 1359
1241 1222 1359 1358
1223 1230 1243 1346
1223 1243 1242 1359
1243 1346 1360 1359
1223 1346 1243 1359
1235 1236 1246 1351
1236 1247 1246 1362
1236 1246 1351 1362
1236 1351 1352 1362
1246 1351 1362 1361
1236 1237 1248 1353
1236 1248 1247 1362
1236 1352 1353 1362
1248 1353 1363 1362
1236 1353 1248 1362
1237 1238 1248 1353
1238 1249 1248 1364
1238 1248 1353 1364
1238 1353 1354 1364
1248 1353 1364 1363
1238 1239 1250 1355
1238 1250 1249 1364
1238 1354 1355 1364
1250 1355 1365 1364
1238 1355 1250 1364
1239 1251 1250 1366
1239 1250 1355 1366
1239 1355 1356 1366
1250 1355 1366 1365
1239 1240 1252 1357
1239 1252 1251 1366
1239 1356 1357 1366
1252 1357 1367 1366
1239 1357 1252 1366
1240 1241 1252 1357
1241 1253 1252 1368
1241 1252 1357 1368
1241 1357 1358 1368
1252 1357 1368 1367
1241 1242 1255 1359
1241 1255 1253 1368
1241 1358 1359 1368
1255 1359 1369 1368
1241 1359 1255 1368
1262 1263 1264 1370
1263 1265 1264 1373
1263 1264 1370 1373
1263 1370 1371 1373
1264 1370 1373 1372
1263 1266 1267 1374
1263 1267 1265 1373
1263 1371 1374 1373
1267 1374 1375 1373
1263 1374 1267 1373
1266 1268 1267 1374
1268 1269 1267 1377
1268 1267 1374 1377
1268 1374 1376 1377
1267 1374 1377 1375
1268 1270 1271 1378
1268 1271 1269 1377
1268 1376 1378 1377
1271 1378 1379 1377
1268 1378 1271 1377
1270 1272 1271 1378
1272 1273 1271 1381
1272 1271 1378 1381
1272 1378 1380 1381
1271 1378 1381 1379
1272 1274 1275 1382
1272 1275 1273 1381
1272 1380 1382 1381
1275 1382 1383 1381
1272 1382 1275 1381
1274 1276 1275 1382
1276 1277 1275 1385
1276 1275 1382 1385
1276 1382 1384 1385
1275 1382 1385 1383
1386 1280 1281 1388
1386 1281 1287 1389
1386 1387 1388 1389
1281 1388 1390 1389
1386 1388 1281 1389
1280 1264 1281 1388
1264 1097 1281 1391
1264 1281 1388 1391
1264 1388 1372 1391
1281 1388 1391 1390
1264 1265 1097 1373
1264 1372 1373 1391
1264 1373 1097 1391
1265 1267 1097 1373
1267 1098 1097 1392
1267 1097 1373 1392
1267 1373 1375 1392
1097 1373 1392 1391
1267 1269 1098 1377
1267 1375 1377 1392
1267 1377 1098 1392
1269 1271 1098 1377
1271 1099 1098 1393
1271 1098 1377 1393
1271 1377 1379 1393
1098 1377 1393 1392
1271 1273 1099 1381
1271 1379 1381 1393
1271 1381 1099 1393
1273 1275 1099 1381
1275 1100 1099 1394
1275 1099 1381 1394
1275 1381 1383 1394
1099 1381 1394 1393
1275 1277 1100 1385
1275 1383 1385 1394
1275 1385 1100 1394
1277 1279 1100 1385
1279 1101 1100 1396
1279 1100 1385 1396
1279 1385 1395 1396
1100 1385 1396 1394
1279 1282 1283 1397
1279 1283 1101 1396
1279 1395 1397 1396
1283 1397 1398 1396
1279 1397 1283 1396
1287 1281 1288 1389
1281 1114 1288 1404
1281 1288 1389 1404
1281 1389 1390 1404
1288 1389 1404 1399
1281 1097 1115 1391
1281 1115 1114 1404
1281 1390 1391 1404
1115 1391 1405 1404
1281 1391 1115 1404
1097 1115 1391 1405
1097 1098 1116 1392
1097 1116 1115 1405
1097 1391 1392 1405
1116 1392 1406 1405
1097 1392 1116 1405
1098 1116 1392 1406
1098 1099 1117 1393
1098 1117 1116 1406
1098 1392 1393 1406
1117 1393 1407 1406
1098 1393 1117 1406
1099 1117 1393 1407
1099 1100 1118 1394
1099 1118 1117 1407
1099 1393 1394 1407
1118 1394 1408 1407
1099 1394 1118 1407
1100 1118 1394 1408
1100 1101 1119 1396
1100 1119 1118 1408
1100 1394 1396 1408
1119 1396 1409 1408
1100 1396 1119 1408
1101 1283 1119 1396
1283 1119 1396 1409
1283 1396 1398 1409
1283 1286 1289 1400
1283 1289 1119 1409
1283 1398 1400 1409
1289 1400 1401 1409
1283 1400 1289 1409
1292 1288 1294 1402
1288 1114 1294 1404
1288 1294 1402 1404
1288 1402 1399 1404
1294 1402 1404 1403
1115 1114 1404 1405
1116 1115 1405 1406
1117 1116 1406 1407
1118 1117 1407 1408
1119 1118 1408 1409
1289 1120 1119 1410
1289 1119 1409 1410
1289 1409 1401 1410
1289 1295 1296 1411
1289 1296 1120 1410
1289 1401 1411 1410
1296 1411 1412 1410
1289 1411 1296 1410
1295 1413 1296 1411
1413 1298 1296 1415
1413 1296 1411 1415
1413 1411 1414 1415
1296 1411 1415 1412
1293 1294 1297 1416
1294 1127 1297 1418
1294 1297 1416 1418
1294 1416 1403 1418
1297 1416 1418 1417
1294 1114 1132 1404
1294 1132 1127 1418
1294 1403 1404 1418
1132 1404 1422 1418
1294 1404 1132 1418
1114 1132 1404 1422
1114 1115 1133 1405
1114 1133 1132 1422
1114 1404 1405 1422
1133 1405 1423 1422
1114 1405 1133 1422
1115 1133 1405 1423
1115 1116 1134 1406
1115 1134 1133 1423
1115 1405 1406 1423
1134 1406 1424 1423
1115 1406 1134 1423
1116 1134 1406 1424
1116 1117 1135 1407
1116 1135 1134 1424
1116 1406 1407 1424
1135 1407 1425 1424
1116 1407 1135 1424
1117 1135 1407 1425
1117 1118 1136 1408
1117 1136 1135 1425
1117 1407 1408 1425
1136 1408 1426 1425
1117 1408 1136 1425
1118 1136 1408 1426
1118 1119 1137 1409
1118 1137 1136 1426
1118 1408 1409 1426
1137 1409 1427 1426
1118 1409 1137 1426
1119 1137 1409 1427
1119 1120 1138 1410
1119 1138 1137 1427
1119 1409 1410 1427
1138 1410 1428 1427
1119 1410 1138 1427
1120 1296 1138 1410
1296 1138 1410 1428
1296 1410 1412 1428
1296 1298 1299 1415
1296 1299 1138 1428
1296 1412 1415 1428
1299 1415 1419 1428
1296 1415 1299 1428
1297 1127 1302 1420
1297 1417 1418 1420
1127 1418 1421 1420
1297 1418 1127 1420
1132 1127 1418 1422
1127 1418 1422 1421
1133 1132 1422 1423
1134 1133 1423 1424
1135 1134 1424 1425
1136 1135 1425 1426
1137 1136 1426 1427
1138 1137 1427 1428
1299 1303 1138 1429
1299 1138 1428 1429
1299 1428 1419 1429
1299 1304 1305 1430
1299 1305 1303 1429
1299 1419 1430 1429
1305 1430 1431 1429
1299 1430 1305 1429
1301 1302 1307 1420
1301 1307 1306 1433
1301 1432 1420 1433
1307 1420 1434 1433
1301 1420 1307 1433
1302 1127 1307 1420
1127 1155 1307 1435
1127 1307 1420 1435
1127 1420 1421 1435
1307 1420 1435 1434
1127 1132 1145 1422
1127 1145 1155 1435
1127 1421 1422 1435
1145 1422 1436 1435
1127 1422 1145 1435
1132 1145 1422 1436
1132 1133 1146 1423
1132 1146 1145 1436
1132 1422 1423 1436
1146 1423 1437 1436
1132 1423 1146 1436
1133 1146 1423 1437
1133 1134 1147 1424
1133 1147 1146 1437
1133 1423 1424 1437
1147 1424 1438 1437
1133 1424 1147 1437
1134 1147 1424 1438
1134 1135 1148 1425
1134 1148 1147 1438
1134 1424 1425 1438
1148 1425 1439 1438
1134 1425 1148 1438
1135 1148 1425 1439
1135 1136 1149 1426
1135 1149 1148 1439
1135 1425 1426 1439
1149 1426 1440 1439
1135 1426 1149 1439
1136 1149 1426 1440
1136 1137 1150 1427
1136 1150 1149 1440
1136 1426 1427 1440
1150 1427 1441 1440
1136 1427 1150 1440
1137 1150 1427 1441
1137 1138 1151 1428
1137 1151 1150 1441
1137 1427 1428 1441
1151 1428 1442 1441
1137 1428 1151 1441
1138 1151 1428 1442
1138 1303 1308 1429
1138 1308 1151 1442
1138 1428 1429 1442
1308 1429 1443 1442
1138 1429 1308 1442
1303 1305 1308 1429
1305 1309 1308 1444
1305 1308 1429 1444
1305 1429 1431 1444
1308 1429 1444 1443
1306 1307 1310 1433
1307 1311 1310 1446
1307 1310 1433 1446
1307 1433 1434 1446
1310 1433 1446 1445
1307 1155 1311 1446
1307 1434 1435 1446
1307 1435 1155 1446
1145 1155 1435 1436
1146 1145 1436 1437
1147 1146 1437 1438
1148 1147 1438 1439
1149 1148 1439 1440
1150 1149 1440 1441
1151 1150 1441 1442
1308 1312 1151 1447
1308 1151 1442 1447
1308 1442 1443 1447
1308 1309 1313 1444
1308 1313 1312 1447
1308 1443 1444 1447
1313 1444 1448 1447
1308 1444 1313 1447
1310 1311 1315 1446
1310 1315 1314 1449
1310 1445 1446 1449
1315 1446 1450 1449
1310 1446 1315 1449
1311 1155 1315 1446
1155 1163 1315 1455
1155 1315 1446 1455
1155 1446 1435 1455
1315 1446 1455 1450
1155 1145 1172 1436
1155 1172 1163 1455
1155 1435 1436 1455
1172 1436 1456 1455
1155 1436 1172 1455
1145 1172 1436 1456
1145 1146 1173 1437
1145 1173 1172 1456
1145 1436 1437 1456
1173 1437 1457 1456
1145 1437 1173 1456
1146 1173 1437 1457
1146 1147 1174 1438
1146 1174 1173 1457
1146 1437 1438 1457
1174 1438 1458 1457
1146 1438 1174 1457
1147 1174 1438 1458
1147 1148 1175 1439
1147 1175 1174 1458
1147 1438 1439 1458
1175 1439 1459 1458
1147 1439 1175 1458
1148 1175 1439 1459
1148 1149 1176 1440
1148 1176 1175 1459
1148 1439 1440 1459
1176 1440 1460 1459
1148 1440 1176 1459
1149 1176 1440 1460
1149 1150 1177 1441
1149 1177 1176 1460
1149 1440 1441 1460
1177 1441 1461 1460
1149 1441 1177 1460
1150 1177 1441 1461
1150 1151 1178 1442
1150 1178 1177 1461
1150 1441 1442 1461
1178 1442 1462 1461
1150 1442 1178 1461
1151 1178 1442 1462
1151 1312 1316 1447
1151 1316 1178 1462
1151 1442 1447 1462
1316 1447 1451 1462
1151 1447 1316 1462
1312 1313 1316 1447
1313 1317 1316 1452
1313 1316 1447 1452
1313 1447 1448 1452
1316 1447 1452 1451
1314 1315 1318 1449
1315 1319 1318 1454
1315 1318 1449 1454
1315 1449 1450 1454
1318 1449 1454 1453
1315 1163 1319 1454
1315 1450 1455 1454
1315 1455 1163 1454
1172 1455 1163 1456
1173 1172 1456 1457
1174 1173 1457 1458
1175 1174 1458 1459
1176 1175 1459 1460
1177 1176 1460 1461
1178 1177 1461 1462
1316 1320 1178 1463
1316 1178 1462 1463
1316 1462 1451 1463
1316 1317 1321 1452
1316 1321 1320 1463
1316 1451 1452 1463
1321 1452 1464 1463
1316 1452 1321 1463
1318 1319 1323 1454
1318 1323 1322 1465
1318 1453 1454 1465
1323 1454 1466 1465
1318 1454 1323 1465
1319 1163 1323 1454
1163 1183 1323 1467
1163 1323 1454 1467
1163 1454 1455 1467
1323 1454 1467 1466
1163 1172 1184 1456
1163 1184 1183 1467
1163 1455 1456 1467
1184 1456 1468 1467
1163 1456 1184 1467
1172 1184 1456 1468
1172 1173 1185 1457
1172 1185 1184 1468
1172 1456 1457 1468
1185 1457 1469 1468
1172 1457 1185 1468
1173 1185 1457 1469
1173 1174 1186 1458
1173 1186 1185 1469
1173 1457 1458 1469
1186 1458 1470 1469
1173 1458 1186 1469
1174 1186 1458 1470
1174 1175 1187 1459
1174 1187 1186 1470
1174 1458 1459 1470
1187 1459 1471 1470
1174 1459 1187 1470
1175 1187 1459 1471
1175 1176 1188 1460
1175 1188 1187 1471
1175 1459 1460 1471
1188 1460 1472 1471
1175 1460 1188 1471
1176 1188 1460 1472
1176 1177 1189 1461
1176 1189 1188 1472
1176 1460 1461 1472
1189 1461 1473 1472
1176 1461 1189 1472
1177 1189 1461 1473
1177 1178 1190 1462
1177 1190 1189 1473
1177 1461 1462 1473
1190 1462 1474 1473
1177 1462 1190 1473
1178 1190 1462 1474
1178 1320 1324 1463
1178 1324 1190 1474
1178 1462 1463 1474
1324 1463 1475 1474
1178 1463 1324 1474
1320 1321 1324 1463
1321 1325 1324 1476
1321 1324 1463 1476
1321 1463 1464 1476
1324 1463 1476 1475
1322 1323 1326 1465
1323 1327 1326 1478
1323 1326 1465 1478
1323 1465 1466 1478
1326 1465 1478 1477
1323 1183 1327 1478
1323 1466 1467 1478
1323 1467 1183 1478
1184 1183 1467 1468
1185 1184 1468 1469
1186 1185 1469 1470
1187 1186 1470 1471
1188 1187 1471 1472
1189 1188 1472 1473
1190 1189 1473 1474
1324 1328 1190 1479
1324 1190 1474 1479
1324 1474 1475 1479
1324 1325 1329 1476
1324 1329 1328 1479
1324 1475 1476 1479
1329 1476 1480 1479
1324 1476 1329 1479
1326 1327 1331 1478
1326 1331 1330 1481
1326 1477 1478 1481
1331 1478 1482 1481
1326 1478 1331 1481
1327 1183 1331 1478
1183 1200 1331 1483
1183 1331 1478 1483
1183 1478 1467 1483
1331 1478 1483 1482
1183 1184 1201 1468
1183 1201 1200 1483
1183 1467 1468 1483
1201 1468 1484 1483
1183 1468 1201 1483
1184 1201 1468 1484
1184 1185 1202 1469
1184 1202 1201 1484
1184 1468 1469 1484
1202 1469 1485 1484
1184 1469 1202 1484
1185 1202 1469 1485
1185 1186 1203 1470
1185 1203 1202 1485
1185 1469 1470 1485
1203 1470 1486 1485
1185 1470 1203 1485
1186 1203 1470 1486
1186 1187 1204 1471
1186 1204 1203 1486
1186 1470 1471 1486
1204 1471 1487 1486
1186 1471 1204 1486
1187 1204 1471 1487
1187 1188 1205 1472
1187 1205 1204 1487
1187 1471 1472 1487
1205 1472 1488 1487
1187 1472 1205 1487
1188 1205 1472 1488
1188 1189 1206 1473
1188 1206 1205 1488
1188 1472 1473 1488
1206 1473 1489 1488
1188 1473 1206 1488
1189 1206 1473 1489
1189 1190 1207 1474
1189 1207 1206 1489
1189 1473 1474 1489
1207 1474 1490 1489
1189 1474 1207 1489
1190 1207 1474 1491
1207 1474 1491 1490
1190 1328 1332 1479
1190 1332 1207 1491
1190 1474 1479 1491
1332 1479 1492 1491
1190 1479 1332 1491
1331 1200 1335 1483
1331 1335 1334 1493
1331 1482 1483 1493
1335 1483 1494 1493
1331 1483 1335 1493
1200 1201 1335 1483
1201 1335 1483 1484
1335 1483 1484 1494
1202 1201 1484 1485
1203 1202 1485 1486
1204 1203 1486 1487
1205 1204 1487 1488
1206 1205 1488 1489
1207 1206 1489 1490
1336 1491 1495 1490
1207 1491 1336 1490
1207 1332 1336 1491
1332 1337 1336 1496
1332 1336 1491 1496
1332 1491 1492 1496
1336 1491 1496 1495
1334 1335 1497 1493
1335 1338 1497 1499
1335 1497 1493 1499
1335 1493 1494 1499
1497 1493 1499 1498
1335 1201 1339 1484
1335 1339 1338 1499
1335 1494 1484 1499
1339 1484 1500 1499
1335 1484 1339 1499
1201 1218 1339 1501
1201 1339 1484 1501
1339 1484 1501 1500
1201 1202 1219 1485
1201 1219 1218 1501
1201 1484 1485 1501
1219 1485 1502 1501
1201 1485 1219 1501
1202 1219 1485 1502
1202 1203 1220 1486
1202 1220 1219 1502
1202 1485 1486 1502
1220 1486 1503 1502
1202 1486 1220 1502
1203 1220 1486 1503
1203 1204 1221 1487
1203 1221 1220 1503
1203 1486 1487 1503
1221 1487 1504 1503
1203 1487 1221 1503
1204 1221 1487 1504
1204 1205 1222 1488
1204 1222 1221 1504
1204 1487 1488 1504
1222 1488 1505 1504
1204 1488 1222 1504
1205 1222 1488 1505
1205 1206 1223 1489
1205 1223 1222 1505
1205 1488 1489 1505
1223 1489 1506 1505
1205 1489 1223 1505
1206 1489 1223 1506
1206 1207 1340 1490
1206 1340 1223 1506
1206 1489 1490 1506
1340 1490 1507 1506
1206 1490 1340 1506
1207 1336 1340 1490
1336 1341 1340 1508
1336 1340 1490 1508
1336 1490 1495 1508
1340 1490 1508 1507
1339 1218 1345 1501
1339 1345 1344 1509
1339 1500 1501 1509
1345 1501 1510 1509
1339 1501 1345 1509
1218 1219 1345 1501
1219 1345 1501 1511
1219 1501 1502 1511
1345 1501 1511 1510
1220 1219 1502 1503
1221 1220 1503 1504
1222 1221 1504 1505
1223 1222 1505 1506
1223 1340 1346 1506
1340 1347 1346 1513
1340 1346 1506 1513
1340 1506 1507 1513
1346 1506 1513 1512
1345 1219 1351 1511
1345 1351 1350 1514
1345 1510 1511 1514
1351 1511 1515 1514
1345 1511 1351 1514
1219 1352 1351 1516
1219 1351 1511 1516
1219 1511 1502 1516
1351 1511 1516 1515
1219 1220 1353 1503
1219 1353 1352 1516
1219 1502 1503 1516
1353 1503 1517 1516
1219 1503 1353 1516
1220 1354 1353 1518
1220 1353 1503 1518
1353 1503 1518 1517
1220 1221 1355 1504
1220 1355 1354 1518
1220 1503 1504 1518
1355 1504 1519 1518
1220 1504 1355 1518
1221 1356 1355 1520
1221 1355 1504 1520
1355 1504 1520 1519
1221 1222 1357 1505
1221 1357 1356 1520
1221 1504 1505 1520
1357 1505 1521 1520
1221 1505 1357 1520
1222 1358 1357 1522
1222 1357 1505 1522
1357 1505 1522 1521
1222 1223 1359 1506
1222 1359 1358 1522
1222 1505 1506 1522
1359 1506 1523 1522
1222 1506 1359 1522
1223 1346 1359 1506
1346 1360 1359 1524
1346 1359 1506 1524
1346 1506 1512 1524
1359 1506 1524 1523
1346 1347 1525 1513
1346 1525 1360 1524
1346 1512 1513 1524
1525 1513 1526 1524
1346 1513 1525 1524
1352 1353 1362 1516
1353 1363 1362 1528
1353 1362 1516 1528
1353 1516 1517 1528
1362 1516 1528 1527
1353 1354 1364 1518
1353 1364 1363 1528
1353 1517 1518 1528
1364 1518 1529 1528
1353 1518 1364 1528
1354 1355 1364 1518
1355 1365 1364 1530
1355 1364 1518 1530
1355 1518 1519 1530
1364 1518 1530 1529
1355 1356 1366 1520
1355 1366 1365 1530
1355 1519 1520 1530
1366 1520 1531 1530
1355 1520 1366 1530
1356 1357 1366 1520
1357 1367 1366 1532
1357 1366 1520 1532
1357 1520 1521 1532
1366 1520 1532 1531
1357 1358 1368 1522
1357 1368 1367 1532
1357 1521 1522 1532
1368 1522 1533 1532
1357 1522 1368 1532
1358 1359 1368 1522
1359 1369 1368 1534
1359 1368 1522 1534
1359 1522 1523 1534
1368 1522 1534 1533
1371 1374 1373 1535
1374 1375 1373 1538
1374 1373 1535 1538
1374 1535 1536 1538
1373 1535 1538 1537
1374 1376 1377 1539
1374 1377 1375 1538
1374 1536 1539 1538
1377 1539 1540 1538
1374 1539 1377 1538
1376 1378 1377 1539
1378 1379 1377 1542
1378 1377 1539 1542
1378 1539 1541 1542
1377 1539 1542 1540
1378 1380 1381 1543
1378 1381 1379 1542
1378 1541 1543 1542
1381 1543 1544 1542
1378 1543 1381 1542
1380 1382 1381 1543
1382 1383 1381 1546
1382 1381 1543 1546
1382 1543 1545 1546
1381 1543 1546 1544
1382 1384 1385 1547
1382 1385 1383 1546
1382 1545 1547 1546
1385 1547 1548 1546
1382 1547 1385 1546
1388 1372 1391 1550
1388 1391 1390 1551
1388 1549 1550 1551
1391 1550 1552 1551
1388 1550 1391 1551
1372 1373 1391 1550
1373 1550 1537 1391
1373 1375 1392 1538
1373 1537 1538 1391
1373 1538 1392 1391
1375 1377 1392 1538
1377 1538 1540 1392
1377 1379 1393 1542
1377 1540 1542 1392
1377 1542 1393 1392
1379 1381 1393 1542
1381 1542 1544 1393
1381 1383 1394 1546
1381 1544 1546 1393
1381 1546 1394 1393
1383 1385 1394 1546
1385 1546 1548 1394
1385 1395 1396 1553
1385 1548 1553 1394
1396 1553 1554 1394
1385 1553 1396 1394
1395 1397 1396 1553
1397 1398 1396 1556
1397 1396 1553 1556
1397 1553 1555 1556
1396 1553 1556 1554
1557 1389 1402 1558
1389 1399 1402 1561
1389 1402 1558 1561
1389 1558 1559 1561
1402 1558 1561 1560
1389 1390 1404 1551
1389 1404 1399 1561
1389 1559 1551 1561
1389 1551 1404 1561
1390 1391 1404 1551
1391 1404 1551 1405
1391 1551 1552 1405
1392 1405 1391 1406
1393 1406 1392 1407
1394 1407 1393 1408
1396 1408 1394 1409
1396 1394 1554 1409
1396 1398 1409 1556
1396 1554 1556 1409
1398 1400 1409 1556
1400 1401 1409 1563
1400 1409 1556 1563
1400 1556 1562 1563
1400 1564 1411 1565
1400 1411 1401 1563
1400 1562 1565 1563
1411 1565 1566 1563
1400 1565 1411 1563
1402 1399 1404 1561
1402 1404 1403 1567
1402 1560 1561 1567
1402 1561 1404 1567
1409 1401 1410 1563
1401 1411 1410 1563
1411 1412 1410 1568
1411 1410 1563 1568
1411 1563 1566 1568
1416 1403 1418 1567
1416 1418 1417 1570
1416 1569 1567 1570
1418 1567 1571 1570
1416 1567 1418 1570
1403 1404 1418 1567
1404 1418 1567 1422
1418 1567 1422 1571
1405 1422 1404 1423
1406 1423 1405 1424
1407 1424 1406 1425
1408 1425 1407 1426
1409 1426 1408 1427
1410 1427 1409 1428
1410 1412 1428 1568
1412 1415 1428 1568
1415 1419 1428 1574
1415 1428 1568 1574
1415 1568 1573 1574
1428 1568 1574 1572
1417 1418 1420 1570
1418 1420 1570 1421
1418 1570 1571 1421
1420 1570 1421 1575
1418 1571 1422 1421
1428 1419 1429 1574
1429 1574 1576 1428
1432 1420 1433 1577
1420 1434 1433 1579
1420 1433 1577 1579
1420 1577 1575 1579
1433 1577 1579 1578
1420 1435 1434 1579
1420 1575 1421 1579
1420 1421 1435 1579
1422 1435 1421 1436
1423 1436 1422 1437
1424 1437 1423 1438
1425 1438 1424 1439
1426 1439 1425 1440
1427 1440 1426 1441
1428 1441 1427 1442
1429 1443 1442 1580
1429 1442 1428 1580
1429 1428 1576 1580
1429 1431 1444 1581
1429 1444 1443 1580
1429 1576 1581 1580
1444 1581 1582 1580
1429 1581 1444 1580
1433 1434 1446 1579
1433 1446 1445 1583
1433 1578 1579 1583
1446 1579 1584 1583
1433 1579 1446 1583
1434 1435 1446 1579
1446 1579 1435 1584
1442 1443 1447 1580
1447 1580 1585 1442
1443 1444 1447 1580
1444 1448 1447 1586
1444 1447 1580 1586
1444 1580 1582 1586
1447 1580 1586 1585
1445 1446 1449 1583
1446 1450 1449 1588
1446 1449 1583 1588
1446 1583 1584 1588
1449 1583 1588 1587
1446 1455 1450 1588
1446 1584 1435 1588
1446 1435 1455 1588
1436 1455 1435 1456
1437 1456 1436 1457
1438 1457 1437 1458
1439 1458 1438 1459
1440 1459 1439 1460
1441 1460 1440 1461
1442 1461 1441 1462
1447 1451 1462 1589
1447 1462 1442 1589
1447 1442 1585 1589
1447 1448 1452 1586
1447 1452 1451 1589
1447 1585 1586 1589
1452 1586 1590 1589
1447 1586 1452 1589
1449 1450 1454 1588
1449 1454 1453 1591
1449 1587 1588 1591
1454 1588 1592 1591
1449 1588 1454 1591
1450 1455 1454 1588
1454 1588 1455 1592
1462 1451 1463 1589
1463 1589 1593 1462
1451 1452 1463 1589
1452 1464 1463 1594
1452 1463 1589 1594
1452 1589 1590 1594
1463 1589 1594 1593
1453 1454 1465 1591
1454 1466 1465 1596
1454 1465 1591 1596
1454 1591 1592 1596
1465 1591 1596 1595
1454 1467 1466 1596
1454 1592 1455 1596
1454 1455 1467 1596
1456 1467 1455 1468
1457 1468 1456 1469
1458 1469 1457 1470
1459 1470 1458 1471
1460 1471 1459 1472
1461 1472 1460 1473
1462 1473 1461 1474
1463 1475 1474 1597
1463 1474 1462 1597
1463 1462 1593 1597
1463 1464 1476 1594
1463 1476 1475 1597
1463 1593 1594 1597
1476 1594 1598 1597
1463 1594 1476 1597
1465 1466 1478 1596
1465 1478 1477 1599
1465 1595 1596 1599
1478 1596 1600 1599
1465 1596 1478 1599
1466 1467 1478 1596
1478 1596 1467 1600
1474 1475 1479 1597
1479 1597 1601 1474
1475 1476 1479 1597
1476 1480 1479 1602
1476 1479 1597 1602
1476 1597 1598 1602
1479 1597 1602 1601
1478 1483 1482 1603
1478 1600 1467 1603
1483 1467 1604 1603
1478 1467 1483 1603
1468 1483 1467 1484
1483 1467 1484 1604
1469 1484 1468 1485
1470 1485 1469 1486
1471 1486 1470 1487
1472 1487 1471 1488
1473 1488 1472 1489
1474 1489 1473 1490
1491 1474 1605 1490
1479 1492 1491 1606
1479 1491 1474 1606
1479 1474 1601 1606
1491 1474 1606 1605
1482 1483 1493 1603
1483 1494 1493 1608
1483 1493 1603 1608
1483 1603 1604 1608
1493 1603 1608 1607
1483 1484 1494 1608
1483 1604 1484 1608
1491 1495 1490 1609
1491 1490 1605 1609
1491 1492 1496 1606
1491 1496 1495 1609
1491 1605 1606 1609
1496 1606 1610 1609
1491 1606 1496 1609
1494 1484 1499 1608
1484 1500 1499 1612
1484 1499 1608 1612
1499 1608 1612 1611
1484 1501 1500 1612
1485 1501 1484 1502
1486 1502 1485 1503
1487 1503 1486 1504
1488 1504 1487 1505
1489 1505 1488 1506
1490 1507 1506 1613
1490 1506 1489 1613
1490 1495 1508 1609
1490 1508 1507 1613
1508 1609 1614 1613
1490 1609 1508 1613
1499 1500 1509 1612
1499 1509 1615 1616
1499 1611 1612 1616
1509 1612 1617 1616
1499 1612 1509 1616
1500 1501 1509 1612
1501 1510 1509 1618
1501 1509 1612 1618
1509 1612 1618 1617
1501 1511 1510 1618
1511 1502 1619 1618
1501 1502 1511 1618
1506 1507 1513 1613
1506 1513 1512 1621
1513 1613 1622 1621
1506 1613 1513 1621
1507 1508 1513 1613
1508 1623 1513 1624
1508 1513 1613 1624
1508 1613 1614 1624
1513 1613 1624 1622
1510 1511 1514 1618
1511 1515 1514 1626
1511 1514 1618 1626
1511 1618 1619 1626
1514 1618 1626 1625
1511 1516 1515 1626
1511 1619 1502 1626
1516 1502 1627 1626
1511 1502 1516 1626
1503 1517 1516 1628
1503 1516 1502 1628
1516 1502 1628 1627
1503 1518 1517 1628
1518 1503 1629 1628
1504 1519 1518 1630
1504 1518 1503 1630
1518 1503 1630 1629
1504 1520 1519 1630
1520 1504 1631 1630
1505 1521 1520 1632
1505 1520 1504 1632
1520 1504 1632 1631
1505 1522 1521 1632
1522 1505 1633 1632
1506 1523 1522 1634
1506 1522 1505 1634
1506 1505 1620 1634
1522 1505 1634 1633
1506 1512 1524 1621
1506 1524 1523 1634
1506 1620 1621 1634
1524 1621 1635 1634
1506 1621 1524 1634
1516 1517 1528 1628
1516 1528 1527 1636
1516 1627 1628 1636
1528 1628 1637 1636
1516 1628 1528 1636
1517 1518 1528 1628
1518 1529 1528 1638
1518 1528 1628 1638
1518 1628 1629 1638
1528 1628 1638 1637
1518 1519 1530 1630
1518 1530 1529 1638
1518 1629 1630 1638
1530 1630 1639 1638
1518 1630 1530 1638
1519 1520 1530 1630
1520 1531 1530 1640
1520 1530 1630 1640
1520 1630 1631 1640
1530 1630 1640 1639
1520 1521 1532 1632
1520 1532 1531 1640
1520 1631 1632 1640
1532 1632 1641 1640
1520 1632 1532 1640
1521 1522 1532 1632
1522 1533 1532 1642
1522 1532 1632 1642
1522 1632 1633 1642
1532 1632 1642 1641
1536 1539 1538 1643
1539 1540 1538 1646
1539 1538 1643 1646
1539 1643 1644 1646
1538 1643 1646 1645
1539 1541 1542 1647
1539 1542 1540 1646
1539 1644 1647 1646
1542 1647 1648 1646
1539 1647 1542 1646
1541 1543 1542 1647
1543 1544 1542 1650
1543 1542 1647 1650
1543 1647 1649 1650
1542 1647 1650 1648
1550 1537 1391 1652
1550 1391 1552 1653
1550 1651 1652 1653
1391 1652 1654 1653
1550 1652 1391 1653
1537 1538 1391 1652
1538 1392 1391 1655
1538 1391 1652 1655
1538 1652 1645 1655
1391 1652 1655 1654
1538 1540 1392 1646
1538 1645 1646 1655
1538 1646 1392 1655
1540 1542 1392 1646
1542 1393 1392 1656
1542 1392 1646 1656
1542 1646 1648 1656
1392 1646 1656 1655
1542 1544 1393 1650
1542 1648 1650 1656
1542 1650 1393 1656
1544 1546 1393 1650
1546 1394 1393 1658
1546 1393 1650 1658
1546 1650 1657 1658
1393 1650 1658 1656
1546 1548 1394 1659
1546 1657 1659 1658
1394 1659 1660 1658
1546 1659 1394 1658
1548 1553 1394 1659
1553 1554 1394 1662
1553 1394 1659 1662
1553 1659 1661 1662
1394 1659 1662 1660
1559 1551 1561 1663
1551 1404 1561 1666
1551 1561 1663 1666
1551 1663 1664 1666
1561 1663 1666 1665
1551 1552 1405 1653
1551 1405 1404 1666
1551 1664 1653 1666
1405 1653 1675 1666
1551 1653 1405 1666
1552 1391 1405 1653
1391 1405 1653 1675
1391 1653 1654 1675
1391 1392 1406 1655
1391 1406 1405 1675
1391 1654 1655 1675
1406 1655 1785 1675
1391 1655 1406 1675
1392 1406 1655 1785
1392 1393 1407 1656
1392 1407 1406 1785
1392 1655 1656 1785
1407 1656 1786 1785
1392 1656 1407 1785
1393 1407 1656 1786
1393 1394 1408 1658
1393 1408 1407 1786
1393 1656 1658 1786
1408 1658 1787 1786
1393 1658 1408 1786
1394 1408 1658 1787
1394 1658 1660 1787
1394 1554 1409 1662
1394 1409 1408 1787
1394 1660 1662 1787
1409 1662 1676 1787
1394 1662 1409 1787
1554 1556 1409 1662
1556 1409 1662 1668
1556 1662 1667 1668
1409 1662 1668 1676
1556 1562 1563 1669
1556 1563 1409 1668
1556 1667 1669 1668
1563 1669 1670 1668
1556 1669 1563 1668
1560 1561 1567 1671
1561 1404 1567 1673
1561 1567 1671 1673
1561 1671 1665 1673
1567 1671 1673 1672
1561 1665 1666 1673
1404 1666 1674 1673
1561 1666 1404 1673
1405 1404 1666 1675
1404 1666 1675 1674
1406 1405 1675 1785
1407 1406 1785 1786
1408 1407 1786 1787
1409 1408 1787 1676
1563 1410 1409 1677
1563 1409 1668 1677
1563 1668 1670 1677
1409 1668 1677 1676
1563 1566 1568 1678
1563 1568 1410 1677
1563 1670 1678 1677
1568 1678 1679 1677
1563 1678 1568 1677
1567 1404 1422 1673
1567 1422 1571 1680
1567 1672 1673 1680
1422 1673 1685 1680
1567 1673 1422 1680
1404 1422 1673 1685
1404 1673 1674 1685
1404 1405 1423 1675
1404 1423 1422 1685
1404 1674 1675 1685
1423 1675 1796 1685
1404 1675 1423 1685
1405 1675 1423 1796
1405 1406 1424 1785
1405 1424 1423 1796
1405 1675 1785 1796
1424 1785 1797 1796
1405 1785 1424 1796
1406 1424 1785 1797
1406 1407 1425 1786
1406 1425 1424 1797
1406 1785 1786 1797
1425 1786 1798 1797
1406 1786 1425 1797
1407 1425 1786 1798
1407 1408 1426 1787
1407 1426 1425 1798
1407 1786 1787 1798
1426 1787 1799 1798
1407 1787 1426 1798
1408 1426 1787 1799
1408 1409 1427 1676
1408 1427 1426 1799
1408 1787 1676 1799
1427 1676 1800 1799
1408 1676 1427 1799
1409 1427 1676 1800
1409 1410 1428 1677
1409 1428 1427 1800
1409 1676 1677 1800
1428 1677 1686 1800
1409 1677 1428 1800
1410 1568 1428 1677
1568 1572 1428 1681
1568 1428 1677 1681
1568 1677 1679 1681
1428 1677 1681 1686
1570 1571 1421 1680
1570 1421 1575 1683
1570 1682 1680 1683
1421 1680 1684 1683
1570 1680 1421 1683
1571 1422 1421 1680
1422 1421 1680 1685
1421 1680 1685 1684
1423 1422 1685 1796
1424 1423 1796 1797
1425 1424 1797 1798
1426 1425 1798 1799
1427 1426 1799 1800
1428 1427 1800 1686
1428 1681 1687 1686
1572 1574 1428 1681
1574 1576 1428 1689
1574 1428 1681 1689
1574 1681 1688 1689
1428 1681 1689 1687
1575 1421 1579 1683
1421 1435 1579 1691
1421 1579 1683 1691
1421 1683 1684 1691
1579 1683 1691 1690
1421 1422 1436 1685
1421 1436 1435 1691
1421 1684 1685 1691
1436 1685 1806 1691
1421 1685 1436 1691
1422 1436 1685 1806
1422 1423 1437 1796
1422 1437 1436 1806
1422 1685 1796 1806
1437 1796 1807 1806
1422 1796 1437 1806
1423 1437 1796 1807
1423 1424 1438 1797
1423 1438 1437 1807
1423 1796 1797 1807
1438 1797 1808 1807
1423 1797 1438 1807
1424 1438 1797 1808
1424 1425 1439 1798
1424 1439 1438 1808
1424 1797 1798 1808
1439 1798 1809 1808
1424 1798 1439 1808
1425 1439 1798 1809
1425 1426 1440 1799
1425 1440 1439 1809
1425 1798 1799 1809
1440 1799 1810 1809
1425 1799 1440 1809
1426 1440 1799 1810
1426 1427 1441 1800
1426 1441 1440 1810
1426 1799 1800 1810
1441 1800 1811 1810
1426 1800 1441 1810
1427 1441 1800 1811
1427 1428 1442 1686
1427 1442 1441 1811
1427 1800 1686 1811
1442 1686 1692 1811
1427 1686 1442 1811
1428 1442 1686 1692
1428 1686 1687 1692
1428 1576 1580 1689
1428 1580 1442 1692
1428 1687 1689 1692
1580 1689 1693 1692
1428 1689 1580 1692
1579 1435 1584 1694
1579 1690 1691 1694
1435 1691 1695 1694
1579 1691 1435 1694
1436 1435 1691 1806
1435 1691 1806 1695
1437 1436 1806 1807
1438 1437 1807 1808
1439 1438 1808 1809
1440 1439 1809 1810
1441 1440 1810 1811
1442 1441 1811 1692
1580 1585 1442 1696
1580 1442 1692 1696
1580 1692 1693 1696
1580 1582 1586 1697
1580 1586 1585 1696
1580 1693 1697 1696
1586 1697 1698 1696
1580 1697 1586 1696
1583 1584 1588 1694
1583 1588 1587 1700
1583 1699 1694 1700
1588 1694 1701 1700
1583 1694 1588 1700
1584 1435 1588 1694
1435 1455 1588 1706
1435 1588 1694 1706
1435 1694 1695 1706
1588 1694 1706 1701
1435 1436 1456 1806
1435 1456 1455 1706
1435 1695 1806 1706
1456 1806 1825 1706
1435 1806 1456 1706
1436 1456 1806 1825
1436 1437 1457 1807
1436 1457 1456 1825
1436 1806 1807 1825
1457 1807 1826 1825
1436 1807 1457 1825
1437 1457 1807 1826
1437 1438 1458 1808
1437 1458 1457 1826
1437 1807 1808 1826
1458 1808 1827 1826
1437 1808 1458 1826
1438 1458 1808 1827
1438 1439 1459 1809
1438 1459 1458 1827
1438 1808 1809 1827
1459 1809 1828 1827
1438 1809 1459 1827
1439 1459 1809 1828
1439 1440 1460 1810
1439 1460 1459 1828
1439 1809 1810 1828
1460 1810 1829 1828
1439 1810 1460 1828
1440 1460 1810 1829
1440 1441 1461 1811
1440 1461 1460 1829
1440 1810 1811 1829
1461 1811 1830 1829
1440 1811 1461 1829
1441 1461 1811 1830
1441 1442 1462 1692
1441 1462 1461 1830
1441 1811 1692 1830
1462 1692 1707 1830
1441 1692 1462 1830
1442 1462 1692 1707
1442 1585 1589 1696
1442 1589 1462 1707
1442 1692 1696 1707
1589 1696 1702 1707
1442 1696 1589 1707
1585 1586 1589 1696
1586 1590 1589 1703
1586 1589 1696 1703
1586 1696 1698 1703
1589 1696 1703 1702
1587 1588 1591 1700
1588 1592 1591 1705
1588 1591 1700 1705
1588 1700 1701 1705
1591 1700 1705 1704
1588 1455 1592 1705
1588 1701 1706 1705
1588 1706 1455 1705
1456 1455 1706 1825
1457 1456 1825 1826
1458 1457 1826 1827
1459 1458 1827 1828
1460 1459 1828 1829
1461 1460 1829 1830
1462 1461 1830 1707
1589 1593 1462 1708
1589 1462 1707 1708
1589 1707 1702 1708
1589 1590 1594 1703
1589 1594 1593 1708
1589 1702 1703 1708
1594 1703 1709 1708
1589 1703 1594 1708
1591 1592 1596 1705
1591 1596 1595 1710
1591 1704 1705 1710
1596 1705 1711 1710
1591 1705 1596 1710
1592 1455 1596 1705
1455 1467 1596 1712
1455 1596 1705 1712
1455 1705 1706 1712
1596 1705 1712 1711
1455 1456 1468 1825
1455 1468 1467 1712
1455 1706 1825 1712
1468 1825 1835 1712
1455 1825 1468 1712
1456 1468 1825 1835
1456 1457 1469 1826
1456 1469 1468 1835
1456 1825 1826 1835
1469 1826 1836 1835
1456 1826 1469 1835
1457 1469 1826 1836
1457 1458 1470 1827
1457 1470 1469 1836
1457 1826 1827 1836
1470 1827 1837 1836
1457 1827 1470 1836
1458 1470 1827 1837
1458 1459 1471 1828
1458 1471 1470 1837
1458 1827 1828 1837
1471 1828 1838 1837
1458 1828 1471 1837
1459 1471 1828 1838
1459 1460 1472 1829
1459 1472 1471 1838
1459 1828 1829 1838
1472 1829 1839 1838
1459 1829 1472 1838
1460 1472 1829 1839
1460 1461 1473 1830
1460 1473 1472 1839
1460 1829 1830 1839
1473 1830 1840 1839
1460 1830 1473 1839
1461 1473 1830 1840
1461 1462 1474 1707
1461 1474 1473 1840
1461 1830 1707 1840
1474 1707 1841 1840
1461 1707 1474 1840
1462 1474 1707 1713
1474 1707 1713 1841
1462 1593 1597 1708
1462 1597 1474 1713
1462 1707 1708 1713
1597 1708 1714 1713
1462 1708 1597 1713
1596 1467 1600 1715
1596 1711 1712 1715
1467 1712 1716 1715
1596 1712 1467 1715
1468 1467 1712 1835
1467 1712 1835 1716
1469 1468 1835 1836
1470 1469 1836 1837
1471 1470 1837 1838
1472 1471 1838 1839
1473 1472 1839 1840
1474 1473 1840 1841
1474 1713 1717 1841
1597 1601 1474 1718
1597 1474 1713 1718
1597 1713 1714 1718
1474 1713 1718 1717
1600 1467 1603 1715
1467 1604 1603 1720
1467 1603 1715 1720
1467 1715 1716 1720
1603 1715 1720 1719
1467 1468 1484 1835
1467 1484 1604 1720
1467 1716 1835 1720
1484 1835 1721 1720
1467 1835 1484 1720
1468 1484 1835 1721
1468 1469 1485 1836
1468 1485 1484 1721
1468 1835 1836 1721
1485 1836 1850 1721
1468 1836 1485 1721
1469 1485 1836 1850
1469 1470 1486 1837
1469 1486 1485 1850
1469 1836 1837 1850
1486 1837 1851 1850
1469 1837 1486 1850
1470 1486 1837 1851
1470 1471 1487 1838
1470 1487 1486 1851
1470 1837 1838 1851
1487 1838 1852 1851
1470 1838 1487 1851
1471 1487 1838 1852
1471 1472 1488 1839
1471 1488 1487 1852
1471 1838 1839 1852
1488 1839 1853 1852
1471 1839 1488 1852
1472 1488 1839 1853
1472 1473 1489 1840
1472 1489 1488 1853
1472 1839 1840 1853
1489 1840 1722 1853
1472 1840 1489 1853
1473 1840 1489 1722
1473 1474 1490 1841
1473 1490 1489 1722
1473 1840 1841 1722
1490 1841 1723 1722
1473 1841 1490 1722
1474 1605 1490 1724
1474 1490 1841 1724
1474 1841 1717 1724
1490 1841 1724 1723
1474 1601 1606 1718
1474 1606 1605 1724
1474 1717 1718 1724
1606 1718 1725 1724
1474 1718 1606 1724
1604 1484 1608 1720
1484 1608 1720 1727
1484 1720 1721 1727
1608 1720 1727 1726
1485 1484 1721 1850
1486 1485 1850 1851
1487 1486 1851 1852
1488 1487 1852 1853
1489 1488 1853 1722
1490 1489 1722 1728
1490 1722 1723 1728
1490 1605 1609 1724
1490 1723 1724 1728
1609 1724 1729 1728
1490 1724 1609 1728
1608 1484 1612 1727
1608 1612 1611 1730
1608 1726 1727 1730
1612 1727 1731 1730
1608 1727 1612 1730
1484 1501 1612 1732
1484 1612 1727 1732
1484 1727 1721 1732
1612 1727 1732 1731
1484 1485 1502 1850
1484 1502 1501 1732
1484 1721 1850 1732
1502 1850 1733 1732
1484 1850 1502 1732
1485 1850 1502 1733
1485 1486 1503 1851
1485 1503 1502 1733
1485 1850 1851 1733
1503 1851 1734 1733
1485 1851 1503 1733
1486 1503 1851 1734
1486 1487 1504 1852
1486 1504 1503 1734
1486 1851 1852 1734
1504 1852 1735 1734
1486 1852 1504 1734
1487 1504 1852 1735
1487 1488 1505 1853
1487 1505 1504 1735
1487 1852 1853 1735
1505 1853 1736 1735
1487 1853 1505 1735
1488 1505 1853 1736
1488 1489 1506 1722
1488 1506 1505 1736
1488 1853 1722 1736
1506 1722 1737 1736
1488 1722 1506 1736
1489 1506 1722 1738
1506 1722 1738 1737
1489 1490 1613 1728
1489 1613 1506 1738
1489 1722 1728 1738
1613 1728 1739 1738
1489 1728 1613 1738
1490 1609 1613 1728
1609 1614 1613 1740
1609 1613 1728 1740
1609 1728 1729 1740
1613 1728 1740 1739
1612 1501 1618 1732
1612 1618 1617 1741
1612 1731 1732 1741
1618 1732 1742 1741
1612 1732 1618 1741
1501 1502 1618 1732
1502 1619 1618 1743
1502 1618 1732 1743
1502 1732 1733 1743
1618 1732 1743 1742
1502 1733 1744 1743
1503 1502 1733 1745
1503 1733 1734 1745
1502 1733 1745 1744
1504 1503 1734 1735
1505 1504 1735 1736
1506 1620 1505 1747
1506 1505 1736 1747
1506 1736 1737 1747
1505 1736 1747 1746
1506 1621 1620 1747
1506 1737 1738 1747
1621 1738 1748 1747
1506 1738 1621 1747
1506 1613 1621 1738
1613 1622 1621 1749
1613 1621 1738 1749
1613 1738 1739 1749
1621 1738 1749 1748
1619 1502 1626 1743
1502 1627 1626 1751
1502 1626 1743 1751
1502 1743 1744 1751
1626 1743 1751 1750
1502 1503 1628 1745
1502 1628 1627 1751
1502 1744 1745 1751
1628 1745 1752 1751
1502 1745 1628 1751
1503 1629 1628 1753
1503 1628 1745 1753
1503 1745 1734 1753
1628 1745 1753 1752
1503 1504 1630 1735
1503 1630 1629 1753
1503 1734 1735 1753
1630 1735 1754 1753
1503 1735 1630 1753
1504 1631 1630 1755
1504 1630 1735 1755
1630 1735 1755 1754
1504 1505 1632 1736
1504 1632 1631 1755
1504 1735 1736 1755
1632 1736 1756 1755
1504 1736 1632 1755
1505 1633 1632 1757
1505 1632 1736 1757
1505 1736 1746 1757
1632 1736 1757 1756
1505 1620 1634 1747
1505 1634 1633 1757
1505 1746 1747 1757
1634 1747 1758 1757
1505 1747 1634 1757
1629 1630 1638 1753
1630 1639 1638 1760
1630 1638 1753 1760
1630 1753 1754 1760
1638 1753 1760 1759
1630 1631 1640 1755
1630 1640 1639 1760
1630 1754 1755 1760
1640 1755 1761 1760
1630 1755 1640 1760
1631 1632 1640 1755
1632 1641 1640 1762
1632 1640 1755 1762
1632 1755 1756 1762
1640 1755 1762 1761
1652 1645 1655 1764
1652 1655 1654 1765
1652 1763 1764 1765
1655 1764 1766 1765
1652 1764 1655 1765
1645 1646 1655 1764
1646 1655 1764 1768
1646 1764 1767 1768
1655 1764 1768 1766
1646 1648 1656 1769
1646 1656 1655 1768
1646 1767 1769 1768
1656 1769 1770 1768
1646 1769 1656 1768
1648 1650 1656 1769
1650 1656 1769 1772
1650 1769 1771 1772
1656 1769 1772 1770
1650 1657 1658 1773
1650 1658 1656 1772
1650 1771 1773 1772
1658 1773 1774 1772
1650 1773 1658 1772
1657 1659 1658 1773
1659 1660 1658 1776
1659 1658 1773 1776
1659 1773 1775 1776
1658 1773 1776 1774
1653 1654 1675 1765
1653 1777 1765 1778
1653 1765 1675 1778
1654 1655 1675 1765
1655 1675 1765 1785
1655 1765 1766 1785
1655 1766 1768 1785
1655 1656 1785 1768
1656 1785 1768 1786
1656 1768 1770 1786
1656 1770 1772 1786
1656 1658 1786 1772
1658 1786 1772 1787
1658 1772 1774 1787
1658 1660 1787 1776
1658 1774 1776 1787
1660 1662 1787 1776
1662 1676 1787 1780
1662 1787 1776 1780
1662 1776 1779 1780
1665 1666 1673 1781
1666 1674 1673 1784
1666 1673 1781 1784
1666 1781 1782 1784
1673 1781 1784 1783
1666 1675 1674 1784
1666 1782 1778 1784
1666 1778 1675 1784
1668 1676 1780 1789
1668 1780 1788 1789
1668 1670 1677 1790
1668 1677 1676 1789
1668 1788 1790 1789
1677 1790 1791 1789
1668 1790 1677 1789
1673 1674 1685 1784
1673 1783 1784 1792
1673 1784 1685 1792
1674 1675 1685 1784
1675 1685 1784 1796
1785 1675 1796 1797
1786 1797 1785 1798
1787 1798 1786 1799
1676 1799 1787 1800
1676 1677 1800 1789
1677 1686 1800 1793
1677 1800 1789 1793
1677 1789 1791 1793
1680 1685 1684 1795
1680 1794 1792 1795
1680 1792 1685 1795
1681 1687 1686 1802
1681 1686 1793 1802
1681 1793 1801 1802
1683 1684 1691 1795
1683 1691 1690 1804
1683 1803 1795 1804
1691 1795 1805 1804
1683 1795 1691 1804
1684 1685 1691 1795
1685 1691 1795 1806
1691 1795 1806 1805
1796 1685 1806 1807
1797 1807 1796 1808
1798 1808 1797 1809
1799 1809 1798 1810
1800 1810 1799 1811
1686 1811 1800 1692
1686 1687 1692 1802
1687 1689 1692 1802
1689 1693 1692 1814
1689 1692 1802 1814
1689 1802 1813 1814
1692 1802 1814 1812
1690 1691 1694 1804
1691 1695 1694 1816
1691 1694 1804 1816
1691 1804 1805 1816
1694 1804 1816 1815
1691 1806 1695 1816
1691 1805 1806 1816
1692 1693 1696 1814
1692 1812 1814 1817
1696 1814 1818 1817
1692 1814 1696 1817
1694 1695 1706 1816
1694 1706 1701 1819
1694 1815 1816 1819
1706 1816 1820 1819
1694 1816 1706 1819
1695 1806 1706 1816
1806 1706 1816 1825
1706 1816 1825 1820
1807 1825 1806 1826
1808 1826 1807 1827
1809 1827 1808 1828
1810 1828 1809 1829
1811 1829 1810 1830
1692 1830 1811 1707
1692 1696 1707 1817
1696 1702 1707 1822
1696 1707 1817 1822
1696 1817 1818 1822
1707 1817 1822 1821
1701 1706 1705 1819
1706 1705 1819 1824
1706 1819 1820 1824
1705 1819 1824 1823
1706 1820 1825 1824
1707 1702 1708 1822
1707 1821 1822 1831
1708 1822 1832 1831
1707 1822 1708 1831
1705 1706 1712 1824
1705 1712 1711 1833
1705 1823 1824 1833
1712 1824 1834 1833
1705 1824 1712 1833
1706 1825 1712 1824
1825 1712 1824 1835
1712 1824 1835 1834
1826 1835 1825 1836
1827 1836 1826 1837
1828 1837 1827 1838
1829 1838 1828 1839
1830 1839 1829 1840
1707 1840 1830 1841
1713 1831 1842 1841
1707 1831 1713 1841
1707 1708 1713 1831
1708 1714 1713 1843
1708 1713 1831 1843
1708 1831 1832 1843
1713 1831 1843 1842
1711 1712 1715 1833
1712 1716 1715 1845
1712 1715 1833 1845
1712 1833 1834 1845
1715 1833 1845 1844
1712 1835 1716 1845
1712 1834 1835 1845
1713 1717 1841 1846
1713 1841 1842 1846
1713 1714 1718 1843
1713 1718 1717 1846
1713 1842 1843 1846
1718 1843 1847 1846
1713 1843 1718 1846
1716 1835 1720 1845
1835 1721 1720 1849
1835 1720 1845 1849
1720 1845 1849 1848
1836 1721 1835 1850
1837 1850 1836 1851
1838 1851 1837 1852
1839 1852 1838 1853
1840 1839 1853 1722
1841 1723 1722 1854
1841 1722 1840 1854
1841 1717 1724 1846
1841 1724 1723 1854
1724 1846 1855 1854
1841 1846 1724 1854
1721 1727 1849 1857
1727 1849 1857 1856
1722 1723 1728 1854
1728 1854 1859 1858
1722 1854 1728 1858
1727 1721 1732 1857
1727 1732 1731 1860
1727 1856 1857 1860
1732 1857 1861 1860
1727 1857 1732 1860
1721 1850 1732 1857
1850 1733 1732 1862
1850 1732 1857 1862
1732 1857 1862 1861
1851 1733 1850 1734
1852 1734 1851 1735
1853 1735 1852 1736
1722 1737 1736 1863
1722 1736 1853 1863
1722 1738 1737 1863
1738 1858 1864 1863
1722 1858 1738 1863
1722 1728 1738 1858
1728 1739 1738 1865
1728 1738 1858 1865
1728 1858 1859 1865
1738 1858 1865 1864
1733 1744 1743 1867
1733 1743 1862 1867
1743 1862 1867 1866
1733 1745 1744 1867
1745 1734 1868 1867
1733 1734 1745 1867
1745 1734 1869 1868
1736 1737 1747 1863
1736 1747 1746 1873
1747 1863 1874 1873
1736 1863 1747 1873
1744 1745 1751 1867
1745 1752 1751 1876
1745 1751 1867 1876
1745 1867 1868 1876
1751 1867 1876 1875
1745 1734 1753 1869
1745 1753 1752 1876
1745 1868 1869 1876
1753 1869 1877 1876
1745 1869 1753 1876
1734 1735 1753 1869
1735 1754 1753 1878
1735 1753 1869 1878
1735 1869 1870 1878
1753 1869 1878 1877
1735 1755 1754 1878
1735 1870 1871 1878
1755 1871 1879 1878
1735 1871 1755 1878
1735 1736 1755 1871
1736 1756 1755 1880
1736 1755 1871 1880
1736 1871 1872 1880
1755 1871 1880 1879
1736 1746 1757 1873
1736 1757 1756 1880
1736 1872 1873 1880
1757 1873 1881 1880
1736 1873 1757 1880
1764 1767 1768 1883
1764 1768 1766 1884
1764 1882 1883 1884
1768 1883 1885 1884
1764 1883 1768 1884
1769 1771 1772 1887
1769 1772 1770 1888
1769 1886 1887 1888
1772 1887 1889 1888
1769 1887 1772 1888
1777 1765 1778 1890
1765 1675 1778 1893
1765 1778 1890 1893
1765 1890 1891 1893
1778 1890 1893 1892
1765 1766 1785 1884
1765 1785 1675 1893
1765 1891 1884 1893
1785 1884 1894 1893
1765 1884 1785 1893
1766 1768 1785 1884
1768 1785 1884 1895
1768 1884 1885 1895
1785 1884 1895 1894
1768 1770 1786 1888
1768 1786 1785 1895
1768 1885 1888 1895
1786 1888 1896 1895
1768 1888 1786 1895
1770 1772 1786 1888
1772 1786 1888 1896
1772 1888 1889 1896
1772 1774 1787 1897
1772 1787 1786 1896
1772 1889 1897 1896
1787 1897 1898 1896
1772 1897 1787 1896
1774 1776 1787 1897
1776 1787 1897 1900
1776 1897 1899 1900
1787 1897 1900 1898
1782 1778 1784 1901
1778 1675 1784 1903
1778 1784 1901 1903
1778 1901 1892 1903
1784 1901 1903 1902
1778 1892 1893 1903
1675 1893 1904 1903
1778 1893 1675 1903
1785 1675 1893 1905
1785 1893 1894 1905
1675 1893 1905 1904
1785 1894 1895 1905
1786 1785 1895 1896
1785 1895 1896 1905
1787 1786 1896 1906
1787 1896 1898 1906
1787 1898 1900 1906
1780 1676 1787 1908
1780 1787 1900 1908
1780 1900 1907 1908
1787 1900 1908 1906
1780 1788 1789 1909
1780 1789 1676 1908
1780 1907 1909 1908
1789 1909 1910 1908
1780 1909 1789 1908
1783 1784 1792 1911
1784 1685 1792 1913
1784 1792 1911 1913
1784 1911 1902 1913
1792 1911 1913 1912
1784 1675 1796 1903
1784 1796 1685 1913
1784 1902 1903 1913
1796 1903 1919 1913
1784 1903 1796 1913
1675 1796 1903 1919
1675 1903 1904 1919
1675 1785 1797 1905
1675 1797 1796 1919
1675 1904 1905 1919
1797 1905 1920 1919
1675 1905 1797 1919
1785 1797 1905 1920
1785 1786 1798 1896
1785 1798 1797 1920
1785 1905 1896 1920
1798 1896 1921 1920
1785 1896 1798 1920
1786 1798 1896 1921
1786 1787 1799 1906
1786 1799 1798 1921
1786 1896 1906 1921
1799 1906 1922 1921
1786 1906 1799 1921
1787 1799 1906 1922
1787 1676 1800 1908
1787 1800 1799 1922
1787 1906 1908 1922
1800 1908 1923 1922
1787 1908 1800 1922
1676 1789 1800 1908
1789 1800 1908 1914
1789 1908 1910 1914
1800 1908 1914 1923
1789 1791 1793 1915
1789 1793 1800 1914
1789 1910 1915 1914
1793 1915 1916 1914
1789 1915 1793 1914
1792 1912 1913 1917
1685 1913 1918 1917
1792 1913 1685 1917
1796 1685 1913 1919
1685 1913 1919 1918
1797 1796 1919 1920
1798 1797 1920 1921
1799 1798 1921 1922
1800 1799 1922 1923
1793 1686 1800 1924
1793 1800 1914 1924
1793 1914 1916 1924
1800 1914 1924 1923
1793 1801 1802 1925
1793 1802 1686 1924
1793 1916 1925 1924
1802 1925 1926 1924
1793 1925 1802 1924
1795 1685 1806 1917
1795 1806 1805 1928
1795 1927 1917 1928
1806 1917 1929 1928
1795 1917 1806 1928
1685 1806 1917 1938
1685 1917 1918 1938
1806 1917 1938 1929
1685 1796 1807 1919
1685 1807 1806 1938
1685 1918 1919 1938
1807 1919 1930 1938
1685 1919 1807 1938
1796 1807 1919 1930
1796 1797 1808 1920
1796 1808 1807 1930
1796 1919 1920 1930
1808 1920 1931 1930
1796 1920 1808 1930
1797 1808 1920 1931
1797 1798 1809 1921
1797 1809 1808 1931
1797 1920 1921 1931
1809 1921 1932 1931
1797 1921 1809 1931
1798 1809 1921 1932
1798 1799 1810 1922
1798 1810 1809 1932
1798 1921 1922 1932
1810 1922 1933 1932
1798 1922 1810 1932
1799 1810 1922 1933
1799 1800 1811 1923
1799 1811 1810 1933
1799 1922 1923 1933
1811 1923 1934 1933
1799 1923 1811 1933
1800 1811 1923 1934
1800 1686 1692 1924
1800 1692 1811 1934
1800 1923 1924 1934
1692 1924 1935 1934
1800 1924 1692 1934
1686 1802 1692 1924
1802 1812 1692 1936
1802 1692 1924 1936
1802 1924 1926 1936
1692 1924 1936 1935
1805 1806 1816 1928
1806 1816 1928 1938
1806 1928 1929 1938
1816 1928 1938 1937
1807 1938 1806 1930
1808 1807 1930 1931
1809 1808 1931 1932
1810 1809 1932 1933
1811 1810 1933 1934
1692 1811 1934 1939
1692 1934 1935 1939
1692 1812 1817 1936
1692 1935 1936 1939
1817 1936 1940 1939
1692 1936 1817 1939
1812 1814 1817 1936
1814 1818 1817 1942
1814 1817 1936 1942
1814 1936 1941 1942
1817 1936 1942 1940
1815 1816 1819 1943
1816 1820 1819 1945
1816 1819 1943 1945
1816 1943 1937 1945
1819 1943 1945 1944
1816 1806 1825 1938
1816 1825 1820 1945
1816 1937 1938 1945
1825 1938 1946 1945
1816 1938 1825 1945
1806 1825 1938 1946
1806 1807 1826 1930
1806 1826 1825 1946
1806 1938 1930 1946
1826 1930 1951 1946
1806 1930 1826 1946
1807 1826 1930 1951
1807 1808 1827 1931
1807 1827 1826 1951
1807 1930 1931 1951
1827 1931 1952 1951
1807 1931 1827 1951
1808 1827 1931 1952
1808 1809 1828 1932
1808 1828 1827 1952
1808 1931 1932 1952
1828 1932 1953 1952
1808 1932 1828 1952
1809 1828 1932 1953
1809 1810 1829 1933
1809 1829 1828 1953
1809 1932 1933 1953
1829 1933 1954 1953
1809 1933 1829 1953
1810 1829 1933 1954
1810 1811 1830 1934
1810 1830 1829 1954
1810 1933 1934 1954
1830 1934 1955 1954
1810 1934 1830 1954
1811 1830 1934 1955
1811 1692 1707 1939
1811 1707 1830 1955
1811 1934 1939 1955
1707 1939 1947 1955
1811 1939 1707 1955
1692 1817 1707 1939
1817 1821 1707 1948
1817 1707 1939 1948
1817 1939 1940 1948
1707 1939 1948 1947
1820 1825 1824 1945
1825 1824 1945 1950
1825 1945 1946 1950
1824 1945 1950 1949
1826 1825 1946 1951
1827 1826 1951 1952
1828 1827 1952 1953
1829 1828 1953 1954
1830 1829 1954 1955
1707 1830 1955 1956
1707 1955 1947 1956
1707 1821 1831 1948
1707 1947 1948 1956
1831 1948 1957 1956
1707 1948 1831 1956
1821 1822 1831 1948
1822 1832 1831 1959
1822 1831 1948 1959
1822 1948 1958 1959
1831 1948 1959 1957
1823 1824 1833 1960
1824 1834 1833 1962
1824 1833 1960 1962
1824 1960 1949 1962
1833 1960 1962 1961
1824 1825 1835 1950
1824 1835 1834 1962
1824 1949 1950 1962
1835 1950 1963 1962
1824 1950 1835 1962
1825 1835 1950 1964
1825 1950 1946 1964
1835 1950 1964 1963
1825 1826 1836 1951
1825 1836 1835 1964
1825 1946 1951 1964
1836 1951 1965 1964
1825 1951 1836 1964
1826 1836 1951 1965
1826 1827 1837 1952
1826 1837 1836 1965
1826 1951 1952 1965
1837 1952 1966 1965
1826 1952 1837 1965
1827 1837 1952 1966
1827 1828 1838 1953
1827 1838 1837 1966
1827 1952 1953 1966
1838 1953 1967 1966
1827 1953 1838 1966
1828 1838 1953 1967
1828 1829 1839 1954
1828 1839 1838 1967
1828 1953 1954 1967
1839 1954 1968 1967
1828 1954 1839 1967
1829 1839 1954 1968
1829 1830 1840 1955
1829 1840 1839 1968
1829 1954 1955 1968
1840 1955 1969 1968
1829 1955 1840 1968
1830 1840 1955 1969
1830 1707 1841 1956
1830 1841 1840 1969
1830 1955 1956 1969
1841 1956 1970 1969
1830 1956 1841 1969
1707 1831 1841 1956
1831 1842 1841 1971
1831 1841 1956 1971
1831 1956 1957 1971
1841 1956 1971 1970
1834 1835 1845 1962
1835 1845 1962 1973
1835 1962 1963 1973
1845 1962 1973 1972
1835 1963 1964 1973
1836 1835 1964 1965
1837 1836 1965 1966
1838 1837 1966 1967
1839 1838 1967 1968
1840 1839 1968 1969
1841 1840 1969 1974
1841 1969 1970 1974
1841 1842 1846 1971
1841 1970 1971 1974
1846 1971 1975 1974
1841 1971 1846 1974
1845 1835 1849 1973
1845 1849 1848 1976
1845 1972 1973 1976
1849 1973 1977 1976
1845 1973 1849 1976
1835 1721 1849 1978
1835 1849 1973 1978
1835 1973 1964 1978
1849 1973 1978 1977
1835 1836 1850 1965
1835 1850 1721 1978
1835 1964 1965 1978
1850 1965 1979 1978
1835 1965 1850 1978
1836 1850 1965 1979
1836 1837 1851 1966
1836 1851 1850 1979
1836 1965 1966 1979
1851 1966 1980 1979
1836 1966 1851 1979
1837 1851 1966 1980
1837 1838 1852 1967
1837 1852 1851 1980
1837 1966 1967 1980
1852 1967 1981 1980
1837 1967 1852 1980
1838 1852 1967 1981
1838 1839 1853 1968
1838 1853 1852 1981
1838 1967 1968 1981
1853 1968 1982 1981
1838 1968 1853 1981
1839 1853 1968 1982
1839 1840 1722 1969
1839 1722 1853 1982
1839 1968 1969 1982
1722 1969 1983 1982
1839 1969 1722 1982
1840 1722 1969 1984
1722 1969 1984 1983
1840 1841 1854 1974
1840 1854 1722 1984
1840 1969 1974 1984
1854 1974 1985 1984
1840 1974 1854 1984
1849 1721 1857 1978
1849 1857 1856 1986
1849 1977 1978 1986
1857 1978 1987 1986
1849 1978 1857 1986
1721 1850 1857 1978
1850 1857 1978 1988
1850 1978 1979 1988
1857 1978 1988 1987
1851 1850 1979 1980
1852 1851 1980 1981
1853 1852 1981 1982
1722 1853 1982 1989
1722 1982 1983 1989
1722 1983 1984 1989
1858 1984 1990 1989
1722 1984 1858 1989
1722 1854 1858 1984
1854 1859 1858 1991
1854 1858 1984 1991
1854 1984 1985 1991
1858 1984 1991 1990
1857 1850 1862 1988
1857 1862 1861 1992
1857 1987 1988 1992
1862 1988 1993 1992
1857 1988 1862 1992
1850 1733 1862 1994
1850 1862 1988 1994
1850 1988 1979 1994
1862 1988 1994 1993
1850 1851 1734 1980
1850 1734 1733 1994
1850 1979 1980 1994
1734 1980 1995 1994
1850 1980 1734 1994
1851 1980 1734 1996
1734 1980 1996 1995
1851 1852 1735 1981
1851 1735 1734 1996
1851 1980 1981 1996
1735 1981 1997 1996
1851 1981 1735 1996
1852 1735 1981 1998
1735 1981 1998 1997
1852 1853 1736 1982
1852 1736 1735 1998
1852 1981 1982 1998
1736 1982 1999 1998
1852 1982 1736 1998
1853 1736 1982 2000
1736 1982 2000 1999
1853 1722 1863 1989
1853 1863 1736 2000
1853 1982 1989 2000
1863 1989 2001 2000
1853 1989 1863 2000
1722 1858 1863 1989
1858 1864 1863 2002
1858 1863 1989 2002
1858 1989 1990 2002
1863 1989 2002 2001
1733 1734 1867 1994
1734 1868 1867 2004
1734 1867 1994 2004
1734 1994 1995 2004
1867 1994 2004 2003
1734 1869 1868 2004
1734 1995 1996 2004
1869 1996 2005 2004
1734 1996 1869 2004
1734 1735 1869 1996
1735 1870 1869 2006
1735 1869 1996 2006
1735 1996 1997 2006
1869 1996 2006 2005
1735 1871 1870 2006
1735 1997 1998 2006
1871 1998 2007 2006
1735 1998 1871 2006
1735 1736 1871 1998
1736 1872 1871 2008
1736 1871 1998 2008
1736 1998 1999 2008
1871 1998 2008 2007
1736 1873 1872 2008
1736 1999 2000 2008
1873 2000 2009 2008
1736 2000 1873 2008
1736 1863 1873 2000
1863 1874 1873 2010
1863 1873 2000 2010
1863 2000 2001 2010
1873 2000 2010 2009
1869 1870 1878 2006
1869 1878 1877 2011
1869 2005 2006 2011
1878 2006 2012 2011
1869 2006 1878 2011
1871 1872 1880 2008
1871 1880 1879 2013
1871 2007 2008 2013
1880 2008 2014 2013
1871 2008 1880 2013
1884 1885 1895 2016
1884 1895 1894 2017
1884 2015 2016 2017
1895 2016 2018 2017
1884 2016 1895 2017
1885 1888 1895 2016
1888 1896 1895 2020
1888 1895 2016 2020
1888 2016 2019 2020
1895 2016 2020 2018
1888 1889 1896 2021
1888 2019 2021 2020
1896 2021 2022 2020
1888 2021 1896 2020
1889 1897 1896 2021
1897 1898 1896 2024
1897 1896 2021 2024
1897 2021 2023 2024
1896 2021 2024 2022
1892 1893 1903 2025
1893 1904 1903 2028
1893 1903 2025 2028
1893 2025 2026 2028
1903 2025 2028 2027
1893 1894 1905 2017
1893 1905 1904 2028
1893 2026 2017 2028
1905 2017 2029 2028
1893 2017 1905 2028
1894 1895 1905 2017
1895 1905 2017 2030
1895 2017 2018 2030
1905 2017 2030 2029
1895 1896 1905 2030
1895 2018 2020 2030
1896 2020 2031 2030
1895 2020 1896 2030
1896 2020 2022 2032
1896 2020 2032 2031
1896 1898 1906 2024
1896 2022 2024 2032
1906 2024 2033 2032
1896 2024 1906 2032
1898 1900 1906 2024
1900 1906 2024 2035
1900 2024 2034 2035
1906 2024 2035 2033
1900 1907 1908 2036
1900 1908 1906 2035
1900 2034 2036 2035
1908 2036 2037 2035
1900 2036 1908 2035
1902 1903 1913 2038
1903 1919 1913 2040
1903 1913 2038 2040
1903 2038 2027 2040
1913 2038 2040 2039
1903 1904 1919 2028
1903 2027 2028 2040
1919 2028 2041 2040
1903 2028 1919 2040
1904 1905 1919 2028
1905 1919 2028 1920
1905 2028 2029 1920
1919 2028 1920 2041
1905 2029 2030 1920
1905 1896 1920 2030
1896 1920 2030 1921
1896 2030 2031 1921
1896 2031 2032 1921
1896 1906 1921 2032
1906 1921 2032 1922
1906 2032 2033 1922
1906 2033 2035 1922
1906 1908 1922 2035
1908 1923 1922 2042
1908 1922 2035 2042
1908 2035 2037 2042
1908 1910 1914 2043
1908 1914 1923 2042
1908 2037 2043 2042
1914 2043 2044 2042
1908 2043 1914 2042
1912 1913 1917 2045
1913 1918 1917 2047
1913 1917 2045 2047
1913 2045 2039 2047
1917 2045 2047 2046
1913 1919 1918 2047
1913 2039 2040 2047
1913 2040 1919 2047
1923 2042 2048 1922
1914 1923 2042 2049
1914 2042 2044 2049
1923 2042 2049 2048
1914 1916 1924 2050
1914 1924 1923 2049
1914 2044 2050 2049
1924 2050 2051 2049
1914 2050 1924 2049
1917 1918 1938 2047
1917 1938 1929 2052
1917 2046 2047 2052
1938 2047 2053 2052
1917 2047 1938 2052
1918 1919 1938 2047
1919 1938 2047 1930
1938 2047 1930 2053
1920 1930 1919 1931
1921 1931 1920 1932
1922 1932 1921 1933
1923 1933 1922 1934
1923 1922 2048 1934
1923 2048 2049 1934
1923 1924 1934 2049
1924 1935 1934 2055
1924 1934 2049 2055
1924 2049 2051 2055
1934 2049 2055 2054
1928 1929 1938 2052
1928 1938 1937 2057
1928 2056 2052 2057
1938 2052 2058 2057
1928 2052 1938 2057
1938 2052 2053 2059
1938 2052 2059 2058
1938 2053 1930 2059
1934 1935 1939 2055
1934 2054 2055 2060
1939 2055 2061 2060
1934 2055 1939 2060
1935 1936 1939 2055
1936 1940 1939 2063
1936 1939 2055 2063
1936 2055 2062 2063
1939 2055 2063 2061
1937 1938 1945 2057
1938 1946 1945 2065
1938 1945 2057 2065
1938 2057 2058 2065
1945 2057 2065 2064
1938 2058 2059 2065
1946 2059 2066 2065
1938 2059 1946 2065
1938 1930 1946 2059
1930 1946 2059 1951
1946 2059 1951 2066
1931 1951 1930 1952
1932 1952 1931 1953
1933 1953 1932 1954
1934 1954 1933 1955
1934 1939 1955 2060
1939 1947 1955 2068
1939 1955 2060 2068
1939 2060 2061 2068
1955 2060 2068 2067
1939 1940 1948 2063
1939 1948 1947 2068
1939 2061 2063 2068
1948 2063 2069 2068
1939 2063 1948 2068
1946 1950 2065 2071
1946 2065 2066 2071
1950 2065 2071 2070
1946 2066 1951 2071
1955 1947 1956 2068
1955 2067 2068 2072
1956 2068 2073 2072
1955 2068 1956 2072
1949 1950 1962 2074
1950 1963 1962 2076
1950 1962 2074 2076
1950 2074 2070 2076
1962 2074 2076 2075
1950 1946 1964 2071
1950 1964 1963 2076
1950 2070 2071 2076
1964 2071 2077 2076
1950 2071 1964 2076
1946 1951 1964 2071
1951 1964 2071 1965
1964 2071 1965 2077
1952 1965 1951 1966
1953 1966 1952 1967
1954 1967 1953 1968
1955 1968 1954 1969
1955 1956 1969 2072
1956 1970 1969 2079
1956 1969 2072 2079
1956 2072 2073 2079
1969 2072 2079 2078
1956 1957 1971 2080
1956 1971 1970 2079
1956 2073 2080 2079
1971 2080 2081 2079
1956 2080 1971 2079
1963 1964 1973 2076
1964 1973 2076 2083
1964 2076 2077 2083
1973 2076 2083 2082
1964 2077 1965 2083
1969 1970 1974 2079
1969 2078 2079 2085
1974 2079 2086 2085
1969 2079 1974 2085
1973 1964 1978 2083
1973 1978 1977 2087
1973 2082 2083 2087
1978 2083 2088 2087
1973 2083 1978 2087
1964 1965 1978 2083
1965 1979 1978 2089
1965 1978 2083 2089
1965 2083 2084 2089
1978 2083 2089 2088
1966 1979 1965 1980
1967 1980 1966 1981
1968 1981 1967 1982
1969 1983 1982 2091
1969 1982 1968 2091
1982 1968 2091 2090
1969 1984 1983 2091
1984 2085 2092 2091
1969 2085 1984 2091
1969 1974 1984 2085
1974 1985 1984 2093
1974 1984 2085 2093
1974 2085 2086 2093
1984 2085 2093 2092
1978 1979 1988 2089
1978 1988 1987 2094
1978 2088 2089 2094
1988 2089 2095 2094
1978 2089 1988 2094
1979 1988 2089 2096
1988 2089 2096 2095
1982 1983 1989 2091
1982 2090 2091 2102
1989 2091 2103 2102
1982 2091 1989 2102
1983 1984 1989 2091
1984 1990 1989 2104
1984 1989 2091 2104
1984 2091 2092 2104
1989 2091 2104 2103
1988 1979 1994 2096
1988 1994 1993 2105
1988 2095 2096 2105
1994 2096 2106 2105
1988 2096 1994 2105
1979 1980 1994 2096
1980 1995 1994 2107
1980 1994 2096 2107
1980 2096 2097 2107
1994 2096 2107 2106
1980 1996 1995 2107
1980 2097 2098 2107
1996 2098 2108 2107
1980 2098 1996 2107
1980 1981 1996 2098
1981 1997 1996 2109
1981 1996 2098 2109
1981 2098 2099 2109
1996 2098 2109 2108
1981 1998 1997 2109
1981 2099 2100 2109
1998 2100 2110 2109
1981 2100 1998 2109
1981 1982 1998 2100
1982 1999 1998 2111
1982 1998 2100 2111
1982 2100 2101 2111
1998 2100 2111 2110
1982 2000 1999 2111
1982 2101 2102 2111
2000 2102 2112 2111
1982 2102 2000 2111
1982 1989 2000 2102
1989 2001 2000 2113
1989 2000 2102 2113
1989 2102 2103 2113
2000 2102 2113 2112
1995 1996 2004 2107
1996 2005 2004 2115
1996 2004 2107 2115
1996 2107 2108 2115
2004 2107 2115 2114
1996 1997 2006 2109
1996 2006 2005 2115
1996 2108 2109 2115
2006 2109 2116 2115
1996 2109 2006 2115
1997 1998 2006 2109
1998 2007 2006 2117
1998 2006 2109 2117
1998 2109 2110 2117
2006 2109 2117 2116
1998 1999 2008 2111
1998 2008 2007 2117
1998 2110 2111 2117
2008 2111 2118 2117
1998 2111 2008 2117
2018 2020 2030 2119
2020 2031 2030 2122
2020 2030 2119 2122
2020 2119 2120 2122
2030 2119 2122 2121
2020 2022 2032 2123
2020 2032 2031 2122
2020 2120 2123 2122
2032 2123 2124 2122
2020 2123 2032 2122
2028 2029 1920 2126
2028 1920 2041 2127
2028 2125 2126 2127
1920 2126 2128 2127
2028 2126 1920 2127
2029 2030 1920 2126
2030 1920 2126 2129
2030 2126 2121 2129
1920 2126 2129 2128
2030 2031 1921 2122
2030 1921 1920 2129
2030 2121 2122 2129
1921 2122 2130 2129
2030 2122 1921 2129
2031 2032 1921 2122
2032 1921 2122 2131
2032 2122 2124 2131
1921 2122 2131 2130
2032 2033 1922 2132
2032 1922 1921 2131
2032 2124 2132 2131
1922 2132 2133 2131
2032 2132 1922 2131
2033 2035 1922 2132
2035 1922 2132 2135
2035 2132 2134 2135
1922 2132 2135 2133
2040 2041 1919 2127
2040 2136 2127 2137
1919 2127 2138 2137
2040 2127 1919 2137
2041 1920 1919 2127
1920 1919 2127 2139
1920 2127 2128 2139
1919 2127 2139 2138
1920 2128 2129 2139
1920 2129 2140 2139
1921 1920 2129 2141
1921 2129 2130 2141
1920 2129 2141 2140
1921 2130 2131 2141
1921 2131 2142 2141
1922 1921 2131 2143
1922 2131 2133 2143
1921 2131 2143 2142
1922 2133 2135 2143
1922 2135 2144 2143
2042 2048 1922 2146
2042 1922 2135 2146
2042 2135 2145 2146
1922 2135 2146 2144
2047 1919 1930 2137
2047 1930 2053 2148
2047 2147 2137 2148
1930 2137 2149 2148
2047 2137 1930 2148
1919 1930 2137 2150
1919 2137 2138 2150
1930 2137 2150 2149
1919 1920 1931 2139
1919 1931 1930 2150
1919 2138 2139 2150
1931 2139 2151 2150
1919 2139 1931 2150
1920 1931 2139 2152
1920 2139 2140 2152
1931 2139 2152 2151
1920 1921 1932 2141
1920 1932 1931 2152
1920 2140 2141 2152
1932 2141 2153 2152
1920 2141 1932 2152
1921 1932 2141 2154
1921 2141 2142 2154
1932 2141 2154 2153
1921 1922 1933 2143
1921 1933 1932 2154
1921 2142 2143 2154
1933 2143 2155 2154
1921 2143 1933 2154
1922 1933 2143 2156
1922 2143 2144 2156
1933 2143 2156 2155
1922 2048 1934 2146
1922 1934 1933 2156
1922 2144 2146 2156
1934 2146 2157 2156
1922 2146 1934 2156
2048 2049 1934 2146
2049 2054 1934 2159
2049 1934 2146 2159
2049 2146 2158 2159
1934 2146 2159 2157
2053 1930 2059 2148
1930 2059 2148 2161
1930 2148 2149 2161
2059 2148 2161 2160
1930 2149 2150 2161
1930 2150 2162 2161
1931 1930 2150 2163
1931 2150 2151 2163
1930 2150 2163 2162
1931 2151 2152 2163
1931 2152 2164 2163
1932 1931 2152 2165
1932 2152 2153 2165
1931 2152 2165 2164
1932 2153 2154 2165
1933 1932 2154 2166
1933 2154 2155 2166
1932 2154 2166 2165
1933 2155 2156 2166
1933 2156 2167 2166
1934 1933 2156 2168
1934 2156 2157 2168
1933 2156 2168 2167
1934 2054 2060 2159
1934 2157 2159 2168
2060 2159 2169 2168
1934 2159 2060 2168
2058 2059 2065 2170
2059 2066 2065 2172
2059 2065 2170 2172
2059 2170 2160 2172
2065 2170 2172 2171
2059 1930 1951 2161
2059 1951 2066 2172
2059 2160 2161 2172
1951 2161 2173 2172
2059 2161 1951 2172
1930 1951 2161 2174
1930 2161 2162 2174
1951 2161 2174 2173
1930 1931 1952 2163
1930 1952 1951 2174
1930 2162 2163 2174
1952 2163 2175 2174
1930 2163 1952 2174
1931 1952 2163 2176
1931 2163 2164 2176
1952 2163 2176 2175
1931 1932 1953 2165
1931 1953 1952 2176
1931 2164 2165 2176
1953 2165 2177 2176
1931 2165 1953 2176
1932 1953 2165 2177
1932 1933 1954 2166
1932 1954 1953 2177
1932 2165 2166 2177
1954 2166 2178 2177
1932 2166 1954 2177
1933 1954 2166 2179
1933 2166 2167 2179
1954 2166 2179 2178
1933 1934 1955 2168
1933 1955 1954 2179
1933 2167 2168 2179
1955 2168 2180 2179
1933 2168 1955 2179
1934 2060 1955 2168
2060 2067 1955 2181
2060 1955 2168 2181
2060 2168 2169 2181
1955 2168 2181 2180
2060 2061 2068 2182
2060 2068 2067 2181
2060 2169 2182 2181
2068 2182 2183 2181
2060 2182 2068 2181
2065 2066 2071 2172
2065 2071 2070 2184
2065 2171 2172 2184
2071 2172 2185 2184
2065 2172 2071 2184
2066 1951 2071 2172
1951 2071 2172 2186
1951 2172 2173 2186
2071 2172 2186 2185
1951 2173 2174 2186
1951 2174 2187 2186
1952 1951 2174 2188
1952 2174 2175 2188
1951 2174 2188 2187
1952 2175 2176 2188
1952 2176 2189 2188
1953 1952 2176 2190
1953 2176 2177 2190
1952 2176 2190 2189
1953 2177 2191 2190
1954 1953 2177 2192
1954 2177 2178 2192
1953 2177 2192 2191
1954 2178 2179 2192
1954 2179 2193 2192
1955 1954 2179 2194
1955 2179 2180 2194
1954 2179 2194 2193
1955 2067 2072 2181
1955 2180 2181 2194
2072 2181 2195 2194
1955 2181 2072 2194
2067 2068 2072 2181
2068 2073 2072 2196
2068 2072 2181 2196
2068 2181 2183 2196
2072 2181 2196 2195
2071 1951 1965 2186
2071 1965 2077 2197
2071 2185 2186 2197
1965 2186 2198 2197
2071 2186 1965 2197
1951 1965 2186 2199
1951 2186 2187 2199
1965 2186 2199 2198
1951 1952 1966 2188
1951 1966 1965 2199
1951 2187 2188 2199
1966 2188 2200 2199
1951 2188 1966 2199
1952 1966 2188 2201
1952 2188 2189 2201
1966 2188 2201 2200
1952 1953 1967 2190
1952 1967 1966 2201
1952 2189 2190 2201
1967 2190 2202 2201
1952 2190 1967 2201
1953 1967 2190 2203
1953 2190 2191 2203
1967 2190 2203 2202
1953 1954 1968 2192
1953 1968 1967 2203
1953 2191 2192 2203
1968 2192 2204 2203
1953 2192 1968 2203
1954 1968 2192 2205
1954 2192 2193 2205
1968 2192 2205 2204
1954 1955 1969 2194
1954 1969 1968 2205
1954 2193 2194 2205
1969 2194 2206 2205
1954 2194 1969 2205
1955 2072 1969 2194
2072 2078 1969 2207
2072 1969 2194 2207
2072 2194 2195 2207
1969 2194 2207 2206
2077 1965 2083 2197
1965 2084 2083 2209
1965 2083 2197 2209
1965 2197 2198 2209
2083 2197 2209 2208
1965 2198 2199 2209
1965 2199 2210 2209
1966 1965 2199 2211
1966 2199 2200 2211
1965 2199 2211 2210
1966 2200 2201 2211
1966 2201 2212 2211
1967 1966 2201 2213
1967 2201 2202 2213
1966 2201 2213 2212
1967 2202 2203 2213
1967 2203 2214 2213
1968 1967 2203 2215
1968 2203 2204 2215
1967 2203 2215 2214
1968 2204 2205 2215
1968 2205 2216 2215
1969 1968 2205 2217
1969 2205 2206 2217
1968 2205 2217 2216
1969 2078 2085 2207
1969 2206 2207 2217
2085 2207 2218 2217
1969 2207 2085 2217
2084 1965 2089 2209
1965 1979 2089 2220
1965 2089 2209 2220
1965 2209 2210 2220
2089 2209 2220 2219
1965 1966 1980 2211
1965 1980 1979 2220
1965 2210 2211 2220
1980 2211 2221 2220
1965 2211 1980 2220
1966 1980 2211 2222
1966 2211 2212 2222
1980 2211 2222 2221
1966 1967 1981 2213
1966 1981 1980 2222
1966 2212 2213 2222
1981 2213 2223 2222
1966 2213 1981 2222
1967 1981 2213 2224
1967 2213 2214 2224
1981 2213 2224 2223
1967 1968 1982 2215
1967 1982 1981 2224
1967 2214 2215 2224
1982 2215 2225 2224
1967 2215 1982 2224
1968 2090 1982 2226
1968 1982 2215 2226
1968 2215 2216 2226
1982 2215 2226 2225
1968 1969 2091 2217
1968 2091 2090 2226
1968 2216 2217 2226
2091 2217 2227 2226
1968 2217 2091 2226
1979 1980 2096 2220
1980 2097 2096 2229
1980 2096 2220 2229
1980 2220 2221 2229
2096 2220 2229 2228
1980 2098 2097 2229
1980 2221 2222 2229
2098 2222 2230 2229
1980 2222 2098 2229
1980 1981 2098 2222
1981 2099 2098 2231
1981 2098 2222 2231
1981 2222 2223 2231
2098 2222 2231 2230
1981 2100 2099 2231
1981 2223 2224 2231
2100 2224 2232 2231
1981 2224 2100 2231
1981 1982 2100 2224
1982 2101 2100 2233
1982 2100 2224 2233
1982 2224 2225 2233
2100 2224 2233 2232
1982 2090 2102 2226
1982 2102 2101 2233
1982 2225 2226 2233
2102 2226 2234 2233
1982 2226 2102 2233
2098 2099 2109 2231
2098 2109 2108 2235
2098 2230 2231 2235
2109 2231 2236 2235
2098 2231 2109 2235
2099 2100 2109 2231
2100 2110 2109 2237
2100 2109 2231 2237
2100 2231 2232 2237
2109 2231 2237 2236
2128 2129 2139 2238
2129 2140 2139 2241
2129 2139 2238 2241
2129 2238 2239 2241
2139 2238 2241 2240
2129 2130 2141 2242
2129 2141 2140 2241
2129 2239 2242 2241
2141 2242 2243 2241
2129 2242 2141 2241
2130 2131 2141 2242
2131 2142 2141 2245
2131 2141 2242 2245
2131 2242 2244 2245
2141 2242 2245 2243
2131 2133 2143 2246
2131 2143 2142 2245
2131 2244 2246 2245
2143 2246 2247 2245
2131 2246 2143 2245
2133 2135 2143 2246
2135 2144 2143 2249
2135 2143 2246 2249
2135 2246 2248 2249
2143 2246 2249 2247
2137 2138 2150 2251
2137 2150 2149 2252
2137 2250 2251 2252
2150 2251 2253 2252
2137 2251 2150 2252
2138 2139 2150 2251
2139 2151 2150 2254
2139 2150 2251 2254
2139 2251 2240 2254
2150 2251 2254 2253
2139 2140 2152 2241
2139 2152 2151 2254
2139 2240 2241 2254
2152 2241 2255 2254
2139 2241 2152 2254
2140 2141 2152 2241
2141 2153 2152 2256
2141 2152 2241 2256
2141 2241 2243 2256
2152 2241 2256 2255
2141 2142 2154 2245
2141 2154 2153 2256
2141 2243 2245 2256
2154 2245 2257 2256
2141 2245 2154 2256
2142 2143 2154 2245
2143 2155 2154 2258
2143 2154 2245 2258
2143 2245 2247 2258
2154 2245 2258 2257
2143 2144 2156 2249
2143 2156 2155 2258
2143 2247 2249 2258
2156 2249 2259 2258
2143 2249 2156 2258
2149 2150 2161 2252
2150 2162 2161 2261
2150 2161 2252 2261
2150 2252 2253 2261
2161 2252 2261 2260
2150 2151 2163 2254
2150 2163 2162 2261
2150 2253 2254 2261
2163 2254 2262 2261
2150 2254 2163 2261
2151 2152 2163 2254
2152 2164 2163 2263
2152 2163 2254 2263
2152 2254 2255 2263
2163 2254 2263 2262
2152 2153 2165 2256
2152 2165 2164 2263
2152 2255 2256 2263
2165 2256 2264 2263
2152 2256 2165 2263
2153 2154 2165 2256
2154 2165 2256 2265
2154 2256 2257 2265
2165 2256 2265 2264
2154 2155 2166 2258
2154 2166 2165 2265
2154 2257 2258 2265
2166 2258 2266 2265
2154 2258 2166 2265
2155 2156 2166 2258
2156 2167 2166 2267
2156 2166 2258 2267
2156 2258 2259 2267
2166 2258 2267 2266
2156 2157 2168 2268
2156 2168 2167 2267
2156 2259 2268 2267
2168 2268 2269 2267
2156 2268 2168 2267
2161 2162 2174 2261
2161 2174 2173 2270
2161 2260 2261 2270
2174 2261 2271 2270
2161 2261 2174 2270
2162 2163 2174 2261
2163 2175 2174 2272
2163 2174 2261 2272
2163 2261 2262 2272
2174 2261 2272 2271
2163 2164 2176 2263
2163 2176 2175 2272
2163 2262 2263 2272
2176 2263 2273 2272
2163 2263 2176 2272
2164 2165 2176 2263
2165 2177 2176 2274
2165 2176 2263 2274
2165 2263 2264 2274
2176 2263 2274 2273
2165 2264 2265 2274
2177 2265 2275 2274
2165 2265 2177 2274
2165 2166 2177 2265
2166 2178 2177 2276
2166 2177 2265 2276
2166 2265 2266 2276
2177 2265 2276 2275
2166 2167 2179 2267
2166 2179 2178 2276
2166 2266 2267 2276
2179 2267 2277 2276
2166 2267 2179 2276
2167 2168 2179 2267
2168 2180 2179 2278
2168 2179 2267 2278
2168 2267 2269 2278
2179 2267 2278 2277
2173 2174 2186 2270
2174 2187 2186 2280
2174 2186 2270 2280
2174 2270 2271 2280
2186 2270 2280 2279
2174 2175 2188 2272
2174 2188 2187 2280
2174 2271 2272 2280
2188 2272 2281 2280
2174 2272 2188 2280
2175 2176 2188 2272
2176 2189 2188 2282
2176 2188 2272 2282
2176 2272 2273 2282
2188 2272 2282 2281
2176 2177 2190 2274
2176 2190 2189 2282
2176 2273 2274 2282
2190 2274 2283 2282
2176 2274 2190 2282
2177 2191 2190 2284
2177 2190 2274 2284
2177 2274 2275 2284
2190 2274 2284 2283
2177 2178 2192 2276
2177 2192 2191 2284
2177 2275 2276 2284
2192 2276 2285 2284
2177 2276 2192 2284
2178 2179 2192 2276
2179 2193 2192 2286
2179 2192 2276 2286
2179 2276 2277 2286
2192 2276 2286 2285
2179 2180 2194 2278
2179 2194 2193 2286
2179 2277 2278 2286
2194 2278 2287 2286
2179 2278 2194 2286
2186 2187 2199 2280
2186 2199 2198 2288
2186 2279 2280 2288
2199 2280 2289 2288
2186 2280 2199 2288
2187 2188 2199 2280
2188 2200 2199 2290
2188 2199 2280 2290
2188 2280 2281 2290
2199 2280 2290 2289
2188 2189 2201 2282
2188 2201 2200 2290
2188 2281 2282 2290
2201 2282 2291 2290
2188 2282 2201 2290
2189 2190 2201 2282
2190 2202 2201 2292
2190 2201 2282 2292
2190 2282 2283 2292
2201 2282 2292 2291
2190 2191 2203 2284
2190 2203 2202 2292
2190 2283 2284 2292
2203 2284 2293 2292
2190 2284 2203 2292
2191 2192 2203 2284
2192 2204 2203 2294
2192 2203 2284 2294
2192 2284 2285 2294
2203 2284 2294 2293
2192 2193 2205 2286
2192 2205 2204 2294
2192 2285 2286 2294
2205 2286 2295 2294
2192 2286 2205 2294
2193 2194 2205 2286
2194 2206 2205 2296
2194 2205 2286 2296
2194 2286 2287 2296
2205 2286 2296 2295
2199 2200 2211 2290
2199 2211 2210 2297
2199 2289 2290 2297
2211 2290 2298 2297
2199 2290 2211 2297
2200 2201 2211 2290
2201 2212 2211 2299
2201 2211 2290 2299
2201 2290 2291 2299
2211 2290 2299 2298
2201 2202 2213 2292
2201 2213 2212 2299
2201 2291 2292 2299
2213 2292 2300 2299
2201 2292 2213 2299
2202 2203 2213 2292
2203 2214 2213 2301
2203 2213 2292 2301
2203 2292 2293 2301
2213 2292 2301 2300
2203 2204 2215 2294
2203 2215 2214 2301
2203 2293 2294 2301
2215 2294 2302 2301
2203 2294 2215 2301
2204 2205 2215 2294
2205 2216 2215 2303
2205 2215 2294 2303
2205 2294 2295 2303
2215 2294 2303 2302
2205 2206 2217 2296
2205 2217 2216 2303
2205 2295 2296 2303
2217 2296 2304 2303
2205 2296 2217 2303
2210 2211 2220 2297
2211 2221 2220 2306
2211 2220 2297 2306
2211 2297 2298 2306
2220 2297 2306 2305
2211 2212 2222 2299
2211 2222 2221 2306
2211 2298 2299 2306
2222 2299 2307 2306
2211 2299 2222 2306
2212 2213 2222 2299
2213 2223 2222 2308
2213 2222 2299 2308
2213 2299 2300 2308
2222 2299 2308 2307
2213 2214 2224 2301
2213 2224 2223 2308
2213 2300 2301 2308
2224 2301 2309 2308
2213 2301 2224 2308
2214 2215 2224 2301
2215 2225 2224 2310
2215 2224 2301 2310
2215 2301 2302 2310
2224 2301 2310 2309
2263 2264 2274 2312
2263 2274 2273 2313
2263 2311 2312 2313
2274 2312 2314 2313
2263 2312 2274 2313
2264 2265 2274 2312
2265 2275 2274 2316
2265 2274 2312 2316
2265 2312 2315 2316
2274 2312 2316 2314

EDGES
0 1
0 2
0 4
1 2
1 3
1 4
1 5
1 7
1 8
1 9
1 10
2 3
2 4
2 6
2 7
3 7
3 9
4 5
4 6
4 7
4 37
4 40
4 41
4 42
4 62
4 63
4 74
4 192
4 193
4 202
5 7
5 10
5 42
5 193
6 7
6 74
6 88
6 202
7 9
7 10
7 11
7 88
7 90
7 91
7 92
7 193
7 202
7 203
8 9
8 10
9 10
9 11
10 11
10 42
10 44
10 45
10 46
10 64
10 65
10 76
10 193
10 203
11 76
11 92
11 203
12 13
12 14
12 16
13 14
13 15
13 16
13 17
13 19
13 20
13 21
13 22
14 15
14 16
14 18
14 19
14 36
14 37
14 38
15 19
15 21
15 37
16 17
16 18
16 19
16 158
16 159
16 160
16 162
16 163
16 171
16 172
16 173
17 19
17 22
17 159
17 163
18 19
18 38
18 162
18 172
19 21
19 22
19 23
19 37
19 38
19 39
19 41
19 162
19 163
19 192
20 21
20 22
20 24
21 22
21 23
21 24
21 25
21 27
21 37
21 40
21 41
21 42
22 23
22 24
22 26
22 27
22 148
22 149
22 152
22 159
22 163
22 164
23 27
23 41
23 163
24 25
24 26
24 27
24 28
24 29
24 30
25 27
25 29
25 42
26 27
26 30
26 149
26 164
27 29
27 30
27 31
27 41
27 42
27 43
27 45
27 163
27 164
27 193
28 29
28 30
28 32
29 30
29 31
29 32
29 33
29 35
29 42
29 44
29 45
29 46
30 31
30 32
30 34
30 35
30 149
30 155
30 157
30 164
30 165
30 175
31 35
31 45
31 164
32 33
32 34
32 35
33 35
33 46
33 48
34 35
34 165
34 168
34 175
35 45
35 46
35 47
35 48
35 50
35 51
35 164
35 168
35 175
35 184
36 37
36 38
36 56
36 58
37 38
37 39
37 40
37 41
37 58
37 62
37 63
38 39
38 56
38 58
38 59
38 60
38 61
38 63
38 162
38 172
38 183
38 192
39 41
39 63
39 192
40 41
40 42
41 42
41 43
41 63
41 163
41 192
41 193
42 43
42 44
42 45
42 193
43 45
43 193
44 45
44 46
45 46
45 47
45 65
45 164
45 184
45 193
46 47
46 48
46 49
46 51
46 64
46 65
46 66
47 51
47 65
47 184
48 49
48 50
48 51
48 52
48 53
48 54
49 51
49 53
49 66
50 51
50 54
50 168
50 175
51 53
51 54
51 55
51 65
51 66
51 67
51 69
51 175
51 184
51 185
52 53
52 54
53 54
53 55
53 66
53 68
53 69
54 55
54 168
54 175
54 176
54 177
54 178
54 185
54 186
54 187
54 188
55 69
55 185
55 187
56 57
56 58
56 59
56 60
57 58
57 60
57 70
58 60
58 61
58 62
58 63
58 70
58 71
58 73
58 74
59 60
59 172
59 180
59 183
60 61
60 70
60 72
60 73
60 180
60 183
60 190
60 191
60 198
60 214
61 63
61 73
61 183
62 63
62 74
63 73
63 74
63 75
63 183
63 192
63 202
64 65
64 66
64 76
65 66
65 67
65 76
65 77
65 79
65 184
65 193
65 203
65 215
66 67
66 68
66 69
66 76
66 78
66 79
66 80
67 69
67 79
67 184
68 69
68 80
69 79
69 80
69 81
69 184
69 185
69 187
69 194
69 195
69 204
69 216
70 71
70 72
70 73
70 82
70 83
70 84
71 73
71 74
71 83
72 73
72 84
72 198
72 214
73 74
73 75
73 83
73 84
73 85
73 87
73 183
73 202
73 214
74 75
74 83
74 86
74 87
74 88
74 202
75 87
75 202
76 77
76 78
76 79
76 92
76 94
76 95
76 96
76 203
77 79
77 95
77 203
77 215
78 79
78 80
78 96
79 80
79 81
79 95
79 96
79 97
79 99
79 184
79 215
79 216
80 81
80 96
80 98
80 99
81 99
81 204
81 216
82 83
82 84
82 100
83 84
83 85
83 86
83 87
83 100
83 101
83 103
83 104
84 85
84 100
84 102
84 103
84 198
84 211
84 213
84 214
84 221
84 223
85 87
85 103
85 214
86 87
86 88
86 104
87 88
87 89
87 103
87 104
87 105
87 107
87 202
87 214
87 224
88 89
88 90
88 91
88 104
88 106
88 107
88 108
88 202
89 91
89 107
89 202
90 91
90 92
90 108
91 92
91 93
91 107
91 108
91 109
91 111
91 202
91 203
91 225
92 93
92 94
92 95
92 108
92 110
92 111
92 112
92 203
93 95
93 111
93 203
94 95
94 96
94 112
95 96
95 97
95 111
95 112
95 113
95 115
95 203
95 215
95 226
96 97
96 98
96 99
96 112
96 114
96 115
96 116
97 99
97 115
97 215
98 99
98 116
99 115
99 116
99 117
99 204
99 215
99 216
99 217
99 218
99 227
99 228
100 101
100 102
100 103
100 118
100 119
100 120
101 103
101 104
101 119
102 103
102 120
102 221
102 223
103 104
103 105
103 119
103 120
103 121
103 123
103 214
103 223
103 224
104 105
104 106
104 107
104 119
104 122
104 123
104 124
105 107
105 123
105 224
106 107
106 108
106 124
107 108
107 109
107 123
107 124
107 125
107 127
107 202
107 224
107 225
108 109
108 110
108 111
108 124
108 126
108 127
108 128
109 111
109 127
109 225
110 111
110 112
110 128
111 112
111 113
111 127
111 128
111 129
111 131
111 203
111 225
111 226
112 113
112 114
112 115
112 128
112 130
112 131
112 132
113 115
113 131
113 226
114 115
114 116
114 132
115 116
115 117
115 131
115 132
115 133
115 215
115 226
115 227
115 232
116 117
117 227
117 228
117 232
118 119
118 120
119 120
119 121
119 122
119 123
120 121
120 221
120 223
120 230
120 231
120 236
120 237
120 238
121 123
121 223
121 237
122 123
122 124
122 134
123 124
123 125
123 134
123 136
123 137
123 223
123 224
123 237
123 240
124 125
124 126
124 127
124 134
124 135
124 137
124 138
125 127
125 137
125 224
126 127
126 128
126 138
127 128
127 129
127 137
127 138
127 139
127 141
127 224
127 225
127 241
128 129
128 130
128 131
128 138
128 140
128 141
128 142
129 131
129 141
129 225
130 131
130 132
130 142
131 132
131 133
131 141
131 142
131 143
131 145
131 225
131 226
131 242
132 133
132 142
132 144
132 145
133 145
133 226
133 232
134 135
134 136
134 137
135 137
135 138
136 137
136 237
136 240
136 246
137 138
137 139
137 224
137 240
137 241
137 246
137 249
137 250
137 251
138 139
138 140
138 141
139 141
139 241
139 251
140 141
140 142
141 142
141 143
141 225
141 241
141 242
141 251
141 253
141 254
141 255
142 143
142 144
142 145
143 145
143 242
143 255
144 145
145 226
145 232
145 242
145 243
145 244
145 255
145 257
145 258
146 147
146 148
146 149
146 150
146 151
146 152
147 149
147 151
147 154
148 149
148 152
148 159
149 151
149 152
149 153
149 154
149 155
149 157
149 164
150 151
150 152
150 266
150 267
150 409
151 152
151 153
151 154
151 156
151 157
151 266
151 271
151 272
151 273
151 275
151 409
151 410
152 153
152 159
152 161
152 163
152 164
152 267
152 409
152 410
152 428
153 157
153 164
153 410
154 155
154 156
154 157
155 157
155 165
156 157
156 273
156 275
156 277
157 164
157 165
157 166
157 175
157 275
157 277
157 410
157 411
157 429
158 159
158 160
159 160
159 161
159 163
160 161
160 162
160 163
160 173
160 267
160 280
160 281
160 282
160 284
160 285
160 408
160 409
160 427
161 163
161 267
161 409
162 163
162 172
162 173
162 174
162 183
162 192
162 427
162 428
162 435
163 164
163 192
163 193
163 409
163 427
163 428
163 429
163 436
164 175
164 184
164 193
164 410
164 428
164 429
164 430
164 437
165 166
165 167
165 168
165 169
165 175
166 169
166 175
166 277
166 411
167 168
167 169
168 169
168 170
168 175
168 176
168 177
169 170
169 175
169 177
169 277
169 286
169 287
169 288
169 289
169 291
169 411
169 430
170 175
170 177
170 430
171 172
171 173
172 173
172 174
172 179
172 180
172 181
172 183
173 174
173 181
173 282
173 285
173 292
173 293
173 295
173 427
174 181
174 183
174 427
175 177
175 178
175 184
175 185
175 411
175 429
175 430
175 431
175 438
176 177
177 178
177 188
177 289
177 291
177 296
177 297
177 299
177 430
177 431
178 185
178 188
178 431
179 180
179 181
180 181
180 182
180 183
180 190
180 191
181 182
181 183
181 293
181 295
181 300
181 301
181 303
181 308
181 426
181 427
181 434
182 183
182 191
182 308
182 434
183 191
183 192
183 202
183 214
183 427
183 434
183 435
183 436
183 463
184 185
184 193
184 215
184 216
184 430
184 437
184 438
184 439
184 466
185 187
185 188
185 189
185 195
185 216
185 431
185 438
185 439
186 187
186 188
187 188
187 189
187 194
187 195
188 189
188 297
188 299
188 304
188 305
188 307
188 310
188 431
188 439
189 195
189 310
189 439
190 191
190 196
190 198
191 196
191 198
191 199
191 200
191 201
191 214
191 308
191 316
191 434
191 435
191 462
192 193
192 202
192 203
192 428
192 435
192 436
192 437
192 464
193 202
193 203
193 215
193 429
193 436
193 437
193 438
193 465
194 195
194 204
194 206
195 204
195 205
195 206
195 208
195 209
195 216
195 310
195 439
195 448
195 467
196 197
196 198
196 199
196 200
197 198
197 200
197 210
198 200
198 201
198 210
198 211
198 213
198 214
199 200
199 308
199 313
199 316
200 201
200 210
200 212
200 213
200 313
200 316
200 321
200 322
200 323
200 326
200 462
201 213
201 214
201 462
202 203
202 214
202 224
202 225
202 436
202 463
202 464
202 465
202 472
203 215
203 225
203 226
203 437
203 464
203 465
203 466
203 473
204 205
204 206
204 207
204 209
204 216
204 217
204 218
204 219
205 209
205 216
205 218
205 467
206 207
206 208
206 209
207 209
207 219
208 209
208 310
208 318
208 448
209 218
209 219
209 220
209 318
209 324
209 325
209 327
209 448
209 451
209 467
210 211
210 212
210 213
211 213
211 221
212 213
212 326
212 328
212 330
213 214
213 221
213 222
213 223
213 326
213 330
213 462
213 463
213 470
214 223
214 224
214 435
214 462
214 463
214 464
214 471
215 216
215 226
215 227
215 438
215 465
215 466
215 467
215 474
216 218
216 227
216 439
216 466
216 467
217 218
217 219
217 228
218 219
218 220
218 227
218 228
218 229
218 327
218 334
218 467
218 475
219 220
220 327
220 334
220 336
221 222
221 223
221 230
221 231
222 223
222 231
222 330
222 470
223 224
223 231
223 237
223 238
223 239
223 240
223 463
223 470
223 471
223 472
223 488
224 225
224 240
224 241
224 464
224 471
224 472
224 473
224 489
225 226
225 241
225 242
225 465
225 472
225 473
225 474
225 490
226 227
226 232
226 233
226 242
226 244
226 466
226 473
226 474
226 475
226 491
227 228
227 229
227 232
227 233
227 235
227 467
227 474
227 475
228 229
228 232
228 234
228 235
229 235
229 334
229 475
230 231
231 238
231 330
231 340
231 341
231 344
231 345
231 347
231 470
231 471
232 233
232 234
232 235
232 243
232 244
233 235
233 244
233 475
234 235
235 244
235 334
235 342
235 343
235 348
235 349
235 350
235 475
236 237
236 238
237 238
237 239
237 240
237 245
237 246
237 247
238 239
238 247
238 345
238 347
238 352
238 353
238 355
238 471
238 488
239 240
239 247
239 488
240 241
240 246
240 247
240 248
240 250
240 472
240 488
240 489
241 242
241 250
241 251
241 252
241 254
241 473
241 489
241 490
242 244
242 254
242 255
242 256
242 258
242 474
242 490
242 491
243 244
244 258
244 348
244 349
244 356
244 357
244 358
244 475
244 491
244 492
245 246
245 247
246 247
246 248
246 249
246 250
247 248
247 353
247 355
247 360
247 361
247 363
247 364
247 488
247 489
248 250
248 364
248 489
249 250
249 251
249 259
250 251
250 252
250 259
250 261
250 262
250 364
250 366
250 489
250 490
251 252
251 253
251 254
251 259
251 260
251 262
251 263
252 254
252 262
252 490
253 254
253 255
253 263
254 255
254 256
254 262
254 263
254 264
254 367
254 368
254 490
254 491
255 256
255 257
255 258
256 258
256 368
256 491
257 258
258 356
258 357
258 368
258 370
258 371
258 372
258 491
259 260
259 261
259 262
260 262
260 263
261 262
261 364
261 366
261 375
262 263
262 264
262 366
262 367
262 375
262 378
262 379
262 380
262 490
263 264
264 367
264 368
264 380
265 266
265 267
265 268
266 267
266 268
266 269
266 271
266 272
266 409
267 268
267 270
267 281
267 284
267 409
268 269
268 270
268 284
268 388
268 396
268 397
268 398
268 409
269 272
269 384
269 388
269 409
270 284
270 409
271 272
271 273
272 273
272 274
272 275
272 384
272 385
272 387
272 388
272 389
272 394
272 409
272 410
273 274
273 275
273 276
273 277
273 278
274 275
274 278
274 390
274 394
275 277
275 278
275 279
275 394
275 410
275 411
276 277
276 278
277 278
277 279
277 286
277 287
277 411
278 279
278 287
278 390
278 391
278 393
278 394
278 395
278 399
278 400
278 411
279 287
279 411
280 281
280 282
280 283
280 284
280 285
281 284
282 285
282 292
283 284
283 285
283 404
283 406
284 285
284 396
284 397
284 406
284 408
284 409
285 292
285 294
285 295
285 404
285 406
285 407
285 408
285 427
286 287
286 288
287 288
287 290
287 291
287 399
287 400
287 401
287 403
287 411
288 289
288 290
288 291
289 291
289 296
290 291
290 401
290 403
290 413
291 296
291 298
291 299
291 403
291 411
291 412
291 413
291 415
291 430
291 431
292 293
292 294
292 295
293 295
293 300
294 295
294 404
294 407
294 416
295 300
295 302
295 303
295 407
295 416
295 418
295 426
295 427
296 297
296 298
296 299
297 299
297 304
298 299
298 413
298 415
298 419
299 304
299 306
299 307
299 415
299 419
299 421
299 431
300 301
300 302
300 303
301 303
301 308
302 303
302 416
302 418
302 422
303 308
303 309
303 314
303 418
303 422
303 423
303 425
303 426
303 434
304 305
304 306
304 307
305 307
305 310
306 307
306 419
306 421
307 310
307 311
307 319
307 421
307 431
307 432
307 439
307 440
307 441
307 448
308 309
308 312
308 313
308 314
308 316
308 434
309 314
309 316
309 434
310 311
310 317
310 318
310 319
310 439
310 448
311 319
311 439
311 448
312 313
312 314
313 314
313 315
313 316
313 321
313 322
314 315
314 316
314 423
314 425
314 433
314 434
314 443
314 444
314 445
314 447
315 316
315 322
315 444
315 447
316 322
316 323
316 434
316 447
316 462
317 318
317 319
318 319
318 320
318 324
318 325
318 448
319 320
319 440
319 441
319 442
319 448
319 449
320 325
320 448
320 449
320 453
321 322
322 323
322 326
322 331
322 447
322 450
322 457
322 458
322 459
322 461
322 462
323 326
323 462
324 325
325 327
325 338
325 448
325 449
325 451
325 452
325 453
325 454
325 456
325 468
326 328
326 330
326 331
326 332
326 333
326 461
326 462
326 470
327 334
327 335
327 336
327 338
327 339
327 451
327 467
327 468
327 475
327 476
328 329
328 330
328 331
328 332
329 330
329 332
330 332
330 333
330 340
330 341
330 470
331 332
331 458
331 461
332 333
332 341
332 461
332 469
332 470
332 482
332 483
333 341
333 470
334 335
334 336
334 337
334 339
334 342
334 343
334 475
335 339
335 343
335 475
335 476
336 337
336 338
336 339
337 339
338 339
338 468
338 478
339 343
339 468
339 476
339 477
339 478
339 479
339 481
339 484
339 485
340 341
340 344
341 344
341 346
341 347
341 470
341 482
341 483
341 486
342 343
342 350
343 349
343 350
343 351
343 475
343 476
343 484
343 485
343 493
343 494
344 345
344 346
344 347
345 347
345 352
346 347
346 486
346 496
347 352
347 354
347 355
347 470
347 471
347 486
347 487
347 488
347 496
347 498
348 349
348 350
348 358
349 350
349 351
349 357
349 358
349 359
349 475
349 492
349 493
349 499
349 500
350 351
351 493
351 494
351 500
352 353
352 354
352 355
353 355
353 360
354 355
354 496
354 498
354 502
355 360
355 362
355 363
355 488
355 498
355 502
355 504
356 357
356 358
356 372
357 358
357 359
357 371
357 372
357 373
357 491
357 492
357 499
357 508
357 509
358 359
359 499
359 500
359 509
360 361
360 362
360 363
361 363
361 364
362 363
362 502
362 504
362 511
363 364
363 365
363 376
363 488
363 489
363 504
363 505
363 506
363 511
363 512
363 514
364 365
364 366
364 374
364 375
364 376
364 489
365 366
365 376
365 489
365 506
366 367
366 375
366 376
366 377
366 379
366 489
366 490
366 506
366 516
367 368
367 369
367 379
367 380
367 381
367 383
367 489
367 490
367 491
367 506
367 507
367 516
367 517
367 518
367 734
367 750
367 751
368 369
368 370
368 371
368 380
368 382
368 383
368 491
369 371
369 383
369 491
369 507
370 371
370 372
371 372
371 373
371 383
371 491
371 507
371 508
371 520
371 521
372 373
373 508
373 509
374 375
374 376
375 376
375 377
375 378
375 379
376 377
376 506
376 512
376 514
376 515
376 516
376 522
376 523
376 524
377 379
377 516
377 523
378 379
378 380
379 380
379 381
379 516
379 517
379 518
379 526
379 527
379 528
380 381
380 382
380 383
381 383
381 518
381 527
382 383
383 507
383 518
383 519
383 520
383 521
384 385
384 386
384 387
384 388
385 387
386 387
386 388
386 531
386 536
387 388
387 389
387 392
387 394
387 536
387 537
387 538
387 629
388 389
388 398
388 409
388 410
388 531
388 535
388 536
388 628
388 629
388 651
389 394
389 410
389 629
390 391
390 392
390 393
390 394
391 393
392 393
392 394
392 538
393 394
393 395
393 400
393 538
393 539
393 540
393 541
393 630
394 395
394 410
394 411
394 538
394 629
394 630
394 652
395 400
395 411
395 630
396 397
397 398
397 406
397 408
397 409
397 530
397 531
397 532
397 534
397 535
397 543
397 544
397 650
398 409
398 531
398 535
399 400
399 401
400 401
400 402
400 403
400 411
400 540
400 541
400 542
400 545
400 630
400 653
401 402
401 403
402 403
402 545
403 411
403 412
403 413
403 414
403 415
403 545
403 550
403 653
403 654
404 405
404 406
404 407
405 406
405 407
405 546
405 548
406 407
406 408
406 543
406 544
406 548
406 650
407 408
407 416
407 417
407 418
407 426
407 427
407 546
407 548
407 549
407 649
407 650
407 666
408 409
408 427
408 428
408 650
408 651
408 667
409 410
409 427
409 428
409 429
409 535
409 650
409 651
409 652
409 668
410 411
410 428
410 429
410 430
410 629
410 651
410 652
410 653
410 669
411 412
411 429
411 430
411 431
411 630
411 652
411 653
411 654
411 670
412 415
412 431
412 654
413 414
413 415
414 415
414 550
414 551
415 419
415 420
415 421
415 431
415 550
415 551
415 553
415 654
415 671
416 417
416 418
417 418
417 546
417 549
418 422
418 424
418 425
418 426
418 549
418 554
418 666
419 420
419 421
420 421
420 551
420 553
421 431
421 432
421 441
421 553
421 556
421 557
421 671
421 672
422 423
422 424
422 425
423 425
424 425
424 554
425 426
425 433
425 434
425 445
425 554
425 555
425 559
425 560
425 666
425 677
426 427
426 434
426 435
426 666
426 667
426 678
427 428
427 434
427 435
427 436
427 650
427 666
427 667
427 668
427 679
428 429
428 435
428 436
428 437
428 651
428 667
428 668
428 669
428 680
429 430
429 436
429 437
429 438
429 652
429 668
429 669
429 670
429 681
430 431
430 437
430 438
430 439
430 653
430 669
430 670
430 671
430 682
431 432
431 438
431 439
431 448
431 654
431 670
431 671
431 672
431 683
432 441
432 448
432 672
433 434
433 445
433 447
433 677
434 435
434 447
434 462
434 463
434 666
434 677
434 678
434 679
434 704
435 436
435 462
435 463
435 464
435 667
435 678
435 679
435 680
435 705
436 437
436 463
436 464
436 465
436 668
436 679
436 680
436 681
436 706
437 438
437 464
437 465
437 466
437 669
437 680
437 681
437 682
437 707
438 439
438 465
438 466
438 467
438 670
438 681
438 682
438 683
438 708
439 448
439 451
439 466
439 467
439 671
439 682
439 683
439 690
439 709
440 441
441 442
441 448
441 556
441 557
441 558
441 562
441 563
441 564
441 565
441 672
442 448
442 449
442 562
442 564
443 444
443 445
444 445
444 446
444 447
445 446
445 447
445 559
445 560
445 561
445 567
445 677
446 447
446 459
446 567
447 450
447 459
447 462
447 567
447 677
447 678
447 703
448 449
448 451
448 467
448 562
448 672
448 683
448 690
449 451
449 452
449 453
449 455
449 456
449 562
449 564
449 568
449 690
449 710
450 459
450 461
450 462
450 703
451 452
451 467
451 468
451 476
451 690
451 709
451 710
452 456
452 468
452 710
453 454
453 455
453 456
454 456
455 456
455 564
455 568
456 468
456 480
456 568
456 570
456 572
456 710
457 458
457 459
458 459
458 460
458 461
459 460
459 461
459 567
459 569
459 571
459 703
460 461
460 571
460 573
461 462
461 469
461 470
461 571
461 573
461 575
461 703
461 704
462 463
462 470
462 471
462 678
462 703
462 704
462 705
462 716
463 464
463 470
463 471
463 472
463 679
463 704
463 705
463 706
463 717
464 465
464 471
464 472
464 473
464 680
464 705
464 706
464 707
464 718
465 466
465 472
465 473
465 474
465 681
465 706
465 707
465 708
465 719
466 467
466 473
466 474
466 475
466 682
466 707
466 708
466 709
466 720
467 474
467 475
467 476
467 683
467 708
467 709
467 710
467 721
468 476
468 477
468 478
468 480
468 481
468 572
468 710
468 722
469 470
469 483
469 573
469 575
470 471
470 483
470 486
470 487
470 488
470 575
470 704
470 716
470 717
470 731
471 472
471 488
471 489
471 705
471 716
471 717
471 718
471 732
472 473
472 488
472 489
472 490
472 706
472 717
472 718
472 719
472 733
473 474
473 489
473 490
473 491
473 707
473 718
473 719
473 720
473 734
474 475
474 490
474 491
474 492
474 708
474 719
474 720
474 721
474 735
475 476
475 491
475 492
475 493
475 709
475 720
475 721
475 722
475 736
476 477
476 485
476 493
476 710
476 721
476 722
477 481
477 485
477 722
478 479
478 480
478 481
479 481
480 481
480 572
481 485
481 572
481 576
481 581
481 582
481 722
482 483
483 486
483 573
483 575
483 577
483 578
483 579
483 583
483 584
483 716
484 485
484 494
485 493
485 494
485 495
485 580
485 581
485 582
485 585
485 722
486 487
486 496
486 497
486 498
486 583
486 584
486 586
486 716
486 731
487 488
487 498
487 731
488 489
488 498
488 504
488 505
488 506
488 717
488 731
488 732
488 733
488 749
489 490
489 506
489 718
489 732
489 733
489 734
489 750
490 491
490 507
490 719
490 733
490 734
490 735
490 751
491 492
491 507
491 508
491 720
491 734
491 735
491 736
491 752
492 493
492 499
492 508
492 721
492 735
492 736
493 494
493 495
493 499
493 500
493 501
493 585
493 587
493 722
493 736
493 737
494 495
495 585
496 497
496 498
497 498
497 586
497 588
498 502
498 503
498 504
498 586
498 588
498 590
498 731
498 732
499 500
499 501
499 508
499 509
499 510
499 587
499 591
499 592
499 736
500 501
501 587
501 592
502 503
502 504
503 504
503 588
503 590
504 505
504 511
504 513
504 514
504 590
504 594
504 732
504 749
505 506
505 514
505 749
506 514
506 515
506 516
506 733
506 749
506 750
507 508
507 518
507 519
507 521
507 596
507 735
507 751
507 752
508 509
508 510
508 521
508 591
508 598
508 599
508 736
508 752
508 753
509 510
510 591
510 592
511 512
511 513
511 514
512 514
513 514
513 594
514 515
514 524
514 594
514 595
514 600
514 601
514 749
514 750
515 516
515 524
515 750
516 517
516 523
516 524
516 525
516 528
516 603
516 750
516 751
517 518
517 528
517 751
518 519
518 527
518 528
518 529
518 596
518 605
518 606
518 751
519 521
519 596
519 606
520 521
521 596
521 597
521 598
521 599
521 606
521 608
521 609
521 752
522 523
522 524
523 524
523 525
524 525
524 600
524 601
524 602
524 603
524 750
525 528
525 603
526 527
526 528
527 528
527 529
528 529
528 603
528 604
528 605
528 751
529 605
529 606
530 531
530 532
531 532
531 533
531 535
531 536
532 533
532 534
532 535
532 544
532 622
532 623
532 624
532 626
532 627
533 535
533 536
533 627
534 535
534 544
534 626
534 650
535 536
535 626
535 627
535 628
535 650
535 651
536 537
536 610
536 611
536 612
536 614
536 615
536 627
536 628
536 629
537 538
537 611
537 615
537 629
538 539
538 611
538 615
538 616
538 617
538 618
538 619
538 621
538 629
538 630
539 541
539 619
539 621
539 630
540 541
541 542
541 545
541 621
541 630
541 631
541 632
541 633
542 545
542 630
542 653
543 544
544 548
544 622
544 623
544 625
544 626
544 636
544 638
544 650
545 550
545 630
545 632
545 633
545 634
545 640
545 641
545 653
545 654
546 547
546 548
546 549
547 548
547 549
547 635
547 639
547 645
548 549
548 635
548 636
548 638
548 639
548 649
548 650
549 554
549 639
549 645
549 646
549 648
549 649
549 666
550 551
550 552
550 553
550 640
550 641
550 642
550 644
550 654
551 552
551 553
552 553
552 642
552 644
552 656
553 557
553 644
553 654
553 655
553 656
553 657
553 659
553 671
553 672
554 555
554 560
554 646
554 648
554 660
554 662
554 663
554 665
554 666
555 560
555 665
555 666
555 677
556 557
557 558
557 565
557 657
557 659
557 661
557 672
557 673
557 674
558 562
558 565
558 672
559 560
560 561
560 662
560 663
560 664
560 665
560 676
560 677
561 567
561 676
561 677
561 685
562 564
562 565
562 566
562 568
562 672
562 684
562 690
563 564
563 565
564 565
564 566
564 568
565 566
565 672
565 673
565 674
565 675
565 684
566 568
566 684
567 569
567 676
567 677
567 685
567 686
567 688
567 689
567 692
567 694
567 703
568 570
568 684
568 690
568 691
568 695
568 696
568 697
568 698
568 710
569 571
569 692
569 694
569 703
570 572
570 695
570 697
570 710
571 573
571 574
571 575
571 692
571 694
571 700
571 701
571 702
571 703
571 714
572 576
572 695
572 697
572 710
572 711
572 712
572 713
572 722
572 723
572 724
573 574
573 575
573 577
573 578
574 575
574 578
574 714
575 578
575 579
575 703
575 704
575 714
575 715
575 716
576 582
576 722
576 723
576 724
577 578
578 579
578 584
578 714
578 715
578 726
578 728
578 729
579 584
579 715
579 716
580 582
580 585
580 722
581 582
582 585
582 722
582 723
582 727
582 739
582 740
583 584
584 586
584 715
584 716
584 728
584 729
584 730
584 731
584 741
584 742
585 587
585 722
585 737
585 738
585 739
585 740
585 743
585 744
586 588
586 589
586 590
586 731
586 741
586 742
586 745
586 747
587 591
587 592
587 593
587 736
587 737
587 743
587 744
587 754
587 755
588 589
588 590
589 590
589 745
589 747
589 757
590 594
590 731
590 732
590 747
590 748
590 749
590 757
590 758
590 760
591 592
591 593
591 599
591 736
591 753
591 754
591 763
591 764
591 765
592 593
593 754
593 755
593 765
594 595
594 601
594 749
594 758
594 760
594 761
594 767
594 768
595 601
595 749
595 750
596 597
596 605
596 606
596 607
596 609
596 751
596 752
596 774
597 599
597 609
597 752
598 599
599 609
599 752
599 753
599 762
599 763
599 764
599 776
599 777
600 601
601 602
601 749
601 750
601 767
601 768
601 769
601 770
602 603
602 750
602 770
602 778
603 604
603 750
603 751
603 770
603 771
603 772
603 778
603 779
603 781
603 782
604 605
604 751
604 772
604 782
605 606
605 607
605 751
605 772
605 773
605 774
605 782
605 784
605 785
606 607
606 608
606 609
607 609
607 774
608 609
609 752
609 774
609 775
609 776
609 777
610 611
610 612
611 612
611 613
611 615
611 616
611 617
612 613
612 614
612 615
612 627
612 787
612 789
612 792
612 793
612 794
613 615
613 617
613 794
614 615
614 627
614 628
614 793
615 617
615 618
615 628
615 629
615 793
615 794
615 795
615 797
615 977
616 617
616 619
617 618
617 619
617 620
617 621
617 794
617 796
617 797
617 798
618 621
618 629
618 797
619 620
619 621
620 621
620 798
620 800
621 629
621 630
621 631
621 797
621 798
621 799
621 800
621 802
621 808
622 623
623 624
623 625
623 626
623 638
623 790
623 803
623 804
623 805
623 807
624 626
624 627
624 786
624 790
625 626
625 638
625 650
625 807
626 627
626 628
626 650
626 651
626 790
626 807
626 825
626 975
626 976
627 628
627 786
627 787
627 789
627 790
627 791
627 793
627 976
628 629
628 651
628 652
628 793
628 826
628 976
628 977
629 630
629 651
629 652
629 653
629 797
629 808
629 827
629 977
630 631
630 633
630 634
630 652
630 653
630 654
630 802
630 808
630 810
630 828
631 633
631 800
631 802
632 633
633 634
633 641
633 802
633 809
633 810
633 811
633 812
634 641
634 654
634 810
635 636
635 637
635 638
635 639
636 638
637 638
637 639
637 814
637 816
638 639
638 649
638 650
638 803
638 804
638 806
638 807
638 816
638 991
639 645
639 647
639 648
639 649
639 814
639 816
639 817
639 818
639 991
640 641
640 642
641 642
641 643
641 644
641 654
641 810
641 811
641 812
641 813
641 819
641 829
642 643
642 644
643 644
643 819
643 821
644 654
644 655
644 656
644 658
644 659
644 819
644 820
644 821
644 823
644 829
644 830
645 646
645 647
645 648
646 648
647 648
647 814
647 817
648 649
648 660
648 663
648 666
648 817
648 824
648 832
648 833
648 835
648 991
649 650
649 666
649 667
649 825
649 841
649 991
650 651
650 666
650 667
650 668
650 807
650 825
650 826
650 842
650 991
651 652
651 667
651 668
651 669
651 825
651 826
651 827
651 843
651 976
652 653
652 668
652 669
652 670
652 826
652 827
652 828
652 844
652 977
653 654
653 669
653 670
653 671
653 808
653 827
653 828
653 829
653 845
654 655
654 670
654 671
654 672
654 810
654 828
654 829
654 830
654 846
655 659
655 672
655 830
656 657
656 658
656 659
657 659
658 659
658 821
658 823
659 661
659 672
659 674
659 823
659 830
659 831
659 836
659 837
659 838
660 663
660 665
660 666
660 835
661 672
661 674
661 836
662 663
663 664
663 665
663 832
663 833
663 834
663 835
663 840
664 665
664 676
664 840
664 848
665 666
665 676
665 677
665 678
665 835
665 840
665 841
665 1009
666 667
666 677
666 678
666 679
666 835
666 841
666 842
666 852
666 991
667 668
667 678
667 679
667 680
667 825
667 841
667 842
667 843
667 853
668 669
668 679
668 680
668 681
668 826
668 842
668 843
668 844
668 854
669 670
669 680
669 681
669 682
669 827
669 843
669 844
669 845
669 855
670 671
670 681
670 682
670 683
670 828
670 844
670 845
670 846
670 856
671 672
671 682
671 683
671 690
671 829
671 845
671 846
671 857
671 1001
672 674
672 675
672 683
672 684
672 690
672 830
672 836
672 846
672 847
672 858
672 1001
673 674
674 675
674 836
674 837
674 838
674 839
674 847
675 684
675 847
675 860
676 677
676 685
676 687
676 688
676 689
676 840
676 848
676 850
676 851
676 865
676 1009
677 678
677 689
677 694
677 703
677 704
677 852
677 865
677 1009
677 1013
678 679
678 703
678 704
678 705
678 841
678 852
678 853
678 874
678 1009
679 680
679 704
679 705
679 706
679 842
679 852
679 853
679 854
679 875
680 681
680 705
680 706
680 707
680 843
680 853
680 854
680 855
680 876
681 682
681 706
681 707
681 708
681 844
681 854
681 855
681 856
681 877
682 683
682 707
682 708
682 709
682 845
682 855
682 856
682 857
682 878
683 690
683 708
683 709
683 710
683 846
683 856
683 857
683 858
683 879
684 690
684 691
684 698
684 847
684 858
684 859
684 860
684 861
684 863
684 866
685 686
685 687
685 688
686 688
686 692
687 688
687 848
687 850
688 689
688 692
688 693
688 694
688 850
688 864
688 865
688 868
689 694
689 865
690 691
690 695
690 709
690 710
690 857
690 858
690 866
690 880
690 1001
691 695
691 698
691 866
692 693
692 694
692 700
692 701
693 694
693 701
693 868
694 701
694 702
694 703
694 865
694 868
694 869
694 873
694 1013
695 697
695 698
695 699
695 710
695 711
695 713
695 866
695 870
695 871
695 880
695 881
696 697
696 698
697 698
697 699
697 712
697 713
698 699
698 861
698 863
698 866
698 867
698 871
699 713
699 871
700 701
701 702
701 714
701 868
701 872
701 873
701 883
701 884
702 703
702 714
702 873
703 704
703 714
703 715
703 716
703 873
703 874
703 886
703 1013
704 705
704 716
704 717
704 852
704 874
704 875
704 887
704 1013
705 706
705 716
705 717
705 718
705 853
705 874
705 875
705 876
705 888
706 707
706 717
706 718
706 719
706 854
706 875
706 876
706 877
706 889
707 708
707 718
707 719
707 720
707 855
707 876
707 877
707 878
707 890
708 709
708 719
708 720
708 721
708 856
708 877
708 878
708 879
708 891
709 710
709 720
709 721
709 722
709 857
709 878
709 879
709 880
709 892
710 711
710 721
710 722
710 723
710 858
710 879
710 880
710 881
710 893
711 713
711 723
711 881
712 713
712 724
713 723
713 724
713 725
713 871
713 881
713 882
713 895
714 715
714 726
714 873
714 883
714 884
714 885
714 886
714 896
714 898
715 716
715 726
715 729
715 730
715 731
715 886
715 887
715 898
715 903
716 717
716 731
716 732
716 874
716 886
716 887
716 888
716 904
717 718
717 731
717 732
717 733
717 875
717 887
717 888
717 889
717 905
718 719
718 732
718 733
718 734
718 876
718 888
718 889
718 890
718 906
719 720
719 733
719 734
719 735
719 877
719 889
719 890
719 891
719 907
720 721
720 734
720 735
720 736
720 878
720 890
720 891
720 892
720 908
721 722
721 735
721 736
721 737
721 879
721 891
721 892
721 893
721 909
722 723
722 727
722 736
722 737
722 738
722 740
722 880
722 892
722 893
722 899
722 1030
723 724
723 725
723 727
723 881
723 893
723 894
723 895
723 899
723 900
724 725
725 895
725 900
726 729
726 896
726 898
727 740
727 899
727 900
728 729
729 730
729 742
729 898
729 902
729 903
729 911
729 912
730 731
730 742
730 903
731 732
731 742
731 747
731 748
731 749
731 887
731 903
731 904
731 905
731 919
732 733
732 749
732 750
732 888
732 904
732 905
732 906
732 920
733 734
733 749
733 750
733 751
733 889
733 905
733 906
733 907
733 921
734 735
734 750
734 751
734 752
734 890
734 906
734 907
734 908
734 922
735 736
735 751
735 752
735 753
735 891
735 907
735 908
735 909
735 923
736 737
736 752
736 753
736 754
736 892
736 908
736 909
736 1030
736 1040
737 738
737 744
737 754
737 893
737 909
737 1030
738 740
738 744
738 1030
739 740
740 744
740 899
740 910
740 915
740 916
740 1030
741 742
741 745
742 745
742 746
742 747
742 903
742 904
742 911
742 912
742 913
742 917
743 744
743 755
744 754
744 755
744 756
744 914
744 915
744 916
744 925
744 1030
745 746
745 747
746 747
746 917
746 926
747 748
747 757
747 759
747 760
747 904
747 917
747 918
747 919
747 926
747 928
748 749
748 760
748 919
749 750
749 760
749 761
749 768
749 769
749 770
749 905
749 919
749 920
749 921
749 938
750 751
750 770
750 771
750 772
750 906
750 920
750 921
750 922
750 940
751 752
751 772
751 773
751 774
751 907
751 921
751 922
751 923
751 942
752 753
752 762
752 774
752 775
752 777
752 908
752 922
752 923
752 930
752 944
753 754
753 762
753 764
753 909
753 923
753 930
753 1040
754 755
754 756
754 764
754 765
754 766
754 924
754 925
754 932
754 933
754 1030
754 1040
755 756
756 925
756 933
757 758
757 759
757 760
758 760
759 760
759 926
759 928
760 761
760 768
760 919
760 920
760 928
760 929
760 935
760 936
761 768
761 920
762 764
762 777
762 930
763 764
763 765
764 765
764 766
764 777
764 930
764 931
764 932
764 946
764 947
764 1040
765 766
766 932
766 933
767 768
768 769
768 920
768 935
768 936
768 937
768 938
769 770
769 938
769 948
770 771
770 778
770 780
770 781
770 921
770 938
770 939
770 940
770 948
770 950
771 772
771 781
771 940
772 773
772 781
772 782
772 783
772 785
772 922
772 940
772 941
772 942
772 952
773 774
773 785
773 942
774 775
774 785
774 923
774 942
774 943
774 944
774 954
774 955
774 956
775 777
775 944
775 956
776 777
777 930
777 944
777 945
777 946
777 947
778 779
778 780
778 781
779 781
779 782
780 781
780 948
780 950
781 782
781 783
781 940
781 950
781 951
781 952
782 783
782 784
782 785
783 785
783 952
784 785
785 942
785 952
785 953
785 954
785 955
786 787
786 788
786 789
786 790
787 789
788 789
788 790
788 958
789 790
789 791
789 792
789 793
789 958
789 959
789 961
789 962
790 791
790 805
790 807
790 958
790 960
790 961
790 973
790 975
790 976
791 793
791 961
791 976
792 793
792 794
792 962
793 794
793 795
793 961
793 962
793 976
793 977
794 795
794 796
794 797
794 962
794 963
794 964
794 977
795 797
795 977
796 797
796 798
796 964
797 798
797 799
797 808
797 964
797 966
797 977
798 799
798 800
798 801
798 802
798 964
798 965
798 966
798 967
799 802
799 808
799 966
800 801
800 802
801 802
801 967
801 969
802 808
802 809
802 810
802 966
802 967
802 968
802 969
802 971
803 804
804 805
804 806
804 807
804 972
804 973
804 974
805 807
805 973
806 807
806 816
806 974
806 991
807 825
807 973
807 974
807 975
807 991
808 810
808 827
808 828
808 829
808 966
808 968
808 971
808 977
808 1089
808 1100
808 1101
808 1118
809 810
809 812
809 969
809 971
810 812
810 813
810 828
810 829
810 971
810 979
810 1101
811 812
812 813
812 819
812 971
812 978
812 979
812 980
812 981
813 819
813 829
813 979
814 815
814 816
814 817
815 816
815 817
816 817
816 818
816 974
816 983
816 984
816 991
817 818
817 824
817 833
817 984
817 986
817 987
817 988
817 990
817 991
818 984
818 991
819 820
819 821
819 822
819 823
819 829
819 979
819 980
819 981
819 982
819 985
820 823
820 829
820 830
820 985
821 822
821 823
822 823
823 830
823 831
823 985
823 992
823 993
824 833
824 835
824 990
824 991
825 826
825 841
825 842
825 843
825 974
825 975
825 976
825 991
825 1097
825 1114
825 1115
825 1116
825 1133
826 827
826 842
826 843
826 844
826 975
826 976
826 977
826 1098
826 1115
826 1116
826 1117
826 1134
827 828
827 843
827 844
827 845
827 976
827 977
827 1099
827 1116
827 1117
827 1118
827 1135
828 829
828 844
828 845
828 846
828 977
828 1100
828 1117
828 1118
828 1119
828 1136
829 830
829 845
829 846
829 979
829 985
829 1001
829 1101
829 1118
829 1119
829 1120
829 1137
830 831
830 836
830 846
830 985
830 993
830 1001
830 1120
831 836
831 838
831 993
832 833
833 834
833 835
833 986
833 987
833 989
833 990
833 994
834 835
834 840
834 994
834 997
835 840
835 841
835 852
835 990
835 991
835 994
835 1000
835 1004
835 1009
835 1127
835 1131
835 1132
835 1155
836 838
836 839
836 847
836 993
836 996
836 1001
837 838
838 839
838 993
838 995
838 996
839 847
839 996
840 848
840 849
840 850
840 851
840 994
840 997
840 999
840 1000
840 1004
840 1009
841 842
841 852
841 853
841 990
841 991
841 1009
841 1114
841 1127
841 1132
841 1133
841 1145
842 843
842 852
842 853
842 854
842 991
842 1115
842 1132
842 1133
842 1134
842 1146
843 844
843 853
843 854
843 855
843 1116
843 1133
843 1134
843 1135
843 1147
844 845
844 854
844 855
844 856
844 1117
844 1134
844 1135
844 1136
844 1148
845 846
845 855
845 856
845 857
845 1118
845 1135
845 1136
845 1137
845 1149
846 856
846 857
846 858
846 1001
846 1119
846 1136
846 1137
846 1138
846 1150
847 858
847 859
847 860
847 862
847 863
847 996
847 1001
847 1002
847 1005
847 1006
848 849
848 850
849 850
849 997
849 999
850 851
850 864
850 865
850 999
850 1003
850 1004
850 1008
851 865
851 1004
851 1009
852 853
852 874
852 875
852 1009
852 1013
852 1132
852 1145
852 1146
852 1155
852 1172
853 854
853 874
853 875
853 876
853 1133
853 1145
853 1146
853 1147
853 1173
854 855
854 875
854 876
854 877
854 1134
854 1146
854 1147
854 1148
854 1174
855 856
855 876
855 877
855 878
855 1135
855 1147
855 1148
855 1149
855 1175
856 857
856 877
856 878
856 879
856 1136
856 1148
856 1149
856 1150
856 1176
857 858
857 878
857 879
857 880
857 1001
857 1137
857 1149
857 1150
857 1151
857 1177
858 859
858 866
858 879
858 880
858 1001
858 1005
858 1010
858 1014
858 1138
858 1150
858 1151
858 1156
858 1178
859 863
859 866
859 1005
860 861
860 862
860 863
861 863
862 863
862 1006
863 866
863 867
863 1005
863 1006
863 1007
863 1011
864 865
864 868
864 1008
865 868
865 869
865 1004
865 1008
865 1009
865 1013
866 867
866 870
866 871
866 880
866 1005
866 1010
866 1011
866 1014
867 871
867 1011
868 869
868 872
868 873
868 1008
868 1012
868 1013
868 1016
869 873
869 1013
870 871
870 880
870 881
870 1014
871 881
871 882
871 1011
871 1014
871 1015
871 1019
872 873
872 884
872 1016
873 884
873 885
873 886
873 1013
873 1016
873 1017
873 1021
874 875
874 886
874 887
874 888
874 1009
874 1013
874 1145
874 1163
874 1172
874 1173
874 1184
875 876
875 887
875 888
875 889
875 1146
875 1172
875 1173
875 1174
875 1185
876 877
876 888
876 889
876 890
876 1147
876 1173
876 1174
876 1175
876 1186
877 878
877 889
877 890
877 891
877 1148
877 1174
877 1175
877 1176
877 1187
878 879
878 890
878 891
878 892
878 1149
878 1175
878 1176
878 1177
878 1188
879 880
879 891
879 892
879 893
879 1150
879 1176
879 1177
879 1178
879 1189
880 881
880 892
880 893
880 1014
880 1018
880 1022
880 1151
880 1177
880 1178
880 1179
880 1190
881 882
881 893
881 894
881 895
881 1014
881 1018
881 1019
881 1022
882 895
882 1019
883 884
883 896
884 885
884 896
884 897
884 898
884 1016
884 1020
884 1021
884 1024
885 886
885 898
885 1021
886 887
886 898
886 903
886 904
886 1013
886 1021
886 1025
886 1028
886 1029
886 1183
886 1184
886 1194
886 1200
887 888
887 903
887 904
887 905
887 1013
887 1172
887 1183
887 1184
887 1185
887 1201
888 889
888 904
888 905
888 906
888 1173
888 1184
888 1185
888 1186
888 1202
889 890
889 905
889 906
889 907
889 1174
889 1185
889 1186
889 1187
889 1203
890 891
890 906
890 907
890 908
890 1175
890 1186
890 1187
890 1188
890 1204
891 892
891 907
891 908
891 909
891 1176
891 1187
891 1188
891 1189
891 1205
892 893
892 908
892 909
892 1030
892 1177
892 1188
892 1189
892 1190
892 1206
893 894
893 899
893 909
893 1022
893 1026
893 1030
893 1031
893 1178
893 1189
893 1190
893 1195
893 1207
894 895
894 899
894 1022
895 899
895 900
895 901
895 1019
895 1022
895 1023
895 1027
896 897
896 898
897 898
897 1024
898 902
898 903
898 1021
898 1024
898 1025
898 1028
899 900
899 901
899 910
899 1022
899 1026
899 1027
899 1030
899 1031
899 1032
900 901
901 1027
901 1032
902 903
902 912
902 1028
903 904
903 912
903 913
903 1028
903 1029
903 1035
904 905
904 913
904 917
904 918
904 919
904 920
904 1029
904 1035
904 1039
904 1184
904 1200
904 1201
904 1202
904 1218
905 906
905 919
905 920
905 921
905 1185
905 1201
905 1202
905 1203
905 1219
906 907
906 920
906 921
906 922
906 1186
906 1202
906 1203
906 1204
906 1220
907 908
907 921
907 922
907 923
907 1187
907 1203
907 1204
907 1205
907 1221
908 909
908 922
908 923
908 1040
908 1188
908 1204
908 1205
908 1206
908 1222
909 923
909 1030
909 1040
909 1041
909 1189
909 1205
909 1206
909 1207
909 1223
910 916
910 1030
910 1031
910 1032
911 912
912 913
912 1028
912 1034
912 1035
913 917
913 1035
914 916
914 925
914 1030
914 1036
915 916
916 925
916 1030
916 1031
916 1036
916 1037
916 1043
916 1044
917 918
917 926
917 927
917 928
917 1035
917 1038
917 1039
918 919
918 928
918 1039
919 920
919 928
919 929
919 1039
919 1046
919 1218
920 921
920 929
920 936
920 937
920 938
920 1046
920 1052
920 1053
920 1054
920 1202
920 1218
920 1219
920 1220
920 1236
921 922
921 938
921 939
921 940
921 1054
921 1055
921 1056
921 1203
921 1219
921 1220
921 1221
921 1238
922 923
922 940
922 941
922 942
922 1056
922 1057
922 1204
922 1220
922 1221
922 1222
922 1239
923 930
923 942
923 943
923 944
923 1040
923 1057
923 1058
923 1059
923 1205
923 1221
923 1222
923 1223
923 1241
924 925
924 932
924 1030
924 1040
924 1041
925 932
925 933
925 934
925 1030
925 1036
925 1041
925 1042
925 1043
925 1044
926 927
926 928
927 928
928 929
928 936
928 1039
928 1045
928 1046
928 1049
928 1050
929 936
929 1046
930 931
930 944
930 945
930 947
930 1040
930 1047
930 1059
931 932
931 947
931 1040
931 1047
932 933
932 934
932 1040
932 1041
932 1047
932 1048
933 934
935 936
936 937
936 1046
936 1049
936 1050
936 1051
936 1052
937 938
937 1052
937 1061
938 939
938 948
938 949
938 950
938 1052
938 1053
938 1054
938 1061
938 1063
939 940
939 950
939 1054
940 941
940 950
940 951
940 952
940 1054
940 1055
940 1056
940 1065
941 942
941 952
941 1056
942 943
942 952
942 953
942 955
942 1056
942 1057
942 1067
943 944
943 955
943 1057
944 945
944 955
944 956
944 957
944 1057
944 1058
944 1059
944 1069
945 947
945 1059
946 947
947 1047
947 1059
947 1060
948 949
948 950
949 950
949 1061
949 1063
950 951
950 1054
950 1063
950 1064
950 1065
951 952
951 1065
952 953
952 1056
952 1065
952 1066
952 1067
953 955
953 1067
954 955
954 956
955 956
955 957
955 1057
955 1067
955 1068
955 1069
956 957
957 1069
958 959
958 960
958 961
958 973
958 1079
958 1080
958 1081
958 1083
958 1084
959 961
959 962
959 1084
960 961
960 973
960 975
960 1083
961 962
961 975
961 976
961 1083
961 1084
961 1085
961 1098
962 963
962 976
962 977
962 1070
962 1071
962 1072
962 1074
962 1075
962 1084
962 1098
963 964
963 977
963 1071
963 1075
964 965
964 966
964 977
964 1071
964 1075
964 1076
964 1077
964 1078
964 1086
964 1099
965 966
965 967
965 1086
966 967
966 968
966 977
966 1086
966 1087
966 1089
966 1099
966 1100
967 968
967 969
967 970
967 971
967 1086
967 1088
967 1089
967 1090
968 971
968 1089
969 970
969 971
970 971
970 1090
971 978
971 979
971 1089
971 1090
971 1091
971 1101
971 1102
972 973
972 974
972 1092
972 1094
973 974
973 975
973 1079
973 1080
973 1082
973 1083
973 1094
973 1097
974 975
974 983
974 984
974 991
974 1092
974 1094
974 1095
974 1096
974 1097
974 1114
975 976
975 1083
975 1097
975 1098
975 1115
976 977
976 1098
976 1099
976 1116
977 1075
977 1098
977 1099
977 1100
977 1117
978 979
978 981
978 1102
979 981
979 982
979 985
979 1101
979 1102
979 1103
979 1108
979 1119
980 981
981 982
982 985
982 1108
982 1110
983 984
983 1092
983 1095
983 1104
984 988
984 990
984 991
984 1095
984 1104
984 1106
984 1107
984 1114
985 992
985 993
985 1108
985 1109
985 1110
985 1112
985 1119
985 1120
986 987
987 988
987 989
987 990
988 990
988 1104
988 1106
989 990
989 994
989 1125
990 991
990 994
990 1106
990 1113
990 1114
990 1125
990 1127
991 1114
991 1115
991 1132
992 993
992 1110
992 1112
992 1122
993 995
993 996
993 1001
993 1112
993 1120
993 1121
993 1122
993 1124
993 1138
994 997
994 998
994 999
994 1000
994 1125
994 1126
994 1127
994 1129
994 1131
995 996
995 1122
995 1124
996 1001
996 1002
996 1006
996 1124
996 1128
996 1138
996 1139
996 1140
996 1141
997 998
997 999
998 999
998 1129
999 1000
999 1003
999 1004
999 1129
999 1130
999 1131
999 1143
1000 1004
1000 1131
1001 1002
1001 1005
1001 1120
1001 1137
1001 1138
1001 1139
1001 1151
1002 1005
1002 1006
1002 1139
1003 1004
1003 1008
1003 1143
1004 1008
1004 1009
1004 1131
1004 1143
1004 1144
1004 1155
1005 1006
1005 1007
1005 1010
1005 1011
1005 1139
1005 1151
1005 1152
1005 1153
1005 1156
1006 1007
1006 1139
1006 1140
1006 1141
1006 1142
1006 1153
1007 1011
1007 1153
1008 1009
1008 1012
1008 1013
1008 1143
1008 1154
1008 1155
1008 1158
1008 1159
1008 1160
1008 1162
1009 1013
1009 1145
1009 1155
1009 1163
1010 1011
1010 1014
1010 1156
1011 1014
1011 1015
1011 1153
1011 1156
1011 1157
1011 1165
1011 1166
1011 1167
1011 1168
1012 1013
1012 1016
1012 1159
1012 1162
1013 1016
1013 1017
1013 1021
1013 1155
1013 1162
1013 1163
1013 1171
1013 1172
1013 1183
1014 1015
1014 1018
1014 1019
1014 1156
1014 1164
1014 1165
1014 1178
1014 1179
1015 1019
1015 1165
1015 1167
1016 1017
1016 1020
1016 1021
1016 1162
1016 1170
1016 1171
1016 1181
1017 1021
1017 1171
1018 1019
1018 1022
1018 1179
1019 1022
1019 1023
1019 1165
1019 1179
1019 1180
1019 1192
1020 1021
1020 1024
1020 1181
1021 1024
1021 1025
1021 1171
1021 1181
1021 1182
1021 1183
1021 1194
1022 1023
1022 1026
1022 1027
1022 1179
1022 1190
1022 1191
1022 1192
1022 1195
1023 1027
1023 1192
1024 1025
1024 1028
1024 1181
1024 1193
1024 1194
1024 1197
1024 1198
1025 1028
1025 1194
1026 1027
1026 1031
1026 1195
1027 1031
1027 1032
1027 1033
1027 1192
1027 1195
1027 1196
1027 1209
1028 1029
1028 1034
1028 1035
1028 1194
1028 1197
1028 1198
1028 1199
1028 1200
1028 1210
1029 1035
1029 1200
1030 1031
1030 1036
1030 1040
1030 1041
1030 1190
1030 1206
1030 1207
1031 1032
1031 1033
1031 1036
1031 1037
1031 1195
1031 1207
1031 1208
1031 1209
1031 1213
1032 1033
1033 1209
1034 1035
1034 1210
1034 1214
1035 1038
1035 1039
1035 1200
1035 1201
1035 1210
1035 1211
1035 1214
1035 1216
1036 1037
1036 1041
1036 1042
1036 1044
1036 1207
1036 1212
1036 1213
1036 1225
1037 1044
1037 1213
1038 1039
1038 1214
1038 1216
1038 1226
1039 1045
1039 1046
1039 1201
1039 1216
1039 1217
1039 1218
1039 1226
1039 1228
1040 1041
1040 1047
1040 1059
1040 1206
1040 1222
1040 1223
1041 1042
1041 1047
1041 1048
1041 1207
1041 1223
1041 1224
1041 1225
1041 1231
1041 1232
1042 1044
1042 1225
1042 1232
1043 1044
1045 1046
1045 1050
1045 1226
1045 1228
1046 1050
1046 1051
1046 1052
1046 1218
1046 1219
1046 1228
1046 1229
1046 1234
1047 1048
1047 1059
1047 1060
1047 1223
1047 1230
1047 1231
1047 1243
1047 1244
1048 1231
1048 1232
1048 1244
1049 1050
1050 1051
1051 1052
1051 1234
1052 1053
1052 1061
1052 1062
1052 1063
1052 1219
1052 1234
1052 1235
1052 1236
1052 1246
1053 1054
1053 1063
1053 1236
1054 1055
1054 1063
1054 1064
1054 1065
1054 1220
1054 1236
1054 1237
1054 1238
1054 1248
1055 1056
1055 1065
1055 1238
1056 1057
1056 1065
1056 1066
1056 1067
1056 1221
1056 1238
1056 1239
1056 1250
1057 1058
1057 1067
1057 1068
1057 1069
1057 1222
1057 1239
1057 1240
1057 1241
1057 1252
1058 1059
1058 1069
1058 1241
1059 1060
1059 1069
1059 1223
1059 1241
1059 1242
1059 1243
1059 1254
1059 1255
1060 1243
1060 1244
1061 1062
1061 1063
1062 1063
1062 1246
1063 1064
1063 1236
1063 1246
1063 1247
1063 1248
1064 1065
1064 1248
1065 1066
1065 1238
1065 1248
1065 1249
1065 1250
1065 1256
1065 1257
1065 1258
1066 1067
1066 1250
1066 1257
1067 1068
1067 1239
1067 1250
1067 1251
1067 1252
1067 1257
1067 1260
1067 1261
1068 1069
1068 1252
1069 1241
1069 1252
1069 1253
1069 1254
1069 1255
1070 1071
1070 1072
1071 1072
1071 1073
1071 1075
1071 1076
1071 1077
1072 1073
1072 1074
1072 1075
1073 1075
1073 1077
1074 1075
1074 1084
1074 1098
1074 1268
1075 1077
1075 1078
1075 1098
1075 1099
1075 1268
1075 1270
1075 1271
1075 1272
1076 1077
1077 1078
1078 1086
1078 1099
1078 1272
1079 1080
1080 1081
1080 1082
1080 1083
1080 1262
1080 1263
1080 1264
1081 1083
1081 1084
1081 1263
1082 1083
1082 1094
1082 1097
1082 1264
1083 1084
1083 1085
1083 1097
1083 1098
1083 1263
1083 1264
1083 1265
1083 1267
1084 1085
1084 1098
1084 1263
1084 1266
1084 1267
1084 1268
1085 1098
1085 1267
1086 1087
1086 1088
1086 1089
1086 1099
1086 1272
1086 1274
1086 1275
1086 1276
1087 1089
1087 1099
1087 1100
1087 1275
1088 1089
1088 1090
1088 1276
1089 1090
1089 1091
1089 1100
1089 1101
1089 1275
1089 1276
1089 1277
1089 1279
1090 1091
1090 1276
1090 1278
1090 1279
1091 1101
1091 1102
1091 1279
1092 1093
1092 1094
1092 1095
1093 1094
1093 1095
1094 1095
1094 1096
1094 1097
1094 1264
1094 1280
1094 1281
1095 1096
1095 1104
1095 1105
1095 1106
1095 1107
1095 1114
1095 1281
1095 1287
1095 1288
1096 1097
1096 1114
1096 1281
1097 1098
1097 1114
1097 1115
1097 1116
1097 1264
1097 1265
1097 1267
1097 1281
1097 1373
1097 1391
1097 1392
1097 1405
1098 1099
1098 1115
1098 1116
1098 1117
1098 1267
1098 1268
1098 1269
1098 1271
1098 1377
1098 1392
1098 1393
1098 1406
1099 1100
1099 1116
1099 1117
1099 1118
1099 1271
1099 1272
1099 1273
1099 1275
1099 1381
1099 1393
1099 1394
1099 1407
1100 1101
1100 1117
1100 1118
1100 1119
1100 1275
1100 1277
1100 1279
1100 1385
1100 1394
1100 1396
1100 1408
1101 1102
1101 1103
1101 1118
1101 1119
1101 1279
1101 1283
1101 1396
1102 1103
1102 1108
1102 1279
1102 1282
1102 1283
1102 1284
1102 1285
1103 1108
1103 1119
1103 1283
1104 1105
1104 1106
1105 1106
1106 1107
1106 1113
1106 1114
1106 1125
1106 1288
1106 1290
1106 1291
1106 1292
1106 1294
1107 1114
1107 1288
1108 1109
1108 1110
1108 1111
1108 1112
1108 1119
1108 1283
1108 1284
1108 1285
1108 1286
1108 1289
1109 1112
1109 1119
1109 1120
1109 1289
1110 1111
1110 1112
1111 1112
1112 1120
1112 1121
1112 1122
1112 1123
1112 1124
1112 1289
1112 1295
1112 1296
1113 1114
1113 1125
1113 1127
1113 1294
1114 1115
1114 1127
1114 1132
1114 1133
1114 1281
1114 1288
1114 1294
1114 1404
1114 1405
1114 1422
1115 1116
1115 1132
1115 1133
1115 1134
1115 1281
1115 1391
1115 1404
1115 1405
1115 1406
1115 1423
1116 1117
1116 1133
1116 1134
1116 1135
1116 1392
1116 1405
1116 1406
1116 1407
1116 1424
1117 1118
1117 1134
1117 1135
1117 1136
1117 1393
1117 1406
1117 1407
1117 1408
1117 1425
1118 1119
1118 1135
1118 1136
1118 1137
1118 1394
1118 1407
1118 1408
1118 1409
1118 1426
1119 1120
1119 1136
1119 1137
1119 1138
1119 1283
1119 1289
1119 1396
1119 1408
1119 1409
1119 1410
1119 1427
1120 1121
1120 1137
1120 1138
1120 1289
1120 1296
1120 1410
1121 1124
1121 1138
1121 1296
1122 1123
1122 1124
1123 1124
1124 1128
1124 1138
1124 1296
1124 1298
1124 1299
1125 1126
1125 1127
1125 1290
1125 1291
1125 1293
1125 1294
1125 1297
1126 1127
1126 1129
1126 1131
1126 1297
1127 1131
1127 1132
1127 1145
1127 1155
1127 1294
1127 1297
1127 1302
1127 1307
1127 1418
1127 1420
1127 1421
1127 1422
1127 1435
1128 1138
1128 1139
1128 1141
1128 1299
1129 1130
1129 1131
1129 1297
1129 1300
1129 1301
1130 1131
1130 1143
1130 1301
1131 1143
1131 1144
1131 1155
1131 1297
1131 1301
1131 1302
1131 1307
1132 1133
1132 1145
1132 1146
1132 1155
1132 1294
1132 1404
1132 1418
1132 1422
1132 1423
1132 1436
1133 1134
1133 1145
1133 1146
1133 1147
1133 1405
1133 1422
1133 1423
1133 1424
1133 1437
1134 1135
1134 1146
1134 1147
1134 1148
1134 1406
1134 1423
1134 1424
1134 1425
1134 1438
1135 1136
1135 1147
1135 1148
1135 1149
1135 1407
1135 1424
1135 1425
1135 1426
1135 1439
1136 1137
1136 1148
1136 1149
1136 1150
1136 1408
1136 1425
1136 1426
1136 1427
1136 1440
1137 1138
1137 1149
1137 1150
1137 1151
1137 1409
1137 1426
1137 1427
1137 1428
1137 1441
1138 1139
1138 1150
1138 1151
1138 1296
1138 1299
1138 1303
1138 1308
1138 1410
1138 1427
1138 1428
1138 1429
1138 1442
1139 1141
1139 1142
1139 1151
1139 1152
1139 1153
1139 1299
1139 1303
1139 1305
1139 1308
1140 1141
1141 1142
1141 1299
1141 1304
1141 1305
1142 1153
1142 1305
1143 1144
1143 1154
1143 1155
1143 1301
1143 1306
1143 1307
1143 1310
1144 1155
1144 1307
1145 1146
1145 1155
1145 1163
1145 1172
1145 1173
1145 1422
1145 1435
1145 1436
1145 1437
1145 1456
1146 1147
1146 1172
1146 1173
1146 1174
1146 1423
1146 1436
1146 1437
1146 1438
1146 1457
1147 1148
1147 1173
1147 1174
1147 1175
1147 1424
1147 1437
1147 1438
1147 1439
1147 1458
1148 1149
1148 1174
1148 1175
1148 1176
1148 1425
1148 1438
1148 1439
1148 1440
1148 1459
1149 1150
1149 1175
1149 1176
1149 1177
1149 1426
1149 1439
1149 1440
1149 1441
1149 1460
1150 1151
1150 1176
1150 1177
1150 1178
1150 1427
1150 1440
1150 1441
1150 1442
1150 1461
1151 1152
1151 1156
1151 1177
1151 1178
1151 1308
1151 1312
1151 1316
1151 1428
1151 1441
1151 1442
1151 1447
1151 1462
1152 1153
1152 1156
1152 1308
1153 1156
1153 1157
1153 1305
1153 1308
1153 1309
1153 1313
1154 1155
1154 1160
1154 1162
1154 1310
1155 1162
1155 1163
1155 1172
1155 1307
1155 1310
1155 1311
1155 1315
1155 1435
1155 1436
1155 1446
1155 1455
1156 1157
1156 1164
1156 1165
1156 1178
1156 1308
1156 1312
1156 1313
1156 1316
1157 1165
1157 1168
1157 1313
1158 1159
1158 1160
1159 1160
1159 1161
1159 1162
1160 1161
1160 1162
1161 1162
1162 1163
1162 1170
1162 1171
1162 1310
1162 1314
1162 1315
1162 1318
1163 1171
1163 1172
1163 1183
1163 1184
1163 1315
1163 1319
1163 1323
1163 1454
1163 1455
1163 1456
1163 1467
1164 1165
1164 1178
1164 1179
1164 1316
1165 1167
1165 1168
1165 1169
1165 1179
1165 1180
1165 1313
1165 1316
1165 1317
1165 1321
1166 1167
1166 1168
1167 1168
1167 1169
1168 1169
1170 1171
1170 1181
1170 1318
1171 1181
1171 1182
1171 1183
1171 1315
1171 1318
1171 1319
1171 1323
1172 1173
1172 1183
1172 1184
1172 1185
1172 1436
1172 1455
1172 1456
1172 1457
1172 1468
1173 1174
1173 1184
1173 1185
1173 1186
1173 1437
1173 1456
1173 1457
1173 1458
1173 1469
1174 1175
1174 1185
1174 1186
1174 1187
1174 1438
1174 1457
1174 1458
1174 1459
1174 1470
1175 1176
1175 1186
1175 1187
1175 1188
1175 1439
1175 1458
1175 1459
1175 1460
1175 1471
1176 1177
1176 1187
1176 1188
1176 1189
1176 1440
1176 1459
1176 1460
1176 1461
1176 1472
1177 1178
1177 1188
1177 1189
1177 1190
1177 1441
1177 1460
1177 1461
1177 1462
1177 1473
1178 1179
1178 1189
1178 1190
1178 1316
1178 1320
1178 1324
1178 1442
1178 1461
1178 1462
1178 1463
1178 1474
1179 1180
1179 1190
1179 1191
1179 1192
1179 1316
1179 1320
1179 1321
1179 1324
1180 1192
1180 1321
1181 1182
1181 1193
1181 1194
1181 1318
1181 1322
1181 1323
1181 1326
1182 1183
1182 1194
1182 1323
1183 1184
1183 1194
1183 1200
1183 1201
1183 1323
1183 1327
1183 1331
1183 1467
1183 1468
1183 1478
1183 1483
1184 1185
1184 1200
1184 1201
1184 1202
1184 1456
1184 1467
1184 1468
1184 1469
1184 1484
1185 1186
1185 1201
1185 1202
1185 1203
1185 1457
1185 1468
1185 1469
1185 1470
1185 1485
1186 1187
1186 1202
1186 1203
1186 1204
1186 1458
1186 1469
1186 1470
1186 1471
1186 1486
1187 1188
1187 1203
1187 1204
1187 1205
1187 1459
1187 1470
1187 1471
1187 1472
1187 1487
1188 1189
1188 1204
1188 1205
1188 1206
1188 1460
1188 1471
1188 1472
1188 1473
1188 1488
1189 1190
1189 1205
1189 1206
1189 1207
1189 1461
1189 1472
1189 1473
1189 1474
1189 1489
1190 1191
1190 1195
1190 1206
1190 1207
1190 1324
1190 1328
1190 1332
1190 1462
1190 1473
1190 1474
1190 1479
1190 1491
1191 1192
1191 1195
1191 1324
1192 1195
1192 1196
1192 1321
1192 1324
1192 1325
1192 1329
1193 1194
1193 1198
1193 1326
1194 1198
1194 1199
1194 1200
1194 1323
1194 1326
1194 1327
1194 1331
1195 1196
1195 1207
1195 1208
1195 1209
1195 1324
1195 1328
1195 1329
1195 1332
1196 1209
1196 1329
1197 1198
1198 1199
1198 1326
1198 1330
1198 1331
1199 1200
1199 1210
1199 1331
1200 1201
1200 1210
1200 1211
1200 1331
1200 1335
1200 1483
1201 1202
1201 1211
1201 1216
1201 1217
1201 1218
1201 1219
1201 1335
1201 1339
1201 1468
1201 1483
1201 1484
1201 1485
1201 1501
1202 1203
1202 1218
1202 1219
1202 1220
1202 1469
1202 1484
1202 1485
1202 1486
1202 1502
1203 1204
1203 1219
1203 1220
1203 1221
1203 1470
1203 1485
1203 1486
1203 1487
1203 1503
1204 1205
1204 1220
1204 1221
1204 1222
1204 1471
1204 1486
1204 1487
1204 1488
1204 1504
1205 1206
1205 1221
1205 1222
1205 1223
1205 1472
1205 1487
1205 1488
1205 1489
1205 1505
1206 1207
1206 1222
1206 1223
1206 1340
1206 1473
1206 1488
1206 1489
1206 1490
1206 1506
1207 1208
1207 1212
1207 1213
1207 1223
1207 1224
1207 1225
1207 1332
1207 1336
1207 1340
1207 1474
1207 1489
1207 1490
1207 1491
1208 1209
1208 1213
1208 1332
1209 1329
1209 1332
1209 1333
1210 1211
1210 1214
1210 1215
1210 1216
1210 1331
1210 1334
1210 1335
1211 1216
1211 1335
1212 1213
1212 1225
1212 1336
1213 1225
1213 1332
1213 1336
1213 1337
1213 1342
1213 1343
1214 1215
1214 1216
1215 1216
1216 1217
1216 1226
1216 1227
1216 1228
1216 1335
1216 1338
1216 1339
1217 1218
1217 1228
1217 1339
1218 1219
1218 1228
1218 1229
1218 1339
1218 1345
1218 1501
1219 1220
1219 1229
1219 1234
1219 1235
1219 1236
1219 1345
1219 1351
1219 1352
1219 1353
1219 1485
1219 1501
1219 1502
1219 1503
1219 1511
1219 1516
1220 1221
1220 1236
1220 1237
1220 1238
1220 1353
1220 1354
1220 1355
1220 1486
1220 1502
1220 1503
1220 1504
1220 1518
1221 1222
1221 1238
1221 1239
1221 1355
1221 1356
1221 1357
1221 1487
1221 1503
1221 1504
1221 1505
1221 1520
1222 1223
1222 1239
1222 1240
1222 1241
1222 1357
1222 1358
1222 1359
1222 1488
1222 1504
1222 1505
1222 1506
1222 1522
1223 1224
1223 1230
1223 1231
1223 1241
1223 1242
1223 1243
1223 1340
1223 1346
1223 1359
1223 1489
1223 1505
1223 1506
1224 1225
1224 1231
1224 1340
1225 1231
1225 1232
1225 1233
1225 1336
1225 1340
1225 1341
1225 1342
1225 1343
1226 1227
1226 1228
1227 1228
1228 1229
1228 1234
1228 1339
1228 1344
1228 1345
1228 1348
1228 1349
1229 1234
1229 1345
1230 1231
1230 1243
1230 1346
1231 1232
1231 1233
1231 1243
1231 1244
1231 1245
1231 1340
1231 1346
1231 1347
1232 1233
1234 1235
1234 1345
1234 1348
1234 1349
1234 1350
1234 1351
1235 1236
1235 1246
1235 1351
1236 1237
1236 1246
1236 1247
1236 1248
1236 1351
1236 1352
1236 1353
1236 1362
1237 1238
1237 1248
1237 1353
1238 1239
1238 1248
1238 1249
1238 1250
1238 1353
1238 1354
1238 1355
1238 1364
1239 1240
1239 1250
1239 1251
1239 1252
1239 1355
1239 1356
1239 1357
1239 1366
1240 1241
1240 1252
1240 1357
1241 1242
1241 1252
1241 1253
1241 1255
1241 1357
1241 1358
1241 1359
1241 1368
1242 1243
1242 1255
1242 1359
1243 1244
1243 1245
1243 1346
1243 1359
1243 1360
1244 1245
1246 1247
1246 1351
1246 1361
1246 1362
1247 1248
1247 1362
1248 1249
1248 1353
1248 1362
1248 1363
1248 1364
1249 1250
1249 1258
1249 1364
1250 1251
1250 1257
1250 1258
1250 1259
1250 1261
1250 1355
1250 1364
1250 1365
1250 1366
1251 1252
1251 1261
1251 1366
1252 1253
1252 1357
1252 1366
1252 1367
1252 1368
1253 1255
1253 1368
1254 1255
1255 1359
1255 1368
1255 1369
1256 1257
1256 1258
1257 1258
1257 1259
1257 1260
1257 1261
1258 1259
1259 1261
1260 1261
1262 1263
1262 1264
1262 1370
1263 1264
1263 1265
1263 1266
1263 1267
1263 1370
1263 1371
1263 1373
1263 1374
1264 1265
1264 1280
1264 1281
1264 1370
1264 1372
1264 1373
1264 1388
1264 1391
1265 1267
1265 1373
1266 1267
1266 1268
1266 1374
1267 1268
1267 1269
1267 1373
1267 1374
1267 1375
1267 1377
1267 1392
1268 1269
1268 1270
1268 1271
1268 1374
1268 1376
1268 1377
1268 1378
1269 1271
1269 1377
1270 1271
1270 1272
1270 1378
1271 1272
1271 1273
1271 1377
1271 1378
1271 1379
1271 1381
1271 1393
1272 1273
1272 1274
1272 1275
1272 1378
1272 1380
1272 1381
1272 1382
1273 1275
1273 1381
1274 1275
1274 1276
1274 1382
1275 1276
1275 1277
1275 1381
1275 1382
1275 1383
1275 1385
1275 1394
1276 1277
1276 1278
1276 1279
1276 1382
1276 1384
1276 1385
1277 1279
1277 1385
1278 1279
1279 1282
1279 1283
1279 1385
1279 1395
1279 1396
1279 1397
1280 1281
1280 1386
1280 1388
1281 1287
1281 1288
1281 1386
1281 1388
1281 1389
1281 1390
1281 1391
1281 1404
1282 1283
1282 1285
1282 1397
1283 1285
1283 1286
1283 1289
1283 1396
1283 1397
1283 1398
1283 1400
1283 1409
1284 1285
1285 1286
1286 1289
1286 1400
1287 1288
1287 1386
1287 1389
1288 1292
1288 1294
1288 1389
1288 1399
1288 1402
1288 1404
1289 1295
1289 1296
1289 1400
1289 1401
1289 1409
1289 1410
1289 1411
1290 1291
1291 1292
1291 1293
1291 1294
1292 1294
1292 1402
1293 1294
1293 1297
1293 1416
1294 1297
1294 1402
1294 1403
1294 1404
1294 1416
1294 1418
1295 1296
1295 1411
1295 1413
1296 1298
1296 1299
1296 1410
1296 1411
1296 1412
1296 1413
1296 1415
1296 1428
1297 1300
1297 1301
1297 1302
1297 1416
1297 1417
1297 1418
1297 1420
1298 1299
1298 1413
1298 1415
1299 1303
1299 1304
1299 1305
1299 1415
1299 1419
1299 1428
1299 1429
1299 1430
1300 1301
1301 1302
1301 1306
1301 1307
1301 1420
1301 1432
1301 1433
1302 1307
1302 1420
1303 1305
1303 1308
1303 1429
1304 1305
1304 1430
1305 1308
1305 1309
1305 1429
1305 1430
1305 1431
1305 1444
1306 1307
1306 1310
1306 1433
1307 1310
1307 1311
1307 1420
1307 1433
1307 1434
1307 1435
1307 1446
1308 1309
1308 1312
1308 1313
1308 1429
1308 1442
1308 1443
1308 1444
1308 1447
1309 1313
1309 1444
1310 1311
1310 1314
1310 1315
1310 1433
1310 1445
1310 1446
1310 1449
1311 1315
1311 1446
1312 1313
1312 1316
1312 1447
1313 1316
1313 1317
1313 1444
1313 1447
1313 1448
1313 1452
1314 1315
1314 1318
1314 1449
1315 1318
1315 1319
1315 1446
1315 1449
1315 1450
1315 1454
1315 1455
1316 1317
1316 1320
1316 1321
1316 1447
1316 1451
1316 1452
1316 1462
1316 1463
1317 1321
1317 1452
1318 1319
1318 1322
1318 1323
1318 1449
1318 1453
1318 1454
1318 1465
1319 1323
1319 1454
1320 1321
1320 1324
1320 1463
1321 1324
1321 1325
1321 1452
1321 1463
1321 1464
1321 1476
1322 1323
1322 1326
1322 1465
1323 1326
1323 1327
1323 1454
1323 1465
1323 1466
1323 1467
1323 1478
1324 1325
1324 1328
1324 1329
1324 1463
1324 1474
1324 1475
1324 1476
1324 1479
1325 1329
1325 1476
1326 1327
1326 1330
1326 1331
1326 1465
1326 1477
1326 1478
1326 1481
1327 1331
1327 1478
1328 1329
1328 1332
1328 1479
1329 1332
1329 1333
1329 1476
1329 1479
1329 1480
1330 1331
1330 1481
1331 1334
1331 1335
1331 1478
1331 1481
1331 1482
1331 1483
1331 1493
1332 1333
1332 1336
1332 1337
1332 1479
1332 1491
1332 1492
1332 1496
1334 1335
1334 1493
1334 1497
1335 1338
1335 1339
1335 1483
1335 1484
1335 1493
1335 1494
1335 1497
1335 1499
1336 1337
1336 1340
1336 1341
1336 1343
1336 1490
1336 1491
1336 1495
1336 1496
1336 1508
1337 1343
1337 1496
1338 1339
1338 1497
1338 1499
1339 1344
1339 1345
1339 1484
1339 1499
1339 1500
1339 1501
1339 1509
1340 1341
1340 1346
1340 1347
1340 1490
1340 1506
1340 1507
1340 1508
1340 1513
1341 1343
1341 1508
1342 1343
1344 1345
1344 1349
1344 1509
1345 1349
1345 1350
1345 1351
1345 1501
1345 1509
1345 1510
1345 1511
1345 1514
1346 1347
1346 1359
1346 1360
1346 1506
1346 1512
1346 1513
1346 1524
1346 1525
1347 1513
1347 1525
1348 1349
1349 1350
1350 1351
1350 1514
1351 1352
1351 1361
1351 1362
1351 1511
1351 1514
1351 1515
1351 1516
1352 1353
1352 1362
1352 1516
1353 1354
1353 1362
1353 1363
1353 1364
1353 1503
1353 1516
1353 1517
1353 1518
1353 1528
1354 1355
1354 1364
1354 1518
1355 1356
1355 1364
1355 1365
1355 1366
1355 1504
1355 1518
1355 1519
1355 1520
1355 1530
1356 1357
1356 1366
1356 1520
1357 1358
1357 1366
1357 1367
1357 1368
1357 1505
1357 1520
1357 1521
1357 1522
1357 1532
1358 1359
1358 1368
1358 1522
1359 1360
1359 1368
1359 1369
1359 1506
1359 1522
1359 1523
1359 1524
1359 1534
1360 1524
1360 1525
1361 1362
1362 1363
1362 1516
1362 1527
1362 1528
1363 1364
1363 1528
1364 1365
1364 1518
1364 1528
1364 1529
1364 1530
1365 1366
1365 1530
1366 1367
1366 1520
1366 1530
1366 1531
1366 1532
1367 1368
1367 1532
1368 1369
1368 1522
1368 1532
1368 1533
1368 1534
1369 1534
1370 1371
1370 1372
1370 1373
1371 1373
1371 1374
1371 1535
1372 1373
1372 1388
1372 1391
1372 1550
1373 1374
1373 1375
1373 1391
1373 1392
1373 1535
1373 1537
1373 1538
1373 1550
1374 1375
1374 1376
1374 1377
1374 1535
1374 1536
1374 1538
1374 1539
1375 1377
1375 1392
1375 1538
1376 1377
1376 1378
1376 1539
1377 1378
1377 1379
1377 1392
1377 1393
1377 1538
1377 1539
1377 1540
1377 1542
1378 1379
1378 1380
1378 1381
1378 1539
1378 1541
1378 1542
1378 1543
1379 1381
1379 1393
1379 1542
1380 1381
1380 1382
1380 1543
1381 1382
1381 1383
1381 1393
1381 1394
1381 1542
1381 1543
1381 1544
1381 1546
1382 1383
1382 1384
1382 1385
1382 1543
1382 1545
1382 1546
1382 1547
1383 1385
1383 1394
1383 1546
1384 1385
1384 1547
1385 1394
1385 1395
1385 1396
1385 1546
1385 1547
1385 1548
1385 1553
1386 1387
1386 1388
1386 1389
1387 1388
1387 1389
1388 1389
1388 1390
1388 1391
1388 1549
1388 1550
1388 1551
1389 1390
1389 1399
1389 1402
1389 1404
1389 1551
1389 1557
1389 1558
1389 1559
1389 1561
1390 1391
1390 1404
1390 1551
1391 1392
1391 1404
1391 1405
1391 1406
1391 1537
1391 1538
1391 1550
1391 1551
1391 1552
1391 1652
1391 1653
1391 1654
1391 1655
1391 1675
1392 1393
1392 1405
1392 1406
1392 1407
1392 1538
1392 1540
1392 1542
1392 1646
1392 1655
1392 1656
1392 1785
1393 1394
1393 1406
1393 1407
1393 1408
1393 1542
1393 1544
1393 1546
1393 1650
1393 1656
1393 1658
1393 1786
1394 1396
1394 1407
1394 1408
1394 1409
1394 1546
1394 1548
1394 1553
1394 1554
1394 1658
1394 1659
1394 1660
1394 1662
1394 1787
1395 1396
1395 1397
1395 1553
1396 1397
1396 1398
1396 1408
1396 1409
1396 1553
1396 1554
1396 1556
1397 1398
1397 1553
1397 1555
1397 1556
1398 1400
1398 1409
1398 1556
1399 1402
1399 1404
1399 1561
1400 1401
1400 1409
1400 1411
1400 1556
1400 1562
1400 1563
1400 1564
1400 1565
1401 1409
1401 1410
1401 1411
1401 1563
1402 1403
1402 1404
1402 1557
1402 1558
1402 1560
1402 1561
1402 1567
1403 1404
1403 1416
1403 1418
1403 1567
1404 1405
1404 1418
1404 1422
1404 1423
1404 1551
1404 1561
1404 1567
1404 1666
1404 1673
1404 1674
1404 1675
1404 1685
1405 1406
1405 1422
1405 1423
1405 1424
1405 1551
1405 1552
1405 1653
1405 1666
1405 1675
1405 1785
1405 1796
1406 1407
1406 1423
1406 1424
1406 1425
1406 1655
1406 1675
1406 1785
1406 1786
1406 1797
1407 1408
1407 1424
1407 1425
1407 1426
1407 1656
1407 1785
1407 1786
1407 1787
1407 1798
1408 1409
1408 1425
1408 1426
1408 1427
1408 1658
1408 1676
1408 1786
1408 1787
1408 1799
1409 1410
1409 1426
1409 1427
1409 1428
1409 1554
1409 1556
1409 1563
1409 1662
1409 1668
1409 1676
1409 1677
1409 1787
1409 1800
1410 1411
1410 1412
1410 1427
1410 1428
1410 1563
1410 1568
1410 1677
1411 1412
1411 1413
1411 1414
1411 1415
1411 1563
1411 1564
1411 1565
1411 1566
1411 1568
1412 1415
1412 1428
1412 1568
1413 1414
1413 1415
1414 1415
1415 1419
1415 1428
1415 1568
1415 1573
1415 1574
1416 1417
1416 1418
1416 1567
1416 1569
1416 1570
1417 1418
1417 1420
1417 1570
1418 1420
1418 1421
1418 1422
1418 1567
1418 1570
1418 1571
1419 1428
1419 1429
1419 1430
1419 1574
1420 1421
1420 1432
1420 1433
1420 1434
1420 1435
1420 1570
1420 1575
1420 1577
1420 1579
1421 1422
1421 1435
1421 1436
1421 1570
1421 1571
1421 1575
1421 1579
1421 1680
1421 1683
1421 1684
1421 1685
1421 1691
1422 1423
1422 1435
1422 1436
1422 1437
1422 1567
1422 1571
1422 1673
1422 1680
1422 1685
1422 1796
1422 1806
1423 1424
1423 1436
1423 1437
1423 1438
1423 1675
1423 1685
1423 1796
1423 1797
1423 1807
1424 1425
1424 1437
1424 1438
1424 1439
1424 1785
1424 1796
1424 1797
1424 1798
1424 1808
1425 1426
1425 1438
1425 1439
1425 1440
1425 1786
1425 1797
1425 1798
1425 1799
1425 1809
1426 1427
1426 1439
1426 1440
1426 1441
1426 1787
1426 1798
1426 1799
1426 1800
1426 1810
1427 1428
1427 1440
1427 1441
1427 1442
1427 1676
1427 1686
1427 1799
1427 1800
1427 1811
1428 1429
1428 1441
1428 1442
1428 1568
1428 1572
1428 1574
1428 1576
1428 1580
1428 1677
1428 1681
1428 1686
1428 1687
1428 1689
1428 1692
1428 1800
1429 1430
1429 1431
1429 1442
1429 1443
1429 1444
1429 1574
1429 1576
1429 1580
1429 1581
1430 1431
1431 1444
1431 1581
1432 1433
1432 1577
1433 1434
1433 1445
1433 1446
1433 1577
1433 1578
1433 1579
1433 1583
1434 1435
1434 1446
1434 1579
1435 1436
1435 1446
1435 1455
1435 1456
1435 1579
1435 1584
1435 1588
1435 1691
1435 1694
1435 1695
1435 1706
1435 1806
1436 1437
1436 1455
1436 1456
1436 1457
1436 1685
1436 1691
1436 1806
1436 1807
1436 1825
1437 1438
1437 1456
1437 1457
1437 1458
1437 1796
1437 1806
1437 1807
1437 1808
1437 1826
1438 1439
1438 1457
1438 1458
1438 1459
1438 1797
1438 1807
1438 1808
1438 1809
1438 1827
1439 1440
1439 1458
1439 1459
1439 1460
1439 1798
1439 1808
1439 1809
1439 1810
1439 1828
1440 1441
1440 1459
1440 1460
1440 1461
1440 1799
1440 1809
1440 1810
1440 1811
1440 1829
1441 1442
1441 1460
1441 1461
1441 1462
1441 1692
1441 1800
1441 1810
1441 1811
1441 1830
1442 1443
1442 1447
1442 1461
1442 1462
1442 1580
1442 1585
1442 1589
1442 1686
1442 1692
1442 1696
1442 1707
1442 1811
1443 1444
1443 1447
1443 1580
1444 1447
1444 1448
1444 1580
1444 1581
1444 1582
1444 1586
1445 1446
1445 1449
1445 1583
1446 1449
1446 1450
1446 1455
1446 1579
1446 1583
1446 1584
1446 1588
1447 1448
1447 1451
1447 1452
1447 1462
1447 1580
1447 1585
1447 1586
1447 1589
1448 1452
1448 1586
1449 1450
1449 1453
1449 1454
1449 1583
1449 1587
1449 1588
1449 1591
1450 1454
1450 1455
1450 1588
1451 1452
1451 1462
1451 1463
1451 1589
1452 1463
1452 1464
1452 1586
1452 1589
1452 1590
1452 1594
1453 1454
1453 1465
1453 1591
1454 1455
1454 1465
1454 1466
1454 1467
1454 1588
1454 1591
1454 1592
1454 1596
1455 1456
1455 1467
1455 1468
1455 1588
1455 1592
1455 1596
1455 1705
1455 1706
1455 1712
1455 1825
1456 1457
1456 1467
1456 1468
1456 1469
1456 1706
1456 1806
1456 1825
1456 1826
1456 1835
1457 1458
1457 1468
1457 1469
1457 1470
1457 1807
1457 1825
1457 1826
1457 1827
1457 1836
1458 1459
1458 1469
1458 1470
1458 1471
1458 1808
1458 1826
1458 1827
1458 1828
1458 1837
1459 1460
1459 1470
1459 1471
1459 1472
1459 1809
1459 1827
1459 1828
1459 1829
1459 1838
1460 1461
1460 1471
1460 1472
1460 1473
1460 1810
1460 1828
1460 1829
1460 1830
1460 1839
1461 1462
1461 1472
1461 1473
1461 1474
1461 1707
1461 1811
1461 1829
1461 1830
1461 1840
1462 1463
1462 1473
1462 1474
1462 1589
1462 1593
1462 1597
1462 1692
1462 1707
1462 1708
1462 1713
1462 1830
1463 1464
1463 1474
1463 1475
1463 1476
1463 1589
1463 1593
1463 1594
1463 1597
1464 1476
1464 1594
1465 1466
1465 1477
1465 1478
1465 1591
1465 1595
1465 1596
1465 1599
1466 1467
1466 1478
1466 1596
1467 1468
1467 1478
1467 1483
1467 1484
1467 1596
1467 1600
1467 1603
1467 1604
1467 1712
1467 1715
1467 1716
1467 1720
1467 1835
1468 1469
1468 1483
1468 1484
1468 1485
1468 1712
1468 1721
1468 1825
1468 1835
1468 1836
1469 1470
1469 1484
1469 1485
1469 1486
1469 1826
1469 1835
1469 1836
1469 1837
1469 1850
1470 1471
1470 1485
1470 1486
1470 1487
1470 1827
1470 1836
1470 1837
1470 1838
1470 1851
1471 1472
1471 1486
1471 1487
1471 1488
1471 1828
1471 1837
1471 1838
1471 1839
1471 1852
1472 1473
1472 1487
1472 1488
1472 1489
1472 1829
1472 1838
1472 1839
1472 1840
1472 1853
1473 1474
1473 1488
1473 1489
1473 1490
1473 1722
1473 1830
1473 1839
1473 1840
1473 1841
1474 1475
1474 1479
1474 1489
1474 1490
1474 1491
1474 1597
1474 1601
1474 1605
1474 1606
1474 1707
1474 1713
1474 1717
1474 1718
1474 1724
1474 1840
1474 1841
1475 1476
1475 1479
1475 1597
1476 1479
1476 1480
1476 1594
1476 1597
1476 1598
1476 1602
1477 1478
1477 1481
1477 1599
1478 1481
1478 1482
1478 1483
1478 1596
1478 1599
1478 1600
1478 1603
1479 1480
1479 1491
1479 1492
1479 1597
1479 1601
1479 1602
1479 1606
1480 1602
1481 1482
1482 1483
1482 1493
1482 1603
1483 1484
1483 1493
1483 1494
1483 1603
1483 1604
1483 1608
1484 1485
1484 1494
1484 1499
1484 1500
1484 1501
1484 1502
1484 1604
1484 1608
1484 1612
1484 1720
1484 1721
1484 1727
1484 1732
1484 1835
1484 1850
1485 1486
1485 1501
1485 1502
1485 1503
1485 1721
1485 1733
1485 1836
1485 1850
1485 1851
1486 1487
1486 1502
1486 1503
1486 1504
1486 1734
1486 1837
1486 1850
1486 1851
1486 1852
1487 1488
1487 1503
1487 1504
1487 1505
1487 1735
1487 1838
1487 1851
1487 1852
1487 1853
1488 1489
1488 1504
1488 1505
1488 1506
1488 1722
1488 1736
1488 1839
1488 1852
1488 1853
1489 1490
1489 1505
1489 1506
1489 1613
1489 1722
1489 1728
1489 1738
1489 1840
1489 1853
1490 1491
1490 1495
1490 1506
1490 1507
1490 1508
1490 1605
1490 1609
1490 1613
1490 1722
1490 1723
1490 1724
1490 1728
1490 1841
1491 1492
1491 1495
1491 1496
1491 1605
1491 1606
1491 1609
1492 1496
1492 1606
1493 1494
1493 1497
1493 1498
1493 1499
1493 1603
1493 1607
1493 1608
1494 1499
1494 1608
1495 1496
1495 1508
1495 1609
1496 1606
1496 1609
1496 1610
1497 1498
1497 1499
1498 1499
1499 1500
1499 1509
1499 1608
1499 1611
1499 1612
1499 1615
1499 1616
1500 1501
1500 1509
1500 1612
1501 1502
1501 1509
1501 1510
1501 1511
1501 1612
1501 1618
1501 1732
1502 1503
1502 1511
1502 1516
1502 1618
1502 1619
1502 1626
1502 1627
1502 1628
1502 1732
1502 1733
1502 1743
1502 1744
1502 1745
1502 1751
1502 1850
1503 1504
1503 1516
1503 1517
1503 1518
1503 1628
1503 1629
1503 1630
1503 1733
1503 1734
1503 1735
1503 1745
1503 1753
1503 1851
1504 1505
1504 1518
1504 1519
1504 1520
1504 1630
1504 1631
1504 1632
1504 1734
1504 1735
1504 1736
1504 1755
1504 1852
1505 1506
1505 1520
1505 1521
1505 1522
1505 1620
1505 1632
1505 1633
1505 1634
1505 1735
1505 1736
1505 1746
1505 1747
1505 1757
1505 1853
1506 1507
1506 1512
1506 1513
1506 1522
1506 1523
1506 1524
1506 1613
1506 1620
1506 1621
1506 1634
1506 1722
1506 1736
1506 1737
1506 1738
1506 1747
1507 1508
1507 1513
1507 1613
1508 1513
1508 1609
1508 1613
1508 1614
1508 1623
1508 1624
1509 1510
1509 1612
1509 1615
1509 1616
1509 1617
1509 1618
1510 1511
1510 1514
1510 1618
1511 1514
1511 1515
1511 1516
1511 1618
1511 1619
1511 1626
1512 1513
1512 1524
1512 1621
1513 1524
1513 1525
1513 1526
1513 1613
1513 1621
1513 1622
1513 1623
1513 1624
1514 1515
1514 1618
1514 1625
1514 1626
1515 1516
1515 1626
1516 1517
1516 1527
1516 1528
1516 1626
1516 1627
1516 1628
1516 1636
1517 1518
1517 1528
1517 1628
1518 1519
1518 1528
1518 1529
1518 1530
1518 1628
1518 1629
1518 1630
1518 1638
1519 1520
1519 1530
1519 1630
1520 1521
1520 1530
1520 1531
1520 1532
1520 1630
1520 1631
1520 1632
1520 1640
1521 1522
1521 1532
1521 1632
1522 1523
1522 1532
1522 1533
1522 1534
1522 1632
1522 1633
1522 1634
1522 1642
1523 1524
1523 1534
1523 1634
1524 1525
1524 1526
1524 1621
1524 1634
1524 1635
1525 1526
1527 1528
1527 1636
1528 1529
1528 1628
1528 1636
1528 1637
1528 1638
1529 1530
1529 1638
1530 1531
1530 1630
1530 1638
1530 1639
1530 1640
1531 1532
1531 1640
1532 1533
1532 1632
1532 1640
1532 1641
1532 1642
1533 1534
1533 1642
1535 1536
1535 1537
1535 1538
1536 1538
1536 1539
1536 1643
1537 1538
1537 1550
1537 1652
1538 1539
1538 1540
1538 1643
1538 1645
1538 1646
1538 1652
1538 1655
1539 1540
1539 1541
1539 1542
1539 1643
1539 1644
1539 1646
1539 1647
1540 1542
1540 1646
1541 1542
1541 1543
1541 1647
1542 1543
1542 1544
1542 1646
1542 1647
1542 1648
1542 1650
1542 1656
1543 1544
1543 1545
1543 1546
1543 1647
1543 1649
1543 1650
1544 1546
1544 1650
1545 1546
1545 1547
1546 1547
1546 1548
1546 1650
1546 1657
1546 1658
1546 1659
1547 1548
1548 1553
1548 1659
1549 1550
1549 1551
1550 1551
1550 1552
1550 1651
1550 1652
1550 1653
1551 1552
1551 1559
1551 1561
1551 1653
1551 1663
1551 1664
1551 1666
1552 1653
1553 1554
1553 1555
1553 1556
1553 1659
1553 1661
1553 1662
1554 1556
1554 1662
1555 1556
1556 1562
1556 1563
1556 1662
1556 1667
1556 1668
1556 1669
1557 1558
1558 1559
1558 1560
1558 1561
1559 1561
1559 1663
1560 1561
1560 1567
1560 1671
1561 1567
1561 1663
1561 1665
1561 1666
1561 1671
1561 1673
1562 1563
1562 1565
1562 1669
1563 1565
1563 1566
1563 1568
1563 1668
1563 1669
1563 1670
1563 1677
1563 1678
1564 1565
1565 1566
1566 1568
1566 1678
1567 1569
1567 1570
1567 1571
1567 1671
1567 1672
1567 1673
1567 1680
1568 1572
1568 1573
1568 1574
1568 1677
1568 1678
1568 1679
1568 1681
1569 1570
1570 1571
1570 1575
1570 1680
1570 1682
1570 1683
1571 1680
1572 1574
1572 1681
1573 1574
1574 1576
1574 1681
1574 1688
1574 1689
1575 1577
1575 1579
1575 1683
1576 1580
1576 1581
1576 1689
1577 1578
1577 1579
1578 1579
1578 1583
1579 1583
1579 1584
1579 1683
1579 1690
1579 1691
1579 1694
1580 1581
1580 1582
1580 1585
1580 1586
1580 1689
1580 1692
1580 1693
1580 1696
1580 1697
1581 1582
1582 1586
1582 1697
1583 1584
1583 1587
1583 1588
1583 1694
1583 1699
1583 1700
1584 1588
1584 1694
1585 1586
1585 1589
1585 1696
1586 1589
1586 1590
1586 1696
1586 1697
1586 1698
1586 1703
1587 1588
1587 1591
1587 1700
1588 1591
1588 1592
1588 1694
1588 1700
1588 1701
1588 1705
1588 1706
1589 1590
1589 1593
1589 1594
1589 1696
1589 1702
1589 1703
1589 1707
1589 1708
1590 1594
1590 1703
1591 1592
1591 1595
1591 1596
1591 1700
1591 1704
1591 1705
1591 1710
1592 1596
1592 1705
1593 1594
1593 1597
1593 1708
1594 1597
1594 1598
1594 1703
1594 1708
1594 1709
1595 1596
1595 1599
1595 1710
1596 1599
1596 1600
1596 1705
1596 1710
1596 1711
1596 1712
1596 1715
1597 1598
1597 1601
1597 1602
1597 1708
1597 1713
1597 1714
1597 1718
1598 1602
1599 1600
1600 1603
1600 1715
1601 1602
1601 1606
1601 1718
1603 1604
1603 1607
1603 1608
1603 1715
1603 1719
1603 1720
1604 1608
1604 1720
1605 1606
1605 1609
1605 1724
1606 1609
1606 1610
1606 1718
1606 1724
1606 1725
1607 1608
1608 1611
1608 1612
1608 1720
1608 1726
1608 1727
1608 1730
1609 1610
1609 1613
1609 1614
1609 1724
1609 1728
1609 1729
1609 1740
1611 1612
1611 1616
1611 1730
1612 1616
1612 1617
1612 1618
1612 1727
1612 1730
1612 1731
1612 1732
1612 1741
1613 1614
1613 1621
1613 1622
1613 1624
1613 1728
1613 1738
1613 1739
1613 1740
1613 1749
1614 1624
1614 1740
1615 1616
1616 1617
1617 1618
1617 1741
1618 1619
1618 1625
1618 1626
1618 1732
1618 1741
1618 1742
1618 1743
1619 1626
1619 1743
1620 1621
1620 1634
1620 1747
1621 1622
1621 1634
1621 1635
1621 1738
1621 1747
1621 1748
1621 1749
1622 1624
1622 1749
1623 1624
1625 1626
1626 1627
1626 1743
1626 1750
1626 1751
1627 1628
1627 1636
1627 1751
1628 1629
1628 1636
1628 1637
1628 1638
1628 1745
1628 1751
1628 1752
1628 1753
1629 1630
1629 1638
1629 1753
1630 1631
1630 1638
1630 1639
1630 1640
1630 1735
1630 1753
1630 1754
1630 1755
1630 1760
1631 1632
1631 1640
1631 1755
1632 1633
1632 1640
1632 1641
1632 1642
1632 1736
1632 1755
1632 1756
1632 1757
1632 1762
1633 1634
1633 1642
1633 1757
1634 1635
1634 1747
1634 1757
1634 1758
1636 1637
1637 1638
1638 1639
1638 1753
1638 1759
1638 1760
1639 1640
1639 1760
1640 1641
1640 1755
1640 1760
1640 1761
1640 1762
1641 1642
1641 1762
1643 1644
1643 1645
1643 1646
1644 1646
1644 1647
1645 1646
1645 1652
1645 1655
1645 1764
1646 1647
1646 1648
1646 1655
1646 1656
1646 1764
1646 1767
1646 1768
1646 1769
1647 1648
1647 1649
1647 1650
1648 1650
1648 1656
1648 1769
1649 1650
1650 1656
1650 1657
1650 1658
1650 1769
1650 1771
1650 1772
1650 1773
1651 1652
1651 1653
1652 1653
1652 1654
1652 1655
1652 1763
1652 1764
1652 1765
1653 1654
1653 1664
1653 1666
1653 1675
1653 1765
1653 1777
1653 1778
1654 1655
1654 1675
1654 1765
1655 1656
1655 1675
1655 1764
1655 1765
1655 1766
1655 1768
1655 1785
1656 1658
1656 1768
1656 1769
1656 1770
1656 1772
1656 1785
1656 1786
1657 1658
1657 1659
1657 1773
1658 1659
1658 1660
1658 1772
1658 1773
1658 1774
1658 1776
1658 1786
1658 1787
1659 1660
1659 1661
1659 1662
1659 1773
1659 1775
1659 1776
1660 1662
1660 1776
1660 1787
1661 1662
1662 1667
1662 1668
1662 1676
1662 1776
1662 1779
1662 1780
1662 1787
1663 1664
1663 1665
1663 1666
1664 1666
1665 1666
1665 1671
1665 1673
1665 1781
1666 1673
1666 1674
1666 1675
1666 1778
1666 1781
1666 1782
1666 1784
1667 1668
1667 1669
1668 1669
1668 1670
1668 1676
1668 1677
1668 1780
1668 1788
1668 1789
1668 1790
1669 1670
1670 1677
1670 1678
1670 1790
1671 1672
1671 1673
1672 1673
1672 1680
1673 1674
1673 1680
1673 1685
1673 1781
1673 1783
1673 1784
1673 1792
1674 1675
1674 1685
1674 1784
1675 1685
1675 1765
1675 1778
1675 1784
1675 1785
1675 1796
1675 1797
1675 1893
1675 1903
1675 1904
1675 1905
1675 1919
1676 1677
1676 1780
1676 1787
1676 1789
1676 1799
1676 1800
1676 1908
1677 1678
1677 1679
1677 1681
1677 1686
1677 1789
1677 1790
1677 1791
1677 1793
1677 1800
1678 1679
1679 1681
1680 1682
1680 1683
1680 1684
1680 1685
1680 1792
1680 1794
1680 1795
1681 1686
1681 1687
1681 1688
1681 1689
1681 1793
1681 1801
1681 1802
1682 1683
1683 1684
1683 1690
1683 1691
1683 1795
1683 1803
1683 1804
1684 1685
1684 1691
1684 1795
1685 1691
1685 1784
1685 1792
1685 1795
1685 1796
1685 1806
1685 1807
1685 1913
1685 1917
1685 1918
1685 1919
1685 1938
1686 1687
1686 1692
1686 1793
1686 1800
1686 1802
1686 1811
1686 1924
1687 1689
1687 1692
1687 1802
1688 1689
1689 1692
1689 1693
1689 1802
1689 1813
1689 1814
1690 1691
1690 1694
1690 1804
1691 1694
1691 1695
1691 1795
1691 1804
1691 1805
1691 1806
1691 1816
1692 1693
1692 1696
1692 1707
1692 1800
1692 1802
1692 1811
1692 1812
1692 1814
1692 1817
1692 1830
1692 1924
1692 1934
1692 1935
1692 1936
1692 1939
1693 1696
1693 1697
1693 1814
1694 1695
1694 1699
1694 1700
1694 1701
1694 1706
1694 1804
1694 1815
1694 1816
1694 1819
1695 1706
1695 1806
1695 1816
1696 1697
1696 1698
1696 1702
1696 1703
1696 1707
1696 1814
1696 1817
1696 1818
1696 1822
1697 1698
1698 1703
1699 1700
1700 1701
1700 1704
1700 1705
1701 1705
1701 1706
1701 1819
1702 1703
1702 1707
1702 1708
1702 1822
1703 1708
1703 1709
1704 1705
1704 1710
1705 1706
1705 1710
1705 1711
1705 1712
1705 1819
1705 1823
1705 1824
1705 1833
1706 1712
1706 1806
1706 1816
1706 1819
1706 1820
1706 1824
1706 1825
1707 1708
1707 1713
1707 1811
1707 1817
1707 1821
1707 1822
1707 1830
1707 1831
1707 1840
1707 1841
1707 1939
1707 1947
1707 1948
1707 1955
1707 1956
1708 1709
1708 1713
1708 1714
1708 1822
1708 1831
1708 1832
1708 1843
1710 1711
1711 1712
1711 1715
1711 1833
1712 1715
1712 1716
1712 1824
1712 1825
1712 1833
1712 1834
1712 1835
1712 1845
1713 1714
1713 1717
1713 1718
1713 1831
1713 1841
1713 1842
1713 1843
1713 1846
1714 1718
1714 1843
1715 1716
1715 1719
1715 1720
1715 1833
1715 1844
1715 1845
1716 1720
1716 1835
1716 1845
1717 1718
1717 1724
1717 1841
1717 1846
1718 1724
1718 1725
1718 1843
1718 1846
1718 1847
1719 1720
1720 1721
1720 1726
1720 1727
1720 1835
1720 1845
1720 1848
1720 1849
1721 1727
1721 1732
1721 1835
1721 1836
1721 1849
1721 1850
1721 1857
1721 1978
1722 1723
1722 1728
1722 1736
1722 1737
1722 1738
1722 1839
1722 1840
1722 1841
1722 1853
1722 1854
1722 1858
1722 1863
1722 1969
1722 1982
1722 1983
1722 1984
1722 1989
1723 1724
1723 1728
1723 1841
1723 1854
1724 1725
1724 1728
1724 1729
1724 1841
1724 1846
1724 1854
1724 1855
1726 1727
1726 1730
1727 1730
1727 1731
1727 1732
1727 1849
1727 1856
1727 1857
1727 1860
1728 1729
1728 1738
1728 1739
1728 1740
1728 1854
1728 1858
1728 1859
1728 1865
1729 1740
1730 1731
1731 1732
1731 1741
1731 1860
1732 1733
1732 1741
1732 1742
1732 1743
1732 1850
1732 1857
1732 1860
1732 1861
1732 1862
1733 1734
1733 1743
1733 1744
1733 1745
1733 1850
1733 1851
1733 1862
1733 1867
1733 1994
1734 1735
1734 1745
1734 1753
1734 1850
1734 1851
1734 1852
1734 1867
1734 1868
1734 1869
1734 1980
1734 1994
1734 1995
1734 1996
1734 2004
1735 1736
1735 1753
1735 1754
1735 1755
1735 1851
1735 1852
1735 1853
1735 1869
1735 1870
1735 1871
1735 1878
1735 1981
1735 1996
1735 1997
1735 1998
1735 2006
1736 1737
1736 1746
1736 1747
1736 1755
1736 1756
1736 1757
1736 1852
1736 1853
1736 1863
1736 1871
1736 1872
1736 1873
1736 1880
1736 1982
1736 1998
1736 1999
1736 2000
1736 2008
1737 1738
1737 1747
1737 1863
1738 1739
1738 1747
1738 1748
1738 1749
1738 1858
1738 1863
1738 1864
1738 1865
1739 1740
1739 1749
1739 1865
1741 1742
1742 1743
1743 1744
1743 1750
1743 1751
1743 1862
1743 1866
1743 1867
1744 1745
1744 1751
1744 1867
1745 1751
1745 1752
1745 1753
1745 1867
1745 1868
1745 1869
1745 1876
1746 1747
1746 1757
1746 1873
1747 1748
1747 1757
1747 1758
1747 1863
1747 1873
1747 1874
1748 1749
1750 1751
1751 1752
1751 1867
1751 1875
1751 1876
1752 1753
1752 1876
1753 1754
1753 1759
1753 1760
1753 1869
1753 1876
1753 1877
1753 1878
1754 1755
1754 1760
1754 1878
1755 1756
1755 1760
1755 1761
1755 1762
1755 1871
1755 1878
1755 1879
1755 1880
1756 1757
1756 1762
1756 1880
1757 1758
1757 1873
1757 1880
1757 1881
1759 1760
1760 1761
1761 1762
1763 1764
1763 1765
1764 1765
1764 1766
1764 1767
1764 1768
1764 1882
1764 1883
1764 1884
1765 1766
1765 1777
1765 1778
1765 1785
1765 1884
1765 1890
1765 1891
1765 1893
1766 1768
1766 1785
1766 1884
1767 1768
1767 1769
1767 1883
1768 1769
1768 1770
1768 1785
1768 1786
1768 1883
1768 1884
1768 1885
1768 1888
1768 1895
1769 1770
1769 1771
1769 1772
1769 1886
1769 1887
1769 1888
1770 1772
1770 1786
1770 1888
1771 1772
1771 1773
1771 1887
1772 1773
1772 1774
1772 1786
1772 1787
1772 1887
1772 1888
1772 1889
1772 1896
1772 1897
1773 1774
1773 1775
1773 1776
1774 1776
1774 1787
1774 1897
1775 1776
1776 1779
1776 1780
1776 1787
1776 1897
1776 1899
1776 1900
1777 1778
1777 1890
1778 1782
1778 1784
1778 1890
1778 1892
1778 1893
1778 1901
1778 1903
1779 1780
1780 1787
1780 1788
1780 1789
1780 1900
1780 1907
1780 1908
1780 1909
1781 1782
1781 1783
1781 1784
1782 1784
1782 1901
1783 1784
1783 1792
1783 1911
1784 1792
1784 1796
1784 1901
1784 1902
1784 1903
1784 1911
1784 1913
1785 1786
1785 1796
1785 1797
1785 1798
1785 1884
1785 1893
1785 1894
1785 1895
1785 1896
1785 1905
1785 1920
1786 1787
1786 1797
1786 1798
1786 1799
1786 1888
1786 1895
1786 1896
1786 1906
1786 1921
1787 1798
1787 1799
1787 1800
1787 1896
1787 1897
1787 1898
1787 1900
1787 1906
1787 1908
1787 1922
1788 1789
1788 1790
1788 1909
1789 1790
1789 1791
1789 1793
1789 1800
1789 1908
1789 1909
1789 1910
1789 1914
1789 1915
1790 1791
1791 1793
1791 1915
1792 1794
1792 1795
1792 1911
1792 1912
1792 1913
1792 1917
1793 1800
1793 1801
1793 1802
1793 1914
1793 1915
1793 1916
1793 1924
1793 1925
1794 1795
1795 1803
1795 1804
1795 1805
1795 1806
1795 1917
1795 1927
1795 1928
1796 1797
1796 1806
1796 1807
1796 1808
1796 1903
1796 1913
1796 1919
1796 1920
1796 1930
1797 1798
1797 1807
1797 1808
1797 1809
1797 1905
1797 1919
1797 1920
1797 1921
1797 1931
1798 1799
1798 1808
1798 1809
1798 1810
1798 1896
1798 1920
1798 1921
1798 1922
1798 1932
1799 1800
1799 1809
1799 1810
1799 1811
1799 1906
1799 1921
1799 1922
1799 1923
1799 1933
1800 1810
1800 1811
1800 1908
1800 1914
1800 1922
1800 1923
1800 1924
1800 1934
1801 1802
1801 1925
1802 1812
1802 1813
1802 1814
1802 1924
1802 1925
1802 1926
1802 1936
1803 1804
1804 1805
1804 1815
1804 1816
1805 1806
1805 1816
1805 1928
1806 1807
1806 1816
1806 1825
1806 1826
1806 1917
1806 1928
1806 1929
1806 1930
1806 1938
1806 1946
1807 1808
1807 1825
1807 1826
1807 1827
1807 1919
1807 1930
1807 1931
1807 1938
1807 1951
1808 1809
1808 1826
1808 1827
1808 1828
1808 1920
1808 1930
1808 1931
1808 1932
1808 1952
1809 1810
1809 1827
1809 1828
1809 1829
1809 1921
1809 1931
1809 1932
1809 1933
1809 1953
1810 1811
1810 1828
1810 1829
1810 1830
1810 1922
1810 1932
1810 1933
1810 1934
1810 1954
1811 1829
1811 1830
1811 1923
1811 1933
1811 1934
1811 1939
1811 1955
1812 1814
1812 1817
1812 1936
1813 1814
1814 1817
1814 1818
1814 1936
1814 1941
1814 1942
1815 1816
1815 1819
1815 1943
1816 1819
1816 1820
1816 1825
1816 1928
1816 1937
1816 1938
1816 1943
1816 1945
1817 1818
1817 1821
1817 1822
1817 1936
1817 1939
1817 1940
1817 1942
1817 1948
1818 1822
1818 1942
1819 1820
1819 1823
1819 1824
1819 1943
1819 1944
1819 1945
1820 1824
1820 1825
1820 1945
1821 1822
1821 1831
1821 1948
1822 1831
1822 1832
1822 1948
1822 1958
1822 1959
1823 1824
1823 1833
1823 1960
1824 1825
1824 1833
1824 1834
1824 1835
1824 1945
1824 1949
1824 1950
1824 1960
1824 1962
1825 1826
1825 1835
1825 1836
1825 1938
1825 1945
1825 1946
1825 1950
1825 1951
1825 1964
1826 1827
1826 1835
1826 1836
1826 1837
1826 1930
1826 1946
1826 1951
1826 1952
1826 1965
1827 1828
1827 1836
1827 1837
1827 1838
1827 1931
1827 1951
1827 1952
1827 1953
1827 1966
1828 1829
1828 1837
1828 1838
1828 1839
1828 1932
1828 1952
1828 1953
1828 1954
1828 1967
1829 1830
1829 1838
1829 1839
1829 1840
1829 1933
1829 1953
1829 1954
1829 1955
1829 1968
1830 1839
1830 1840
1830 1841
1830 1934
1830 1954
1830 1955
1830 1956
1830 1969
1831 1832
1831 1841
1831 1842
1831 1843
1831 1948
1831 1956
1831 1957
1831 1959
1831 1971
1832 1843
1832 1959
1833 1834
1833 1844
1833 1845
1833 1960
1833 1961
1833 1962
1834 1835
1834 1845
1834 1962
1835 1836
1835 1845
1835 1849
1835 1850
1835 1950
1835 1962
1835 1963
1835 1964
1835 1965
1835 1973
1835 1978
1836 1837
1836 1850
1836 1851
1836 1951
1836 1964
1836 1965
1836 1966
1836 1979
1837 1838
1837 1850
1837 1851
1837 1852
1837 1952
1837 1965
1837 1966
1837 1967
1837 1980
1838 1839
1838 1851
1838 1852
1838 1853
1838 1953
1838 1966
1838 1967
1838 1968
1838 1981
1839 1840
1839 1852
1839 1853
1839 1954
1839 1967
1839 1968
1839 1969
1839 1982
1840 1841
1840 1853
1840 1854
1840 1955
1840 1968
1840 1969
1840 1974
1840 1984
1841 1842
1841 1846
1841 1854
1841 1956
1841 1969
1841 1970
1841 1971
1841 1974
1842 1843
1842 1846
1842 1971
1843 1846
1843 1847
1844 1845
1845 1848
1845 1849
1845 1962
1845 1972
1845 1973
1845 1976
1846 1847
1846 1854
1846 1855
1846 1971
1846 1974
1846 1975
1848 1849
1848 1976
1849 1856
1849 1857
1849 1973
1849 1976
1849 1977
1849 1978
1849 1986
1850 1851
1850 1857
1850 1862
1850 1965
1850 1978
1850 1979
1850 1980
1850 1988
1850 1994
1851 1852
1851 1966
1851 1979
1851 1980
1851 1981
1851 1996
1852 1853
1852 1967
1852 1980
1852 1981
1852 1982
1852 1998
1853 1863
1853 1968
1853 1981
1853 1982
1853 1989
1853 2000
1854 1855
1854 1858
1854 1859
1854 1974
1854 1984
1854 1985
1854 1991
1856 1857
1856 1860
1856 1986
1857 1860
1857 1861
1857 1862
1857 1978
1857 1986
1857 1987
1857 1988
1857 1992
1858 1859
1858 1863
1858 1864
1858 1865
1858 1984
1858 1989
1858 1990
1858 1991
1858 2002
1859 1865
1859 1991
1860 1861
1861 1862
1861 1992
1862 1866
1862 1867
1862 1988
1862 1992
1862 1993
1862 1994
1863 1864
1863 1873
1863 1874
1863 1989
1863 2000
1863 2001
1863 2002
1863 2010
1864 1865
1864 2002
1866 1867
1867 1868
1867 1875
1867 1876
1867 1994
1867 2003
1867 2004
1868 1869
1868 1876
1868 2004
1869 1870
1869 1876
1869 1877
1869 1878
1869 1996
1869 2004
1869 2005
1869 2006
1869 2011
1870 1871
1870 1878
1870 2006
1871 1872
1871 1878
1871 1879
1871 1880
1871 1998
1871 2006
1871 2007
1871 2008
1871 2013
1872 1873
1872 1880
1872 2008
1873 1874
1873 1880
1873 1881
1873 2000
1873 2008
1873 2009
1873 2010
1874 2010
1875 1876
1876 1877
1877 1878
1877 2011
1878 1879
1878 2006
1878 2011
1878 2012
1879 1880
1879 2013
1880 1881
1880 2008
1880 2013
1880 2014
1882 1883
1882 1884
1883 1884
1883 1885
1884 1885
1884 1891
1884 1893
1884 1894
1884 1895
1884 2015
1884 2016
1884 2017
1885 1888
1885 1895
1885 2016
1886 1887
1886 1888
1887 1888
1887 1889
1888 1889
1888 1895
1888 1896
1888 2016
1888 2019
1888 2020
1888 2021
1889 1896
1889 1897
1889 2021
1890 1891
1890 1892
1890 1893
1891 1893
1892 1893
1892 1901
1892 1903
1892 2025
1893 1894
1893 1903
1893 1904
1893 1905
1893 2017
1893 2025
1893 2026
1893 2028
1894 1895
1894 1905
1894 2017
1895 1896
1895 1905
1895 2016
1895 2017
1895 2018
1895 2020
1895 2030
1896 1897
1896 1898
1896 1905
1896 1906
1896 1920
1896 1921
1896 2020
1896 2021
1896 2022
1896 2024
1896 2030
1896 2031
1896 2032
1897 1898
1897 1899
1897 1900
1897 2021
1897 2023
1897 2024
1898 1900
1898 1906
1898 2024
1899 1900
1900 1906
1900 1907
1900 1908
1900 2024
1900 2034
1900 2035
1900 2036
1901 1902
1901 1903
1902 1903
1902 1911
1902 1913
1902 2038
1903 1904
1903 1913
1903 1919
1903 2025
1903 2027
1903 2028
1903 2038
1903 2040
1904 1905
1904 1919
1904 2028
1905 1919
1905 1920
1905 2017
1905 2028
1905 2029
1905 2030
1906 1908
1906 1921
1906 1922
1906 2024
1906 2032
1906 2033
1906 2035
1907 1908
1907 1909
1907 2036
1908 1909
1908 1910
1908 1914
1908 1922
1908 1923
1908 2035
1908 2036
1908 2037
1908 2042
1908 2043
1909 1910
1910 1914
1910 1915
1910 2043
1911 1912
1911 1913
1912 1913
1912 1917
1912 2045
1913 1917
1913 1918
1913 1919
1913 2038
1913 2039
1913 2040
1913 2045
1913 2047
1914 1915
1914 1916
1914 1923
1914 1924
1914 2042
1914 2043
1914 2044
1914 2049
1914 2050
1915 1916
1916 1924
1916 1925
1916 2050
1917 1918
1917 1927
1917 1928
1917 1929
1917 1938
1917 2045
1917 2046
1917 2047
1917 2052
1918 1919
1918 1938
1918 2047
1919 1920
1919 1930
1919 1931
1919 1938
1919 2028
1919 2040
1919 2041
1919 2047
1919 2127
1919 2137
1919 2138
1919 2139
1919 2150
1920 1921
1920 1930
1920 1931
1920 1932
1920 2028
1920 2029
1920 2030
1920 2041
1920 2126
1920 2127
1920 2128
1920 2129
1920 2139
1920 2140
1920 2141
1920 2152
1921 1922
1921 1931
1921 1932
1921 1933
1921 2030
1921 2031
1921 2032
1921 2122
1921 2129
1921 2130
1921 2131
1921 2141
1921 2142
1921 2143
1921 2154
1922 1923
1922 1932
1922 1933
1922 1934
1922 2032
1922 2033
1922 2035
1922 2042
1922 2048
1922 2131
1922 2132
1922 2133
1922 2135
1922 2143
1922 2144
1922 2146
1922 2156
1923 1924
1923 1933
1923 1934
1923 2042
1923 2048
1923 2049
1924 1925
1924 1926
1924 1934
1924 1935
1924 1936
1924 2049
1924 2050
1924 2051
1924 2055
1925 1926
1926 1936
1927 1928
1928 1929
1928 1937
1928 1938
1928 2052
1928 2056
1928 2057
1929 1938
1929 2052
1930 1931
1930 1938
1930 1946
1930 1951
1930 1952
1930 2047
1930 2053
1930 2059
1930 2137
1930 2148
1930 2149
1930 2150
1930 2161
1930 2162
1930 2163
1930 2174
1931 1932
1931 1951
1931 1952
1931 1953
1931 2139
1931 2150
1931 2151
1931 2152
1931 2163
1931 2164
1931 2165
1931 2176
1932 1933
1932 1952
1932 1953
1932 1954
1932 2141
1932 2152
1932 2153
1932 2154
1932 2165
1932 2166
1932 2177
1933 1934
1933 1953
1933 1954
1933 1955
1933 2143
1933 2154
1933 2155
1933 2156
1933 2166
1933 2167
1933 2168
1933 2179
1934 1935
1934 1939
1934 1954
1934 1955
1934 2048
1934 2049
1934 2054
1934 2055
1934 2060
1934 2146
1934 2156
1934 2157
1934 2159
1934 2168
1935 1936
1935 1939
1935 2055
1936 1939
1936 1940
1936 1941
1936 1942
1936 2055
1936 2062
1936 2063
1937 1938
1937 1943
1937 1945
1937 2057
1938 1945
1938 1946
1938 2047
1938 2052
1938 2053
1938 2057
1938 2058
1938 2059
1938 2065
1939 1940
1939 1947
1939 1948
1939 1955
1939 2055
1939 2060
1939 2061
1939 2063
1939 2068
1940 1942
1940 1948
1940 2063
1941 1942
1943 1944
1943 1945
1944 1945
1945 1946
1945 1949
1945 1950
1945 2057
1945 2064
1945 2065
1946 1950
1946 1951
1946 1964
1946 2059
1946 2065
1946 2066
1946 2071
1947 1948
1947 1955
1947 1956
1947 2068
1948 1956
1948 1957
1948 1958
1948 1959
1948 2063
1948 2068
1948 2069
1949 1950
1949 1960
1949 1962
1949 2074
1950 1962
1950 1963
1950 1964
1950 2065
1950 2070
1950 2071
1950 2074
1950 2076
1951 1952
1951 1964
1951 1965
1951 1966
1951 2059
1951 2066
1951 2071
1951 2161
1951 2172
1951 2173
1951 2174
1951 2186
1951 2187
1951 2188
1951 2199
1952 1953
1952 1965
1952 1966
1952 1967
1952 2163
1952 2174
1952 2175
1952 2176
1952 2188
1952 2189
1952 2190
1952 2201
1953 1954
1953 1966
1953 1967
1953 1968
1953 2165
1953 2176
1953 2177
1953 2190
1953 2191
1953 2192
1953 2203
1954 1955
1954 1967
1954 1968
1954 1969
1954 2166
1954 2177
1954 2178
1954 2179
1954 2192
1954 2193
1954 2194
1954 2205
1955 1956
1955 1968
1955 1969
1955 2060
1955 2067
1955 2068
1955 2072
1955 2168
1955 2179
1955 2180
1955 2181
1955 2194
1956 1957
1956 1969
1956 1970
1956 1971
1956 2068
1956 2072
1956 2073
1956 2079
1956 2080
1957 1959
1957 1971
1957 2080
1958 1959
1960 1961
1960 1962
1961 1962
1962 1963
1962 1972
1962 1973
1962 2074
1962 2075
1962 2076
1963 1964
1963 1973
1963 2076
1964 1965
1964 1973
1964 1978
1964 2071
1964 2076
1964 2077
1964 2083
1965 1966
1965 1978
1965 1979
1965 1980
1965 2071
1965 2077
1965 2083
1965 2084
1965 2089
1965 2186
1965 2197
1965 2198
1965 2199
1965 2209
1965 2210
1965 2211
1965 2220
1966 1967
1966 1979
1966 1980
1966 1981
1966 2188
1966 2199
1966 2200
1966 2201
1966 2211
1966 2212
1966 2213
1966 2222
1967 1968
1967 1980
1967 1981
1967 1982
1967 2190
1967 2201
1967 2202
1967 2203
1967 2213
1967 2214
1967 2215
1967 2224
1968 1969
1968 1981
1968 1982
1968 2090
1968 2091
1968 2192
1968 2203
1968 2204
1968 2205
1968 2215
1968 2216
1968 2217
1968 2226
1969 1970
1969 1974
1969 1982
1969 1983
1969 1984
1969 2072
1969 2078
1969 2079
1969 2085
1969 2091
1969 2194
1969 2205
1969 2206
1969 2207
1969 2217
1970 1971
1970 1974
1970 2079
1971 1974
1971 1975
1971 2079
1971 2080
1971 2081
1972 1973
1972 1976
1973 1976
1973 1977
1973 1978
1973 2076
1973 2082
1973 2083
1973 2087
1974 1975
1974 1984
1974 1985
1974 2079
1974 2085
1974 2086
1974 2093
1976 1977
1977 1978
1977 1986
1977 2087
1978 1979
1978 1986
1978 1987
1978 1988
1978 2083
1978 2087
1978 2088
1978 2089
1978 2094
1979 1980
1979 1988
1979 1994
1979 2089
1979 2096
1979 2220
1980 1981
1980 1994
1980 1995
1980 1996
1980 2096
1980 2097
1980 2098
1980 2107
1980 2211
1980 2220
1980 2221
1980 2222
1980 2229
1981 1982
1981 1996
1981 1997
1981 1998
1981 2098
1981 2099
1981 2100
1981 2109
1981 2213
1981 2222
1981 2223
1981 2224
1981 2231
1982 1983
1982 1989
1982 1998
1982 1999
1982 2000
1982 2090
1982 2091
1982 2100
1982 2101
1982 2102
1982 2111
1982 2215
1982 2224
1982 2225
1982 2226
1982 2233
1983 1984
1983 1989
1983 2091
1984 1985
1984 1989
1984 1990
1984 1991
1984 2085
1984 2091
1984 2092
1984 2093
1984 2104
1985 1991
1985 2093
1986 1987
1987 1988
1987 1992
1987 2094
1988 1992
1988 1993
1988 1994
1988 2089
1988 2094
1988 2095
1988 2096
1988 2105
1989 1990
1989 2000
1989 2001
1989 2002
1989 2091
1989 2102
1989 2103
1989 2104
1989 2113
1990 1991
1990 2002
1990 2104
1992 1993
1993 1994
1993 2105
1994 1995
1994 2003
1994 2004
1994 2096
1994 2105
1994 2106
1994 2107
1995 1996
1995 2004
1995 2107
1996 1997
1996 2004
1996 2005
1996 2006
1996 2098
1996 2107
1996 2108
1996 2109
1996 2115
1997 1998
1997 2006
1997 2109
1998 1999
1998 2006
1998 2007
1998 2008
1998 2100
1998 2109
1998 2110
1998 2111
1998 2117
1999 2000
1999 2008
1999 2111
2000 2001
2000 2008
2000 2009
2000 2010
2000 2102
2000 2111
2000 2112
2000 2113
2001 2002
2001 2010
2001 2113
2003 2004
2004 2005
2004 2107
2004 2114
2004 2115
2005 2006
2005 2011
2005 2115
2006 2007
2006 2011
2006 2012
2006 2109
2006 2115
2006 2116
2006 2117
2007 2008
2007 2013
2007 2117
2008 2009
2008 2013
2008 2014
2008 2111
2008 2117
2008 2118
2009 2010
2011 2012
2013 2014
2015 2016
2015 2017
2016 2017
2016 2018
2016 2019
2016 2020
2017 2018
2017 2026
2017 2028
2017 2029
2017 2030
2018 2020
2018 2030
2018 2119
2019 2020
2019 2021
2020 2021
2020 2022
2020 2030
2020 2031
2020 2032
2020 2119
2020 2120
2020 2122
2020 2123
2021 2022
2021 2023
2021 2024
2022 2024
2022 2032
2022 2123
2023 2024
2024 2032
2024 2033
2024 2034
2024 2035
2025 2026
2025 2027
2025 2028
2026 2028
2027 2028
2027 2038
2027 2040
2028 2029
2028 2040
2028 2041
2028 2125
2028 2126
2028 2127
2029 2030
2029 2126
2030 2031
2030 2119
2030 2121
2030 2122
2030 2126
2030 2129
2031 2032
2031 2122
2032 2033
2032 2122
2032 2123
2032 2124
2032 2131
2032 2132
2033 2035
2033 2132
2034 2035
2034 2036
2035 2036
2035 2037
2035 2042
2035 2132
2035 2134
2035 2135
2036 2037
2037 2042
2037 2043
2038 2039
2038 2040
2039 2040
2039 2045
2039 2047
2040 2041
2040 2047
2040 2127
2040 2136
2040 2137
2041 2127
2042 2043
2042 2044
2042 2048
2042 2049
2042 2135
2042 2145
2042 2146
2043 2044
2044 2049
2044 2050
2045 2046
2045 2047
2046 2047
2046 2052
2047 2052
2047 2053
2047 2137
2047 2147
2047 2148
2048 2049
2048 2146
2049 2050
2049 2051
2049 2054
2049 2055
2049 2146
2049 2158
2049 2159
2050 2051
2051 2055
2052 2053
2052 2056
2052 2057
2052 2058
2052 2059
2053 2059
2053 2148
2054 2055
2054 2060
2054 2159
2055 2060
2055 2061
2055 2062
2055 2063
2056 2057
2057 2058
2057 2064
2057 2065
2058 2059
2058 2065
2058 2170
2059 2065
2059 2066
2059 2148
2059 2160
2059 2161
2059 2170
2059 2172
2060 2061
2060 2067
2060 2068
2060 2159
2060 2168
2060 2169
2060 2181
2060 2182
2061 2063
2061 2068
2061 2182
2062 2063
2063 2068
2063 2069
2064 2065
2065 2066
2065 2070
2065 2071
2065 2170
2065 2171
2065 2172
2065 2184
2066 2071
2066 2172
2067 2068
2067 2072
2067 2181
2068 2069
2068 2072
2068 2073
2068 2181
2068 2182
2068 2183
2068 2196
2070 2071
2070 2074
2070 2076
2070 2184
2071 2076
2071 2077
2071 2172
2071 2184
2071 2185
2071 2186
2071 2197
2072 2073
2072 2078
2072 2079
2072 2181
2072 2194
2072 2195
2072 2196
2072 2207
2073 2079
2073 2080
2073 2196
2074 2075
2074 2076
2075 2076
2076 2077
2076 2082
2076 2083
2077 2083
2077 2197
2078 2079
2078 2085
2078 2207
2079 2080
2079 2081
2079 2085
2079 2086
2080 2081
2082 2083
2082 2087
2083 2084
2083 2087
2083 2088
2083 2089
2083 2197
2083 2208
2083 2209
2084 2089
2084 2209
2085 2086
2085 2091
2085 2092
2085 2093
2085 2207
2085 2217
2085 2218
2086 2093
2087 2088
2088 2089
2088 2094
2089 2094
2089 2095
2089 2096
2089 2209
2089 2219
2089 2220
2090 2091
2090 2102
2090 2226
2091 2092
2091 2102
2091 2103
2091 2104
2091 2217
2091 2226
2091 2227
2092 2093
2092 2104
2094 2095
2095 2096
2095 2105
2096 2097
2096 2105
2096 2106
2096 2107
2096 2220
2096 2228
2096 2229
2097 2098
2097 2107
2097 2229
2098 2099
2098 2107
2098 2108
2098 2109
2098 2222
2098 2229
2098 2230
2098 2231
2098 2235
2099 2100
2099 2109
2099 2231
2100 2101
2100 2109
2100 2110
2100 2111
2100 2224
2100 2231
2100 2232
2100 2233
2100 2237
2101 2102
2101 2111
2101 2233
2102 2103
2102 2111
2102 2112
2102 2113
2102 2226
2102 2233
2102 2234
2103 2104
2103 2113
2105 2106
2106 2107
2107 2108
2107 2114
2107 2115
2108 2109
2108 2115
2108 2235
2109 2110
2109 2115
2109 2116
2109 2117
2109 2231
2109 2235
2109 2236
2109 2237
2110 2111
2110 2117
2110 2237
2111 2112
2111 2117
2111 2118
2112 2113
2114 2115
2115 2116
2116 2117
2117 2118
2119 2120
2119 2121
2119 2122
2120 2122
2120 2123
2121 2122
2121 2126
2121 2129
2122 2123
2122 2124
2122 2129
2122 2130
2122 2131
2123 2124
2124 2131
2124 2132
2125 2126
2125 2127
2126 2127
2126 2128
2126 2129
2127 2128
2127 2136
2127 2137
2127 2138
2127 2139
2128 2129
2128 2139
2128 2238
2129 2130
2129 2139
2129 2140
2129 2141
2129 2238
2129 2239
2129 2241
2129 2242
2130 2131
2130 2141
2130 2242
2131 2132
2131 2133
2131 2141
2131 2142
2131 2143
2131 2242
2131 2244
2131 2245
2131 2246
2132 2133
2132 2134
2132 2135
2133 2135
2133 2143
2133 2246
2134 2135
2135 2143
2135 2144
2135 2145
2135 2146
2135 2246
2135 2248
2135 2249
2136 2137
2137 2138
2137 2147
2137 2148
2137 2149
2137 2150
2137 2250
2137 2251
2137 2252
2138 2139
2138 2150
2138 2251
2139 2140
2139 2150
2139 2151
2139 2152
2139 2238
2139 2240
2139 2241
2139 2251
2139 2254
2140 2141
2140 2152
2140 2241
2141 2142
2141 2152
2141 2153
2141 2154
2141 2241
2141 2242
2141 2243
2141 2245
2141 2256
2142 2143
2142 2154
2142 2245
2143 2144
2143 2154
2143 2155
2143 2156
2143 2245
2143 2246
2143 2247
2143 2249
2143 2258
2144 2146
2144 2156
2144 2249
2145 2146
2146 2156
2146 2157
2146 2158
2146 2159
2147 2148
2148 2149
2148 2160
2148 2161
2149 2150
2149 2161
2149 2252
2150 2151
2150 2161
2150 2162
2150 2163
2150 2251
2150 2252
2150 2253
2150 2254
2150 2261
2151 2152
2151 2163
2151 2254
2152 2153
2152 2163
2152 2164
2152 2165
2152 2241
2152 2254
2152 2255
2152 2256
2152 2263
2153 2154
2153 2165
2153 2256
2154 2155
2154 2165
2154 2166
2154 2245
2154 2256
2154 2257
2154 2258
2154 2265
2155 2156
2155 2166
2155 2258
2156 2157
2156 2166
2156 2167
2156 2168
2156 2249
2156 2258
2156 2259
2156 2267
2156 2268
2157 2159
2157 2168
2157 2268
2158 2159
2159 2168
2159 2169
2160 2161
2160 2170
2160 2172
2161 2162
2161 2172
2161 2173
2161 2174
2161 2252
2161 2260
2161 2261
2161 2270
2162 2163
2162 2174
2162 2261
2163 2164
2163 2174
2163 2175
2163 2176
2163 2254
2163 2261
2163 2262
2163 2263
2163 2272
2164 2165
2164 2176
2164 2263
2165 2166
2165 2176
2165 2177
2165 2256
2165 2263
2165 2264
2165 2265
2165 2274
2166 2167
2166 2177
2166 2178
2166 2179
2166 2258
2166 2265
2166 2266
2166 2267
2166 2276
2167 2168
2167 2179
2167 2267
2168 2169
2168 2179
2168 2180
2168 2181
2168 2267
2168 2268
2168 2269
2168 2278
2169 2181
2169 2182
2170 2171
2170 2172
2171 2172
2171 2184
2172 2173
2172 2184
2172 2185
2172 2186
2173 2174
2173 2186
2173 2270
2174 2175
2174 2186
2174 2187
2174 2188
2174 2261
2174 2270
2174 2271
2174 2272
2174 2280
2175 2176
2175 2188
2175 2272
2176 2177
2176 2188
2176 2189
2176 2190
2176 2263
2176 2272
2176 2273
2176 2274
2176 2282
2177 2178
2177 2190
2177 2191
2177 2192
2177 2265
2177 2274
2177 2275
2177 2276
2177 2284
2178 2179
2178 2192
2178 2276
2179 2180
2179 2192
2179 2193
2179 2194
2179 2267
2179 2276
2179 2277
2179 2278
2179 2286
2180 2181
2180 2194
2180 2278
2181 2182
2181 2183
2181 2194
2181 2195
2181 2196
2182 2183
2183 2196
2184 2185
2185 2186
2185 2197
2186 2187
2186 2197
2186 2198
2186 2199
2186 2270
2186 2279
2186 2280
2186 2288
2187 2188
2187 2199
2187 2280
2188 2189
2188 2199
2188 2200
2188 2201
2188 2272
2188 2280
2188 2281
2188 2282
2188 2290
2189 2190
2189 2201
2189 2282
2190 2191
2190 2201
2190 2202
2190 2203
2190 2274
2190 2282
2190 2283
2190 2284
2190 2292
2191 2192
2191 2203
2191 2284
2192 2193
2192 2203
2192 2204
2192 2205
2192 2276
2192 2284
2192 2285
2192 2286
2192 2294
2193 2194
2193 2205
2193 2286
2194 2195
2194 2205
2194 2206
2194 2207
2194 2278
2194 2286
2194 2287
2194 2296
2195 2196
2195 2207
2197 2198
2197 2208
2197 2209
2198 2199
2198 2209
2198 2288
2199 2200
2199 2209
2199 2210
2199 2211
2199 2280
2199 2288
2199 2289
2199 2290
2199 2297
2200 2201
2200 2211
2200 2290
2201 2202
2201 2211
2201 2212
2201 2213
2201 2282
2201 2290
2201 2291
2201 2292
2201 2299
2202 2203
2202 2213
2202 2292
2203 2204
2203 2213
2203 2214
2203 2215
2203 2284
2203 2292
2203 2293
2203 2294
2203 2301
2204 2205
2204 2215
2204 2294
2205 2206
2205 2215
2205 2216
2205 2217
2205 2286
2205 2294
2205 2295
2205 2296
2205 2303
2206 2207
2206 2217
2206 2296
2207 2217
2207 2218
2208 2209
2209 2210
2209 2219
2209 2220
2210 2211
2210 2220
2210 2297
2211 2212
2211 2220
2211 2221
2211 2222
2211 2290
2211 2297
2211 2298
2211 2299
2211 2306
2212 2213
2212 2222
2212 2299
2213 2214
2213 2222
2213 2223
2213 2224
2213 2292
2213 2299
2213 2300
2213 2301
2213 2308
2214 2215
2214 2224
2214 2301
2215 2216
2215 2224
2215 2225
2215 2226
2215 2294
2215 2301
2215 2302
2215 2303
2215 2310
2216 2217
2216 2226
2216 2303
2217 2218
2217 2226
2217 2227
2217 2296
2217 2303
2217 2304
2219 2220
2220 2221
2220 2228
2220 2229
2220 2297
2220 2305
2220 2306
2221 2222
2221 2229
2221 2306
2222 2223
2222 2229
2222 2230
2222 2231
2222 2299
2222 2306
2222 2307
2222 2308
2223 2224
2223 2231
2223 2308
2224 2225
2224 2231
2224 2232
2224 2233
2224 2301
2224 2308
2224 2309
2224 2310
2225 2226
2225 2233
2225 2310
2226 2227
2226 2233
2226 2234
2228 2229
2229 2230
2230 2231
2230 2235
2231 2232
2231 2235
2231 2236
2231 2237
2232 2233
2232 2237
2233 2234
2235 2236
2236 2237
2238 2239
2238 2240
2238 2241
2239 2241
2239 2242
2240 2241
2240 2251
2240 2254
2241 2242
2241 2243
2241 2254
2241 2255
2241 2256
2242 2243
2242 2244
2242 2245
2243 2245
2243 2256
2244 2245
2244 2246
2245 2246
2245 2247
2245 2256
2245 2257
2245 2258
2246 2247
2246 2248
2246 2249
2247 2249
2247 2258
2248 2249
2249 2258
2249 2259
2250 2251
2250 2252
2251 2252
2251 2253
2251 2254
2252 2253
2252 2260
2252 2261
2253 2254
2253 2261
2254 2255
2254 2261
2254 2262
2254 2263
2255 2256
2255 2263
2256 2257
2256 2263
2256 2264
2256 2265
2257 2258
2257 2265
2258 2259
2258 2265
2258 2266
2258 2267
2259 2267
2259 2268
2260 2261
2260 2270
2261 2262
2261 2270
2261 2271
2261 2272
2262 2263
2262 2272
2263 2264
2263 2272
2263 2273
2263 2274
2263 2311
2263 2312
2263 2313
2264 2265
2264 2274
2264 2312
2265 2266
2265 2274
2265 2275
2265 2276
2265 2312
2265 2315
2265 2316
2266 2267
2266 2276
2267 2268
2267 2269
2267 2276
2267 2277
2267 2278
2268 2269
2269 2278
2270 2271
2270 2279
2270 2280
2271 2272
2271 2280
2272 2273
2272 2280
2272 2281
2272 2282
2273 2274
2273 2282
2273 2313
2274 2275
2274 2282
2274 2283
2274 2284
2274 2312
2274 2313
2274 2314
2274 2316
2275 2276
2275 2284
2275 2316
2276 2277
2276 2284
2276 2285
2276 2286
2277 2278
2277 2286
2278 2286
2278 2287
2279 2280
2279 2288
2280 2281
2280 2288
2280 2289
2280 2290
2281 2282
2281 2290
2282 2283
2282 2290
2282 2291
2282 2292
2283 2284
2283 2292
2284 2285
2284 2292
2284 2293
2284 2294
2285 2286
2285 2294
2286 2287
2286 2294
2286 2295
2286 2296
2287 2296
2288 2289
2289 2290
2289 2297
2290 2291
2290 2297
2290 2298
2290 2299
2291 2292
2291 2299
2292 2293
2292 2299
2292 2300
2292 2301
2293 2294
2293 2301
2294 2295
2294 2301
2294 2302
2294 2303
2295 2296
2295 2303
2296 2303
2296 2304
2297 2298
2297 2305
2297 2306
2298 2299
2298 2306
2299 2300
2299 2306
2299 2307
2299 2308
2300 2301
2300 2308
2301 2302
2301 2308
2301 2309
2301 2310
2302 2303
2302 2310
2303 2304
2305 2306
2306 2307
2307 2308
2308 2309
2309 2310
2311 2312
2311 2313
2312 2313
2312 2314
2312 2315
2312 2316
2313 2314
2314 2316
2315 2316

SURFACE_TRIANGLES
486 497 496
177 296 289
2060 2169 2159
56 60 57
536 611 610
684 861 860
1753 1754 1760
112 128 130
246 248 250
0 2 1
0 1 4
99 116 117
8 9 10
363 512 376
2 7 3
2000 2001 2010
346 486 496
1567 1671 1672
958 1079 973
0 4 2
611 617 613
13 22 17
1 2 3
1880 2014 2008
84 221 102
952 1066 1067
3 7 9
1659 1660 1776
83 104 86
70 72 84
1 5 4
21 25 24
207 219 209
146 152 148
82 100 83
213 330 222
1673 1685 1680
2 4 6
446 459 447
692 693 701
2 6 7
1 9 8
599 764 763
674 839 838
1 8 10
387 392 538
1 3 9
1495 1508 1609
150 266 267
1 10 5
287 401 399
277 286 287
1593 1597 1708
9 11 10
7 11 9
122 134 124
421 556 557
582 740 727
13 20 22
895 901 1027
258 368 370
12 14 13
539 541 621
1802 1813 1814
12 13 16
156 157 277
151 154 156
12 16 14
1063 1248 1064
817 984 988
48 53 52
13 14 15
2259 2268 2267
483 573 577
13 17 16
26 30 149
1476 1598 1594
247 364 248
94 112 96
7 88 90
798 967 965
713 724 725
1336 1341 1508
443 445 444
1360 1524 1525
594 758 760
187 194 195
14 16 18
13 21 20
1508 1623 1624
402 403 545
698 867 863
945 1059 947
13 15 21
237 238 239
1873 2010 1874
850 999 1003
623 790 805
152 267 161
20 21 24
132 142 144
83 100 101
20 24 22
141 253 255
314 423 425
343 494 484
66 78 80
237 245 246
274 390 394
16 159 158
1609 1614 1740
1255 1368 1369
22 24 26
302 422 303
1494 1608 1499
48 54 50
1541 1543 1647
24 29 28
400 401 402
589 757 590
24 28 30
347 496 354
2254 2262 2261
70 83 71
1536 1643 1538
2097 2229 2098
53 66 68
1288 1389 1399
24 25 29
10 11 76
80 98 99
521 608 609
1280 1386 1281
22 149 148
538 619 616
839 847 996
24 30 26
1550 1552 1551
1092 1093 1095
36 58 37
1617 1741 1618
603 782 604
1822 1959 1958
28 29 32
1310 1433 1445
28 32 30
29 33 32
32 33 35
1595 1596 1599
244 258 356
1733 1867 1862
561 685 567
1668 1669 1670
55 69 187
384 385 387
306 421 419
425 559 445
172 173 174
1283 1285 1286
30 32 34
292 295 293
32 35 34
1575 1683 1579
1907 1908 2036
514 524 515
781 783 782
231 330 340
14 37 15
196 197 198
1940 1948 2063
2000 2111 2112
299 306 419
1680 1794 1795
357 509 359
14 36 37
341 483 470
54 187 186
1696 1818 1814
1286 1289 1400
14 38 36
1754 1878 1755
54 186 188
290 403 401
57 60 70
14 18 38
204 217 219
578 728 584
485 585 580
54 176 168
1776 1780 1787
2049 2158 2146
274 278 390
341 470 486
1339 1499 1500
769 938 948
1252 1366 1367
168 170 169
15 37 21
1499 1608 1611
554 660 663
195 208 310
82 84 100
56 59 60
4 74 6
1282 1283 1397
962 1070 1072
698 699 871
1008 1143 1154
21 37 40
1255 1369 1359
119 123 122
80 96 98
812 978 971
4 42 40
232 233 235
1668 1788 1780
297 304 299
1639 1760 1640
21 42 25
687 850 688
993 995 1122
173 292 293
1075 1270 1268
541 633 631
124 134 135
370 371 372
383 519 521
21 40 42
1789 1910 1909
1755 1756 1762
594 768 767
1960 1962 1961
204 207 206
154 157 156
1947 1956 2068
568 570 697
507 521 508
266 271 272
633 812 809
1335 1497 1338
1031 1208 1209
25 42 29
332 469 483
1075 1272 1270
29 42 44
1476 1480 1602
310 317 319
76 94 96
995 996 1124
1877 2011 1878
74 86 88
151 273 271
1949 1962 1960
1374 1376 1539
483 578 579
390 392 394
11 92 76
804 805 973
1888 2019 2016
525 603 528
30 155 149
78 96 80
2286 2296 2295
29 46 33
29 44 46
390 391 393
999 1130 1143
590 758 594
327 336 338
254 264 368
674 847 839
2049 2055 2054
33 46 48
502 503 504
84 102 100
100 118 119
160 281 280
92 112 94
33 48 35
124 135 138
46 49 48
2058 2170 2065
4 37 62
2074 2076 2075
259 262 260
568 698 691
35 48 50
2071 2185 2197
483 579 584
1216 1227 1226
413 415 414
1157 1165 1313
37 58 62
48 52 54
52 53 54
868 1008 1012
2091 2104 2103
48 49 53
1075 1077 1078
687 848 850
1225 1341 1343
145 257 258
134 136 137
53 55 54
1973 2082 2087
180 182 191
1979 2096 2089
775 944 777
36 56 58
106 124 108
169 170 177
36 38 56
141 143 142
1677 1793 1791
56 57 58
468 478 480
781 950 951
895 900 901
150 151 266
265 267 266
22 148 159
38 59 56
519 606 521
2197 2198 2209
159 161 160
1563 1565 1566
478 479 481
318 320 319
1008 1160 1158
684 691 698
1548 1553 1659
538 616 611
2297 2306 2305
955 1067 1068
119 120 121
168 176 177
90 108 92
2181 2195 2194
108 126 128
2109 2117 2116
400 542 541
196 200 197
4 40 37
1445 1583 1449
69 204 194
518 527 529
584 741 586
295 416 302
637 638 816
148 152 159
790 973 805
287 288 290
4 5 42
414 551 550
1871 2006 2007
124 138 126
821 823 822
249 250 259
1869 2005 2011
538 539 619
965 967 1086
379 517 528
1962 2075 2076
92 110 112
10 44 42
1112 1122 1123
819 820 985
1008 1154 1160
5 10 42
145 243 232
713 725 895
1429 1430 1431
17 22 159
989 990 1125
10 46 44
916 1044 1037
319 442 441
58 74 62
740 744 915
10 64 46
268 388 398
1067 1251 1252
623 624 790
261 364 375
587 755 743
1917 1929 1928
114 132 115
1950 2070 2074
100 120 118
273 278 274
456 480 572
53 68 69
819 821 822
46 66 49
1753 1760 1759
251 259 260
325 451 327
46 64 66
1052 1234 1235
1618 1742 1743
1543 1649 1647
146 151 150
49 66 53
1257 1259 1261
22 26 149
104 122 124
59 180 60
244 358 348
53 69 55
2137 2250 2252
57 70 58
171 173 172
58 70 71
83 101 104
1493 1499 1498
1400 1564 1565
1367 1532 1368
108 124 126
2122 2124 2131
1094 1280 1281
172 181 179
303 309 308
620 621 800
503 588 590
60 72 70
128 140 142
1640 1762 1641
757 760 758
393 400 540
1024 1181 1193
1919 2137 2047
58 71 74
259 261 262
35 50 168
231 345 238
4 62 74
204 219 207
7 90 92
958 1084 1081
169 289 288
221 222 231
1911 1913 1912
554 663 662
364 376 374
648 663 660
742 913 917
1326 1477 1481
754 756 755
764 947 931
172 174 181
738 744 740
10 76 64
397 532 534
2035 2134 2132
130 142 132
740 916 910
64 76 66
119 121 123
76 96 78
554 648 660
66 76 78
283 406 404
777 945 947
1647 1650 1648
1330 1481 1331
1561 1663 1665
278 399 400
66 80 68
68 80 69
69 80 81
1397 1398 1556
393 540 541
1781 1784 1783
117 232 228
1603 1608 1607
16 171 172
70 82 83
70 84 82
417 549 418
54 55 187
128 138 140
1493 1608 1494
145 242 244
71 83 74
455 568 564
522 524 523
74 83 86
1913 2039 2045
1948 2069 2063
2082 2083 2087
6 74 88
181 293 300
96 114 116
1345 1509 1510
444 446 447
386 536 531
2068 2073 2196
564 566 565
16 158 160
319 449 442
1071 1076 1077
99 117 228
6 88 7
1928 2056 2057
785 952 953
318 325 320
7 92 11
635 636 638
1783 1911 1792
1907 1909 1908
76 92 94
768 937 938
146 148 149
292 294 295
591 593 592
1673 1792 1685
585 744 738
188 305 304
1389 1390 1551
181 301 308
2224 2232 2231
1782 1901 1784
189 195 310
146 150 152
599 776 777
339 479 478
277 279 278
313 315 322
80 99 81
1683 1804 1690
1332 1496 1492
516 523 525
302 418 422
30 34 165
344 346 347
504 590 749
1595 1710 1596
146 147 151
123 136 134
882 895 1019
1591 1710 1595
1971 2079 2081
612 789 787
86 104 88
88 104 106
221 231 230
701 714 702
1250 1364 1365
278 393 391
483 584 583
88 108 90
114 115 116
88 106 108
362 504 511
92 108 110
2085 2093 2092
481 581 582
964 1078 1077
180 191 190
2059 2160 2170
414 415 551
96 112 114
521 609 597
1746 1747 1757
118 120 119
1231 1244 1245
96 116 98
98 116 99
249 259 251
115 117 116
134 137 135
100 119 101
2110 2111 2117
100 102 120
149 155 154
101 119 104
663 833 834
352 354 355
1411 1412 1568
104 119 122
158 159 160
200 326 212
247 361 364
104 124 106
167 168 169
172 179 180
1977 1978 1986
1008 1159 1012
764 946 947
108 128 110
982 1110 1108
1863 2010 2001
137 251 139
2294 2302 2301
833 994 834
110 128 112
1778 1901 1782
1091 1102 1279
186 187 188
2090 2091 2102
2101 2102 2111
112 132 114
112 130 132
115 132 133
346 496 347
449 455 564
2186 2198 2197
122 123 134
260 262 263
1648 1650 1769
2052 2058 2057
54 177 176
493 737 585
322 457 458
136 237 246
804 972 974
135 137 138
1036 1037 1044
137 139 138
126 138 128
2035 2037 2042
912 1035 913
138 141 140
1371 1374 1535
16 173 171
138 139 141
128 142 130
684 698 861
2280 2290 2289
140 141 142
1006 1153 1142
132 144 145
387 389 394
142 145 144
1198 1330 1331
1562 1563 1669
132 145 133
142 143 145
146 149 147
964 965 1086
368 382 383
449 453 455
1956 2073 2068
147 149 154
147 154 151
154 155 157
483 577 578
368 371 370
998 1129 999
770 948 780
1509 1617 1618
1646 1767 1764
160 161 267
16 17 159
18 172 38
16 160 162
1681 1689 1687
947 1059 1060
246 250 249
60 180 190
1650 1771 1769
456 468 480
60 198 72
344 347 345
364 365 376
152 161 159
962 1072 1074
1948 1957 1956
516 525 528
2121 2122 2129
208 209 318
565 566 684
2018 2119 2030
1606 1610 1609
30 165 155
1890 1891 1893
155 165 157
1884 2016 2015
1126 1297 1129
137 249 251
157 165 166
1416 1569 1570
248 364 250
38 172 59
727 899 900
284 397 408
355 502 362
187 189 188
658 823 821
792 794 962
165 168 167
1546 1548 1659
165 167 169
34 168 165
165 169 166
16 172 18
376 523 377
16 162 173
1478 1599 1600
838 839 996
898 1028 902
34 35 168
266 269 268
1432 1577 1433
50 54 168
659 837 838
168 177 170
362 502 504
273 277 276
69 194 187
54 178 177
1764 1766 1765
179 181 180
1781 1782 1784
59 172 180
2079 2086 2085
210 213 211
1608 1730 1611
133 145 232
1732 1733 1743
220 334 336
180 181 182
2006 2115 2116
1833 1962 1834
139 251 141
187 195 189
326 331 328
262 264 263
1924 1925 1926
188 310 305
2040 2136 2137
406 544 650
932 934 933
293 295 300
740 915 916
194 206 195
746 917 926
1039 1226 1045
639 647 645
917 1039 918
1640 1760 1761
1662 1779 1776
996 1128 1124
115 133 232
742 911 912
123 237 136
54 188 178
446 567 459
638 806 816
593 765 754
2005 2006 2011
302 416 418
181 308 182
546 548 547
376 524 522
276 277 278
190 191 196
786 789 788
963 964 1071
605 785 773
1593 1594 1597
190 196 198
384 386 388
282 285 292
191 199 196
2085 2086 2093
196 199 200
1652 1654 1653
417 546 549
1402 1560 1567
60 190 198
343 351 494
958 959 1084
586 741 745
1153 1309 1305
371 383 520
744 755 756
1845 1962 1972
304 305 307
601 769 770
1268 1378 1376
397 543 406
210 212 213
834 994 997
2137 2148 2147
288 289 291
552 656 644
1974 2086 2079
120 237 121
741 742 745
536 614 627
313 322 321
339 343 484
362 511 363
1681 1688 1689
1746 1757 1873
315 447 322
69 81 204
1329 1480 1476
393 539 538
1873 1881 1880
294 407 416
194 204 206
267 284 281
1181 1318 1322
206 207 209
195 206 208
1753 1876 1877
206 209 208
254 263 264
197 210 198
197 200 210
198 210 211
1411 1566 1565
1716 1845 1720
1756 1880 1757
200 212 210
72 198 84
84 198 211
871 1015 1011
584 742 741
1306 1433 1310
377 516 379
1769 1888 1770
81 99 204
582 585 739
99 217 204
2265 2275 2316
760 928 929
1129 1300 1301
1143 1306 1310
287 290 401
768 938 769
217 218 219
209 219 220
549 646 554
218 220 219
120 221 230
84 211 221
211 213 221
602 770 778
1496 1609 1610
308 314 312
978 981 979
136 246 137
1900 2034 2024
213 222 221
576 582 723
348 358 349
1093 1094 1095
1282 1285 1283
304 307 306
120 231 223
99 228 217
217 228 218
1613 1622 1749
594 760 761
218 228 229
102 221 120
272 385 384
120 230 231
265 268 267
2035 2036 2037
1746 1873 1747
115 232 117
794 964 963
2198 2199 2209
2063 2069 2068
1596 1715 1600
228 232 234
228 234 235
200 313 321
232 235 234
228 235 229
2108 2109 2115
1020 1181 1024
1386 1387 1389
120 236 237
1479 1602 1480
1403 1567 1416
120 238 236
236 238 237
659 674 837
1069 1252 1253
383 518 519
320 325 453
1433 1577 1578
1858 1990 1991
120 223 238
121 237 123
641 642 643
1291 1292 1294
298 419 415
1757 1880 1881
1627 1751 1628
319 441 440
2209 2220 2219
421 672 553
1036 1213 1037
1845 1976 1848
424 554 425
256 368 258
1036 1225 1212
675 684 860
397 534 544
232 243 244
544 623 625
145 244 243
232 244 233
314 445 443
237 247 245
245 247 246
1154 1162 1160
237 239 247
314 443 444
265 266 268
2022 2024 2032
246 247 248
238 345 352
137 246 249
363 376 365
610 611 612
441 557 556
2256 2265 2264
2127 2138 2137
641 813 812
397 531 530
1433 1583 1445
407 417 416
141 251 253
594 601 595
375 377 379
764 931 932
141 255 143
2296 2304 2303
1420 1570 1575
587 593 755
400 541 540
173 293 181
253 254 255
1978 2094 1987
812 819 980
254 256 255
143 255 145
145 255 257
371 521 507
1666 1675 1778
255 258 257
145 258 242
255 256 258
1732 1742 1741
1755 1880 1756
897 1024 898
166 169 277
1872 1873 1880
250 261 259
251 263 253
253 263 254
251 260 263
345 347 352
200 323 326
1973 2076 2082
267 268 270
151 271 266
612 787 627
643 821 819
284 408 406
613 617 794
310 319 311
266 272 269
271 273 272
1112 1296 1295
983 1092 1095
1366 1531 1532
151 156 273
272 273 274
307 441 432
273 276 278
1250 1365 1366
458 459 460
156 277 273
1228 1349 1348
280 281 284
349 358 359
160 280 282
280 285 282
280 284 283
280 283 285
597 609 599
374 376 375
160 267 281
267 270 284
425 560 559
1508 1624 1614
307 310 311
150 267 152
332 461 469
744 925 914
157 166 277
335 343 339
373 508 509
169 286 277
277 287 279
1685 1792 1917
169 288 286
2168 2169 2181
286 288 287
1885 1888 2016
603 779 782
371 508 373
288 291 290
173 282 292
696 697 698
1765 1766 1884
568 691 684
1293 1294 1416
285 294 292
2216 2217 2226
586 589 588
2076 2077 2083
160 282 173
322 447 450
1723 1728 1854
160 173 162
357 372 373
442 449 564
2224 2309 2310
1102 1282 1279
1580 1697 1693
278 287 399
546 547 549
788 958 790
2255 2256 2263
1795 1805 1804
804 973 972
1539 1644 1643
347 354 352
169 177 289
289 296 291
1198 1326 1330
862 863 1006
177 297 296
296 297 299
356 372 357
262 378 380
291 296 298
623 805 804
493 501 587
2032 2132 2124
552 553 656
296 299 298
484 494 485
209 325 324
1700 1701 1705
1243 1360 1346
181 300 301
300 303 301
295 302 300
223 231 238
300 302 303
2040 2041 2127
173 181 174
2085 2218 2207
1817 1940 1942
1389 1551 1559
1213 1225 1342
177 188 297
496 497 498
547 639 645
1816 1937 1943
177 178 188
1416 1567 1569
188 304 297
299 304 306
301 303 308
2101 2233 2102
341 482 483
545 640 641
1724 1854 1855
485 580 582
375 376 377
1988 1993 1992
1823 1824 1960
379 381 380
988 1104 1106
2159 2169 2168
305 310 307
188 189 310
971 978 1102
308 312 313
312 314 313
199 308 313
544 636 548
572 576 724
308 309 314
603 778 779
1060 1243 1244
313 314 315
1499 1616 1615
867 871 1011
1038 1216 1226
182 308 191
1802 1814 1812
485 495 585
191 308 199
320 453 449
1493 1607 1608
833 986 987
1751 1867 1875
663 840 664
310 318 317
317 318 319
208 318 310
199 313 200
354 496 498
916 1037 1031
200 321 322
200 322 323
938 949 948
1338 1497 1499
1065 1258 1256
445 567 446
2028 2127 2041
2160 2161 2172
871 882 1019
457 459 458
1448 1452 1586
498 588 503
334 342 343
762 777 764
536 537 611
883 884 896
231 340 344
2052 2053 2059
1568 1681 1679
209 324 318
318 324 325
1763 1764 1765
2239 2242 2241
1917 2046 2052
209 451 325
393 541 539
1143 1310 1154
343 350 351
209 220 327
1217 1339 1228
209 327 451
212 328 330
212 326 328
328 329 330
328 332 329
329 332 330
456 570 568
328 331 332
531 536 533
330 332 333
212 330 213
641 812 811
601 767 768
994 1126 1129
2000 2009 2008
1577 1579 1578
781 951 952
397 398 531
371 507 508
1415 1574 1573
1893 2026 2025
416 417 418
2124 2132 2131
503 590 504
218 334 220
218 229 334
445 561 567
220 336 327
334 337 336
336 337 339
334 339 337
336 339 338
334 335 339
936 1049 1050
222 330 231
1893 1894 2017
1415 1573 1568
330 341 340
330 333 341
816 983 984
403 550 654
578 584 579
229 235 334
235 342 334
404 406 405
1689 1693 1814
584 730 742
334 343 335
2222 2308 2223
340 341 344
231 344 345
633 641 811
470 483 486
341 346 344
1824 1945 1949
1250 1259 1258
1576 1581 1580
405 548 546
508 599 753
817 988 987
1789 1915 1910
233 244 235
1937 1945 1943
235 244 348
497 588 498
2004 2115 2005
483 583 486
235 350 342
342 350 343
235 348 350
348 349 350
349 351 350
238 352 353
971 1102 1091
352 355 353
524 603 525
238 247 239
238 353 247
386 387 536
397 406 408
2247 2249 2258
242 258 244
790 958 960
244 356 358
356 357 358
584 728 729
1279 1395 1385
357 359 358
247 353 360
2006 2012 2011
353 355 360
1743 1862 1866
247 360 361
360 363 361
924 1041 925
1936 1942 1940
355 362 360
360 362 363
2042 2049 2048
421 557 672
361 363 364
480 481 572
1363 1528 1364
363 365 364
250 364 261
1532 1641 1642
2185 2186 2197
605 774 607
1620 1634 1747
1788 1789 1909
2274 2313 2314
254 368 256
1069 1253 1255
258 370 372
307 432 421
368 369 371
258 372 356
298 415 413
418 424 422
1771 1772 1887
371 373 372
1743 1744 1751
1765 1890 1777
364 374 375
357 373 509
664 840 848
261 375 262
1059 1255 1242
262 375 378
375 379 378
553 672 557
262 380 264
2223 2224 2231
441 558 557
378 379 380
982 985 1110
2137 2251 2250
264 380 368
368 380 382
405 406 548
380 383 382
368 383 369
380 381 383
1634 1758 1747
272 387 385
269 272 384
269 384 388
384 387 386
1670 1677 1790
1248 1364 1249
745 746 747
272 389 387
278 391 390
1280 1388 1386
1652 1765 1654
390 393 392
278 395 393
585 740 739
268 396 284
641 643 819
2215 2216 2226
268 397 396
268 398 397
284 396 397
2224 2225 2233
268 284 270
268 269 388
376 514 515
528 603 604
272 274 394
2049 2159 2158
272 394 389
1234 1351 1235
1945 1950 1949
994 1129 998
1715 1716 1720
453 456 455
557 673 674
278 279 287
779 781 782
278 400 395
444 445 446
399 401 400
401 403 402
283 404 285
285 404 294
1816 1928 1937
294 404 407
493 585 495
383 521 520
404 405 407
283 284 406
1724 1729 1728
493 500 501
2220 2221 2229
290 291 413
290 413 403
912 1028 1034
291 298 413
642 644 643
403 413 414
294 416 295
1012 1162 1016
1364 1529 1530
1546 1659 1657
950 1063 1064
917 927 926
2049 2050 2051
1331 1481 1482
298 299 419
1346 1360 1525
697 713 699
415 419 420
419 421 420
511 514 512
303 422 423
422 425 423
422 424 425
306 307 421
303 423 314
688 693 692
303 314 309
314 425 433
573 574 578
1329 1333 1332
307 319 440
307 440 441
307 311 319
314 444 315
315 444 447
314 433 445
1628 1753 1629
319 320 449
744 756 925
586 745 589
563 564 565
987 990 989
1479 1606 1601
658 659 823
2109 2116 2115
612 792 789
325 454 453
453 454 456
325 456 454
325 452 456
322 459 457
322 458 331
331 458 461
322 450 459
1340 1347 1513
458 460 461
322 326 323
770 780 778
322 331 326
1576 1580 1689
2217 2303 2304
1124 1128 1299
441 442 564
325 327 338
325 338 468
325 468 452
331 461 332
504 594 513
819 823 820
1705 1819 1823
1663 1664 1666
2100 2232 2233
1776 1779 1780
1703 1709 1708
338 339 478
338 478 468
339 481 479
1999 2000 2008
478 481 480
339 477 481
925 1041 1042
332 341 333
332 482 341
809 812 971
397 530 532
796 798 964
332 483 482
339 484 485
339 485 477
341 486 346
967 970 1090
1389 1559 1558
2098 2108 2107
351 493 494
485 582 581
766 932 933
485 494 495
1493 1498 1497
493 495 494
688 864 868
349 500 351
351 500 493
349 359 500
359 499 500
499 501 500
1373 1537 1550
1246 1361 1362
990 1106 1113
354 502 355
354 498 502
802 809 969
447 459 450
498 503 502
499 509 510
2084 2209 2089
647 814 817
1715 1833 1844
1034 1210 1214
456 572 570
833 987 989
359 509 499
508 510 509
1011 1157 1153
363 511 512
1080 1263 1262
504 513 511
511 513 514
2049 2051 2055
376 512 514
1583 1694 1699
971 1091 1090
379 516 517
996 1002 1006
381 518 383
369 383 371
1382 1545 1543
371 520 521
377 523 516
405 546 407
1590 1594 1703
376 522 523
1753 1878 1754
376 515 524
420 553 551
523 524 525
723 727 900
379 527 381
381 527 518
379 526 527
379 528 526
445 559 560
2131 2132 2133
526 528 527
527 528 529
530 531 532
531 533 532
386 531 388
388 531 398
1841 1974 1846
387 537 536
729 902 912
387 394 392
387 538 537
392 393 538
936 1051 1052
571 702 714
1359 1369 1534
2180 2194 2278
393 395 400
962 1074 1084
397 544 543
406 543 544
1720 1727 1726
2122 2123 2124
817 818 984
406 650 548
524 602 603
400 402 545
1626 1751 1627
400 545 542
403 654 545
407 546 417
944 1059 945
591 599 763
1863 2002 1864
403 414 550
536 610 612
415 420 551
550 551 552
551 553 552
418 549 666
1738 1863 1864
584 729 730
2267 2278 2277
648 817 824
420 421 553
868 1016 872
958 973 960
418 554 424
418 666 554
425 554 555
521 599 598
421 441 556
812 981 978
421 432 441
425 445 433
996 1141 1128
2298 2299 2306
425 555 560
445 560 561
1680 1683 1682
486 584 731
1102 1103 1108
995 1124 1122
1166 1167 1168
638 804 806
572 712 697
2089 2209 2219
441 564 563
441 563 565
2091 2226 2227
1159 1160 1161
441 565 558
850 1008 864
459 567 569
564 568 566
609 777 776
1543 1545 1546
1153 1157 1313
2194 2287 2278
594 767 601
959 962 1084
455 456 568
612 613 794
1668 1780 1676
1784 1902 1911
459 571 460
554 646 648
459 569 571
452 468 456
460 573 461
460 571 573
461 573 469
967 969 970
571 574 573
2039 2047 2045
2083 2084 2089
553 557 657
2272 2282 2281
1677 1686 1793
504 749 594
1263 1371 1370
588 589 590
1514 1618 1625
1680 1685 1792
1609 1729 1724
1059 1254 1255
1224 1225 1231
578 726 729
990 1113 1125
481 576 572
1873 2008 2009
1388 1390 1389
1272 1382 1380
469 573 483
910 1031 1032
573 578 577
1815 1816 1943
1765 1891 1890
2071 2184 2185
1801 1802 1925
928 1039 1045
477 485 481
481 485 581
481 582 576
486 583 584
591 765 593
1994 2106 2107
747 926 759
544 548 650
1095 1107 1106
2168 2181 2180
554 560 555
486 586 497
486 731 586
2042 2145 2135
1332 1337 1496
493 587 737
497 586 588
1094 1281 1096
2231 2236 2235
1336 1496 1337
756 933 925
932 1048 1041
637 814 639
1558 1559 1561
1554 1556 1662
1385 1548 1547
508 591 510
508 753 591
499 592 501
501 592 587
499 510 592
1094 1096 1095
1513 1621 1622
1693 1696 1814
510 591 592
1289 1401 1400
1819 1820 1824
587 592 593
1052 1062 1061
1970 1974 2079
513 594 514
1512 1621 1513
514 594 595
1209 1332 1333
544 625 638
508 521 598
508 598 599
2052 2057 2056
521 597 599
806 974 816
514 600 524
514 601 600
1538 1645 1652
524 600 601
514 595 601
1289 1411 1401
788 789 958
1528 1638 1529
524 601 602
1833 1845 1844
516 528 517
2040 2127 2136
2135 2146 2144
528 605 529
528 604 605
518 606 519
1690 1804 1694
2085 2092 2091
518 529 606
529 605 606
1539 1541 1647
605 607 606
585 587 743
979 1103 1102
571 700 701
521 606 608
1550 1651 1653
1653 1666 1664
606 609 608
606 607 609
611 613 612
1841 1854 1974
536 612 614
912 1034 1035
611 616 617
567 692 569
537 538 611
616 619 617
539 621 619
1817 1821 1948
617 619 620
619 621 620
532 622 544
532 623 622
544 622 623
1640 1761 1762
532 544 534
532 624 623
1328 1479 1329
1566 1568 1678
532 533 627
532 627 624
1718 1725 1724
1011 1167 1166
1011 1166 1168
1689 1814 1813
533 536 627
2024 2034 2035
541 631 621
541 545 632
541 632 633
545 633 632
541 542 545
1477 1599 1478
545 634 633
931 947 1047
548 636 635
1681 1801 1793
547 548 635
547 635 639
635 638 637
635 637 639
949 1061 1063
544 638 636
789 959 958
656 659 658
2098 2235 2108
545 550 640
545 641 634
2161 2260 2270
545 654 550
550 642 640
640 642 641
1167 1169 1168
1768 1770 1888
550 552 642
955 957 956
1090 1091 1279
552 644 642
1121 1124 1296
547 645 549
1125 1290 1291
633 809 802
549 645 646
645 648 646
645 647 648
1006 1007 1153
1567 1571 1570
863 1007 1006
834 997 840
553 657 656
656 657 659
1112 1124 1121
644 656 658
549 554 666
557 659 657
1368 1534 1369
557 661 659
554 662 560
560 662 663
644 658 821
560 663 664
557 565 673
565 674 673
557 558 565
1272 1380 1378
557 674 661
1793 1916 1915
565 675 674
1074 1075 1268
560 676 561
1769 1886 1888
560 664 676
2197 2209 2208
565 684 675
692 701 700
561 676 685
567 685 686
685 688 686
1031 1033 1032
676 687 685
1780 1907 1900
685 687 688
566 568 684
609 774 775
567 686 692
686 688 692
1988 2095 2105
2107 2108 2115
1727 1860 1731
1643 1646 1645
1513 1624 1623
568 697 696
568 696 698
697 699 698
2072 2078 2207
569 692 571
1721 1849 1727
571 692 700
1216 1335 1338
2209 2210 2220
571 701 702
570 572 697
697 712 713
1411 1568 1566
781 952 783
571 714 574
578 729 728
1680 1684 1683
572 724 712
712 724 713
576 723 724
723 725 724
574 714 578
578 714 726
582 727 723
659 831 823
2047 2053 2052
1963 2076 1973
580 585 582
582 739 740
754 933 756
585 738 740
847 860 862
584 586 731
585 743 744
1696 1697 1698
585 737 587
2098 2229 2230
2049 2054 2159
589 745 747
2096 2106 2105
742 746 745
1593 1708 1594
924 925 932
743 755 744
593 754 755
2295 2296 2303
820 823 985
589 747 757
590 757 758
747 759 757
757 759 760
1019 1192 1180
698 863 861
590 594 749
591 753 599
1108 1110 1111
1884 2017 1894
599 762 764
591 763 765
763 764 765
786 788 790
754 765 766
764 766 765
594 761 768
601 768 769
601 770 602
1846 1975 1971
605 773 774
607 774 609
599 609 776
599 777 762
1994 2004 2003
609 775 777
602 778 603
778 781 779
778 780 781
1570 1680 1682
1345 1510 1514
604 782 605
605 782 784
605 784 785
2126 2129 2128
782 785 784
1704 1705 1710
782 783 785
627 787 786
786 787 789
624 627 786
624 786 790
1530 1639 1640
2028 2125 2127
612 627 614
1345 1350 1349
612 794 792
1170 1318 1181
1612 1617 1616
617 796 794
648 824 833
2223 2308 2224
617 620 798
617 798 796
620 800 798
1102 1284 1285
621 631 800
631 802 800
798 800 801
800 802 801
623 803 638
623 804 803
638 803 804
623 638 625
2037 2043 2042
676 848 687
1886 1887 1888
1882 1883 1884
631 633 802
2042 2044 2049
633 811 812
633 634 641
637 816 814
639 814 647
2139 2240 2251
814 816 815
814 815 817
815 816 817
816 818 817
2057 2058 2065
972 1094 1092
2027 2028 2040
760 935 768
2297 2298 2306
1867 1994 2003
2293 2294 2301
798 801 967
1465 1595 1599
2238 2239 2241
641 819 813
643 644 821
1628 1751 1752
884 1024 897
819 822 823
647 817 648
726 896 898
1659 1661 1662
1556 1562 1669
648 832 663
648 833 832
663 832 833
2017 2018 2030
1812 1814 1936
819 985 982
1842 1843 1846
1086 1088 1276
674 838 837
659 661 674
1897 1900 1898
659 838 831
663 834 840
1638 1753 1759
674 675 847
947 1060 1047
1862 1992 1993
664 848 676
1867 1868 1876
840 849 848
848 849 850
769 948 770
785 953 955
1210 1331 1334
1869 2004 2005
1522 1533 1642
1165 1168 1169
974 1092 983
1015 1019 1165
898 1025 1028
2274 2314 2316
1817 1822 1821
1067 1257 1260
740 910 899
675 860 847
860 861 863
1162 1310 1314
860 863 862
780 948 950
1936 2063 2062
688 850 864
1568 1572 1681
967 1088 1086
688 868 693
916 925 1043
996 1140 1141
819 981 980
1385 1553 1548
2242 2244 2245
1880 2013 2014
698 871 867
693 868 701
742 917 746
701 868 872
1210 1216 1215
1949 1950 2074
1701 1819 1705
838 996 995
699 713 871
2102 2112 2111
713 882 871
701 883 714
973 1080 1082
701 884 883
1854 1991 1985
701 872 884
2256 2257 2265
1165 1317 1313
729 898 902
1608 1720 1726
1693 1697 1696
899 1032 901
926 927 928
2286 2295 2294
816 974 983
713 895 882
714 883 896
714 896 726
884 897 896
896 897 898
1667 1669 1668
798 965 964
1412 1415 1568
723 900 725
725 900 895
899 901 900
1677 1681 1686
726 898 729
1962 1973 1972
1537 1652 1550
917 918 928
1957 1971 2080
918 1039 928
727 740 899
729 742 730
729 911 742
729 912 911
1705 1823 1833
742 912 913
1597 1598 1602
2022 2032 2123
744 916 915
744 914 916
1225 1233 1231
1936 1941 1942
2130 2131 2242
1737 1747 1863
2004 2107 2114
1820 1945 1824
1618 1626 1625
746 926 747
1318 1453 1465
759 926 928
917 928 927
759 928 760
1613 1624 1622
1297 1301 1300
764 932 766
754 766 933
925 933 934
1612 1730 1731
925 934 932
760 768 761
760 936 935
1301 1420 1432
768 935 936
760 929 936
1887 1889 1888
1863 2001 2002
768 936 937
1359 1524 1360
1351 1516 1352
2068 2196 2183
2231 2232 2237
1979 2089 2220
1122 1124 1123
1568 1679 1678
777 944 945
764 777 946
777 947 946
794 796 964
2275 2276 2284
948 949 950
780 950 781
1673 1781 1783
1235 1351 1246
783 952 785
773 785 774
774 785 954
785 955 954
774 956 775
775 956 944
774 954 956
954 955 956
944 956 957
1095 1106 1105
2245 2247 2258
789 792 962
1777 1890 1778
789 962 959
1620 1747 1621
1764 1883 1882
794 963 962
2027 2040 2038
1611 1730 1612
1264 1370 1372
801 802 969
1216 1338 1339
801 969 967
809 971 969
972 973 1094
969 971 970
804 974 806
1833 1834 1845
790 960 973
1833 1961 1962
1768 1769 1770
812 980 981
2089 2219 2220
812 813 819
901 1032 1027
819 982 981
979 981 982
951 1065 952
816 984 818
1653 1765 1777
817 986 833
817 987 986
817 833 824
987 988 990
1058 1069 1059
823 831 993
2157 2159 2168
1632 1642 1641
823 992 985
823 993 992
833 989 994
2083 2088 2087
831 838 993
952 1067 953
838 995 993
840 997 849
849 997 999
994 998 997
997 998 999
847 1002 996
849 999 850
847 862 1006
1605 1609 1724
847 1006 1002
1914 1916 2050
1208 1213 1332
850 1003 1008
863 867 1011
863 1011 1007
864 1008 868
962 963 1071
1889 1897 2021
1757 1881 1873
1094 1264 1280
868 1012 1016
871 1019 1015
872 1016 884
1339 1500 1509
884 1016 1020
895 1023 1019
1066 1257 1067
884 1020 1024
2265 2315 2312
1550 1652 1651
898 1024 1025
895 1027 1023
2065 2170 2171
1078 1086 1272
1364 1528 1529
1351 1362 1361
1482 1603 1493
1978 1987 1986
899 910 1032
964 1086 1078
1027 1032 1033
902 1028 912
910 916 1031
913 1035 917
1210 1334 1335
1543 1544 1650
917 1035 1038
1987 1988 1992
917 1038 1039
2020 2123 2120
914 925 916
1065 1256 1257
916 1043 1044
925 1044 1043
1228 1234 1229
925 1042 1044
1036 1044 1042
924 932 1041
1231 1245 1243
999 1129 1130
1192 1329 1325
985 992 1110
931 1047 932
932 1047 1048
1553 1662 1661
928 936 929
928 1049 936
928 1050 1049
928 1045 1050
1045 1046 1050
936 1050 1051
1046 1051 1050
936 1052 937
1924 2055 2051
944 1058 1059
1561 1665 1671
937 1061 938
937 1052 1061
938 1061 949
1061 1062 1063
949 1063 950
1196 1209 1329
950 1065 951
950 1064 1065
952 1065 1066
953 1067 955
1252 1368 1253
1158 1160 1159
944 957 1069
955 1069 957
944 1069 1058
955 1068 1069
962 1071 1070
1070 1071 1072
1052 1246 1062
1071 1073 1072
1072 1073 1075
1072 1075 1074
964 1076 1071
964 1077 1076
1578 1579 1583
1015 1165 1167
1071 1077 1073
1694 1701 1700
1073 1077 1075
958 1080 1079
973 1079 1080
1351 1514 1515
1287 1389 1288
1862 1993 1994
958 1081 1080
1728 1739 1865
1720 1848 1849
1774 1776 1897
2263 2264 2312
1160 1162 1161
2033 2035 2132
2243 2245 2256
1301 1433 1306
970 971 1090
967 1090 1088
972 1092 974
2220 2229 2228
1092 1094 1093
1016 1162 1170
973 1082 1094
1041 1232 1042
2127 2139 2138
978 979 1102
983 1104 984
983 1095 1104
984 1104 988
1095 1105 1104
1104 1105 1106
1621 1748 1749
979 982 1108
979 1108 1103
1867 1876 1875
2065 2184 2070
2132 2134 2135
1141 1142 1305
992 1112 1110
1110 1112 1111
1108 1111 1112
1108 1112 1109
2206 2217 2296
988 1106 990
992 993 1122
992 1122 1112
1112 1123 1124
989 1125 994
994 1125 1126
2020 2021 2022
1388 1550 1549
1755 1879 1880
1069 1255 1254
2138 2139 2251
1266 1268 1374
996 1006 1140
1006 1141 1140
1006 1142 1141
999 1143 1003
1892 1893 2025
1570 1571 1680
1645 1646 1764
2258 2267 2266
1560 1561 1671
1225 1340 1341
2019 2021 2020
1003 1143 1008
2135 2145 2146
1007 1011 1153
1008 1158 1159
1012 1159 1162
2044 2050 2049
1159 1161 1162
1230 1231 1243
2267 2277 2276
1512 1513 1524
1011 1015 1167
1011 1168 1157
1670 1678 1677
1157 1168 1165
1165 1169 1167
1627 1628 1636
2091 2103 2102
1869 1877 1876
1019 1180 1165
1016 1181 1020
1016 1170 1181
1823 1960 1833
1328 1332 1479
1989 2104 1990
2258 2266 2265
1884 1894 1893
2168 2269 2268
1914 2044 2043
1572 1574 1681
1476 1602 1598
2146 2157 2156
1727 1856 1860
1019 1023 1192
2100 2233 2101
1351 1352 1362
2265 2266 2276
1563 1678 1670
2215 2303 2216
1023 1027 1192
1027 1196 1192
1024 1028 1025
1024 1197 1028
1024 1198 1197
1028 1197 1198
1024 1193 1198
1028 1198 1199
1579 1690 1694
2261 2272 2271
2055 2061 2060
1250 1251 1261
1626 1743 1750
1411 1413 1414
1027 1033 1209
1031 1209 1033
1059 1243 1060
1027 1209 1196
1028 1210 1034
1028 1199 1210
1580 1582 1697
1031 1037 1213
1031 1213 1208
1512 1524 1621
1036 1212 1213
1034 1214 1035
1035 1214 1038
1038 1214 1216
1210 1211 1216
1210 1215 1214
1214 1215 1216
1831 1832 1843
1687 1689 1802
1849 1976 1977
1694 1819 1701
1478 1603 1482
1036 1042 1225
1038 1226 1039
1831 1971 1957
1045 1226 1228
1216 1217 1228
1226 1227 1228
1216 1228 1227
1045 1228 1046
2047 2147 2148
1046 1228 1229
1042 1232 1225
1041 1048 1232
1048 1231 1232
1225 1232 1233
1231 1233 1232
1046 1234 1051
1755 1761 1760
1051 1234 1052
1046 1229 1234
1612 1731 1741
2220 2306 2221
2078 2079 2085
1251 1366 1252
1370 1371 1373
1743 1867 1744
2160 2172 2170
1059 1242 1243
1580 1693 1689
1047 1244 1048
1048 1244 1231
1047 1060 1244
1243 1245 1244
2004 2114 2115
1062 1246 1063
1052 1235 1246
1063 1246 1247
1063 1247 1248
1659 1775 1773
1064 1248 1065
1065 1248 1249
1376 1378 1539
1984 2092 2093
1389 1557 1402
1067 1252 1068
1068 1252 1069
1059 1069 1254
1065 1257 1066
1256 1258 1257
1065 1249 1258
1249 1250 1258
1257 1258 1259
1551 1653 1664
1067 1260 1261
1257 1261 1260
1067 1261 1251
1250 1261 1259
1080 1081 1263
1080 1264 1082
1080 1262 1264
1180 1192 1321
1081 1084 1263
1084 1266 1263
1936 1940 2063
1074 1268 1084
1084 1268 1266
1402 1557 1558
1075 1078 1272
1871 1879 1878
1086 1274 1272
1086 1276 1274
2042 2146 2145
1088 1090 1276
1090 1278 1276
1090 1279 1278
1276 1278 1279
1276 1279 1277
1082 1264 1094
2021 2024 2022
1570 1683 1575
1102 1108 1284
1108 1285 1284
1378 1543 1541
1102 1285 1282
1108 1286 1285
1095 1096 1281
1095 1288 1107
1095 1281 1287
1095 1287 1288
2109 2110 2117
2097 2098 2107
1108 1109 1289
1108 1289 1286
1106 1290 1125
1106 1291 1290
1106 1125 1113
1659 1662 1660
1106 1292 1291
1125 1291 1293
1708 1843 1832
1291 1294 1293
1106 1107 1288
1106 1288 1292
1109 1112 1289
1112 1121 1296
1112 1295 1289
2120 2123 2122
1352 1516 1362
1125 1297 1126
1125 1293 1297
1708 1714 1843
1431 1444 1581
1124 1298 1296
1124 1299 1298
1129 1301 1130
2260 2261 2270
2249 2259 2258
1129 1297 1300
1297 1302 1301
1128 1141 1299
2282 2283 2292
2072 2079 2078
1141 1304 1299
1141 1305 1304
1130 1301 1143
1143 1301 1306
1452 1464 1594
1142 1153 1305
1583 1699 1700
1153 1313 1309
1154 1310 1162
1246 1362 1247
1597 1602 1601
1513 1622 1624
1804 1805 1816
1162 1318 1170
1162 1314 1318
2156 2259 2249
1165 1180 1321
1165 1321 1317
1732 1862 1733
1846 1855 1854
1329 1479 1480
1871 2007 2013
1192 1325 1321
1974 2093 2086
1181 1326 1193
1181 1322 1326
1192 1196 1329
1193 1326 1198
1198 1331 1199
1208 1332 1209
1328 1329 1332
1209 1333 1329
1199 1331 1210
1596 1600 1599
1228 1344 1349
1210 1335 1211
1213 1337 1332
1211 1335 1216
1216 1339 1217
1916 1925 1924
1574 1689 1688
1224 1340 1225
1212 1225 1213
1591 1700 1704
1213 1342 1343
1225 1343 1342
1559 1663 1561
1213 1343 1337
1336 1337 1343
1618 1619 1626
1336 1343 1341
1228 1339 1344
1224 1231 1340
1230 1346 1231
1231 1347 1340
2102 2103 2113
1854 1859 1991
1231 1346 1347
1228 1348 1234
1234 1348 1349
1344 1345 1349
2076 2083 2082
1234 1349 1350
1234 1350 1351
1603 1720 1604
1230 1243 1346
1242 1359 1243
1243 1359 1360
1246 1351 1361
1321 1464 1452
1247 1362 1248
1304 1305 1430
1248 1362 1363
1248 1363 1364
1277 1279 1385
1249 1364 1250
1250 1366 1251
1252 1367 1368
1242 1255 1359
1253 1368 1255
1262 1263 1370
1262 1370 1264
1846 1974 1975
1370 1373 1372
1773 1776 1774
1263 1266 1374
1263 1374 1371
1268 1376 1374
1268 1270 1378
1508 1513 1623
1270 1272 1378
1893 2017 2026
2102 2234 2226
1272 1274 1382
1274 1276 1382
1276 1277 1385
1276 1384 1382
1276 1385 1384
2132 2135 2133
1281 1386 1287
1287 1386 1389
1386 1388 1387
1387 1388 1389
1264 1388 1280
1264 1372 1388
2054 2055 2060
1696 1698 1703
1279 1282 1397
1694 1700 1699
1279 1397 1395
1283 1398 1397
1659 1776 1775
1727 1849 1856
2144 2146 2156
1728 1740 1739
1917 2045 2046
1283 1286 1400
1969 2085 2091
1283 1400 1398
1288 1402 1292
2021 2023 2024
1292 1402 1294
1288 1399 1402
1294 1402 1403
1325 1329 1476
1597 1601 1718
1738 1739 1749
1289 1295 1411
1295 1296 1413
1295 1413 1411
1296 1298 1413
1298 1415 1413
1413 1415 1414
1411 1414 1415
1411 1415 1412
1293 1416 1297
1294 1403 1416
1297 1416 1417
1817 1942 1818
1298 1299 1415
1299 1419 1415
1297 1420 1302
1297 1417 1420
1984 1985 1991
2018 2020 2119
1666 1778 1782
2119 2122 2121
1299 1304 1430
1322 1465 1326
1299 1430 1419
1419 1430 1429
1305 1431 1430
1301 1302 1420
1301 1432 1433
1384 1385 1547
2091 2227 2217
1752 1876 1753
1305 1309 1444
1305 1444 1431
1529 1638 1530
1309 1313 1444
1313 1448 1444
1310 1449 1314
1310 1445 1449
1528 1636 1637
2061 2063 2068
1338 1499 1339
1928 2052 2056
1621 1635 1634
2263 2312 2311
1509 1615 1616
1988 2094 2095
2262 2263 2272
1313 1317 1452
2246 2248 2249
1313 1452 1448
1314 1449 1318
1318 1449 1453
2135 2248 2246
1317 1321 1452
1821 1822 1948
2121 2129 2126
1318 1465 1322
1922 2042 2135
1900 1907 2036
1717 1718 1724
1321 1325 1476
1321 1476 1464
1653 1777 1778
1326 1465 1477
1479 1601 1602
1389 1558 1557
1326 1481 1330
1477 1478 1481
1478 1482 1481
1415 1419 1574
1332 1492 1479
1331 1493 1334
1331 1482 1493
2055 2062 2063
2030 2119 2121
1336 1495 1496
1334 1497 1335
1334 1493 1497
1493 1494 1499
1497 1498 1499
1546 1547 1548
2053 2148 2059
1717 1846 1718
1805 1928 1816
1340 1508 1341
1336 1508 1495
1340 1507 1508
1339 1509 1344
1344 1509 1345
1530 1638 1639
1340 1513 1507
1711 1833 1715
1345 1514 1350
1350 1514 1351
1351 1515 1516
1755 1878 1879
1359 1523 1524
1346 1525 1347
1347 1525 1513
1513 1525 1526
1524 1526 1525
1513 1526 1524
1362 1528 1363
1362 1516 1527
1362 1527 1528
1364 1530 1365
1365 1530 1366
1366 1530 1531
1366 1532 1367
2301 2309 2308
1368 1532 1533
1359 1534 1523
1522 1523 1534
1368 1533 1534
1522 1534 1533
1371 1535 1373
1374 1536 1535
1535 1536 1538
1373 1535 1537
1535 1538 1537
1374 1539 1536
1857 1992 1861
1378 1541 1539
1378 1380 1543
1380 1382 1543
1532 1642 1533
1897 2023 2021
1543 1546 1544
1382 1384 1547
1382 1547 1545
1545 1547 1546
1372 1550 1388
1388 1551 1390
1388 1549 1551
1549 1550 1551
1372 1373 1550
1988 2105 1993
1385 1395 1553
1395 1397 1553
1397 1555 1553
1397 1556 1555
1553 1555 1556
1553 1556 1554
1389 1402 1399
1402 1558 1560
1558 1561 1560
1398 1400 1556
1400 1562 1556
1400 1411 1564
1411 1565 1564
1400 1401 1411
1400 1565 1562
1562 1565 1563
1772 1897 1889
1402 1567 1403
1416 1570 1417
1567 1570 1569
1568 1573 1574
1568 1574 1572
1417 1570 1420
1419 1429 1574
1429 1576 1574
1420 1577 1432
2008 2014 2013
1420 1575 1577
1575 1579 1577
2016 2018 2017
2016 2019 2020
1429 1431 1581
1429 1581 1576
1444 1582 1581
2199 2210 2209
1580 1581 1582
1433 1578 1583
1579 1584 1583
1628 1638 1637
1677 1678 1679
1444 1448 1586
1444 1586 1582
2058 2059 2170
1819 1943 1944
1449 1583 1587
1819 1944 1945
1452 1590 1586
1449 1591 1453
1449 1587 1591
1632 1633 1642
1537 1538 1652
1452 1594 1590
1680 1792 1794
1453 1591 1465
1647 1649 1650
1465 1591 1595
1862 1867 1866
1464 1476 1594
2078 2085 2207
1594 1598 1597
1465 1599 1477
1478 1600 1603
1479 1492 1606
1603 1604 1608
1493 1603 1607
1492 1496 1606
1495 1609 1496
1605 1606 1609
1496 1610 1606
1702 1708 1822
1508 1614 1609
1499 1509 1500
1499 1615 1509
1499 1611 1616
1611 1612 1616
1509 1616 1617
1705 1711 1710
1509 1618 1510
2222 2306 2307
1507 1513 1508
1613 1614 1624
1510 1618 1514
1514 1626 1515
1977 2087 1978
1514 1625 1626
2024 2035 2033
1515 1626 1516
1516 1626 1627
1522 1634 1523
1633 1757 1634
1522 1633 1634
1523 1634 1524
1620 1621 1634
1524 1635 1621
1524 1634 1635
1516 1636 1527
1527 1636 1528
1516 1627 1636
1628 1637 1636
1628 1629 1638
1528 1637 1638
1530 1640 1531
1531 1640 1532
1532 1640 1641
1522 1642 1633
1536 1539 1643
1643 1644 1646
1538 1643 1645
1539 1647 1644
1644 1647 1646
1646 1647 1648
2096 2097 2107
1543 1650 1649
1550 1653 1552
1651 1652 1653
1567 1672 1680
1544 1546 1650
1546 1657 1650
1553 1554 1662
1553 1661 1659
1924 1926 1936
1551 1663 1559
1551 1664 1663
1663 1666 1665
1551 1552 1653
1653 1675 1666
1671 1673 1672
1972 1973 1976
1556 1667 1662
1662 1667 1668
1662 1668 1676
1556 1669 1667
1563 1670 1669
1560 1671 1567
1665 1673 1671
1563 1566 1678
1567 1680 1571
1672 1673 1680
1962 2076 1963
2194 2195 2207
2017 2030 2029
1901 1903 1902
1596 1711 1715
1677 1679 1681
1570 1682 1683
1574 1576 1689
1574 1688 1681
1579 1683 1690
1897 1898 2024
1768 1888 1885
2008 2118 2111
1861 1992 1862
1579 1694 1584
2072 2073 2079
1582 1586 1697
1586 1698 1697
1583 1584 1694
1583 1700 1587
1856 1986 1857
1956 2080 2073
1586 1590 1703
2038 2040 2039
1586 1703 1698
1696 1703 1702
1587 1700 1591
1700 1705 1704
1702 1703 1708
1594 1709 1703
1594 1708 1709
1591 1704 1710
1596 1710 1711
2096 2107 2106
2312 2315 2316
1597 1714 1708
1784 1901 1902
1597 1718 1714
1600 1715 1603
1603 1715 1719
1603 1719 1720
1715 1720 1719
1645 1764 1652
1753 1877 1878
1727 1731 1730
1743 1866 1867
1653 1778 1675
1731 1732 1741
1601 1606 1718
1795 1927 1928
1605 1724 1606
1606 1725 1718
2100 2101 2111
1606 1724 1725
1604 1720 1608
1720 1721 1727
1632 1757 1633
1723 1724 1728
1608 1726 1730
1726 1727 1730
1731 1860 1732
1696 1702 1822
1613 1740 1614
1609 1740 1729
1728 1729 1740
1613 1739 1740
1612 1741 1617
1618 1741 1742
1618 1743 1619
1732 1743 1742
1737 1738 1747
1621 1747 1748
1738 1748 1747
1621 1749 1622
1613 1749 1739
1738 1749 1748
1619 1743 1626
1984 2104 2092
1626 1750 1751
1743 1751 1750
1913 2038 2039
1677 1791 1790
1628 1752 1753
1908 2037 2036
1632 1756 1757
1634 1757 1758
1747 1758 1757
1629 1753 1638
1638 1760 1639
1638 1759 1760
1754 1755 1760
1632 1641 1762
1632 1762 1756
1755 1762 1761
1652 1764 1763
1652 1763 1765
1646 1648 1769
1646 1769 1767
1767 1769 1768
1994 1995 2004
1971 2081 2080
1650 1657 1773
1650 1773 1771
1771 1773 1772
1772 1773 1774
1657 1659 1773
1773 1775 1776
1653 1654 1765
1660 1662 1776
1662 1676 1780
1662 1780 1779
1665 1666 1781
1665 1781 1673
1666 1782 1781
1914 1915 1916
1668 1670 1790
1668 1790 1788
1871 2013 1879
2273 2274 2282
1788 1790 1789
1789 1790 1791
1673 1783 1792
2171 2172 2184
2070 2071 2076
1680 1795 1684
1792 1795 1794
1685 1795 1792
1681 1687 1802
1948 1958 1959
1681 1793 1686
1681 1802 1801
1683 1684 1795
1683 1795 1803
1683 1803 1804
1795 1804 1803
1764 1884 1766
1962 1963 1973
1689 1813 1802
1694 1804 1815
1804 1816 1815
1694 1815 1819
1696 1822 1818
1817 1818 1822
1819 1824 1823
1708 1832 1822
1879 2013 1880
1705 1833 1711
2285 2286 2294
1831 1843 1842
1715 1845 1716
2146 2159 2157
1715 1844 1845
1714 1718 1843
1718 1847 1843
1718 1846 1847
1843 1847 1846
1720 1849 1721
2032 2124 2123
1720 1845 1848
1978 2088 2094
2173 2270 2186
1717 1724 1846
1723 1854 1724
1724 1855 1846
1841 1846 1854
1728 1859 1854
1856 1857 1860
1732 1860 1861
1857 1861 1860
2267 2269 2278
1732 1861 1862
1737 1863 1738
1738 1865 1739
1728 1865 1859
1858 1859 1865
1738 1864 1865
1858 1865 1864
2181 2183 2196
1733 1862 1743
1747 1874 1863
1747 1873 1874
1744 1867 1751
2047 2148 2053
1751 1876 1752
1751 1875 1876
1868 1869 1876
1870 1871 1878
1764 1767 1883
1767 1768 1883
1764 1882 1884
1768 1885 1883
1883 1885 1884
1769 1771 1887
1769 1887 1886
1772 1889 1887
1778 1890 1892
1890 1893 1892
1765 1884 1891
1884 1893 1891
1772 1774 1897
1834 1962 1845
1776 1787 1900
1776 1899 1897
1776 1900 1899
1897 1899 1900
1778 1892 1901
1892 1903 1901
1892 2025 1903
1922 2035 2042
1780 1900 1787
1780 1788 1909
1780 1909 1907
1908 1909 1910
1783 1784 1911
2292 2300 2299
1902 1913 1911
1792 1911 1912
1789 1791 1915
1791 1793 1915
1910 1915 1914
1872 1880 2008
1792 1912 1917
1793 1801 1925
1793 1925 1916
1802 1926 1925
1685 1917 1795
1795 1928 1805
1795 1917 1927
1917 1928 1927
1970 1971 1974
1802 1812 1936
1802 1936 1926
1924 1936 1935
1814 1818 1942
1814 1941 1936
1814 1942 1941
1815 1943 1819
1819 1945 1820
2292 2293 2301
1943 1945 1944
2060 2182 2169
2072 2207 2195
2028 2126 2125
1817 1948 1940
1956 1957 2080
1945 1946 1950
2083 2197 2208
1884 1885 2016
1947 1948 1956
1822 1832 1959
1831 1959 1832
1822 1958 1948
1831 1957 1959
1948 1959 1957
1824 1949 1960
1833 1960 1961
2279 2280 2288
1831 1842 1971
1842 1846 1971
1971 1975 1974
1848 1976 1849
2281 2282 2290
1845 1972 1976
1973 1977 1976
1994 2107 1995
1962 2074 2075
1854 1985 1974
1849 1986 1856
1849 1977 1986
1857 1986 1987
2172 2173 2186
1858 1991 1859
1984 1991 1990
1857 1987 1992
1733 1862 1994
2028 2029 2126
1970 2079 1971
1858 1864 2002
1858 2002 1990
1989 1990 2002
1989 2002 2001
1733 1994 1867
1867 2004 1868
1867 2003 2004
1868 2004 1869
1870 2006 1871
1872 2008 1873
1863 1874 2010
1873 2009 2010
2000 2010 2009
1870 1878 2006
1869 2011 1877
1878 2012 2006
1878 2011 2012
2007 2008 2013
1884 2015 2017
2015 2016 2017
2016 2020 2018
1888 1889 2021
1888 2021 2019
2276 2286 2285
1897 2024 2023
2025 2026 2028
1903 2025 2027
2025 2028 2027
2017 2028 2026
2017 2029 2028
2024 2033 2032
1898 1900 2024
1900 2036 2034
2046 2047 2052
2034 2036 2035
1902 1903 2038
1902 2038 1913
1903 2027 2038
2028 2041 2040
1908 1910 2043
1910 1914 2043
1908 2043 2037
2042 2043 2044
1912 1913 2045
1912 2045 1917
2045 2047 2046
2039 2040 2047
1919 2047 2040
1916 1924 2050
1914 2050 2044
1924 2051 2050
1917 2052 1929
2146 2158 2159
1924 1935 2055
1928 1929 2052
2061 2068 2182
1928 2057 1937
2052 2059 2058
1935 1936 2055
1936 2062 2055
2055 2063 2061
1937 2057 1945
1945 2065 1946
1945 2057 2064
1945 2064 2065
2057 2065 2064
1947 2068 1948
1948 2068 2069
1946 2065 1950
1950 2065 2070
2199 2288 2289
1949 2074 1962
2070 2076 2074
2071 2077 2076
2194 2207 2206
2073 2080 2079
2079 2080 2081
1973 2087 1977
1978 2087 2088
2083 2089 2088
1974 1985 2093
1984 2093 1985
1987 2094 1988
2088 2089 2094
2089 2095 2094
2089 2096 2095
1984 1990 2104
2091 2092 2104
1989 2103 2104
1993 2105 1994
2095 2096 2105
1994 2105 2106
2100 2111 2110
1999 2111 2000
1989 2001 2113
2000 2113 2001
1989 2113 2103
2000 2112 2113
2102 2113 2112
1995 2107 2004
2107 2115 2114
2005 2115 2006
2006 2117 2007
2006 2116 2117
1999 2008 2111
2007 2117 2008
2008 2117 2118
2111 2118 2117
2020 2120 2119
2119 2120 2122
2020 2022 2123
2125 2126 2127
2126 2128 2127
2029 2030 2126
2030 2121 2126
2122 2130 2129
2122 2131 2130
2032 2033 2132
1922 2135 2035
2035 2135 2134
2127 2137 2136
1919 2040 2137
2127 2128 2139
2042 2048 2146
2047 2137 2147
2137 2149 2148
2168 2180 2278
2048 2049 2146
2148 2149 2161
2059 2148 2160
2148 2161 2160
2054 2060 2159
2170 2172 2171
2161 2173 2172
2060 2061 2182
2169 2182 2181
2068 2183 2182
2181 2182 2183
2070 2184 2071
2065 2171 2184
2172 2185 2184
2172 2186 2185
2180 2181 2194
2072 2196 2073
2072 2195 2196
2181 2196 2195
2071 2197 2077
2077 2197 2083
2083 2209 2084
2083 2208 2209
2206 2207 2217
2085 2217 2218
2207 2218 2217
1969 2217 2085
2215 2226 2225
1969 2091 2217
2090 2226 2091
2217 2227 2226
1979 2220 2096
2096 2229 2097
2096 2220 2228
2096 2228 2229
2221 2222 2229
2222 2230 2229
2222 2223 2231
2222 2231 2230
2224 2233 2232
2090 2102 2226
2225 2226 2233
2102 2233 2234
2226 2234 2233
2108 2235 2109
2098 2230 2235
2230 2231 2235
2109 2235 2236
2100 2110 2237
2109 2237 2110
2100 2237 2232
2109 2236 2237
2231 2237 2236
2128 2129 2238
2128 2238 2139
2129 2239 2238
2139 2238 2240
2238 2241 2240
2129 2130 2242
2129 2242 2239
2241 2242 2243
2131 2244 2242
2242 2245 2243
2131 2133 2246
2131 2246 2244
2244 2246 2245
2245 2246 2247
2133 2135 2246
2135 2144 2249
2135 2249 2248
2246 2249 2247
2137 2138 2251
2137 2252 2149
2250 2251 2252
2251 2253 2252
2240 2254 2251
2251 2254 2253
2240 2241 2254
2241 2255 2254
2241 2243 2256
2241 2256 2255
2245 2257 2256
2245 2258 2257
2144 2156 2249
2149 2252 2161
2252 2253 2261
2161 2252 2260
2252 2261 2260
2253 2254 2261
2254 2255 2263
2254 2263 2262
2256 2264 2263
2257 2258 2265
2258 2259 2267
2156 2157 2268
2157 2168 2268
2156 2268 2259
2267 2268 2269
2161 2270 2173
2261 2271 2270
2261 2262 2272
2263 2273 2272
2265 2276 2275
2266 2267 2276
2168 2278 2269
2270 2271 2280
2186 2270 2279
2270 2280 2279
2271 2272 2280
2272 2281 2280
2272 2273 2282
2274 2283 2282
2274 2275 2284
2274 2284 2283
2276 2285 2284
2276 2277 2286
2277 2278 2286
2278 2287 2286
2186 2288 2198
2198 2288 2199
2186 2279 2288
2280 2289 2288
2280 2281 2290
2282 2291 2290
2282 2292 2291
2283 2284 2292
2284 2293 2292
2284 2285 2294
2284 2294 2293
2194 2206 2296
2194 2296 2287
2286 2287 2296
2199 2297 2210
2199 2289 2297
2289 2290 2297
2290 2298 2297
2290 2291 2299
2290 2299 2298
2291 2292 2299
2292 2301 2300
2294 2295 2303
2215 2302 2303
2294 2303 2302
2216 2303 2217
2217 2304 2296
2210 2297 2220
2220 2297 2305
2220 2305 2306
2221 2306 2222
2299 2307 2306
2299 2300 2308
2222 2307 2308
2299 2308 2307
2300 2301 2308
2224 2308 2309
2215 2225 2310
2224 2310 2225
2215 2310 2302
2301 2302 2310
2301 2310 2309
2263 2313 2273
2273 2313 2274
2263 2311 2313
2311 2312 2313
2312 2314 2313
2264 2265 2312
2274 2316 2275
2265 2316 2315
2312 2316 2314
