# CentVoxTetrahedralizerHybrid tetrahedral mesh
# Detection mode: HYBRID
# Grid: 40^3
# Merge block size: 1
# Protection layers: 1
# Smoothed: Yes
# Vertices: 4191
# Tetrahedra: 9315

VERTICES
-1.293946 0.620647 -1.908191
-1.192019 0.620647 -1.908191
-1.293946 0.722575 -1.908191
-1.192019 0.722575 -1.908191
-1.293946 0.620647 -1.806264
-1.192019 0.620647 -1.806264
-1.293946 0.722575 -1.806264
-1.192019 0.722575 -1.806264
-1.090092 0.620647 -1.908191
-1.090092 0.722575 -1.908191
-1.090092 0.620647 -1.806264
-1.090092 0.722575 -1.806264
-1.293946 0.824502 -1.908191
-1.192019 0.824502 -1.908191
-1.293946 0.824502 -1.806264
-1.192019 0.824502 -1.806264
-1.090092 0.824502 -1.908191
-1.090092 0.824502 -1.806264
-1.090092 -0.194771 -1.806264
-0.988164 -0.194771 -1.806264
-1.090092 -0.092844 -1.806264
-0.988164 -0.092844 -1.806264
-1.090092 -0.194771 -1.704337
-0.988164 -0.194771 -1.704337
-1.090092 -0.092844 -1.704337
-0.988164 -0.092844 -1.704337
-1.090092 0.009084 -1.806264
-0.988164 0.009084 -1.806264
-1.090092 0.009084 -1.704337
-0.988164 0.009084 -1.704337
-1.192019 0.009084 -1.806264
-1.192019 0.111011 -1.806264
-1.090092 0.111011 -1.806264
-1.192019 0.009084 -1.704337
-1.192019 0.111011 -1.704337
-1.090092 0.111011 -1.704337
-0.988164 0.111011 -1.806264
-0.988164 0.111011 -1.704337
-1.192019 0.620647 -1.704337
-1.090092 0.620647 -1.704337
-1.192019 0.722575 -1.704337
-1.090092 0.722575 -1.704337
-1.192019 0.824502 -1.704337
-1.090092 0.824502 -1.704337
-1.192019 0.009084 -1.602410
-1.090092 0.009084 -1.602410
-1.192019 0.111011 -1.602410
-1.090092 0.111011 -1.602410
-0.988164 0.009084 -1.602410
-0.988164 0.111011 -1.602410
-1.192019 0.212938 -1.704337
-1.090092 0.212938 -1.704337
-1.192019 0.212938 -1.602410
-1.090092 0.212938 -1.602410
-0.988164 0.212938 -1.704337
-0.988164 0.212938 -1.602410
-1.192019 0.314866 -1.704337
-1.090092 0.314866 -1.704337
-1.192019 0.314866 -1.602410
-1.090092 0.314866 -1.602410
-0.988164 0.314866 -1.704337
-0.988164 0.314866 -1.602410
-1.192019 0.518720 -1.704337
-1.090092 0.518720 -1.704337
-1.192019 0.518720 -1.602410
-1.090092 0.518720 -1.602410
-1.192019 0.620647 -1.602410
-1.090092 0.620647 -1.602410
-0.988164 0.518720 -1.704337
-0.988164 0.620647 -1.704337
-0.988164 0.518720 -1.602410
-0.988164 0.620647 -1.602410
-1.192019 0.722575 -1.602410
-1.090092 0.722575 -1.602410
-0.988164 0.722575 -1.704337
-0.988164 0.722575 -1.602410
-1.192019 0.111011 -1.500482
-1.090092 0.111011 -1.500482
-1.192019 0.212938 -1.500482
-1.090092 0.212938 -1.500482
-0.988164 0.111011 -1.500482
-0.988164 0.212938 -1.500482
-1.192019 0.314866 -1.500482
-1.090092 0.314866 -1.500482
-0.988164 0.314866 -1.500482
-1.192019 0.416793 -1.602410
-1.090092 0.416793 -1.602410
-1.192019 0.416793 -1.500482
-1.090092 0.416793 -1.500482
-1.192019 0.518720 -1.500482
-1.090092 0.518720 -1.500482
-1.192019 0.620647 -1.500482
-1.090092 0.620647 -1.500482
-0.988164 0.518720 -1.500482
-0.988164 0.620647 -1.500482
-1.192019 0.722575 -1.500482
-1.090092 0.722575 -1.500482
-0.988164 0.722575 -1.500482
-1.293946 0.926430 -1.602410
-1.192019 0.926430 -1.602410
-1.293946 1.028357 -1.602410
-1.192019 1.028357 -1.602410
-1.293946 0.926430 -1.500482
-1.192019 0.926430 -1.500482
-1.293946 1.028357 -1.500482
-1.192019 1.028357 -1.500482
-1.090092 0.926430 -1.602410
-1.090092 1.028357 -1.602410
-1.090092 0.926430 -1.500482
-1.090092 1.028357 -1.500482
-1.192019 1.130284 -1.602410
-1.090092 1.130284 -1.602410
-1.192019 1.130284 -1.500482
-1.090092 1.130284 -1.500482
-1.192019 0.212938 -1.398555
-1.090092 0.212938 -1.398555
-1.192019 0.314866 -1.398555
-1.090092 0.314866 -1.398555
-0.988164 0.212938 -1.398555
-0.988164 0.314866 -1.398555
-1.192019 0.416793 -1.398555
-1.090092 0.416793 -1.398555
-0.988164 0.416793 -1.500482
-0.988164 0.416793 -1.398555
-1.192019 0.518720 -1.398555
-1.090092 0.518720 -1.398555
-0.988164 0.518720 -1.398555
-1.192019 0.620647 -1.398555
-1.090092 0.620647 -1.398555
-0.988164 0.620647 -1.398555
-1.090092 0.722575 -1.398555
-0.988164 0.722575 -1.398555
-1.293946 0.926430 -1.398555
-1.192019 0.926430 -1.398555
-1.293946 1.028357 -1.398555
-1.192019 1.028357 -1.398555
-1.090092 0.926430 -1.398555
-1.090092 1.028357 -1.398555
-1.192019 1.130284 -1.398555
-1.090092 1.130284 -1.398555
-0.886237 -0.602480 -1.398555
-0.784310 -0.602480 -1.398555
-0.886237 -0.500553 -1.398555
-0.784310 -0.500553 -1.398555
-0.886237 -0.602480 -1.296628
-0.784310 -0.602480 -1.296628
-0.886237 -0.500553 -1.296628
-0.784310 -0.500553 -1.296628
-0.682382 -0.602480 -1.398555
-0.682382 -0.500553 -1.398555
-0.682382 -0.602480 -1.296628
-0.682382 -0.500553 -1.296628
-0.784310 0.009084 -1.398555
-0.682382 0.009084 -1.398555
-0.784310 0.111011 -1.398555
-0.682382 0.111011 -1.398555
-0.784310 0.009084 -1.296628
-0.682382 0.009084 -1.296628
-0.784310 0.111011 -1.296628
-0.682382 0.111011 -1.296628
-0.886237 0.111011 -1.398555
-0.886237 0.212938 -1.398555
-0.784310 0.212938 -1.398555
-0.886237 0.111011 -1.296628
-0.886237 0.212938 -1.296628
-0.784310 0.212938 -1.296628
-0.682382 0.212938 -1.398555
-0.682382 0.212938 -1.296628
-1.192019 0.314866 -1.296628
-1.090092 0.314866 -1.296628
-1.192019 0.416793 -1.296628
-1.090092 0.416793 -1.296628
-0.988164 0.314866 -1.296628
-0.988164 0.416793 -1.296628
-1.192019 0.518720 -1.296628
-1.090092 0.518720 -1.296628
-0.988164 0.518720 -1.296628
-1.192019 0.620647 -1.296628
-1.090092 0.620647 -1.296628
-0.988164 0.620647 -1.296628
-1.192019 0.722575 -1.398555
-1.192019 0.722575 -1.296628
-1.090092 0.722575 -1.296628
-1.192019 0.824502 -1.398555
-1.090092 0.824502 -1.398555
-1.192019 0.824502 -1.296628
-1.090092 0.824502 -1.296628
-1.192019 0.926430 -1.296628
-1.090092 0.926430 -1.296628
-1.293946 0.926430 -1.296628
-1.293946 1.028357 -1.296628
-1.192019 1.028357 -1.296628
-1.090092 1.028357 -1.296628
-0.682382 -0.806335 -1.296628
-0.580455 -0.806335 -1.296628
-0.682382 -0.704408 -1.296628
-0.580455 -0.704408 -1.296628
-0.682382 -0.806335 -1.194700
-0.580455 -0.806335 -1.194700
-0.682382 -0.704408 -1.194700
-0.580455 -0.704408 -1.194700
-0.784310 -0.704408 -1.296628
-0.784310 -0.704408 -1.194700
-0.784310 -0.602480 -1.194700
-0.682382 -0.602480 -1.194700
-0.580455 -0.602480 -1.296628
-0.580455 -0.602480 -1.194700
-0.886237 -0.602480 -1.194700
-0.886237 -0.500553 -1.194700
-0.784310 -0.500553 -1.194700
-0.682382 -0.500553 -1.194700
-0.784310 0.111011 -1.194700
-0.682382 0.111011 -1.194700
-0.784310 0.212938 -1.194700
-0.682382 0.212938 -1.194700
-0.784310 0.314866 -1.296628
-0.682382 0.314866 -1.296628
-0.784310 0.314866 -1.194700
-0.682382 0.314866 -1.194700
-1.192019 0.314866 -1.194700
-1.090092 0.314866 -1.194700
-1.192019 0.416793 -1.194700
-1.090092 0.416793 -1.194700
-0.988164 0.314866 -1.194700
-0.988164 0.416793 -1.194700
-1.192019 0.518720 -1.194700
-1.090092 0.518720 -1.194700
-0.988164 0.518720 -1.194700
-1.192019 0.620647 -1.194700
-1.090092 0.620647 -1.194700
-0.988164 0.620647 -1.194700
-1.192019 0.722575 -1.194700
-1.090092 0.722575 -1.194700
-0.988164 0.722575 -1.296628
-0.988164 0.722575 -1.194700
-1.192019 0.824502 -1.194700
-1.090092 0.824502 -1.194700
-1.192019 0.926430 -1.194700
-1.090092 0.926430 -1.194700
-0.682382 -0.806335 -1.092773
-0.580455 -0.806335 -1.092773
-0.682382 -0.704408 -1.092773
-0.580455 -0.704408 -1.092773
-0.886237 -0.704408 -1.194700
-0.886237 -0.704408 -1.092773
-0.784310 -0.704408 -1.092773
-0.886237 -0.602480 -1.092773
-0.784310 -0.602480 -1.092773
-0.682382 -0.602480 -1.092773
-0.580455 -0.602480 -1.092773
-0.886237 -0.500553 -1.092773
-0.784310 -0.500553 -1.092773
-0.682382 -0.500553 -1.092773
-1.192019 -0.296698 -1.194700
-1.090092 -0.296698 -1.194700
-1.192019 -0.194771 -1.194700
-1.090092 -0.194771 -1.194700
-1.192019 -0.296698 -1.092773
-1.090092 -0.296698 -1.092773
-1.192019 -0.194771 -1.092773
-1.090092 -0.194771 -1.092773
-0.988164 -0.296698 -1.194700
-0.988164 -0.194771 -1.194700
-0.988164 -0.296698 -1.092773
-0.988164 -0.194771 -1.092773
-1.192019 -0.092844 -1.194700
-1.090092 -0.092844 -1.194700
-1.192019 -0.092844 -1.092773
-1.090092 -0.092844 -1.092773
-0.988164 -0.092844 -1.194700
-0.988164 -0.092844 -1.092773
-0.784310 0.212938 -1.092773
-0.682382 0.212938 -1.092773
-0.784310 0.314866 -1.092773
-0.682382 0.314866 -1.092773
-0.784310 0.416793 -1.194700
-0.682382 0.416793 -1.194700
-0.784310 0.416793 -1.092773
-0.682382 0.416793 -1.092773
-1.192019 0.416793 -1.092773
-1.090092 0.416793 -1.092773
-1.192019 0.518720 -1.092773
-1.090092 0.518720 -1.092773
-0.988164 0.416793 -1.092773
-0.988164 0.518720 -1.092773
-0.886237 0.416793 -1.194700
-0.886237 0.518720 -1.194700
-0.886237 0.416793 -1.092773
-0.886237 0.518720 -1.092773
-1.192019 0.620647 -1.092773
-1.090092 0.620647 -1.092773
-0.988164 0.620647 -1.092773
-0.886237 0.620647 -1.194700
-0.886237 0.620647 -1.092773
-1.192019 0.722575 -1.092773
-1.090092 0.722575 -1.092773
-0.988164 0.722575 -1.092773
-0.886237 -0.704408 -0.990846
-0.784310 -0.704408 -0.990846
-0.886237 -0.602480 -0.990846
-0.784310 -0.602480 -0.990846
-0.682382 -0.704408 -0.990846
-0.682382 -0.602480 -0.990846
-0.886237 -0.500553 -0.990846
-0.784310 -0.500553 -0.990846
-0.682382 -0.500553 -0.990846
-1.192019 -0.296698 -0.990846
-1.090092 -0.296698 -0.990846
-1.192019 -0.194771 -0.990846
-1.090092 -0.194771 -0.990846
-0.988164 -0.296698 -0.990846
-0.988164 -0.194771 -0.990846
-1.192019 -0.092844 -0.990846
-1.090092 -0.092844 -0.990846
-0.988164 -0.092844 -0.990846
-0.784310 0.212938 -0.990846
-0.682382 0.212938 -0.990846
-0.784310 0.314866 -0.990846
-0.682382 0.314866 -0.990846
-0.784310 0.416793 -0.990846
-0.682382 0.416793 -0.990846
-1.293946 0.416793 -1.092773
-1.293946 0.518720 -1.092773
-1.293946 0.416793 -0.990846
-1.192019 0.416793 -0.990846
-1.293946 0.518720 -0.990846
-1.192019 0.518720 -0.990846
-1.090092 0.416793 -0.990846
-1.090092 0.518720 -0.990846
-0.988164 0.416793 -0.990846
-0.988164 0.518720 -0.990846
-0.886237 0.416793 -0.990846
-0.886237 0.518720 -0.990846
-1.497801 0.518720 -1.092773
-1.395874 0.518720 -1.092773
-1.497801 0.620647 -1.092773
-1.395874 0.620647 -1.092773
-1.497801 0.518720 -0.990846
-1.395874 0.518720 -0.990846
-1.497801 0.620647 -0.990846
-1.395874 0.620647 -0.990846
-1.293946 0.620647 -1.092773
-1.293946 0.620647 -0.990846
-1.192019 0.620647 -0.990846
-1.090092 0.620647 -0.990846
-0.988164 0.620647 -0.990846
-0.886237 0.620647 -0.990846
-1.192019 0.722575 -0.990846
-1.090092 0.722575 -0.990846
-0.988164 0.722575 -0.990846
-0.580455 -0.908262 -0.990846
-0.478528 -0.908262 -0.990846
-0.580455 -0.806335 -0.990846
-0.478528 -0.806335 -0.990846
-0.580455 -0.908262 -0.888918
-0.478528 -0.908262 -0.888918
-0.580455 -0.806335 -0.888918
-0.478528 -0.806335 -0.888918
-0.886237 -0.704408 -0.888918
-0.784310 -0.704408 -0.888918
-0.886237 -0.602480 -0.888918
-0.784310 -0.602480 -0.888918
-0.682382 -0.704408 -0.888918
-0.682382 -0.602480 -0.888918
-0.580455 -0.704408 -0.990846
-0.580455 -0.602480 -0.990846
-0.580455 -0.704408 -0.888918
-0.580455 -0.602480 -0.888918
-0.886237 -0.500553 -0.888918
-0.784310 -0.500553 -0.888918
-0.682382 -0.500553 -0.888918
-1.293946 -0.194771 -0.990846
-1.293946 -0.092844 -0.990846
-1.293946 -0.194771 -0.888918
-1.192019 -0.194771 -0.888918
-1.293946 -0.092844 -0.888918
-1.192019 -0.092844 -0.888918
-1.090092 -0.194771 -0.888918
-1.090092 -0.092844 -0.888918
-1.293946 0.009084 -0.990846
-1.192019 0.009084 -0.990846
-1.293946 0.009084 -0.888918
-1.192019 0.009084 -0.888918
-1.090092 0.009084 -0.990846
-1.090092 0.009084 -0.888918
-1.293946 0.111011 -0.990846
-1.192019 0.111011 -0.990846
-1.293946 0.111011 -0.888918
-1.192019 0.111011 -0.888918
-1.090092 0.111011 -0.990846
-1.090092 0.111011 -0.888918
-0.886237 0.314866 -0.990846
-0.886237 0.314866 -0.888918
-0.784310 0.314866 -0.888918
-0.886237 0.416793 -0.888918
-0.784310 0.416793 -0.888918
-0.682382 0.314866 -0.888918
-0.682382 0.416793 -0.888918
-1.293946 0.416793 -0.888918
-1.192019 0.416793 -0.888918
-1.293946 0.518720 -0.888918
-1.192019 0.518720 -0.888918
-1.090092 0.416793 -0.888918
-1.090092 0.518720 -0.888918
-0.988164 0.416793 -0.888918
-0.988164 0.518720 -0.888918
-0.886237 0.518720 -0.888918
-0.784310 0.518720 -0.990846
-0.682382 0.518720 -0.990846
-0.784310 0.518720 -0.888918
-0.682382 0.518720 -0.888918
-1.497801 0.518720 -0.888918
-1.395874 0.518720 -0.888918
-1.497801 0.620647 -0.888918
-1.395874 0.620647 -0.888918
-1.293946 0.620647 -0.888918
-1.192019 0.620647 -0.888918
-1.090092 0.620647 -0.888918
-0.988164 0.620647 -0.888918
-0.886237 0.620647 -0.888918
-1.090092 0.722575 -0.888918
-0.988164 0.722575 -0.888918
-0.580455 -0.908262 -0.786991
-0.478528 -0.908262 -0.786991
-0.580455 -0.806335 -0.786991
-0.478528 -0.806335 -0.786991
-0.784310 -0.806335 -0.888918
-0.682382 -0.806335 -0.888918
-0.784310 -0.806335 -0.786991
-0.682382 -0.806335 -0.786991
-0.784310 -0.704408 -0.786991
-0.682382 -0.704408 -0.786991
-0.580455 -0.704408 -0.786991
-0.478528 -0.704408 -0.888918
-0.478528 -0.704408 -0.786991
-0.784310 -0.602480 -0.786991
-0.682382 -0.602480 -0.786991
-0.580455 -0.602480 -0.786991
-1.293946 -0.092844 -0.786991
-1.192019 -0.092844 -0.786991
-1.293946 0.009084 -0.786991
-1.192019 0.009084 -0.786991
-1.090092 -0.092844 -0.786991
-1.090092 0.009084 -0.786991
-1.293946 0.111011 -0.786991
-1.192019 0.111011 -0.786991
-1.090092 0.111011 -0.786991
-1.293946 0.212938 -0.888918
-1.192019 0.212938 -0.888918
-1.293946 0.212938 -0.786991
-1.192019 0.212938 -0.786991
-1.090092 0.212938 -0.888918
-1.090092 0.212938 -0.786991
-0.886237 0.314866 -0.786991
-0.784310 0.314866 -0.786991
-0.886237 0.416793 -0.786991
-0.784310 0.416793 -0.786991
-0.682382 0.314866 -0.786991
-0.682382 0.416793 -0.786991
-1.090092 0.416793 -0.786991
-0.988164 0.416793 -0.786991
-1.090092 0.518720 -0.786991
-0.988164 0.518720 -0.786991
-0.886237 0.518720 -0.786991
-0.784310 0.518720 -0.786991
-0.682382 0.518720 -0.786991
-1.090092 0.620647 -0.786991
-0.988164 0.620647 -0.786991
-0.886237 0.620647 -0.786991
-0.784310 0.620647 -0.888918
-0.784310 0.620647 -0.786991
-1.192019 1.028357 -0.888918
-1.090092 1.028357 -0.888918
-1.192019 1.130284 -0.888918
-1.090092 1.130284 -0.888918
-1.192019 1.028357 -0.786991
-1.090092 1.028357 -0.786991
-1.192019 1.130284 -0.786991
-1.090092 1.130284 -0.786991
-0.988164 1.028357 -0.888918
-0.988164 1.130284 -0.888918
-0.988164 1.028357 -0.786991
-0.988164 1.130284 -0.786991
-0.886237 1.028357 -0.888918
-0.886237 1.130284 -0.888918
-0.886237 1.028357 -0.786991
-0.886237 1.130284 -0.786991
-1.192019 1.232211 -0.888918
-1.090092 1.232211 -0.888918
-1.192019 1.232211 -0.786991
-1.090092 1.232211 -0.786991
-0.988164 1.232211 -0.888918
-0.988164 1.232211 -0.786991
-0.886237 1.232211 -0.888918
-0.886237 1.232211 -0.786991
-0.070818 -1.214044 -0.786991
0.031109 -1.214044 -0.786991
-0.070818 -1.112117 -0.786991
0.031109 -1.112117 -0.786991
-0.070818 -1.214044 -0.685064
0.031109 -1.214044 -0.685064
-0.070818 -1.112117 -0.685064
0.031109 -1.112117 -0.685064
0.133036 -1.214044 -0.786991
0.133036 -1.112117 -0.786991
0.133036 -1.214044 -0.685064
0.133036 -1.112117 -0.685064
-0.784310 -0.806335 -0.685064
-0.682382 -0.806335 -0.685064
-0.784310 -0.704408 -0.685064
-0.682382 -0.704408 -0.685064
-0.580455 -0.806335 -0.685064
-0.580455 -0.704408 -0.685064
-0.478528 -0.806335 -0.685064
-0.478528 -0.704408 -0.685064
-0.784310 -0.602480 -0.685064
-0.682382 -0.602480 -0.685064
-0.580455 -0.602480 -0.685064
-0.478528 -0.602480 -0.786991
-0.478528 -0.602480 -0.685064
-1.293946 -0.194771 -0.786991
-1.192019 -0.194771 -0.786991
-1.293946 -0.194771 -0.685064
-1.192019 -0.194771 -0.685064
-1.293946 -0.092844 -0.685064
-1.192019 -0.092844 -0.685064
-1.293946 0.009084 -0.685064
-1.192019 0.009084 -0.685064
-1.293946 0.111011 -0.685064
-1.192019 0.111011 -0.685064
-1.090092 0.009084 -0.685064
-1.090092 0.111011 -0.685064
-0.988164 0.009084 -0.786991
-0.988164 0.111011 -0.786991
-0.988164 0.009084 -0.685064
-0.988164 0.111011 -0.685064
-1.293946 0.212938 -0.685064
-1.192019 0.212938 -0.685064
-1.090092 0.212938 -0.685064
-0.988164 0.212938 -0.786991
-0.988164 0.212938 -0.685064
-0.376600 0.111011 -0.786991
-0.274673 0.111011 -0.786991
-0.376600 0.212938 -0.786991
-0.274673 0.212938 -0.786991
-0.376600 0.111011 -0.685064
-0.274673 0.111011 -0.685064
-0.376600 0.212938 -0.685064
-0.274673 0.212938 -0.685064
-1.293946 0.314866 -0.786991
-1.192019 0.314866 -0.786991
-1.293946 0.314866 -0.685064
-1.192019 0.314866 -0.685064
-1.090092 0.314866 -0.786991
-1.090092 0.314866 -0.685064
-0.988164 0.314866 -0.786991
-0.988164 0.314866 -0.685064
-0.376600 0.314866 -0.786991
-0.274673 0.314866 -0.786991
-0.376600 0.314866 -0.685064
-0.274673 0.314866 -0.685064
-1.192019 0.416793 -0.786991
-1.192019 0.416793 -0.685064
-1.090092 0.416793 -0.685064
-0.988164 0.416793 -0.685064
-0.886237 0.314866 -0.685064
-0.886237 0.416793 -0.685064
-0.784310 0.314866 -0.685064
-0.784310 0.416793 -0.685064
-0.682382 0.314866 -0.685064
-0.682382 0.416793 -0.685064
-0.376600 0.416793 -0.786991
-0.274673 0.416793 -0.786991
-0.376600 0.416793 -0.685064
-0.274673 0.416793 -0.685064
-1.090092 0.518720 -0.685064
-0.988164 0.518720 -0.685064
-0.886237 0.518720 -0.685064
-0.784310 0.518720 -0.685064
-0.682382 0.518720 -0.685064
-1.192019 0.518720 -0.786991
-1.192019 0.620647 -0.786991
-1.192019 0.518720 -0.685064
-1.192019 0.620647 -0.685064
-1.090092 0.620647 -0.685064
-0.988164 0.620647 -0.685064
-0.886237 0.620647 -0.685064
-0.784310 0.620647 -0.685064
-0.682382 0.620647 -0.786991
-0.682382 0.620647 -0.685064
-0.988164 0.926430 -0.786991
-0.886237 0.926430 -0.786991
-0.988164 0.926430 -0.685064
-0.886237 0.926430 -0.685064
-0.988164 1.028357 -0.685064
-0.886237 1.028357 -0.685064
-1.293946 1.028357 -0.786991
-1.293946 1.130284 -0.786991
-1.293946 1.028357 -0.685064
-1.192019 1.028357 -0.685064
-1.293946 1.130284 -0.685064
-1.192019 1.130284 -0.685064
-1.090092 1.028357 -0.685064
-1.090092 1.130284 -0.685064
-0.988164 1.130284 -0.685064
-0.886237 1.130284 -0.685064
-1.293946 1.232211 -0.786991
-1.293946 1.232211 -0.685064
-1.192019 1.232211 -0.685064
-1.090092 1.232211 -0.685064
-0.988164 1.232211 -0.685064
-0.886237 1.232211 -0.685064
-0.070818 -1.214044 -0.583136
0.031109 -1.214044 -0.583136
-0.070818 -1.112117 -0.583136
0.031109 -1.112117 -0.583136
0.133036 -1.214044 -0.583136
0.133036 -1.112117 -0.583136
-0.172746 -1.112117 -0.685064
-0.172746 -1.010190 -0.685064
-0.070818 -1.010190 -0.685064
-0.172746 -1.112117 -0.583136
-0.172746 -1.010190 -0.583136
-0.070818 -1.010190 -0.583136
0.031109 -1.010190 -0.685064
0.031109 -1.010190 -0.583136
-0.682382 -0.806335 -0.583136
-0.580455 -0.806335 -0.583136
-0.682382 -0.704408 -0.583136
-0.580455 -0.704408 -0.583136
-0.478528 -0.806335 -0.583136
-0.478528 -0.704408 -0.583136
-0.682382 -0.602480 -0.583136
-0.580455 -0.602480 -0.583136
-0.478528 -0.602480 -0.583136
-0.376600 0.009084 -0.685064
-0.274673 0.009084 -0.685064
-0.376600 0.009084 -0.583136
-0.274673 0.009084 -0.583136
-0.376600 0.111011 -0.583136
-0.274673 0.111011 -0.583136
-0.478528 0.111011 -0.685064
-0.478528 0.212938 -0.685064
-0.478528 0.111011 -0.583136
-0.478528 0.212938 -0.583136
-0.376600 0.212938 -0.583136
-0.274673 0.212938 -0.583136
-1.192019 0.212938 -0.583136
-1.090092 0.212938 -0.583136
-1.192019 0.314866 -0.583136
-1.090092 0.314866 -0.583136
-0.988164 0.212938 -0.583136
-0.988164 0.314866 -0.583136
-0.376600 0.314866 -0.583136
-0.274673 0.314866 -0.583136
-1.192019 0.416793 -0.583136
-1.090092 0.416793 -0.583136
-0.988164 0.416793 -0.583136
-0.886237 0.314866 -0.583136
-0.886237 0.416793 -0.583136
-0.784310 0.314866 -0.583136
-0.784310 0.416793 -0.583136
-0.682382 0.314866 -0.583136
-0.682382 0.416793 -0.583136
-0.376600 0.416793 -0.583136
-0.274673 0.416793 -0.583136
-1.090092 0.518720 -0.583136
-0.988164 0.518720 -0.583136
-0.886237 0.518720 -0.583136
-0.784310 0.518720 -0.583136
-0.682382 0.518720 -0.583136
-1.497801 0.518720 -0.685064
-1.395874 0.518720 -0.685064
-1.497801 0.620647 -0.685064
-1.395874 0.620647 -0.685064
-1.497801 0.518720 -0.583136
-1.395874 0.518720 -0.583136
-1.497801 0.620647 -0.583136
-1.395874 0.620647 -0.583136
-1.293946 0.518720 -0.685064
-1.293946 0.620647 -0.685064
-1.293946 0.518720 -0.583136
-1.293946 0.620647 -0.583136
-1.192019 0.518720 -0.583136
-1.192019 0.620647 -0.583136
-1.090092 0.620647 -0.583136
-0.988164 0.620647 -0.583136
-0.886237 0.620647 -0.583136
-0.784310 0.620647 -0.583136
-0.682382 0.620647 -0.583136
-1.497801 0.722575 -0.685064
-1.395874 0.722575 -0.685064
-1.497801 0.722575 -0.583136
-1.395874 0.722575 -0.583136
-1.293946 0.722575 -0.685064
-1.293946 0.722575 -0.583136
-1.192019 0.722575 -0.685064
-1.192019 0.722575 -0.583136
-1.090092 0.722575 -0.685064
-1.090092 0.722575 -0.583136
-0.988164 0.824502 -0.685064
-0.886237 0.824502 -0.685064
-0.988164 0.824502 -0.583136
-0.886237 0.824502 -0.583136
-0.988164 0.926430 -0.583136
-0.886237 0.926430 -0.583136
-0.784310 0.824502 -0.685064
-0.784310 0.926430 -0.685064
-0.784310 0.824502 -0.583136
-0.784310 0.926430 -0.583136
-1.090092 0.926430 -0.685064
-1.090092 0.926430 -0.583136
-1.090092 1.028357 -0.583136
-0.988164 1.028357 -0.583136
-0.886237 1.028357 -0.583136
-0.784310 1.028357 -0.685064
-0.784310 1.028357 -0.583136
-1.293946 1.028357 -0.583136
-1.192019 1.028357 -0.583136
-1.293946 1.130284 -0.583136
-1.192019 1.130284 -0.583136
-1.090092 1.130284 -0.583136
-0.988164 1.130284 -0.583136
-0.886237 1.130284 -0.583136
-0.784310 1.130284 -0.685064
-0.784310 1.130284 -0.583136
-1.293946 1.232211 -0.583136
-1.192019 1.232211 -0.583136
-1.090092 1.232211 -0.583136
-0.988164 1.232211 -0.583136
-0.886237 1.232211 -0.583136
-1.192019 1.334139 -0.685064
-1.090092 1.334139 -0.685064
-1.192019 1.334139 -0.583136
-1.090092 1.334139 -0.583136
-0.988164 1.334139 -0.685064
-0.988164 1.334139 -0.583136
-1.192019 1.436066 -0.685064
-1.090092 1.436066 -0.685064
-1.192019 1.436066 -0.583136
-1.090092 1.436066 -0.583136
-0.172746 -1.112117 -0.481209
-0.070818 -1.112117 -0.481209
-0.172746 -1.010190 -0.481209
-0.070818 -1.010190 -0.481209
0.031109 -1.112117 -0.481209
0.031109 -1.010190 -0.481209
-0.172746 -0.908262 -0.583136
-0.070818 -0.908262 -0.583136
-0.172746 -0.908262 -0.481209
-0.070818 -0.908262 -0.481209
0.031109 -0.908262 -0.583136
0.031109 -0.908262 -0.481209
-0.682382 -0.806335 -0.481209
-0.580455 -0.806335 -0.481209
-0.682382 -0.704408 -0.481209
-0.580455 -0.704408 -0.481209
-0.478528 -0.806335 -0.481209
-0.478528 -0.704408 -0.481209
-0.682382 -0.602480 -0.481209
-0.580455 -0.602480 -0.481209
-0.478528 -0.602480 -0.481209
-0.478528 0.111011 -0.481209
-0.376600 0.111011 -0.481209
-0.478528 0.212938 -0.481209
-0.376600 0.212938 -0.481209
-0.274673 0.111011 -0.481209
-0.274673 0.212938 -0.481209
-0.478528 0.314866 -0.583136
-0.478528 0.314866 -0.481209
-0.376600 0.314866 -0.481209
-0.274673 0.314866 -0.481209
-1.090092 0.314866 -0.481209
-0.988164 0.314866 -0.481209
-1.090092 0.416793 -0.481209
-0.988164 0.416793 -0.481209
-0.886237 0.314866 -0.481209
-0.886237 0.416793 -0.481209
-0.784310 0.314866 -0.481209
-0.784310 0.416793 -0.481209
-0.682382 0.314866 -0.481209
-0.682382 0.416793 -0.481209
-0.376600 0.416793 -0.481209
-0.274673 0.416793 -0.481209
-0.172746 0.314866 -0.583136
-0.172746 0.416793 -0.583136
-0.172746 0.314866 -0.481209
-0.172746 0.416793 -0.481209
-1.395874 0.416793 -0.583136
-1.293946 0.416793 -0.583136
-1.395874 0.416793 -0.481209
-1.293946 0.416793 -0.481209
-1.395874 0.518720 -0.481209
-1.293946 0.518720 -0.481209
-1.192019 0.416793 -0.481209
-1.192019 0.518720 -0.481209
-1.090092 0.518720 -0.481209
-0.988164 0.518720 -0.481209
-0.886237 0.518720 -0.481209
-0.784310 0.518720 -0.481209
-0.682382 0.518720 -0.481209
-0.580455 0.416793 -0.583136
-0.580455 0.518720 -0.583136
-0.580455 0.416793 -0.481209
-0.580455 0.518720 -0.481209
-0.988164 0.620647 -0.481209
-0.886237 0.620647 -0.481209
-0.784310 0.620647 -0.481209
-0.682382 0.620647 -0.481209
-0.580455 0.620647 -0.583136
-0.580455 0.620647 -0.481209
-0.886237 0.722575 -0.583136
-0.784310 0.722575 -0.583136
-0.886237 0.722575 -0.481209
-0.784310 0.722575 -0.481209
-0.886237 0.824502 -0.481209
-0.784310 0.824502 -0.481209
-0.682382 0.722575 -0.583136
-0.682382 0.824502 -0.583136
-0.682382 0.722575 -0.481209
-0.682382 0.824502 -0.481209
-0.580455 0.722575 -0.583136
-0.580455 0.824502 -0.583136
-0.580455 0.722575 -0.481209
-0.580455 0.824502 -0.481209
-0.988164 0.824502 -0.481209
-0.988164 0.926430 -0.481209
-0.886237 0.926430 -0.481209
-0.784310 0.926430 -0.481209
-0.682382 0.926430 -0.583136
-0.682382 0.926430 -0.481209
-0.580455 0.926430 -0.583136
-0.580455 0.926430 -0.481209
-1.090092 0.926430 -0.481209
-1.090092 1.028357 -0.481209
-0.988164 1.028357 -0.481209
-0.886237 1.028357 -0.481209
-0.784310 1.028357 -0.481209
-0.682382 1.028357 -0.583136
-0.682382 1.028357 -0.481209
-1.090092 1.130284 -0.481209
-0.988164 1.130284 -0.481209
-0.886237 1.130284 -0.481209
-0.784310 1.130284 -0.481209
-1.192019 1.130284 -0.481209
-1.192019 1.232211 -0.481209
-1.090092 1.232211 -0.481209
-0.988164 1.232211 -0.481209
-1.192019 1.334139 -0.481209
-1.090092 1.334139 -0.481209
-0.988164 1.334139 -0.481209
-1.192019 1.436066 -0.481209
-1.090092 1.436066 -0.481209
-0.172746 -1.112117 -0.379282
-0.070818 -1.112117 -0.379282
-0.172746 -1.010190 -0.379282
-0.070818 -1.010190 -0.379282
0.031109 -1.112117 -0.379282
0.031109 -1.010190 -0.379282
-0.172746 -0.908262 -0.379282
-0.070818 -0.908262 -0.379282
0.031109 -0.908262 -0.379282
-0.682382 -0.908262 -0.481209
-0.580455 -0.908262 -0.481209
-0.682382 -0.908262 -0.379282
-0.580455 -0.908262 -0.379282
-0.682382 -0.806335 -0.379282
-0.580455 -0.806335 -0.379282
-0.478528 -0.908262 -0.481209
-0.478528 -0.908262 -0.379282
-0.478528 -0.806335 -0.379282
-0.682382 -0.704408 -0.379282
-0.580455 -0.704408 -0.379282
-0.478528 -0.704408 -0.379282
-0.682382 -0.602480 -0.379282
-0.580455 -0.602480 -0.379282
-0.478528 -0.602480 -0.379282
-0.376600 -0.704408 -0.481209
-0.376600 -0.602480 -0.481209
-0.376600 -0.704408 -0.379282
-0.376600 -0.602480 -0.379282
-0.580455 -0.500553 -0.481209
-0.478528 -0.500553 -0.481209
-0.580455 -0.500553 -0.379282
-0.478528 -0.500553 -0.379282
-0.376600 -0.500553 -0.481209
-0.376600 -0.500553 -0.379282
-0.988164 0.111011 -0.481209
-0.886237 0.111011 -0.481209
-0.988164 0.212938 -0.481209
-0.886237 0.212938 -0.481209
-0.988164 0.111011 -0.379282
-0.886237 0.111011 -0.379282
-0.988164 0.212938 -0.379282
-0.886237 0.212938 -0.379282
-0.784310 0.111011 -0.481209
-0.784310 0.212938 -0.481209
-0.784310 0.111011 -0.379282
-0.784310 0.212938 -0.379282
-0.478528 0.111011 -0.379282
-0.376600 0.111011 -0.379282
-0.478528 0.212938 -0.379282
-0.376600 0.212938 -0.379282
-0.274673 0.111011 -0.379282
-0.274673 0.212938 -0.379282
-0.478528 0.314866 -0.379282
-0.376600 0.314866 -0.379282
-0.274673 0.314866 -0.379282
-0.172746 0.212938 -0.481209
-0.172746 0.212938 -0.379282
-0.172746 0.314866 -0.379282
-0.886237 0.314866 -0.379282
-0.784310 0.314866 -0.379282
-0.886237 0.416793 -0.379282
-0.784310 0.416793 -0.379282
-0.682382 0.314866 -0.379282
-0.682382 0.416793 -0.379282
-0.376600 0.416793 -0.379282
-0.274673 0.416793 -0.379282
-0.172746 0.416793 -0.379282
-1.293946 0.416793 -0.379282
-1.192019 0.416793 -0.379282
-1.293946 0.518720 -0.379282
-1.192019 0.518720 -0.379282
-1.090092 0.416793 -0.379282
-1.090092 0.518720 -0.379282
-0.988164 0.416793 -0.379282
-0.988164 0.518720 -0.379282
-0.886237 0.518720 -0.379282
-0.784310 0.518720 -0.379282
-0.682382 0.518720 -0.379282
-0.580455 0.416793 -0.379282
-0.580455 0.518720 -0.379282
-1.192019 0.620647 -0.481209
-1.090092 0.620647 -0.481209
-1.192019 0.620647 -0.379282
-1.090092 0.620647 -0.379282
-0.988164 0.620647 -0.379282
-0.886237 0.620647 -0.379282
-0.784310 0.620647 -0.379282
-0.682382 0.620647 -0.379282
-0.580455 0.620647 -0.379282
-0.478528 0.518720 -0.481209
-0.478528 0.620647 -0.481209
-0.478528 0.518720 -0.379282
-0.478528 0.620647 -0.379282
-0.784310 0.722575 -0.379282
-0.682382 0.722575 -0.379282
-0.580455 0.722575 -0.379282
-0.478528 0.722575 -0.481209
-0.478528 0.722575 -0.379282
-0.886237 0.722575 -0.379282
-0.886237 0.824502 -0.379282
-0.784310 0.824502 -0.379282
-0.682382 0.824502 -0.379282
-0.580455 0.824502 -0.379282
-0.478528 0.824502 -0.481209
-0.478528 0.824502 -0.379282
-0.988164 0.824502 -0.379282
-0.988164 0.926430 -0.379282
-0.886237 0.926430 -0.379282
-0.784310 0.926430 -0.379282
-0.682382 0.926430 -0.379282
-0.580455 0.926430 -0.379282
-0.478528 0.926430 -0.481209
-0.478528 0.926430 -0.379282
-0.988164 1.028357 -0.379282
-0.886237 1.028357 -0.379282
-0.784310 1.028357 -0.379282
-0.682382 1.028357 -0.379282
-1.293946 1.232211 -0.481209
-1.293946 1.334139 -0.481209
-1.293946 1.232211 -0.379282
-1.192019 1.232211 -0.379282
-1.293946 1.334139 -0.379282
-1.192019 1.334139 -0.379282
-1.090092 1.232211 -0.379282
-1.090092 1.334139 -0.379282
-0.988164 1.232211 -0.379282
-0.988164 1.334139 -0.379282
-0.886237 1.232211 -0.481209
-0.784310 1.232211 -0.481209
-0.886237 1.334139 -0.481209
-0.784310 1.334139 -0.481209
-0.886237 1.232211 -0.379282
-0.784310 1.232211 -0.379282
-0.886237 1.334139 -0.379282
-0.784310 1.334139 -0.379282
-0.682382 1.232211 -0.481209
-0.682382 1.334139 -0.481209
-0.682382 1.232211 -0.379282
-0.682382 1.334139 -0.379282
-1.192019 1.436066 -0.379282
-1.090092 1.436066 -0.379282
-0.988164 1.436066 -0.481209
-0.988164 1.436066 -0.379282
-0.886237 1.436066 -0.481209
-0.784310 1.436066 -0.481209
-0.886237 1.436066 -0.379282
-0.784310 1.436066 -0.379282
-0.274673 -1.214044 -0.379282
-0.172746 -1.214044 -0.379282
-0.274673 -1.112117 -0.379282
-0.274673 -1.214044 -0.277354
-0.172746 -1.214044 -0.277354
-0.274673 -1.112117 -0.277354
-0.172746 -1.112117 -0.277354
-0.070818 -1.214044 -0.379282
-0.070818 -1.214044 -0.277354
-0.070818 -1.112117 -0.277354
-0.274673 -1.010190 -0.379282
-0.274673 -1.010190 -0.277354
-0.172746 -1.010190 -0.277354
-0.070818 -1.010190 -0.277354
0.031109 -1.112117 -0.277354
0.031109 -1.010190 -0.277354
-0.172746 -0.908262 -0.277354
-0.070818 -0.908262 -0.277354
0.031109 -0.908262 -0.277354
-0.682382 -0.908262 -0.277354
-0.580455 -0.908262 -0.277354
-0.682382 -0.806335 -0.277354
-0.580455 -0.806335 -0.277354
-0.682382 -0.704408 -0.277354
-0.580455 -0.704408 -0.277354
-0.478528 -0.806335 -0.277354
-0.478528 -0.704408 -0.277354
-0.886237 -0.704408 -0.379282
-0.784310 -0.704408 -0.379282
-0.886237 -0.602480 -0.379282
-0.784310 -0.602480 -0.379282
-0.886237 -0.704408 -0.277354
-0.784310 -0.704408 -0.277354
-0.886237 -0.602480 -0.277354
-0.784310 -0.602480 -0.277354
-0.682382 -0.602480 -0.277354
-0.580455 -0.602480 -0.277354
-0.478528 -0.602480 -0.277354
-0.376600 -0.704408 -0.277354
-0.376600 -0.602480 -0.277354
-0.886237 -0.500553 -0.379282
-0.784310 -0.500553 -0.379282
-0.886237 -0.500553 -0.277354
-0.784310 -0.500553 -0.277354
-0.682382 -0.500553 -0.379282
-0.682382 -0.500553 -0.277354
-0.580455 -0.500553 -0.277354
-0.478528 -0.500553 -0.277354
-0.376600 -0.500553 -0.277354
-1.090092 -0.398626 -0.379282
-0.988164 -0.398626 -0.379282
-1.090092 -0.296698 -0.379282
-0.988164 -0.296698 -0.379282
-1.090092 -0.398626 -0.277354
-0.988164 -0.398626 -0.277354
-1.090092 -0.296698 -0.277354
-0.988164 -0.296698 -0.277354
-0.988164 0.111011 -0.277354
-0.886237 0.111011 -0.277354
-0.988164 0.212938 -0.277354
-0.886237 0.212938 -0.277354
-0.784310 0.111011 -0.277354
-0.784310 0.212938 -0.277354
-0.682382 0.111011 -0.379282
-0.682382 0.212938 -0.379282
-0.682382 0.111011 -0.277354
-0.682382 0.212938 -0.277354
-0.580455 0.111011 -0.379282
-0.580455 0.212938 -0.379282
-0.580455 0.111011 -0.277354
-0.580455 0.212938 -0.277354
-0.478528 0.111011 -0.277354
-0.376600 0.111011 -0.277354
-0.478528 0.212938 -0.277354
-0.376600 0.212938 -0.277354
-0.274673 0.111011 -0.277354
-0.274673 0.212938 -0.277354
-0.784310 0.314866 -0.277354
-0.682382 0.314866 -0.277354
-0.580455 0.314866 -0.379282
-0.580455 0.314866 -0.277354
-0.478528 0.314866 -0.277354
-0.376600 0.314866 -0.277354
-0.274673 0.314866 -0.277354
-1.599728 0.314866 -0.379282
-1.497801 0.314866 -0.379282
-1.599728 0.416793 -0.379282
-1.497801 0.416793 -0.379282
-1.599728 0.314866 -0.277354
-1.497801 0.314866 -0.277354
-1.599728 0.416793 -0.277354
-1.497801 0.416793 -0.277354
-1.395874 0.314866 -0.379282
-1.395874 0.416793 -0.379282
-1.395874 0.314866 -0.277354
-1.395874 0.416793 -0.277354
-1.293946 0.314866 -0.379282
-1.293946 0.314866 -0.277354
-1.293946 0.416793 -0.277354
-0.478528 0.416793 -0.379282
-0.478528 0.416793 -0.277354
-0.376600 0.416793 -0.277354
-0.274673 0.416793 -0.277354
-1.395874 0.518720 -0.379282
-1.395874 0.518720 -0.277354
-1.293946 0.518720 -0.277354
-1.192019 0.416793 -0.277354
-1.192019 0.518720 -0.277354
-1.090092 0.416793 -0.277354
-1.090092 0.518720 -0.277354
-0.988164 0.416793 -0.277354
-0.988164 0.518720 -0.277354
-0.886237 0.416793 -0.277354
-0.886237 0.518720 -0.277354
-0.784310 0.416793 -0.277354
-0.784310 0.518720 -0.277354
-0.682382 0.416793 -0.277354
-0.682382 0.518720 -0.277354
-0.580455 0.416793 -0.277354
-0.580455 0.518720 -0.277354
-0.478528 0.518720 -0.277354
-0.376600 0.518720 -0.379282
-0.376600 0.518720 -0.277354
-1.192019 0.620647 -0.277354
-1.090092 0.620647 -0.277354
-0.988164 0.620647 -0.277354
-0.886237 0.620647 -0.277354
-0.784310 0.620647 -0.277354
-0.682382 0.620647 -0.277354
-0.580455 0.620647 -0.277354
-0.478528 0.620647 -0.277354
-0.376600 0.620647 -0.379282
-0.376600 0.620647 -0.277354
-0.784310 0.722575 -0.277354
-0.682382 0.722575 -0.277354
-0.580455 0.722575 -0.277354
-0.478528 0.722575 -0.277354
-0.376600 0.722575 -0.379282
-0.376600 0.722575 -0.277354
-0.886237 0.722575 -0.277354
-0.886237 0.824502 -0.277354
-0.784310 0.824502 -0.277354
-0.682382 0.824502 -0.277354
-0.580455 0.824502 -0.277354
-0.478528 0.824502 -0.277354
-0.886237 0.926430 -0.277354
-0.784310 0.926430 -0.277354
-0.682382 0.926430 -0.277354
-0.580455 0.926430 -0.277354
-0.478528 0.926430 -0.277354
-0.784310 1.028357 -0.277354
-0.682382 1.028357 -0.277354
-1.293946 1.130284 -0.379282
-1.192019 1.130284 -0.379282
-1.293946 1.130284 -0.277354
-1.192019 1.130284 -0.277354
-1.293946 1.232211 -0.277354
-1.192019 1.232211 -0.277354
-1.395874 1.232211 -0.379282
-1.395874 1.334139 -0.379282
-1.395874 1.232211 -0.277354
-1.395874 1.334139 -0.277354
-1.293946 1.334139 -0.277354
-1.192019 1.334139 -0.277354
-1.090092 1.232211 -0.277354
-1.090092 1.334139 -0.277354
-0.886237 1.232211 -0.277354
-0.784310 1.232211 -0.277354
-0.886237 1.334139 -0.277354
-0.784310 1.334139 -0.277354
-0.682382 1.232211 -0.277354
-0.682382 1.334139 -0.277354
-0.886237 1.436066 -0.277354
-0.784310 1.436066 -0.277354
-0.682382 1.436066 -0.379282
-0.682382 1.436066 -0.277354
-0.274673 -1.214044 -0.175427
-0.172746 -1.214044 -0.175427
-0.274673 -1.112117 -0.175427
-0.172746 -1.112117 -0.175427
-0.274673 -1.010190 -0.175427
-0.172746 -1.010190 -0.175427
-0.070818 -1.112117 -0.175427
-0.070818 -1.010190 -0.175427
-0.172746 -0.908262 -0.175427
-0.070818 -0.908262 -0.175427
0.031109 -1.010190 -0.175427
0.031109 -0.908262 -0.175427
-0.070818 -0.806335 -0.277354
0.031109 -0.806335 -0.277354
-0.070818 -0.806335 -0.175427
0.031109 -0.806335 -0.175427
-0.886237 -0.704408 -0.175427
-0.784310 -0.704408 -0.175427
-0.886237 -0.602480 -0.175427
-0.784310 -0.602480 -0.175427
-0.682382 -0.704408 -0.175427
-0.682382 -0.602480 -0.175427
-0.580455 -0.704408 -0.175427
-0.580455 -0.602480 -0.175427
-0.478528 -0.704408 -0.175427
-0.478528 -0.602480 -0.175427
-0.376600 -0.704408 -0.175427
-0.376600 -0.602480 -0.175427
0.031109 -0.704408 -0.277354
0.133036 -0.704408 -0.277354
0.031109 -0.602480 -0.277354
0.133036 -0.602480 -0.277354
0.031109 -0.704408 -0.175427
0.133036 -0.704408 -0.175427
0.031109 -0.602480 -0.175427
0.133036 -0.602480 -0.175427
0.234964 -0.704408 -0.277354
0.234964 -0.602480 -0.277354
0.234964 -0.704408 -0.175427
0.234964 -0.602480 -0.175427
-0.988164 -0.602480 -0.277354
-0.988164 -0.500553 -0.277354
-0.988164 -0.602480 -0.175427
-0.988164 -0.500553 -0.175427
-0.886237 -0.500553 -0.175427
-0.784310 -0.500553 -0.175427
-0.682382 -0.500553 -0.175427
-0.580455 -0.500553 -0.175427
-0.478528 -0.500553 -0.175427
-0.376600 -0.500553 -0.175427
-0.580455 -0.398626 -0.277354
-0.478528 -0.398626 -0.277354
-0.580455 -0.398626 -0.175427
-0.478528 -0.398626 -0.175427
-0.376600 -0.398626 -0.277354
-0.376600 -0.398626 -0.175427
-1.192019 -0.398626 -0.277354
-1.192019 -0.296698 -0.277354
-1.192019 -0.398626 -0.175427
-1.090092 -0.398626 -0.175427
-1.192019 -0.296698 -0.175427
-1.090092 -0.296698 -0.175427
-0.988164 -0.398626 -0.175427
-0.988164 -0.296698 -0.175427
-0.886237 -0.398626 -0.277354
-0.886237 -0.296698 -0.277354
-0.886237 -0.398626 -0.175427
-0.886237 -0.296698 -0.175427
-0.784310 -0.398626 -0.277354
-0.784310 -0.296698 -0.277354
-0.784310 -0.398626 -0.175427
-0.784310 -0.296698 -0.175427
-0.682382 -0.398626 -0.277354
-0.682382 -0.296698 -0.277354
-0.682382 -0.398626 -0.175427
-0.682382 -0.296698 -0.175427
-1.090092 -0.194771 -0.277354
-0.988164 -0.194771 -0.277354
-1.090092 -0.194771 -0.175427
-0.988164 -0.194771 -0.175427
-0.886237 -0.194771 -0.277354
-0.886237 -0.194771 -0.175427
-0.682382 0.212938 -0.175427
-0.580455 0.212938 -0.175427
-0.682382 0.314866 -0.175427
-0.580455 0.314866 -0.175427
-0.478528 0.212938 -0.175427
-0.478528 0.314866 -0.175427
-0.376600 0.212938 -0.175427
-0.376600 0.314866 -0.175427
-0.274673 0.212938 -0.175427
-0.274673 0.314866 -0.175427
-1.497801 0.314866 -0.175427
-1.395874 0.314866 -0.175427
-1.497801 0.416793 -0.175427
-1.395874 0.416793 -0.175427
-1.293946 0.314866 -0.175427
-1.293946 0.416793 -0.175427
-0.580455 0.416793 -0.175427
-0.478528 0.416793 -0.175427
-0.376600 0.416793 -0.175427
-0.274673 0.416793 -0.175427
-0.784310 0.416793 -0.175427
-0.682382 0.416793 -0.175427
-0.784310 0.518720 -0.175427
-0.682382 0.518720 -0.175427
-0.580455 0.518720 -0.175427
-0.478528 0.518720 -0.175427
-0.376600 0.518720 -0.175427
-0.274673 0.518720 -0.277354
-0.274673 0.518720 -0.175427
-0.886237 0.518720 -0.175427
-0.886237 0.620647 -0.175427
-0.784310 0.620647 -0.175427
-0.682382 0.620647 -0.175427
-0.580455 0.620647 -0.175427
-0.478528 0.620647 -0.175427
-0.376600 0.620647 -0.175427
-0.274673 0.620647 -0.277354
-0.274673 0.620647 -0.175427
-0.784310 0.722575 -0.175427
-0.682382 0.722575 -0.175427
-0.580455 0.722575 -0.175427
-0.478528 0.722575 -0.175427
-0.376600 0.722575 -0.175427
-0.682382 0.824502 -0.175427
-0.580455 0.824502 -0.175427
-0.478528 0.824502 -0.175427
-0.682382 1.130284 -0.277354
-0.580455 1.130284 -0.277354
-0.580455 1.232211 -0.277354
-0.682382 1.130284 -0.175427
-0.580455 1.130284 -0.175427
-0.682382 1.232211 -0.175427
-0.580455 1.232211 -0.175427
-1.395874 1.232211 -0.175427
-1.293946 1.232211 -0.175427
-1.395874 1.334139 -0.175427
-1.293946 1.334139 -0.175427
-1.192019 1.232211 -0.175427
-1.192019 1.334139 -0.175427
-0.988164 1.232211 -0.277354
-0.988164 1.334139 -0.277354
-0.988164 1.232211 -0.175427
-0.886237 1.232211 -0.175427
-0.988164 1.334139 -0.175427
-0.886237 1.334139 -0.175427
-0.784310 1.232211 -0.175427
-0.784310 1.334139 -0.175427
-0.682382 1.334139 -0.175427
-0.580455 1.334139 -0.277354
-0.580455 1.334139 -0.175427
-1.090092 1.436066 -0.277354
-0.988164 1.436066 -0.277354
-1.090092 1.334139 -0.175427
-1.090092 1.436066 -0.175427
-0.988164 1.436066 -0.175427
-0.886237 1.436066 -0.175427
-0.784310 1.436066 -0.175427
-0.682382 1.436066 -0.175427
-0.580455 1.436066 -0.277354
-0.580455 1.436066 -0.175427
-0.784310 -1.010190 -0.175427
-0.682382 -1.010190 -0.175427
-0.784310 -0.908262 -0.175427
-0.682382 -0.908262 -0.175427
-0.784310 -1.010190 -0.073500
-0.682382 -1.010190 -0.073500
-0.784310 -0.908262 -0.073500
-0.682382 -0.908262 -0.073500
-0.580455 -1.010190 -0.175427
-0.580455 -0.908262 -0.175427
-0.580455 -1.010190 -0.073500
-0.580455 -0.908262 -0.073500
-0.070818 -1.010190 -0.073500
0.031109 -1.010190 -0.073500
-0.070818 -0.908262 -0.073500
0.031109 -0.908262 -0.073500
-1.090092 -0.908262 -0.175427
-0.988164 -0.908262 -0.175427
-1.090092 -0.806335 -0.175427
-0.988164 -0.806335 -0.175427
-1.090092 -0.908262 -0.073500
-0.988164 -0.908262 -0.073500
-1.090092 -0.806335 -0.073500
-0.988164 -0.806335 -0.073500
-0.886237 -0.908262 -0.175427
-0.886237 -0.806335 -0.175427
-0.886237 -0.908262 -0.073500
-0.886237 -0.806335 -0.073500
-0.682382 -0.806335 -0.175427
-0.580455 -0.806335 -0.175427
-0.682382 -0.806335 -0.073500
-0.580455 -0.806335 -0.073500
-0.478528 -0.908262 -0.175427
-0.478528 -0.806335 -0.175427
-0.478528 -0.908262 -0.073500
-0.478528 -0.806335 -0.073500
-0.070818 -0.806335 -0.073500
0.031109 -0.806335 -0.073500
0.133036 -0.908262 -0.175427
0.133036 -0.806335 -0.175427
0.133036 -0.908262 -0.073500
0.133036 -0.806335 -0.073500
-1.090092 -0.704408 -0.175427
-0.988164 -0.704408 -0.175427
-1.090092 -0.704408 -0.073500
-0.988164 -0.704408 -0.073500
-0.886237 -0.704408 -0.073500
-0.682382 -0.704408 -0.073500
-0.580455 -0.704408 -0.073500
-0.478528 -0.704408 -0.073500
-0.070818 -0.704408 -0.175427
-0.070818 -0.704408 -0.073500
0.031109 -0.704408 -0.073500
0.133036 -0.704408 -0.073500
-0.580455 -0.602480 -0.073500
-0.478528 -0.602480 -0.073500
0.031109 -0.602480 -0.073500
0.133036 -0.602480 -0.073500
0.234964 -0.704408 -0.073500
0.234964 -0.602480 -0.073500
-0.580455 -0.500553 -0.073500
-0.478528 -0.500553 -0.073500
-0.376600 -0.602480 -0.073500
-0.376600 -0.500553 -0.073500
-0.274673 -0.602480 -0.175427
-0.274673 -0.500553 -0.175427
-0.274673 -0.602480 -0.073500
-0.274673 -0.500553 -0.073500
-0.784310 -0.500553 -0.073500
-0.682382 -0.500553 -0.073500
-0.784310 -0.398626 -0.073500
-0.682382 -0.398626 -0.073500
-0.580455 -0.398626 -0.073500
-0.478528 -0.398626 -0.073500
-0.376600 -0.398626 -0.073500
-0.274673 -0.398626 -0.175427
-0.274673 -0.398626 -0.073500
-1.090092 -0.398626 -0.073500
-0.988164 -0.398626 -0.073500
-1.090092 -0.296698 -0.073500
-0.988164 -0.296698 -0.073500
-0.886237 -0.398626 -0.073500
-0.886237 -0.296698 -0.073500
-0.784310 -0.296698 -0.073500
-0.682382 -0.296698 -0.073500
-0.580455 -0.296698 -0.175427
-0.580455 -0.296698 -0.073500
-0.478528 -0.296698 -0.175427
-0.478528 -0.296698 -0.073500
-0.376600 -0.296698 -0.175427
-0.376600 -0.296698 -0.073500
-0.274673 -0.296698 -0.175427
-0.274673 -0.296698 -0.073500
-1.395874 -0.296698 -0.175427
-1.293946 -0.296698 -0.175427
-1.395874 -0.194771 -0.175427
-1.293946 -0.194771 -0.175427
-1.395874 -0.296698 -0.073500
-1.293946 -0.296698 -0.073500
-1.395874 -0.194771 -0.073500
-1.293946 -0.194771 -0.073500
-1.192019 -0.194771 -0.175427
-1.192019 -0.296698 -0.073500
-1.192019 -0.194771 -0.073500
-1.090092 -0.194771 -0.073500
-0.988164 -0.194771 -0.073500
-1.395874 -0.092844 -0.175427
-1.293946 -0.092844 -0.175427
-1.395874 -0.092844 -0.073500
-1.293946 -0.092844 -0.073500
-1.192019 -0.092844 -0.175427
-1.192019 -0.092844 -0.073500
-1.090092 -0.092844 -0.175427
-1.090092 -0.092844 -0.073500
-0.580455 0.212938 -0.073500
-0.478528 0.212938 -0.073500
-0.580455 0.314866 -0.073500
-0.478528 0.314866 -0.073500
-0.376600 0.212938 -0.073500
-0.376600 0.314866 -0.073500
-0.274673 0.212938 -0.073500
-0.274673 0.314866 -0.073500
-0.580455 0.416793 -0.073500
-0.478528 0.416793 -0.073500
-0.376600 0.416793 -0.073500
-0.274673 0.416793 -0.073500
-0.682382 0.416793 -0.073500
-0.682382 0.518720 -0.073500
-0.580455 0.518720 -0.073500
-0.478528 0.518720 -0.073500
-0.376600 0.518720 -0.073500
-0.274673 0.518720 -0.073500
-0.172746 0.416793 -0.175427
-0.172746 0.518720 -0.175427
-0.172746 0.416793 -0.073500
-0.172746 0.518720 -0.073500
-0.682382 0.620647 -0.073500
-0.580455 0.620647 -0.073500
-0.478528 0.620647 -0.073500
-0.376600 0.620647 -0.073500
-0.274673 0.620647 -0.073500
-0.172746 0.620647 -0.175427
-0.172746 0.620647 -0.073500
-0.682382 0.722575 -0.073500
-0.580455 0.722575 -0.073500
-0.478528 0.722575 -0.073500
-0.376600 0.722575 -0.073500
-0.274673 0.722575 -0.175427
-0.274673 0.722575 -0.073500
-0.682382 1.028357 -0.175427
-0.580455 1.028357 -0.175427
-0.682382 1.028357 -0.073500
-0.580455 1.028357 -0.073500
-0.682382 1.130284 -0.073500
-0.580455 1.130284 -0.073500
-0.478528 1.028357 -0.175427
-0.478528 1.130284 -0.175427
-0.478528 1.028357 -0.073500
-0.478528 1.130284 -0.073500
-0.682382 1.232211 -0.073500
-0.580455 1.232211 -0.073500
-0.478528 1.232211 -0.175427
-0.478528 1.232211 -0.073500
-0.784310 1.232211 -0.073500
-0.784310 1.334139 -0.073500
-0.682382 1.334139 -0.073500
-0.580455 1.334139 -0.073500
-0.784310 1.436066 -0.073500
-0.682382 1.436066 -0.073500
-0.580455 1.436066 -0.073500
0.133036 -1.214044 -0.073500
0.234964 -1.214044 -0.073500
0.133036 -1.112117 -0.073500
0.234964 -1.112117 -0.073500
0.133036 -1.214044 0.028428
0.234964 -1.214044 0.028428
0.133036 -1.112117 0.028428
0.234964 -1.112117 0.028428
0.336891 -1.214044 -0.073500
0.336891 -1.112117 -0.073500
0.336891 -1.214044 0.028428
0.336891 -1.112117 0.028428
-1.090092 -0.908262 0.028428
-0.988164 -0.908262 0.028428
-1.090092 -0.806335 0.028428
-0.988164 -0.806335 0.028428
-0.886237 -0.908262 0.028428
-0.886237 -0.806335 0.028428
-0.682382 -0.908262 0.028428
-0.580455 -0.908262 0.028428
-0.682382 -0.806335 0.028428
-0.580455 -0.806335 0.028428
-0.478528 -0.908262 0.028428
-0.478528 -0.806335 0.028428
-0.070818 -0.908262 0.028428
0.031109 -0.908262 0.028428
-0.070818 -0.806335 0.028428
0.031109 -0.806335 0.028428
0.133036 -0.908262 0.028428
0.133036 -0.806335 0.028428
-1.090092 -0.704408 0.028428
-0.988164 -0.704408 0.028428
-0.886237 -0.704408 0.028428
-0.784310 -0.806335 -0.073500
-0.784310 -0.704408 -0.073500
-0.784310 -0.806335 0.028428
-0.784310 -0.704408 0.028428
-0.682382 -0.704408 0.028428
-0.580455 -0.704408 0.028428
-0.478528 -0.704408 0.028428
-0.070818 -0.704408 0.028428
0.031109 -0.704408 0.028428
0.133036 -0.704408 0.028428
0.234964 -0.806335 -0.073500
0.234964 -0.806335 0.028428
0.234964 -0.704408 0.028428
-0.886237 -0.602480 -0.073500
-0.784310 -0.602480 -0.073500
-0.886237 -0.602480 0.028428
-0.784310 -0.602480 0.028428
-0.682382 -0.602480 -0.073500
-0.682382 -0.602480 0.028428
-0.580455 -0.602480 0.028428
-0.478528 -0.602480 0.028428
-0.070818 -0.602480 -0.073500
-0.070818 -0.602480 0.028428
0.031109 -0.602480 0.028428
0.133036 -0.602480 0.028428
0.234964 -0.602480 0.028428
-0.886237 -0.500553 -0.073500
-0.886237 -0.500553 0.028428
-0.784310 -0.500553 0.028428
-0.682382 -0.500553 0.028428
-0.580455 -0.500553 0.028428
-0.478528 -0.500553 0.028428
-0.376600 -0.602480 0.028428
-0.376600 -0.500553 0.028428
-0.274673 -0.602480 0.028428
-0.274673 -0.500553 0.028428
-1.192019 -0.500553 -0.073500
-1.090092 -0.500553 -0.073500
-1.192019 -0.398626 -0.073500
-1.192019 -0.500553 0.028428
-1.090092 -0.500553 0.028428
-1.192019 -0.398626 0.028428
-1.090092 -0.398626 0.028428
-0.784310 -0.398626 0.028428
-0.682382 -0.398626 0.028428
-0.580455 -0.398626 0.028428
-0.478528 -0.398626 0.028428
-0.376600 -0.398626 0.028428
-0.274673 -0.398626 0.028428
-0.682382 -0.296698 0.028428
-0.580455 -0.296698 0.028428
-0.478528 -0.296698 0.028428
-0.376600 -0.296698 0.028428
-0.274673 -0.296698 0.028428
-0.172746 -0.398626 -0.073500
-0.172746 -0.296698 -0.073500
-0.172746 -0.398626 0.028428
-0.172746 -0.296698 0.028428
-1.395874 -0.296698 0.028428
-1.293946 -0.296698 0.028428
-1.395874 -0.194771 0.028428
-1.293946 -0.194771 0.028428
-0.478528 -0.194771 -0.073500
-0.376600 -0.194771 -0.073500
-0.478528 -0.194771 0.028428
-0.376600 -0.194771 0.028428
-0.274673 -0.194771 -0.073500
-0.274673 -0.194771 0.028428
-0.172746 -0.194771 -0.073500
-0.172746 -0.194771 0.028428
-1.395874 -0.092844 0.028428
-1.293946 -0.092844 0.028428
-1.192019 -0.194771 0.028428
-1.192019 -0.092844 0.028428
-0.478528 0.314866 0.028428
-0.376600 0.314866 0.028428
-0.478528 0.416793 0.028428
-0.376600 0.416793 0.028428
-0.274673 0.314866 0.028428
-0.274673 0.416793 0.028428
-0.172746 0.314866 -0.073500
-0.172746 0.314866 0.028428
-0.172746 0.416793 0.028428
-0.580455 0.416793 0.028428
-0.580455 0.518720 0.028428
-0.478528 0.518720 0.028428
-0.376600 0.518720 0.028428
-0.274673 0.518720 0.028428
-0.172746 0.518720 0.028428
-0.070818 0.416793 -0.073500
-0.070818 0.518720 -0.073500
-0.070818 0.416793 0.028428
-0.070818 0.518720 0.028428
-0.580455 0.620647 0.028428
-0.478528 0.620647 0.028428
-0.376600 0.620647 0.028428
-0.274673 0.620647 0.028428
-0.172746 0.620647 0.028428
-0.070818 0.620647 -0.073500
-0.070818 0.620647 0.028428
-0.580455 0.722575 0.028428
-0.478528 0.722575 0.028428
-0.376600 0.722575 0.028428
-0.274673 0.722575 0.028428
-0.172746 0.722575 -0.073500
-0.172746 0.722575 0.028428
-0.988164 0.722575 -0.073500
-0.886237 0.722575 -0.073500
-0.988164 0.824502 -0.073500
-0.886237 0.824502 -0.073500
-0.988164 0.722575 0.028428
-0.886237 0.722575 0.028428
-0.988164 0.824502 0.028428
-0.886237 0.824502 0.028428
-0.784310 0.722575 -0.073500
-0.784310 0.824502 -0.073500
-0.784310 0.722575 0.028428
-0.784310 0.824502 0.028428
-0.682382 0.824502 -0.073500
-0.580455 0.824502 -0.073500
-0.682382 0.926430 -0.073500
-0.580455 0.926430 -0.073500
-0.682382 0.824502 0.028428
-0.580455 0.824502 0.028428
-0.682382 0.926430 0.028428
-0.580455 0.926430 0.028428
-0.478528 0.824502 -0.073500
-0.478528 0.926430 -0.073500
-0.478528 0.824502 0.028428
-0.478528 0.926430 0.028428
-0.376600 0.824502 -0.073500
-0.376600 0.926430 -0.073500
-0.376600 0.824502 0.028428
-0.376600 0.926430 0.028428
-0.784310 0.926430 -0.073500
-0.784310 1.028357 -0.073500
-0.784310 0.926430 0.028428
-0.784310 1.028357 0.028428
-0.682382 1.028357 0.028428
-0.580455 1.028357 0.028428
-0.478528 1.028357 0.028428
-0.886237 1.028357 -0.073500
-0.886237 1.130284 -0.073500
-0.784310 1.130284 -0.073500
-0.886237 1.028357 0.028428
-0.886237 1.130284 0.028428
-0.784310 1.130284 0.028428
-0.682382 1.130284 0.028428
-0.580455 1.130284 0.028428
-0.478528 1.130284 0.028428
-1.192019 1.130284 -0.073500
-1.090092 1.130284 -0.073500
-1.192019 1.232211 -0.073500
-1.090092 1.232211 -0.073500
-1.192019 1.130284 0.028428
-1.090092 1.130284 0.028428
-1.192019 1.232211 0.028428
-1.090092 1.232211 0.028428
-0.988164 1.130284 -0.073500
-0.988164 1.232211 -0.073500
-0.988164 1.130284 0.028428
-0.988164 1.232211 0.028428
-0.886237 1.232211 -0.073500
-0.886237 1.232211 0.028428
-0.784310 1.232211 0.028428
-0.682382 1.232211 0.028428
-0.580455 1.232211 0.028428
-0.478528 1.232211 0.028428
-1.192019 1.334139 -0.073500
-1.090092 1.334139 -0.073500
-1.192019 1.334139 0.028428
-1.090092 1.334139 0.028428
-0.988164 1.334139 -0.073500
-0.988164 1.334139 0.028428
-0.070818 -1.214044 0.028428
0.031109 -1.214044 0.028428
-0.070818 -1.112117 0.028428
0.031109 -1.112117 0.028428
-0.070818 -1.214044 0.130355
0.031109 -1.214044 0.130355
-0.070818 -1.112117 0.130355
0.031109 -1.112117 0.130355
0.133036 -1.214044 0.130355
0.133036 -1.112117 0.130355
0.234964 -1.214044 0.130355
0.234964 -1.112117 0.130355
0.031109 -1.010190 0.028428
0.133036 -1.010190 0.028428
0.031109 -1.010190 0.130355
0.133036 -1.010190 0.130355
-0.988164 -0.908262 0.130355
-0.886237 -0.908262 0.130355
-0.988164 -0.806335 0.130355
-0.886237 -0.806335 0.130355
-0.988164 -0.704408 0.130355
-0.886237 -0.704408 0.130355
-0.784310 -0.806335 0.130355
-0.784310 -0.704408 0.130355
-0.580455 -0.806335 0.130355
-0.478528 -0.806335 0.130355
-0.580455 -0.704408 0.130355
-0.478528 -0.704408 0.130355
-0.070818 -0.806335 0.130355
0.031109 -0.806335 0.130355
-0.070818 -0.704408 0.130355
0.031109 -0.704408 0.130355
0.133036 -0.806335 0.130355
0.133036 -0.704408 0.130355
0.234964 -0.806335 0.130355
0.234964 -0.704408 0.130355
-0.988164 -0.602480 0.028428
-0.988164 -0.602480 0.130355
-0.886237 -0.602480 0.130355
-0.784310 -0.602480 0.130355
-0.682382 -0.704408 0.130355
-0.682382 -0.602480 0.130355
0.031109 -0.602480 0.130355
0.133036 -0.602480 0.130355
0.234964 -0.602480 0.130355
-1.293946 -0.602480 0.028428
-1.192019 -0.602480 0.028428
-1.293946 -0.500553 0.028428
-1.293946 -0.602480 0.130355
-1.192019 -0.602480 0.130355
-1.293946 -0.500553 0.130355
-1.192019 -0.500553 0.130355
-0.988164 -0.500553 0.028428
-0.988164 -0.500553 0.130355
-0.886237 -0.500553 0.130355
-0.784310 -0.500553 0.130355
-0.682382 -0.500553 0.130355
-0.580455 -0.602480 0.130355
-0.580455 -0.500553 0.130355
-0.478528 -0.602480 0.130355
-0.478528 -0.500553 0.130355
0.031109 -0.500553 0.028428
0.133036 -0.500553 0.028428
0.031109 -0.500553 0.130355
0.133036 -0.500553 0.130355
-1.293946 -0.398626 0.028428
-1.293946 -0.398626 0.130355
-1.192019 -0.398626 0.130355
-1.090092 -0.500553 0.130355
-1.090092 -0.398626 0.130355
-0.784310 -0.398626 0.130355
-0.682382 -0.398626 0.130355
-0.580455 -0.398626 0.130355
-0.478528 -0.398626 0.130355
-0.376600 -0.500553 0.130355
-0.376600 -0.398626 0.130355
-0.274673 -0.500553 0.130355
-0.274673 -0.398626 0.130355
-0.580455 -0.296698 0.130355
-0.478528 -0.296698 0.130355
-0.376600 -0.296698 0.130355
-0.274673 -0.296698 0.130355
-0.172746 -0.398626 0.130355
-0.172746 -0.296698 0.130355
-0.070818 -0.398626 0.028428
0.031109 -0.398626 0.028428
-0.070818 -0.296698 0.028428
0.031109 -0.296698 0.028428
-0.070818 -0.398626 0.130355
0.031109 -0.398626 0.130355
-0.070818 -0.296698 0.130355
0.031109 -0.296698 0.130355
-0.478528 -0.194771 0.130355
-0.376600 -0.194771 0.130355
-0.274673 -0.194771 0.130355
-0.172746 -0.194771 0.130355
-0.070818 -0.194771 0.028428
-0.070818 -0.194771 0.130355
0.031109 -0.194771 0.028428
0.031109 -0.194771 0.130355
0.133036 -0.296698 0.028428
0.133036 -0.194771 0.028428
0.133036 -0.296698 0.130355
0.133036 -0.194771 0.130355
-0.376600 -0.092844 0.028428
-0.274673 -0.092844 0.028428
-0.376600 -0.092844 0.130355
-0.274673 -0.092844 0.130355
-0.172746 -0.092844 0.028428
-0.172746 -0.092844 0.130355
-0.070818 -0.092844 0.028428
-0.070818 -0.092844 0.130355
0.031109 -0.092844 0.028428
0.133036 -0.092844 0.028428
0.031109 -0.092844 0.130355
0.133036 -0.092844 0.130355
-1.293946 0.212938 0.028428
-1.192019 0.212938 0.028428
-1.293946 0.314866 0.028428
-1.192019 0.314866 0.028428
-1.293946 0.212938 0.130355
-1.192019 0.212938 0.130355
-1.293946 0.314866 0.130355
-1.192019 0.314866 0.130355
-1.293946 0.416793 0.028428
-1.192019 0.416793 0.028428
-1.293946 0.416793 0.130355
-1.192019 0.416793 0.130355
-1.090092 0.314866 0.028428
-1.090092 0.416793 0.028428
-1.090092 0.314866 0.130355
-1.090092 0.416793 0.130355
-0.478528 0.314866 0.130355
-0.376600 0.314866 0.130355
-0.478528 0.416793 0.130355
-0.376600 0.416793 0.130355
-0.274673 0.314866 0.130355
-0.274673 0.416793 0.130355
-0.172746 0.314866 0.130355
-0.172746 0.416793 0.130355
-0.070818 0.314866 0.028428
-0.070818 0.314866 0.130355
-0.070818 0.416793 0.130355
0.031109 0.314866 0.028428
0.031109 0.416793 0.028428
0.031109 0.314866 0.130355
0.031109 0.416793 0.130355
-1.293946 0.518720 0.028428
-1.192019 0.518720 0.028428
-1.293946 0.518720 0.130355
-1.192019 0.518720 0.130355
-1.090092 0.518720 0.028428
-1.090092 0.518720 0.130355
-0.988164 0.416793 0.028428
-0.988164 0.518720 0.028428
-0.988164 0.416793 0.130355
-0.988164 0.518720 0.130355
-0.886237 0.416793 0.028428
-0.886237 0.518720 0.028428
-0.886237 0.416793 0.130355
-0.886237 0.518720 0.130355
-0.784310 0.416793 0.028428
-0.784310 0.518720 0.028428
-0.784310 0.416793 0.130355
-0.784310 0.518720 0.130355
-0.478528 0.518720 0.130355
-0.376600 0.518720 0.130355
-0.274673 0.518720 0.130355
-0.172746 0.518720 0.130355
-0.070818 0.518720 0.130355
0.031109 0.518720 0.028428
0.031109 0.518720 0.130355
-0.580455 0.518720 0.130355
-0.580455 0.620647 0.130355
-0.478528 0.620647 0.130355
-0.376600 0.620647 0.130355
-0.274673 0.620647 0.130355
-0.172746 0.620647 0.130355
-0.070818 0.620647 0.130355
0.031109 0.620647 0.028428
0.031109 0.620647 0.130355
-0.682382 0.620647 0.028428
-0.682382 0.722575 0.028428
-0.682382 0.620647 0.130355
-0.682382 0.722575 0.130355
-0.580455 0.722575 0.130355
-0.478528 0.722575 0.130355
-0.376600 0.722575 0.130355
-0.274673 0.722575 0.130355
-0.172746 0.722575 0.130355
-0.988164 0.722575 0.130355
-0.886237 0.722575 0.130355
-0.988164 0.824502 0.130355
-0.886237 0.824502 0.130355
-0.784310 0.722575 0.130355
-0.784310 0.824502 0.130355
-0.682382 0.824502 0.130355
-0.580455 0.824502 0.130355
-0.478528 0.824502 0.130355
-0.376600 0.824502 0.130355
-0.274673 0.824502 0.028428
-0.274673 0.824502 0.130355
-0.172746 0.824502 0.028428
-0.172746 0.824502 0.130355
-0.988164 0.926430 0.028428
-0.886237 0.926430 0.028428
-0.988164 0.926430 0.130355
-0.886237 0.926430 0.130355
-0.682382 0.926430 0.130355
-0.580455 0.926430 0.130355
-0.478528 0.926430 0.130355
-0.376600 0.926430 0.130355
-0.274673 0.926430 0.028428
-0.274673 0.926430 0.130355
-0.682382 1.028357 0.130355
-0.580455 1.028357 0.130355
-0.478528 1.028357 0.130355
-0.376600 1.028357 0.028428
-0.376600 1.028357 0.130355
-0.886237 1.028357 0.130355
-0.784310 1.028357 0.130355
-0.886237 1.130284 0.130355
-0.784310 1.130284 0.130355
-0.682382 1.130284 0.130355
-0.580455 1.130284 0.130355
-0.478528 1.130284 0.130355
-0.988164 1.130284 0.130355
-0.988164 1.232211 0.130355
-0.886237 1.232211 0.130355
-0.784310 1.232211 0.130355
-0.682382 1.232211 0.130355
-1.192019 1.232211 0.130355
-1.090092 1.232211 0.130355
-1.192019 1.334139 0.130355
-1.090092 1.334139 0.130355
-0.988164 1.334139 0.130355
-0.070818 -1.214044 0.232282
0.031109 -1.214044 0.232282
-0.070818 -1.112117 0.232282
0.031109 -1.112117 0.232282
0.133036 -1.214044 0.232282
0.133036 -1.112117 0.232282
0.234964 -1.214044 0.232282
0.234964 -1.112117 0.232282
-0.580455 -1.112117 0.130355
-0.478528 -1.112117 0.130355
-0.580455 -1.010190 0.130355
-0.478528 -1.010190 0.130355
-0.580455 -1.112117 0.232282
-0.478528 -1.112117 0.232282
-0.580455 -1.010190 0.232282
-0.478528 -1.010190 0.232282
-0.376600 -1.112117 0.130355
-0.376600 -1.010190 0.130355
-0.376600 -1.112117 0.232282
-0.376600 -1.010190 0.232282
0.031109 -1.010190 0.232282
0.133036 -1.010190 0.232282
0.234964 -1.010190 0.130355
0.234964 -1.010190 0.232282
0.031109 -0.908262 0.130355
0.133036 -0.908262 0.130355
0.031109 -0.908262 0.232282
0.133036 -0.908262 0.232282
0.234964 -0.908262 0.130355
0.234964 -0.908262 0.232282
-0.988164 -0.908262 0.232282
-0.886237 -0.908262 0.232282
-0.988164 -0.806335 0.232282
-0.886237 -0.806335 0.232282
-1.192019 -0.704408 0.130355
-1.090092 -0.704408 0.130355
-1.090092 -0.602480 0.130355
-1.192019 -0.704408 0.232282
-1.090092 -0.704408 0.232282
-1.192019 -0.602480 0.232282
-1.090092 -0.602480 0.232282
-0.988164 -0.704408 0.232282
-0.988164 -0.602480 0.232282
-0.886237 -0.704408 0.232282
-0.886237 -0.602480 0.232282
-0.784310 -0.704408 0.232282
-0.784310 -0.602480 0.232282
0.031109 -0.704408 0.232282
0.133036 -0.704408 0.232282
0.031109 -0.602480 0.232282
0.133036 -0.602480 0.232282
0.234964 -0.704408 0.232282
0.234964 -0.602480 0.232282
-1.293946 -0.602480 0.232282
-1.293946 -0.500553 0.232282
-1.192019 -0.500553 0.232282
-1.090092 -0.500553 0.232282
-0.988164 -0.500553 0.232282
-0.886237 -0.500553 0.232282
0.031109 -0.500553 0.232282
0.133036 -0.500553 0.232282
0.234964 -0.500553 0.130355
0.234964 -0.500553 0.232282
0.336891 -0.602480 0.130355
0.336891 -0.500553 0.130355
0.336891 -0.602480 0.232282
0.336891 -0.500553 0.232282
-1.293946 -0.398626 0.232282
-1.192019 -0.398626 0.232282
0.234964 -0.398626 0.130355
0.336891 -0.398626 0.130355
0.234964 -0.398626 0.232282
0.336891 -0.398626 0.232282
-0.376600 -0.398626 0.232282
-0.274673 -0.398626 0.232282
-0.376600 -0.296698 0.232282
-0.274673 -0.296698 0.232282
-0.172746 -0.398626 0.232282
-0.172746 -0.296698 0.232282
-0.070818 -0.398626 0.232282
-0.070818 -0.296698 0.232282
-0.376600 -0.194771 0.232282
-0.274673 -0.194771 0.232282
-0.172746 -0.194771 0.232282
-0.070818 -0.194771 0.232282
0.031109 -0.296698 0.232282
0.031109 -0.194771 0.232282
0.133036 -0.296698 0.232282
0.133036 -0.194771 0.232282
-0.376600 -0.092844 0.232282
-0.274673 -0.092844 0.232282
-0.172746 -0.092844 0.232282
-0.070818 -0.092844 0.232282
0.031109 -0.092844 0.232282
0.133036 -0.092844 0.232282
0.234964 -0.194771 0.130355
0.234964 -0.092844 0.130355
0.234964 -0.194771 0.232282
0.234964 -0.092844 0.232282
-1.192019 -0.092844 0.130355
-1.090092 -0.092844 0.130355
-1.192019 0.009084 0.130355
-1.090092 0.009084 0.130355
-1.192019 -0.092844 0.232282
-1.090092 -0.092844 0.232282
-1.192019 0.009084 0.232282
-1.090092 0.009084 0.232282
-0.988164 -0.092844 0.130355
-0.988164 0.009084 0.130355
-0.988164 -0.092844 0.232282
-0.988164 0.009084 0.232282
-0.274673 0.009084 0.130355
-0.172746 0.009084 0.130355
-0.274673 0.009084 0.232282
-0.172746 0.009084 0.232282
-0.070818 0.009084 0.130355
-0.070818 0.009084 0.232282
0.031109 0.009084 0.130355
0.031109 0.009084 0.232282
-1.192019 0.111011 0.130355
-1.090092 0.111011 0.130355
-1.192019 0.111011 0.232282
-1.090092 0.111011 0.232282
-0.988164 0.111011 0.130355
-0.988164 0.111011 0.232282
-1.293946 0.314866 0.232282
-1.192019 0.314866 0.232282
-1.293946 0.416793 0.232282
-1.192019 0.416793 0.232282
-1.090092 0.314866 0.232282
-1.090092 0.416793 0.232282
-0.376600 0.314866 0.232282
-0.274673 0.314866 0.232282
-0.376600 0.416793 0.232282
-0.274673 0.416793 0.232282
-0.172746 0.314866 0.232282
-0.172746 0.416793 0.232282
-0.070818 0.314866 0.232282
-0.070818 0.416793 0.232282
0.031109 0.314866 0.232282
0.031109 0.416793 0.232282
0.133036 0.314866 0.130355
0.133036 0.416793 0.130355
0.133036 0.314866 0.232282
0.133036 0.416793 0.232282
-1.293946 0.518720 0.232282
-1.192019 0.518720 0.232282
-1.090092 0.518720 0.232282
-0.988164 0.416793 0.232282
-0.988164 0.518720 0.232282
-0.886237 0.416793 0.232282
-0.886237 0.518720 0.232282
-0.784310 0.416793 0.232282
-0.784310 0.518720 0.232282
-0.682382 0.416793 0.130355
-0.682382 0.518720 0.130355
-0.682382 0.416793 0.232282
-0.682382 0.518720 0.232282
-0.580455 0.416793 0.130355
-0.580455 0.416793 0.232282
-0.580455 0.518720 0.232282
-0.478528 0.416793 0.232282
-0.478528 0.518720 0.232282
-0.376600 0.518720 0.232282
-0.274673 0.518720 0.232282
-0.172746 0.518720 0.232282
-0.070818 0.518720 0.232282
0.031109 0.518720 0.232282
0.133036 0.518720 0.130355
0.133036 0.518720 0.232282
-0.988164 0.620647 0.130355
-0.886237 0.620647 0.130355
-0.988164 0.620647 0.232282
-0.886237 0.620647 0.232282
-0.784310 0.620647 0.130355
-0.784310 0.620647 0.232282
-0.682382 0.620647 0.232282
-0.580455 0.620647 0.232282
-0.478528 0.620647 0.232282
-0.376600 0.620647 0.232282
-0.274673 0.620647 0.232282
-0.172746 0.620647 0.232282
-0.070818 0.620647 0.232282
0.031109 0.620647 0.232282
0.133036 0.620647 0.130355
0.133036 0.620647 0.232282
-0.682382 0.722575 0.232282
-0.580455 0.722575 0.232282
-0.478528 0.722575 0.232282
-0.376600 0.722575 0.232282
-0.274673 0.722575 0.232282
-0.172746 0.722575 0.232282
-0.070818 0.722575 0.130355
-0.070818 0.722575 0.232282
-0.682382 0.824502 0.232282
-0.580455 0.824502 0.232282
-0.478528 0.824502 0.232282
-0.376600 0.824502 0.232282
-0.274673 0.824502 0.232282
-0.172746 0.824502 0.232282
-0.070818 0.824502 0.130355
-0.070818 0.824502 0.232282
-0.580455 0.926430 0.232282
-0.478528 0.926430 0.232282
-0.376600 0.926430 0.232282
-0.274673 0.926430 0.232282
-1.090092 1.232211 0.232282
-0.988164 1.232211 0.232282
-1.090092 1.334139 0.232282
-0.988164 1.334139 0.232282
-0.580455 -1.112117 0.334210
-0.478528 -1.112117 0.334210
-0.580455 -1.010190 0.334210
-0.478528 -1.010190 0.334210
-0.376600 -1.112117 0.334210
-0.376600 -1.010190 0.334210
-0.274673 -1.112117 0.232282
-0.274673 -1.010190 0.232282
-0.274673 -1.112117 0.334210
-0.274673 -1.010190 0.334210
0.031109 -1.112117 0.334210
0.133036 -1.112117 0.334210
0.031109 -1.010190 0.334210
0.133036 -1.010190 0.334210
0.234964 -1.112117 0.334210
0.234964 -1.010190 0.334210
-0.376600 -0.908262 0.232282
-0.274673 -0.908262 0.232282
-0.376600 -0.908262 0.334210
-0.274673 -0.908262 0.334210
-0.172746 -1.010190 0.232282
-0.172746 -0.908262 0.232282
-0.172746 -1.010190 0.334210
-0.172746 -0.908262 0.334210
0.031109 -0.908262 0.334210
0.133036 -0.908262 0.334210
0.234964 -0.908262 0.334210
-0.988164 -0.908262 0.334210
-0.886237 -0.908262 0.334210
-0.988164 -0.806335 0.334210
-0.886237 -0.806335 0.334210
-0.274673 -0.806335 0.232282
-0.172746 -0.806335 0.232282
-0.274673 -0.806335 0.334210
-0.172746 -0.806335 0.334210
-0.070818 -0.908262 0.232282
-0.070818 -0.806335 0.232282
-0.070818 -0.908262 0.334210
-0.070818 -0.806335 0.334210
0.133036 -0.806335 0.232282
0.234964 -0.806335 0.232282
0.133036 -0.806335 0.334210
0.234964 -0.806335 0.334210
0.336891 -0.908262 0.232282
0.336891 -0.806335 0.232282
0.336891 -0.908262 0.334210
0.336891 -0.806335 0.334210
-0.274673 -0.704408 0.232282
-0.172746 -0.704408 0.232282
-0.274673 -0.704408 0.334210
-0.172746 -0.704408 0.334210
-0.070818 -0.704408 0.232282
-0.070818 -0.704408 0.334210
-1.192019 -0.704408 0.334210
-1.090092 -0.704408 0.334210
-1.192019 -0.602480 0.334210
-1.090092 -0.602480 0.334210
-0.988164 -0.704408 0.334210
-0.988164 -0.602480 0.334210
-0.886237 -0.704408 0.334210
-0.886237 -0.602480 0.334210
0.031109 -0.704408 0.334210
0.133036 -0.704408 0.334210
0.031109 -0.602480 0.334210
0.133036 -0.602480 0.334210
0.234964 -0.704408 0.334210
0.234964 -0.602480 0.334210
-1.293946 -0.602480 0.334210
-1.293946 -0.500553 0.334210
-1.192019 -0.500553 0.334210
-1.090092 -0.500553 0.334210
-0.988164 -0.500553 0.334210
0.031109 -0.500553 0.334210
0.133036 -0.500553 0.334210
0.234964 -0.500553 0.334210
0.336891 -0.602480 0.334210
0.336891 -0.500553 0.334210
-0.070818 -0.500553 0.232282
0.031109 -0.398626 0.232282
-0.070818 -0.500553 0.334210
-0.070818 -0.398626 0.334210
0.031109 -0.398626 0.334210
0.133036 -0.398626 0.232282
0.133036 -0.398626 0.334210
0.234964 -0.398626 0.334210
0.336891 -0.398626 0.334210
-0.172746 -0.398626 0.334210
-0.172746 -0.296698 0.334210
-0.070818 -0.296698 0.334210
0.031109 -0.296698 0.334210
0.234964 -0.296698 0.232282
0.336891 -0.296698 0.232282
0.234964 -0.296698 0.334210
0.336891 -0.296698 0.334210
-0.274673 -0.296698 0.334210
-0.274673 -0.194771 0.334210
-0.172746 -0.194771 0.334210
-0.070818 -0.194771 0.334210
0.031109 -0.194771 0.334210
0.133036 -0.296698 0.334210
0.133036 -0.194771 0.334210
0.234964 -0.194771 0.334210
-0.274673 -0.092844 0.334210
-0.172746 -0.092844 0.334210
-0.070818 -0.092844 0.334210
0.031109 -0.092844 0.334210
0.133036 -0.092844 0.334210
0.234964 -0.092844 0.334210
-1.192019 -0.092844 0.334210
-1.090092 -0.092844 0.334210
-1.192019 0.009084 0.334210
-1.090092 0.009084 0.334210
-0.988164 -0.092844 0.334210
-0.988164 0.009084 0.334210
-0.886237 -0.092844 0.232282
-0.886237 0.009084 0.232282
-0.886237 -0.092844 0.334210
-0.886237 0.009084 0.334210
-0.274673 0.009084 0.334210
-0.172746 0.009084 0.334210
-0.070818 0.009084 0.334210
0.031109 0.009084 0.334210
0.133036 0.009084 0.232282
0.133036 0.009084 0.334210
-1.192019 0.111011 0.334210
-1.090092 0.111011 0.334210
-0.988164 0.111011 0.334210
-0.886237 0.111011 0.232282
-0.886237 0.111011 0.334210
-0.784310 0.009084 0.232282
-0.784310 0.111011 0.232282
-0.784310 0.009084 0.334210
-0.784310 0.111011 0.334210
-0.682382 0.009084 0.232282
-0.682382 0.111011 0.232282
-0.682382 0.009084 0.334210
-0.682382 0.111011 0.334210
-0.580455 0.009084 0.232282
-0.580455 0.111011 0.232282
-0.580455 0.009084 0.334210
-0.580455 0.111011 0.334210
-0.478528 0.009084 0.232282
-0.478528 0.111011 0.232282
-0.478528 0.009084 0.334210
-0.478528 0.111011 0.334210
-0.172746 0.111011 0.232282
-0.070818 0.111011 0.232282
-0.172746 0.111011 0.334210
-0.070818 0.111011 0.334210
0.031109 0.111011 0.232282
0.031109 0.111011 0.334210
0.133036 0.111011 0.232282
0.133036 0.111011 0.334210
-0.886237 0.212938 0.232282
-0.784310 0.212938 0.232282
-0.886237 0.212938 0.334210
-0.784310 0.212938 0.334210
-0.682382 0.212938 0.232282
-0.682382 0.212938 0.334210
-0.580455 0.212938 0.232282
-0.580455 0.212938 0.334210
-0.478528 0.212938 0.232282
-0.478528 0.212938 0.334210
-0.070818 0.212938 0.232282
0.031109 0.212938 0.232282
-0.070818 0.212938 0.334210
0.031109 0.212938 0.334210
-0.070818 0.314866 0.334210
0.031109 0.314866 0.334210
-0.274673 0.314866 0.334210
-0.172746 0.314866 0.334210
-0.274673 0.416793 0.334210
-0.172746 0.416793 0.334210
-0.070818 0.416793 0.334210
0.031109 0.416793 0.334210
0.133036 0.314866 0.334210
0.133036 0.416793 0.334210
0.234964 0.314866 0.232282
0.234964 0.416793 0.232282
0.234964 0.314866 0.334210
0.234964 0.416793 0.334210
-0.886237 0.416793 0.334210
-0.784310 0.416793 0.334210
-0.886237 0.518720 0.334210
-0.784310 0.518720 0.334210
-0.682382 0.416793 0.334210
-0.682382 0.518720 0.334210
-0.580455 0.416793 0.334210
-0.580455 0.518720 0.334210
-0.376600 0.416793 0.334210
-0.376600 0.518720 0.334210
-0.274673 0.518720 0.334210
-0.172746 0.518720 0.334210
-0.070818 0.518720 0.334210
0.031109 0.518720 0.334210
0.133036 0.518720 0.334210
0.234964 0.518720 0.232282
0.234964 0.518720 0.334210
-0.886237 0.620647 0.334210
-0.784310 0.620647 0.334210
-0.682382 0.620647 0.334210
-0.580455 0.620647 0.334210
-0.478528 0.518720 0.334210
-0.478528 0.620647 0.334210
-0.376600 0.620647 0.334210
-0.274673 0.620647 0.334210
-0.172746 0.620647 0.334210
-0.070818 0.620647 0.334210
0.031109 0.620647 0.334210
0.133036 0.620647 0.334210
-0.682382 0.722575 0.334210
-0.580455 0.722575 0.334210
-0.478528 0.722575 0.334210
-0.376600 0.722575 0.334210
-0.274673 0.722575 0.334210
-0.172746 0.722575 0.334210
-0.070818 0.722575 0.334210
0.031109 0.722575 0.232282
0.031109 0.722575 0.334210
-0.376600 0.824502 0.334210
-0.274673 0.824502 0.334210
-0.172746 0.824502 0.334210
-0.070818 0.824502 0.334210
-0.274673 -1.010190 0.436137
-0.172746 -1.010190 0.436137
-0.274673 -0.908262 0.436137
-0.172746 -0.908262 0.436137
0.133036 -1.010190 0.436137
0.234964 -1.010190 0.436137
0.133036 -0.908262 0.436137
0.234964 -0.908262 0.436137
-0.274673 -0.806335 0.436137
-0.172746 -0.806335 0.436137
-0.070818 -0.908262 0.436137
-0.070818 -0.806335 0.436137
0.133036 -0.806335 0.436137
0.234964 -0.806335 0.436137
0.336891 -0.908262 0.436137
0.336891 -0.806335 0.436137
-0.274673 -0.704408 0.436137
-0.172746 -0.704408 0.436137
-0.070818 -0.704408 0.436137
0.031109 -0.806335 0.334210
0.031109 -0.806335 0.436137
0.031109 -0.704408 0.436137
0.133036 -0.704408 0.436137
0.234964 -0.704408 0.436137
0.336891 -0.704408 0.334210
0.336891 -0.704408 0.436137
0.438818 -0.806335 0.334210
0.438818 -0.704408 0.334210
0.438818 -0.806335 0.436137
0.438818 -0.704408 0.436137
-0.274673 -0.602480 0.334210
-0.172746 -0.602480 0.334210
-0.274673 -0.602480 0.436137
-0.172746 -0.602480 0.436137
-0.070818 -0.602480 0.334210
-0.070818 -0.602480 0.436137
0.031109 -0.602480 0.436137
0.234964 -0.602480 0.436137
0.336891 -0.602480 0.436137
0.438818 -0.602480 0.334210
0.438818 -0.602480 0.436137
-0.274673 -0.500553 0.334210
-0.172746 -0.500553 0.334210
-0.274673 -0.500553 0.436137
-0.172746 -0.500553 0.436137
-0.070818 -0.500553 0.436137
0.031109 -0.500553 0.436137
0.133036 -0.602480 0.436137
0.133036 -0.500553 0.436137
0.234964 -0.500553 0.436137
0.336891 -0.500553 0.436137
-0.070818 -0.398626 0.436137
0.031109 -0.398626 0.436137
0.133036 -0.398626 0.436137
0.234964 -0.398626 0.436137
0.336891 -0.398626 0.436137
0.438818 -0.500553 0.334210
0.438818 -0.398626 0.334210
0.438818 -0.500553 0.436137
0.438818 -0.398626 0.436137
-0.172746 -0.398626 0.436137
-0.172746 -0.296698 0.436137
-0.070818 -0.296698 0.436137
0.031109 -0.296698 0.436137
0.133036 -0.296698 0.436137
0.234964 -0.296698 0.436137
0.336891 -0.296698 0.436137
0.438818 -0.296698 0.334210
0.438818 -0.296698 0.436137
0.031109 -0.194771 0.436137
0.133036 -0.194771 0.436137
0.234964 -0.194771 0.436137
0.336891 -0.194771 0.334210
0.336891 -0.194771 0.436137
0.438818 -0.194771 0.334210
0.438818 -0.194771 0.436137
-0.172746 -0.194771 0.436137
-0.070818 -0.194771 0.436137
-0.172746 -0.092844 0.436137
-0.070818 -0.092844 0.436137
0.031109 -0.092844 0.436137
0.133036 -0.092844 0.436137
0.234964 -0.092844 0.436137
-1.293946 -0.092844 0.334210
-1.293946 0.009084 0.334210
-1.293946 -0.092844 0.436137
-1.192019 -0.092844 0.436137
-1.293946 0.009084 0.436137
-1.192019 0.009084 0.436137
-1.090092 -0.092844 0.436137
-1.090092 0.009084 0.436137
-0.172746 0.009084 0.436137
-0.070818 0.009084 0.436137
0.031109 0.009084 0.436137
0.133036 0.009084 0.436137
0.234964 0.009084 0.334210
0.234964 0.009084 0.436137
-1.395874 0.009084 0.334210
-1.395874 0.111011 0.334210
-1.293946 0.111011 0.334210
-1.395874 0.009084 0.436137
-1.395874 0.111011 0.436137
-1.293946 0.111011 0.436137
-1.192019 0.111011 0.436137
-1.090092 0.111011 0.436137
-0.988164 0.009084 0.436137
-0.886237 0.009084 0.436137
-0.988164 0.111011 0.436137
-0.886237 0.111011 0.436137
-0.784310 0.009084 0.436137
-0.784310 0.111011 0.436137
-0.682382 0.009084 0.436137
-0.682382 0.111011 0.436137
-0.580455 0.009084 0.436137
-0.580455 0.111011 0.436137
-0.478528 0.009084 0.436137
-0.478528 0.111011 0.436137
-0.376600 0.009084 0.334210
-0.376600 0.111011 0.334210
-0.376600 0.009084 0.436137
-0.376600 0.111011 0.436137
-0.274673 0.111011 0.334210
-0.274673 0.009084 0.436137
-0.274673 0.111011 0.436137
-0.172746 0.111011 0.436137
-0.070818 0.111011 0.436137
0.031109 0.111011 0.436137
0.133036 0.111011 0.436137
0.234964 0.111011 0.334210
0.234964 0.111011 0.436137
-0.886237 0.212938 0.436137
-0.784310 0.212938 0.436137
-0.682382 0.212938 0.436137
-0.580455 0.212938 0.436137
-0.478528 0.212938 0.436137
-0.376600 0.212938 0.334210
-0.376600 0.212938 0.436137
-0.274673 0.212938 0.334210
-0.274673 0.212938 0.436137
-0.070818 0.212938 0.436137
0.031109 0.212938 0.436137
-0.070818 0.314866 0.436137
0.031109 0.314866 0.436137
0.133036 0.212938 0.334210
0.133036 0.212938 0.436137
0.133036 0.314866 0.436137
0.234964 0.212938 0.334210
0.234964 0.212938 0.436137
0.234964 0.314866 0.436137
-0.274673 0.314866 0.436137
-0.172746 0.314866 0.436137
-0.274673 0.416793 0.436137
-0.172746 0.416793 0.436137
-0.070818 0.416793 0.436137
0.031109 0.416793 0.436137
0.133036 0.416793 0.436137
0.234964 0.416793 0.436137
0.336891 0.314866 0.334210
0.336891 0.416793 0.334210
0.336891 0.314866 0.436137
0.336891 0.416793 0.436137
-0.274673 0.518720 0.436137
-0.172746 0.518720 0.436137
-0.070818 0.518720 0.436137
0.031109 0.518720 0.436137
0.133036 0.518720 0.436137
0.234964 0.518720 0.436137
0.336891 0.518720 0.334210
0.336891 0.518720 0.436137
-1.293946 0.518720 0.334210
-1.192019 0.518720 0.334210
-1.293946 0.620647 0.334210
-1.192019 0.620647 0.334210
-1.293946 0.518720 0.436137
-1.192019 0.518720 0.436137
-1.293946 0.620647 0.436137
-1.192019 0.620647 0.436137
-1.090092 0.518720 0.334210
-1.090092 0.620647 0.334210
-1.090092 0.518720 0.436137
-1.090092 0.620647 0.436137
-0.988164 0.518720 0.334210
-0.988164 0.620647 0.334210
-0.988164 0.518720 0.436137
-0.988164 0.620647 0.436137
-0.886237 0.518720 0.436137
-0.886237 0.620647 0.436137
-0.784310 0.518720 0.436137
-0.784310 0.620647 0.436137
-0.478528 0.518720 0.436137
-0.376600 0.518720 0.436137
-0.478528 0.620647 0.436137
-0.376600 0.620647 0.436137
-0.274673 0.620647 0.436137
-0.172746 0.620647 0.436137
-0.070818 0.620647 0.436137
0.031109 0.620647 0.436137
0.133036 0.620647 0.436137
0.234964 0.620647 0.334210
0.234964 0.620647 0.436137
-0.376600 0.722575 0.436137
-0.274673 0.722575 0.436137
-0.172746 0.722575 0.436137
-0.070818 0.722575 0.436137
0.031109 0.722575 0.436137
-0.988164 0.824502 0.334210
-0.886237 0.824502 0.334210
-0.988164 0.926430 0.334210
-0.886237 0.926430 0.334210
-0.988164 0.824502 0.436137
-0.886237 0.824502 0.436137
-0.988164 0.926430 0.436137
-0.886237 0.926430 0.436137
-0.784310 0.824502 0.334210
-0.784310 0.926430 0.334210
-0.784310 0.824502 0.436137
-0.784310 0.926430 0.436137
-1.090092 0.926430 0.334210
-1.090092 1.028357 0.334210
-0.988164 1.028357 0.334210
-1.090092 0.926430 0.436137
-1.090092 1.028357 0.436137
-0.988164 1.028357 0.436137
-0.886237 1.028357 0.334210
-0.886237 1.028357 0.436137
-0.070818 1.028357 0.334210
0.031109 1.028357 0.334210
-0.070818 1.130284 0.334210
0.031109 1.130284 0.334210
-0.070818 1.028357 0.436137
0.031109 1.028357 0.436137
-0.070818 1.130284 0.436137
0.031109 1.130284 0.436137
0.336891 -1.010190 0.436137
0.438818 -1.010190 0.436137
0.438818 -0.908262 0.436137
0.336891 -1.010190 0.538064
0.438818 -1.010190 0.538064
0.336891 -0.908262 0.538064
0.438818 -0.908262 0.538064
0.540746 -1.010190 0.436137
0.540746 -0.908262 0.436137
0.540746 -1.010190 0.538064
0.540746 -0.908262 0.538064
1.152310 -1.010190 0.436137
1.254237 -1.010190 0.436137
1.152310 -0.908262 0.436137
1.254237 -0.908262 0.436137
1.152310 -1.010190 0.538064
1.254237 -1.010190 0.538064
1.152310 -0.908262 0.538064
1.254237 -0.908262 0.538064
0.336891 -0.806335 0.538064
0.438818 -0.806335 0.538064
0.540746 -0.806335 0.436137
0.540746 -0.806335 0.538064
1.152310 -0.806335 0.436137
1.254237 -0.806335 0.436137
1.152310 -0.806335 0.538064
1.254237 -0.806335 0.538064
-0.172746 -0.806335 0.538064
-0.070818 -0.806335 0.538064
-0.172746 -0.704408 0.538064
-0.070818 -0.704408 0.538064
0.031109 -0.806335 0.538064
0.031109 -0.704408 0.538064
0.234964 -0.806335 0.538064
0.234964 -0.704408 0.538064
0.336891 -0.704408 0.538064
0.438818 -0.704408 0.538064
-0.376600 -0.704408 0.436137
-0.376600 -0.602480 0.436137
-0.376600 -0.704408 0.538064
-0.274673 -0.704408 0.538064
-0.376600 -0.602480 0.538064
-0.274673 -0.602480 0.538064
-0.172746 -0.602480 0.538064
-0.070818 -0.602480 0.538064
0.031109 -0.602480 0.538064
0.133036 -0.704408 0.538064
0.133036 -0.602480 0.538064
0.234964 -0.602480 0.538064
0.336891 -0.602480 0.538064
0.438818 -0.602480 0.538064
2.069655 -0.704408 0.436137
2.171583 -0.704408 0.436137
2.069655 -0.602480 0.436137
2.171583 -0.602480 0.436137
2.069655 -0.704408 0.538064
2.171583 -0.704408 0.538064
2.069655 -0.602480 0.538064
2.171583 -0.602480 0.538064
2.273510 -0.704408 0.436137
2.273510 -0.602480 0.436137
2.273510 -0.704408 0.538064
2.273510 -0.602480 0.538064
-0.274673 -0.500553 0.538064
-0.172746 -0.500553 0.538064
-0.070818 -0.500553 0.538064
0.031109 -0.500553 0.538064
0.133036 -0.500553 0.538064
0.234964 -0.500553 0.538064
0.336891 -0.500553 0.538064
0.438818 -0.500553 0.538064
0.540746 -0.602480 0.436137
0.540746 -0.500553 0.436137
0.540746 -0.602480 0.538064
0.540746 -0.500553 0.538064
2.069655 -0.500553 0.436137
2.171583 -0.500553 0.436137
2.069655 -0.500553 0.538064
2.171583 -0.500553 0.538064
2.273510 -0.500553 0.436137
2.273510 -0.500553 0.538064
0.031109 -0.398626 0.538064
0.133036 -0.398626 0.538064
0.234964 -0.398626 0.538064
0.336891 -0.398626 0.538064
0.438818 -0.398626 0.538064
0.540746 -0.398626 0.436137
0.540746 -0.398626 0.538064
0.031109 -0.296698 0.538064
0.133036 -0.296698 0.538064
0.234964 -0.296698 0.538064
0.336891 -0.296698 0.538064
0.438818 -0.296698 0.538064
0.540746 -0.296698 0.436137
0.540746 -0.296698 0.538064
0.031109 -0.194771 0.538064
0.133036 -0.194771 0.538064
0.234964 -0.194771 0.538064
0.336891 -0.194771 0.538064
0.438818 -0.194771 0.538064
0.540746 -0.194771 0.436137
0.540746 -0.194771 0.538064
-0.070818 -0.194771 0.538064
-0.070818 -0.092844 0.538064
0.031109 -0.092844 0.538064
0.133036 -0.092844 0.538064
0.234964 -0.092844 0.538064
-0.376600 -0.092844 0.436137
-0.274673 -0.092844 0.436137
-0.376600 -0.092844 0.538064
-0.274673 -0.092844 0.538064
-0.376600 0.009084 0.538064
-0.274673 0.009084 0.538064
-0.172746 -0.092844 0.538064
-0.172746 0.009084 0.538064
-0.070818 0.009084 0.538064
0.031109 0.009084 0.538064
0.133036 0.009084 0.538064
0.234964 0.009084 0.538064
0.336891 -0.092844 0.436137
0.336891 0.009084 0.436137
0.336891 -0.092844 0.538064
0.336891 0.009084 0.538064
-1.395874 0.009084 0.538064
-1.293946 0.009084 0.538064
-1.395874 0.111011 0.538064
-1.293946 0.111011 0.538064
-1.192019 0.009084 0.538064
-1.192019 0.111011 0.538064
-0.580455 0.009084 0.538064
-0.478528 0.009084 0.538064
-0.580455 0.111011 0.538064
-0.478528 0.111011 0.538064
-0.376600 0.111011 0.538064
-0.274673 0.111011 0.538064
-0.172746 0.111011 0.538064
-0.070818 0.111011 0.538064
0.031109 0.111011 0.538064
0.133036 0.111011 0.538064
0.234964 0.111011 0.538064
0.336891 0.111011 0.436137
0.336891 0.111011 0.538064
-0.580455 0.212938 0.538064
-0.478528 0.212938 0.538064
-0.376600 0.212938 0.538064
-0.274673 0.212938 0.538064
-0.172746 0.212938 0.436137
-0.172746 0.212938 0.538064
0.031109 0.212938 0.538064
0.133036 0.212938 0.538064
0.234964 0.212938 0.538064
0.336891 0.212938 0.436137
0.336891 0.212938 0.538064
-1.192019 0.212938 0.436137
-1.090092 0.212938 0.436137
-1.192019 0.314866 0.436137
-1.090092 0.314866 0.436137
-1.192019 0.212938 0.538064
-1.090092 0.212938 0.538064
-1.192019 0.314866 0.538064
-1.090092 0.314866 0.538064
-0.988164 0.212938 0.436137
-0.988164 0.314866 0.436137
-0.988164 0.212938 0.538064
-0.988164 0.314866 0.538064
-0.070818 0.212938 0.538064
-0.070818 0.314866 0.538064
0.031109 0.314866 0.538064
0.133036 0.314866 0.538064
0.234964 0.314866 0.538064
0.336891 0.314866 0.538064
-1.090092 0.416793 0.436137
-0.988164 0.416793 0.436137
-1.090092 0.416793 0.538064
-0.988164 0.416793 0.538064
-0.886237 0.314866 0.436137
-0.886237 0.416793 0.436137
-0.886237 0.314866 0.538064
-0.886237 0.416793 0.538064
-0.784310 0.314866 0.436137
-0.784310 0.416793 0.436137
-0.784310 0.314866 0.538064
-0.784310 0.416793 0.538064
-0.682382 0.314866 0.436137
-0.682382 0.416793 0.436137
-0.682382 0.314866 0.538064
-0.682382 0.416793 0.538064
-0.172746 0.314866 0.538064
-0.172746 0.416793 0.538064
-0.070818 0.416793 0.538064
0.031109 0.416793 0.538064
0.133036 0.416793 0.538064
0.234964 0.416793 0.538064
0.336891 0.416793 0.538064
0.438818 0.314866 0.436137
0.438818 0.416793 0.436137
0.438818 0.314866 0.538064
0.438818 0.416793 0.538064
-0.886237 0.518720 0.538064
-0.784310 0.518720 0.538064
-0.682382 0.518720 0.436137
-0.682382 0.518720 0.538064
-0.580455 0.416793 0.436137
-0.580455 0.518720 0.436137
-0.580455 0.416793 0.538064
-0.580455 0.518720 0.538064
-0.478528 0.416793 0.436137
-0.478528 0.416793 0.538064
-0.478528 0.518720 0.538064
-0.376600 0.416793 0.436137
-0.376600 0.416793 0.538064
-0.274673 0.416793 0.538064
-0.376600 0.518720 0.538064
-0.274673 0.518720 0.538064
-0.172746 0.518720 0.538064
-0.070818 0.518720 0.538064
0.031109 0.518720 0.538064
0.133036 0.518720 0.538064
0.234964 0.518720 0.538064
0.336891 0.518720 0.538064
0.438818 0.518720 0.436137
0.438818 0.518720 0.538064
-1.090092 0.518720 0.538064
-0.988164 0.518720 0.538064
-1.090092 0.620647 0.538064
-0.988164 0.620647 0.538064
-0.886237 0.620647 0.538064
-0.784310 0.620647 0.538064
-0.682382 0.620647 0.436137
-0.682382 0.620647 0.538064
-0.580455 0.620647 0.436137
-0.580455 0.620647 0.538064
-0.478528 0.620647 0.538064
-0.376600 0.620647 0.538064
-0.274673 0.620647 0.538064
-0.172746 0.620647 0.538064
-0.070818 0.620647 0.538064
0.031109 0.620647 0.538064
0.133036 0.620647 0.538064
0.234964 0.620647 0.538064
0.336891 0.620647 0.436137
0.336891 0.620647 0.538064
-0.784310 0.722575 0.436137
-0.682382 0.722575 0.436137
-0.784310 0.722575 0.538064
-0.682382 0.722575 0.538064
-0.580455 0.722575 0.436137
-0.580455 0.722575 0.538064
-0.478528 0.722575 0.436137
-0.478528 0.722575 0.538064
-0.376600 0.722575 0.538064
-0.274673 0.722575 0.538064
-0.886237 0.722575 0.436137
-0.886237 0.722575 0.538064
-0.886237 0.824502 0.538064
-0.784310 0.824502 0.538064
-0.682382 0.824502 0.436137
-0.682382 0.824502 0.538064
-0.580455 0.824502 0.436137
-0.580455 0.824502 0.538064
-0.988164 0.824502 0.538064
-0.988164 0.926430 0.538064
-0.886237 0.926430 0.538064
-0.784310 0.926430 0.538064
-0.682382 0.926430 0.436137
-0.682382 0.926430 0.538064
-1.090092 0.926430 0.538064
-1.090092 1.028357 0.538064
-0.988164 1.028357 0.538064
-0.886237 1.028357 0.538064
-0.070818 0.926430 0.436137
0.031109 0.926430 0.436137
-0.070818 0.926430 0.538064
0.031109 0.926430 0.538064
-0.070818 1.028357 0.538064
0.031109 1.028357 0.538064
0.133036 0.926430 0.436137
0.133036 1.028357 0.436137
0.133036 0.926430 0.538064
0.133036 1.028357 0.538064
-0.478528 1.028357 0.436137
-0.376600 1.028357 0.436137
-0.478528 1.130284 0.436137
-0.376600 1.130284 0.436137
-0.478528 1.028357 0.538064
-0.376600 1.028357 0.538064
-0.478528 1.130284 0.538064
-0.376600 1.130284 0.538064
-0.274673 1.028357 0.436137
-0.274673 1.130284 0.436137
-0.274673 1.028357 0.538064
-0.274673 1.130284 0.538064
-0.070818 1.130284 0.538064
0.031109 1.130284 0.538064
1.152310 -1.010190 0.639991
1.254237 -1.010190 0.639991
1.152310 -0.908262 0.639991
1.254237 -0.908262 0.639991
1.152310 -0.806335 0.639991
1.254237 -0.806335 0.639991
1.356164 -0.908262 0.538064
1.356164 -0.806335 0.538064
1.356164 -0.908262 0.639991
1.356164 -0.806335 0.639991
1.254237 -0.704408 0.538064
1.356164 -0.704408 0.538064
1.254237 -0.704408 0.639991
1.356164 -0.704408 0.639991
0.336891 -0.704408 0.639991
0.438818 -0.704408 0.639991
0.336891 -0.602480 0.639991
0.438818 -0.602480 0.639991
2.069655 -0.704408 0.639991
2.171583 -0.704408 0.639991
2.069655 -0.602480 0.639991
2.171583 -0.602480 0.639991
2.273510 -0.704408 0.639991
2.273510 -0.602480 0.639991
-0.070818 -0.602480 0.639991
0.031109 -0.602480 0.639991
-0.070818 -0.500553 0.639991
0.031109 -0.500553 0.639991
0.133036 -0.602480 0.639991
0.133036 -0.500553 0.639991
0.234964 -0.602480 0.639991
0.234964 -0.500553 0.639991
0.336891 -0.500553 0.639991
0.438818 -0.500553 0.639991
0.540746 -0.602480 0.639991
0.540746 -0.500553 0.639991
2.069655 -0.500553 0.639991
2.171583 -0.500553 0.639991
2.273510 -0.500553 0.639991
0.031109 -0.398626 0.639991
0.133036 -0.398626 0.639991
0.234964 -0.398626 0.639991
0.336891 -0.398626 0.639991
0.438818 -0.398626 0.639991
0.540746 -0.398626 0.639991
0.133036 -0.296698 0.639991
0.234964 -0.296698 0.639991
0.336891 -0.296698 0.639991
0.438818 -0.296698 0.639991
0.540746 -0.296698 0.639991
0.234964 -0.194771 0.639991
0.336891 -0.194771 0.639991
0.438818 -0.194771 0.639991
0.540746 -0.194771 0.639991
-0.886237 -0.194771 0.538064
-0.784310 -0.194771 0.538064
-0.886237 -0.092844 0.538064
-0.784310 -0.092844 0.538064
-0.886237 -0.194771 0.639991
-0.784310 -0.194771 0.639991
-0.886237 -0.092844 0.639991
-0.784310 -0.092844 0.639991
-0.682382 -0.194771 0.538064
-0.682382 -0.092844 0.538064
-0.682382 -0.194771 0.639991
-0.682382 -0.092844 0.639991
-0.580455 -0.194771 0.538064
-0.478528 -0.194771 0.538064
-0.580455 -0.092844 0.538064
-0.478528 -0.092844 0.538064
-0.580455 -0.194771 0.639991
-0.478528 -0.194771 0.639991
-0.580455 -0.092844 0.639991
-0.478528 -0.092844 0.639991
-0.376600 -0.194771 0.538064
-0.376600 -0.194771 0.639991
-0.376600 -0.092844 0.639991
0.438818 -0.092844 0.538064
0.540746 -0.092844 0.538064
0.438818 -0.092844 0.639991
0.540746 -0.092844 0.639991
-0.580455 0.009084 0.639991
-0.478528 0.009084 0.639991
-0.376600 0.009084 0.639991
-0.274673 -0.092844 0.639991
-0.274673 0.009084 0.639991
-0.172746 -0.092844 0.639991
-0.172746 0.009084 0.639991
-0.070818 -0.092844 0.639991
-0.070818 0.009084 0.639991
0.031109 -0.092844 0.639991
0.031109 0.009084 0.639991
0.133036 -0.092844 0.639991
0.133036 0.009084 0.639991
0.234964 -0.092844 0.639991
0.234964 0.009084 0.639991
0.336891 -0.092844 0.639991
0.336891 0.009084 0.639991
0.438818 0.009084 0.538064
0.438818 0.009084 0.639991
-1.395874 0.009084 0.639991
-1.293946 0.009084 0.639991
-1.395874 0.111011 0.639991
-1.293946 0.111011 0.639991
-1.192019 0.009084 0.639991
-1.192019 0.111011 0.639991
-0.478528 0.111011 0.639991
-0.376600 0.111011 0.639991
-0.274673 0.111011 0.639991
-0.172746 0.111011 0.639991
-0.070818 0.111011 0.639991
0.031109 0.111011 0.639991
0.133036 0.111011 0.639991
0.234964 0.111011 0.639991
0.336891 0.111011 0.639991
0.438818 0.111011 0.538064
0.438818 0.111011 0.639991
0.540746 0.009084 0.538064
0.540746 0.111011 0.538064
0.540746 0.009084 0.639991
0.540746 0.111011 0.639991
-0.376600 0.212938 0.639991
-0.274673 0.212938 0.639991
-0.172746 0.212938 0.639991
-0.070818 0.212938 0.639991
0.031109 0.212938 0.639991
0.133036 0.212938 0.639991
0.234964 0.212938 0.639991
0.336891 0.212938 0.639991
0.438818 0.212938 0.538064
0.438818 0.212938 0.639991
0.540746 0.212938 0.538064
0.540746 0.212938 0.639991
-0.070818 0.314866 0.639991
0.031109 0.314866 0.639991
0.133036 0.314866 0.639991
0.234964 0.314866 0.639991
0.336891 0.314866 0.639991
0.438818 0.314866 0.639991
-0.988164 0.314866 0.639991
-0.886237 0.314866 0.639991
-0.988164 0.416793 0.639991
-0.886237 0.416793 0.639991
-0.784310 0.314866 0.639991
-0.784310 0.416793 0.639991
-0.070818 0.416793 0.639991
0.031109 0.416793 0.639991
0.133036 0.416793 0.639991
0.234964 0.416793 0.639991
0.336891 0.416793 0.639991
0.438818 0.416793 0.639991
-0.886237 0.518720 0.639991
-0.784310 0.518720 0.639991
-0.682382 0.416793 0.639991
-0.682382 0.518720 0.639991
-0.580455 0.416793 0.639991
-0.580455 0.518720 0.639991
-0.478528 0.416793 0.639991
-0.478528 0.518720 0.639991
-0.376600 0.416793 0.639991
-0.376600 0.518720 0.639991
-0.274673 0.416793 0.639991
-0.274673 0.518720 0.639991
-0.172746 0.416793 0.639991
-0.172746 0.518720 0.639991
-0.070818 0.518720 0.639991
0.031109 0.518720 0.639991
0.133036 0.518720 0.639991
0.234964 0.518720 0.639991
0.336891 0.518720 0.639991
0.438818 0.518720 0.639991
-0.682382 0.620647 0.639991
-0.580455 0.620647 0.639991
-0.478528 0.620647 0.639991
-0.376600 0.620647 0.639991
-0.274673 0.620647 0.639991
-0.172746 0.620647 0.639991
-0.070818 0.620647 0.639991
0.031109 0.620647 0.639991
0.133036 0.620647 0.639991
0.234964 0.620647 0.639991
0.336891 0.620647 0.639991
0.438818 0.620647 0.538064
0.438818 0.620647 0.639991
-0.682382 0.722575 0.639991
-0.580455 0.722575 0.639991
-0.478528 0.722575 0.639991
-0.376600 0.722575 0.639991
-0.274673 0.722575 0.639991
0.031109 0.722575 0.538064
0.133036 0.722575 0.538064
0.031109 0.722575 0.639991
0.133036 0.722575 0.639991
0.234964 0.722575 0.538064
0.234964 0.722575 0.639991
-0.682382 0.824502 0.639991
-0.580455 0.824502 0.639991
-0.070818 0.722575 0.538064
-0.070818 0.824502 0.538064
0.031109 0.824502 0.538064
-0.070818 0.722575 0.639991
-0.070818 0.824502 0.639991
0.031109 0.824502 0.639991
0.133036 0.824502 0.538064
0.133036 0.824502 0.639991
0.234964 0.824502 0.538064
0.234964 0.824502 0.639991
-0.274673 0.824502 0.538064
-0.172746 0.824502 0.538064
-0.274673 0.926430 0.538064
-0.172746 0.926430 0.538064
-0.274673 0.824502 0.639991
-0.172746 0.824502 0.639991
-0.274673 0.926430 0.639991
-0.172746 0.926430 0.639991
-0.070818 0.926430 0.639991
0.031109 0.926430 0.639991
0.133036 0.926430 0.639991
-0.478528 0.926430 0.538064
-0.376600 0.926430 0.538064
-0.478528 0.926430 0.639991
-0.376600 0.926430 0.639991
-0.478528 1.028357 0.639991
-0.376600 1.028357 0.639991
-0.274673 1.028357 0.639991
-0.172746 1.028357 0.538064
-0.172746 1.028357 0.639991
-0.070818 1.028357 0.639991
0.031109 1.028357 0.639991
0.133036 1.028357 0.639991
-0.478528 1.130284 0.639991
-0.376600 1.130284 0.639991
1.763874 -1.010190 0.639991
1.865801 -1.010190 0.639991
1.763874 -0.908262 0.639991
1.865801 -0.908262 0.639991
1.763874 -1.010190 0.741919
1.865801 -1.010190 0.741919
1.763874 -0.908262 0.741919
1.865801 -0.908262 0.741919
1.254237 -0.908262 0.741919
1.356164 -0.908262 0.741919
1.254237 -0.806335 0.741919
1.356164 -0.806335 0.741919
1.661946 -0.908262 0.639991
1.661946 -0.806335 0.639991
1.763874 -0.806335 0.639991
1.661946 -0.908262 0.741919
1.661946 -0.806335 0.741919
1.763874 -0.806335 0.741919
1.865801 -0.806335 0.639991
1.865801 -0.806335 0.741919
1.254237 -0.704408 0.741919
1.356164 -0.704408 0.741919
1.661946 -0.704408 0.639991
1.763874 -0.704408 0.639991
1.661946 -0.704408 0.741919
1.763874 -0.704408 0.741919
1.254237 -0.602480 0.639991
1.356164 -0.602480 0.639991
1.254237 -0.602480 0.741919
1.356164 -0.602480 0.741919
1.661946 -0.602480 0.639991
1.763874 -0.602480 0.639991
1.661946 -0.602480 0.741919
1.763874 -0.602480 0.741919
1.865801 -0.704408 0.639991
1.967728 -0.704408 0.639991
1.865801 -0.602480 0.639991
1.967728 -0.602480 0.639991
1.865801 -0.704408 0.741919
1.967728 -0.704408 0.741919
1.865801 -0.602480 0.741919
1.967728 -0.602480 0.741919
2.069655 -0.704408 0.741919
2.069655 -0.602480 0.741919
2.171583 -0.704408 0.741919
2.171583 -0.602480 0.741919
1.763874 -0.500553 0.639991
1.865801 -0.500553 0.639991
1.763874 -0.500553 0.741919
1.865801 -0.500553 0.741919
1.967728 -0.500553 0.639991
1.967728 -0.500553 0.741919
2.069655 -0.500553 0.741919
-0.784310 -0.500553 0.639991
-0.682382 -0.500553 0.639991
-0.784310 -0.398626 0.639991
-0.682382 -0.398626 0.639991
-0.784310 -0.500553 0.741919
-0.682382 -0.500553 0.741919
-0.784310 -0.398626 0.741919
-0.682382 -0.398626 0.741919
-0.580455 -0.500553 0.639991
-0.580455 -0.398626 0.639991
-0.580455 -0.500553 0.741919
-0.580455 -0.398626 0.741919
0.133036 -0.500553 0.741919
0.234964 -0.500553 0.741919
0.133036 -0.398626 0.741919
0.234964 -0.398626 0.741919
0.336891 -0.500553 0.741919
0.336891 -0.398626 0.741919
0.438818 -0.500553 0.741919
0.438818 -0.398626 0.741919
0.540746 -0.500553 0.741919
0.540746 -0.398626 0.741919
1.661946 -0.500553 0.639991
1.661946 -0.398626 0.639991
1.763874 -0.398626 0.639991
1.661946 -0.500553 0.741919
1.661946 -0.398626 0.741919
1.763874 -0.398626 0.741919
1.865801 -0.398626 0.639991
1.865801 -0.398626 0.741919
1.967728 -0.398626 0.639991
1.967728 -0.398626 0.741919
-0.784310 -0.296698 0.639991
-0.682382 -0.296698 0.639991
-0.784310 -0.296698 0.741919
-0.682382 -0.296698 0.741919
-0.580455 -0.296698 0.639991
-0.580455 -0.296698 0.741919
-0.478528 -0.398626 0.639991
-0.478528 -0.296698 0.639991
-0.478528 -0.398626 0.741919
-0.478528 -0.296698 0.741919
0.133036 -0.296698 0.741919
0.234964 -0.296698 0.741919
0.336891 -0.296698 0.741919
0.438818 -0.296698 0.741919
0.540746 -0.296698 0.741919
0.642673 -0.398626 0.639991
0.642673 -0.296698 0.639991
0.642673 -0.398626 0.741919
0.642673 -0.296698 0.741919
-0.682382 -0.194771 0.741919
-0.580455 -0.194771 0.741919
-0.478528 -0.194771 0.741919
0.234964 -0.194771 0.741919
0.336891 -0.194771 0.741919
0.438818 -0.194771 0.741919
0.540746 -0.194771 0.741919
0.642673 -0.194771 0.639991
0.642673 -0.194771 0.741919
-0.988164 -0.194771 0.639991
-0.988164 -0.092844 0.639991
-0.988164 -0.194771 0.741919
-0.886237 -0.194771 0.741919
-0.988164 -0.092844 0.741919
-0.886237 -0.092844 0.741919
-0.784310 -0.194771 0.741919
-0.784310 -0.092844 0.741919
-0.682382 -0.092844 0.741919
-0.580455 -0.092844 0.741919
-0.478528 -0.092844 0.741919
-0.376600 -0.194771 0.741919
-0.376600 -0.092844 0.741919
0.336891 -0.092844 0.741919
0.438818 -0.092844 0.741919
0.540746 -0.092844 0.741919
0.642673 -0.092844 0.639991
0.642673 -0.092844 0.741919
-0.682382 0.009084 0.639991
-0.682382 0.009084 0.741919
-0.580455 0.009084 0.741919
-0.478528 0.009084 0.741919
-0.376600 0.009084 0.741919
-0.274673 -0.092844 0.741919
-0.274673 0.009084 0.741919
-0.172746 -0.092844 0.741919
-0.172746 0.009084 0.741919
-0.070818 -0.092844 0.741919
-0.070818 0.009084 0.741919
0.031109 -0.092844 0.741919
0.031109 0.009084 0.741919
0.133036 -0.092844 0.741919
0.133036 0.009084 0.741919
0.234964 -0.092844 0.741919
0.234964 0.009084 0.741919
0.336891 0.009084 0.741919
0.438818 0.009084 0.741919
0.540746 0.009084 0.741919
0.642673 0.009084 0.639991
0.642673 0.009084 0.741919
-0.478528 0.111011 0.741919
-0.376600 0.111011 0.741919
-0.274673 0.111011 0.741919
-0.172746 0.111011 0.741919
-0.070818 0.111011 0.741919
0.031109 0.111011 0.741919
0.133036 0.111011 0.741919
0.234964 0.111011 0.741919
0.336891 0.111011 0.741919
0.438818 0.111011 0.741919
0.540746 0.111011 0.741919
0.642673 0.111011 0.639991
0.642673 0.111011 0.741919
-0.070818 0.212938 0.741919
0.031109 0.212938 0.741919
0.133036 0.212938 0.741919
0.234964 0.212938 0.741919
0.336891 0.212938 0.741919
0.438818 0.212938 0.741919
0.540746 0.212938 0.741919
0.642673 0.212938 0.639991
0.642673 0.212938 0.741919
0.031109 0.314866 0.741919
0.133036 0.314866 0.741919
0.234964 0.314866 0.741919
0.336891 0.314866 0.741919
0.438818 0.314866 0.741919
0.540746 0.314866 0.639991
0.540746 0.314866 0.741919
-0.070818 0.314866 0.741919
-0.070818 0.416793 0.741919
0.031109 0.416793 0.741919
0.133036 0.416793 0.741919
0.234964 0.416793 0.741919
0.336891 0.416793 0.741919
0.438818 0.416793 0.741919
0.540746 0.416793 0.639991
0.540746 0.416793 0.741919
-0.274673 0.416793 0.741919
-0.172746 0.416793 0.741919
-0.274673 0.518720 0.741919
-0.172746 0.518720 0.741919
-0.070818 0.518720 0.741919
0.031109 0.518720 0.741919
0.133036 0.518720 0.741919
0.234964 0.518720 0.741919
0.336891 0.518720 0.741919
0.438818 0.518720 0.741919
0.540746 0.518720 0.639991
0.540746 0.518720 0.741919
-0.682382 0.518720 0.741919
-0.580455 0.518720 0.741919
-0.682382 0.620647 0.741919
-0.580455 0.620647 0.741919
-0.478528 0.518720 0.741919
-0.478528 0.620647 0.741919
-0.274673 0.620647 0.741919
-0.172746 0.620647 0.741919
-0.070818 0.620647 0.741919
0.031109 0.620647 0.741919
0.133036 0.620647 0.741919
0.234964 0.620647 0.741919
0.336891 0.620647 0.741919
0.438818 0.620647 0.741919
0.031109 0.722575 0.741919
0.133036 0.722575 0.741919
0.234964 0.722575 0.741919
-0.070818 0.722575 0.741919
-0.070818 0.824502 0.741919
0.031109 0.824502 0.741919
0.133036 0.824502 0.741919
0.234964 0.824502 0.741919
-0.274673 0.824502 0.741919
-0.172746 0.824502 0.741919
-0.274673 0.926430 0.741919
-0.172746 0.926430 0.741919
-0.070818 0.926430 0.741919
0.031109 0.926430 0.741919
0.133036 0.926430 0.741919
-0.478528 0.926430 0.741919
-0.376600 0.926430 0.741919
-0.478528 1.028357 0.741919
-0.376600 1.028357 0.741919
-0.274673 1.028357 0.741919
-0.172746 1.028357 0.741919
-0.070818 1.028357 0.741919
-0.478528 1.130284 0.741919
-0.376600 1.130284 0.741919
1.661946 -0.908262 0.843846
1.763874 -0.908262 0.843846
1.661946 -0.806335 0.843846
1.763874 -0.806335 0.843846
1.865801 -0.908262 0.843846
1.865801 -0.806335 0.843846
1.661946 -0.704408 0.843846
1.763874 -0.704408 0.843846
1.254237 -0.704408 0.843846
1.356164 -0.704408 0.843846
1.254237 -0.602480 0.843846
1.356164 -0.602480 0.843846
1.560019 -0.704408 0.741919
1.560019 -0.602480 0.741919
1.560019 -0.704408 0.843846
1.560019 -0.602480 0.843846
1.661946 -0.602480 0.843846
1.763874 -0.602480 0.843846
-0.580455 -0.602480 0.741919
-0.478528 -0.602480 0.741919
-0.478528 -0.500553 0.741919
-0.580455 -0.602480 0.843846
-0.478528 -0.602480 0.843846
-0.580455 -0.500553 0.843846
-0.478528 -0.500553 0.843846
1.254237 -0.500553 0.741919
1.356164 -0.500553 0.741919
1.254237 -0.500553 0.843846
1.356164 -0.500553 0.843846
1.458091 -0.602480 0.741919
1.458091 -0.500553 0.741919
1.560019 -0.500553 0.741919
1.458091 -0.602480 0.843846
1.458091 -0.500553 0.843846
1.560019 -0.500553 0.843846
1.661946 -0.500553 0.843846
1.763874 -0.500553 0.843846
1.865801 -0.602480 0.843846
1.865801 -0.500553 0.843846
1.967728 -0.602480 0.843846
1.967728 -0.500553 0.843846
-0.580455 -0.398626 0.843846
-0.478528 -0.398626 0.843846
-0.376600 -0.500553 0.741919
-0.376600 -0.398626 0.741919
-0.376600 -0.500553 0.843846
-0.376600 -0.398626 0.843846
1.254237 -0.398626 0.741919
1.356164 -0.398626 0.741919
1.254237 -0.398626 0.843846
1.356164 -0.398626 0.843846
1.458091 -0.398626 0.741919
1.560019 -0.398626 0.741919
1.458091 -0.398626 0.843846
1.560019 -0.398626 0.843846
1.661946 -0.398626 0.843846
1.763874 -0.398626 0.843846
1.865801 -0.398626 0.843846
1.967728 -0.398626 0.843846
-0.682382 -0.398626 0.843846
-0.682382 -0.296698 0.843846
-0.580455 -0.296698 0.843846
-0.478528 -0.296698 0.843846
-0.376600 -0.296698 0.741919
-0.376600 -0.296698 0.843846
0.336891 -0.398626 0.843846
0.438818 -0.398626 0.843846
0.336891 -0.296698 0.843846
0.438818 -0.296698 0.843846
0.540746 -0.398626 0.843846
0.540746 -0.296698 0.843846
0.642673 -0.398626 0.843846
0.642673 -0.296698 0.843846
1.254237 -0.296698 0.741919
1.356164 -0.296698 0.741919
1.254237 -0.296698 0.843846
1.356164 -0.296698 0.843846
1.458091 -0.296698 0.741919
1.560019 -0.296698 0.741919
1.458091 -0.296698 0.843846
1.560019 -0.296698 0.843846
1.661946 -0.296698 0.741919
1.661946 -0.296698 0.843846
1.763874 -0.296698 0.741919
1.763874 -0.296698 0.843846
1.865801 -0.296698 0.741919
1.865801 -0.296698 0.843846
-0.682382 -0.194771 0.843846
-0.580455 -0.194771 0.843846
-0.478528 -0.194771 0.843846
0.336891 -0.194771 0.843846
0.438818 -0.194771 0.843846
0.540746 -0.194771 0.843846
0.642673 -0.194771 0.843846
1.458091 -0.194771 0.741919
1.560019 -0.194771 0.741919
1.458091 -0.194771 0.843846
1.560019 -0.194771 0.843846
1.661946 -0.194771 0.741919
1.661946 -0.194771 0.843846
-0.682382 -0.092844 0.843846
-0.580455 -0.092844 0.843846
-0.478528 -0.092844 0.843846
0.438818 -0.092844 0.843846
0.540746 -0.092844 0.843846
0.642673 -0.092844 0.843846
0.744600 -0.194771 0.741919
0.744600 -0.092844 0.741919
0.744600 -0.194771 0.843846
0.744600 -0.092844 0.843846
0.133036 -0.092844 0.843846
0.234964 -0.092844 0.843846
0.133036 0.009084 0.843846
0.234964 0.009084 0.843846
0.336891 -0.092844 0.843846
0.336891 0.009084 0.843846
0.438818 0.009084 0.843846
0.540746 0.009084 0.843846
0.642673 0.009084 0.843846
0.744600 0.009084 0.741919
0.744600 0.009084 0.843846
0.133036 0.111011 0.843846
0.234964 0.111011 0.843846
0.336891 0.111011 0.843846
0.438818 0.111011 0.843846
0.540746 0.111011 0.843846
0.642673 0.111011 0.843846
0.744600 0.111011 0.741919
0.744600 0.111011 0.843846
0.846528 0.009084 0.741919
0.846528 0.111011 0.741919
0.846528 0.009084 0.843846
0.846528 0.111011 0.843846
0.133036 0.212938 0.843846
0.234964 0.212938 0.843846
0.336891 0.212938 0.843846
0.438818 0.212938 0.843846
0.540746 0.212938 0.843846
0.642673 0.212938 0.843846
0.744600 0.212938 0.741919
0.744600 0.212938 0.843846
0.846528 0.212938 0.741919
0.846528 0.212938 0.843846
0.133036 0.314866 0.843846
0.234964 0.314866 0.843846
0.336891 0.314866 0.843846
0.438818 0.314866 0.843846
0.540746 0.314866 0.843846
0.642673 0.314866 0.741919
0.642673 0.314866 0.843846
0.744600 0.314866 0.741919
0.744600 0.314866 0.843846
0.846528 0.314866 0.741919
0.846528 0.314866 0.843846
0.031109 0.314866 0.843846
0.031109 0.416793 0.843846
0.133036 0.416793 0.843846
0.234964 0.416793 0.843846
0.336891 0.416793 0.843846
0.438818 0.416793 0.843846
0.540746 0.416793 0.843846
0.642673 0.416793 0.741919
0.642673 0.416793 0.843846
0.744600 0.416793 0.741919
0.744600 0.416793 0.843846
0.846528 0.416793 0.741919
0.846528 0.416793 0.843846
-0.070818 0.416793 0.843846
-0.070818 0.518720 0.843846
0.031109 0.518720 0.843846
0.133036 0.518720 0.843846
0.234964 0.518720 0.843846
0.336891 0.518720 0.843846
0.438818 0.518720 0.843846
0.540746 0.518720 0.843846
0.642673 0.518720 0.741919
0.642673 0.518720 0.843846
0.744600 0.518720 0.741919
0.744600 0.518720 0.843846
0.846528 0.518720 0.741919
0.846528 0.518720 0.843846
-0.274673 0.518720 0.843846
-0.172746 0.518720 0.843846
-0.274673 0.620647 0.843846
-0.172746 0.620647 0.843846
-0.070818 0.620647 0.843846
0.031109 0.620647 0.843846
0.133036 0.620647 0.843846
0.234964 0.620647 0.843846
0.336891 0.620647 0.843846
0.438818 0.620647 0.843846
0.540746 0.620647 0.741919
0.540746 0.620647 0.843846
-0.376600 0.620647 0.741919
-0.376600 0.722575 0.741919
-0.274673 0.722575 0.741919
-0.376600 0.620647 0.843846
-0.376600 0.722575 0.843846
-0.274673 0.722575 0.843846
-0.172746 0.722575 0.741919
-0.172746 0.722575 0.843846
-0.070818 0.722575 0.843846
0.031109 0.722575 0.843846
0.133036 0.722575 0.843846
0.234964 0.722575 0.843846
1.050382 -0.908262 0.843846
1.152310 -0.908262 0.843846
1.050382 -0.806335 0.843846
1.152310 -0.806335 0.843846
1.050382 -0.908262 0.945774
1.152310 -0.908262 0.945774
1.050382 -0.806335 0.945774
1.152310 -0.806335 0.945774
1.254237 -0.908262 0.843846
1.254237 -0.806335 0.843846
1.254237 -0.908262 0.945774
1.254237 -0.806335 0.945774
1.152310 -0.704408 0.843846
1.152310 -0.704408 0.945774
1.254237 -0.704408 0.945774
1.152310 -0.602480 0.843846
1.152310 -0.602480 0.945774
1.254237 -0.602480 0.945774
1.356164 -0.704408 0.945774
1.356164 -0.602480 0.945774
1.152310 -0.500553 0.843846
1.152310 -0.500553 0.945774
1.254237 -0.500553 0.945774
1.356164 -0.500553 0.945774
1.458091 -0.602480 0.945774
1.560019 -0.602480 0.945774
1.458091 -0.500553 0.945774
1.560019 -0.500553 0.945774
1.661946 -0.602480 0.945774
1.661946 -0.500553 0.945774
1.763874 -0.602480 0.945774
1.763874 -0.500553 0.945774
-0.580455 -0.500553 0.945774
-0.478528 -0.500553 0.945774
-0.580455 -0.398626 0.945774
-0.478528 -0.398626 0.945774
-0.376600 -0.500553 0.945774
-0.376600 -0.398626 0.945774
1.152310 -0.398626 0.843846
1.152310 -0.398626 0.945774
1.254237 -0.398626 0.945774
1.356164 -0.398626 0.945774
1.458091 -0.398626 0.945774
1.560019 -0.398626 0.945774
1.661946 -0.398626 0.945774
0.133036 -0.398626 0.843846
0.234964 -0.398626 0.843846
0.133036 -0.296698 0.843846
0.234964 -0.296698 0.843846
0.133036 -0.398626 0.945774
0.234964 -0.398626 0.945774
0.133036 -0.296698 0.945774
0.234964 -0.296698 0.945774
0.336891 -0.398626 0.945774
0.336891 -0.296698 0.945774
1.254237 -0.296698 0.945774
1.356164 -0.296698 0.945774
1.458091 -0.296698 0.945774
1.560019 -0.296698 0.945774
1.661946 -0.296698 0.945774
1.763874 -0.398626 0.945774
1.763874 -0.296698 0.945774
0.234964 -0.194771 0.843846
0.234964 -0.194771 0.945774
0.336891 -0.194771 0.945774
0.438818 -0.296698 0.945774
0.438818 -0.194771 0.945774
0.540746 -0.296698 0.945774
0.540746 -0.194771 0.945774
0.642673 -0.296698 0.945774
0.642673 -0.194771 0.945774
1.254237 -0.194771 0.843846
1.356164 -0.194771 0.843846
1.254237 -0.194771 0.945774
1.356164 -0.194771 0.945774
1.458091 -0.194771 0.945774
1.560019 -0.194771 0.945774
1.661946 -0.194771 0.945774
-0.682382 -0.194771 0.945774
-0.580455 -0.194771 0.945774
-0.682382 -0.092844 0.945774
-0.580455 -0.092844 0.945774
0.336891 -0.092844 0.945774
0.438818 -0.092844 0.945774
0.540746 -0.092844 0.945774
0.642673 -0.092844 0.945774
0.744600 -0.194771 0.945774
0.744600 -0.092844 0.945774
0.846528 -0.194771 0.843846
0.846528 -0.092844 0.843846
0.846528 -0.194771 0.945774
0.846528 -0.092844 0.945774
1.254237 -0.092844 0.843846
1.356164 -0.092844 0.843846
1.254237 -0.092844 0.945774
1.356164 -0.092844 0.945774
1.458091 -0.092844 0.843846
1.458091 -0.092844 0.945774
1.560019 -0.092844 0.843846
1.661946 -0.092844 0.843846
1.560019 -0.092844 0.945774
1.661946 -0.092844 0.945774
1.763874 -0.194771 0.843846
1.763874 -0.092844 0.843846
1.763874 -0.194771 0.945774
1.763874 -0.092844 0.945774
0.234964 -0.092844 0.945774
0.234964 0.009084 0.945774
0.336891 0.009084 0.945774
0.438818 0.009084 0.945774
0.540746 0.009084 0.945774
0.642673 0.009084 0.945774
0.744600 0.009084 0.945774
0.846528 0.009084 0.945774
0.948455 -0.092844 0.843846
0.948455 0.009084 0.843846
0.948455 -0.092844 0.945774
0.948455 0.009084 0.945774
1.560019 0.009084 0.843846
1.661946 0.009084 0.843846
1.560019 0.009084 0.945774
1.661946 0.009084 0.945774
0.336891 0.111011 0.945774
0.438818 0.111011 0.945774
0.540746 0.111011 0.945774
0.642673 0.111011 0.945774
0.744600 0.111011 0.945774
0.846528 0.111011 0.945774
0.948455 0.111011 0.843846
0.948455 0.111011 0.945774
0.031109 0.111011 0.843846
0.031109 0.212938 0.843846
0.031109 0.111011 0.945774
0.133036 0.111011 0.945774
0.031109 0.212938 0.945774
0.133036 0.212938 0.945774
0.234964 0.111011 0.945774
0.234964 0.212938 0.945774
0.336891 0.212938 0.945774
0.438818 0.212938 0.945774
0.540746 0.212938 0.945774
0.642673 0.212938 0.945774
0.744600 0.212938 0.945774
0.846528 0.212938 0.945774
0.948455 0.212938 0.843846
0.948455 0.212938 0.945774
0.133036 0.314866 0.945774
0.234964 0.314866 0.945774
0.336891 0.314866 0.945774
0.438818 0.314866 0.945774
0.540746 0.314866 0.945774
0.642673 0.314866 0.945774
0.744600 0.314866 0.945774
0.846528 0.314866 0.945774
0.133036 0.416793 0.945774
0.234964 0.416793 0.945774
0.336891 0.416793 0.945774
0.438818 0.416793 0.945774
0.540746 0.416793 0.945774
0.642673 0.416793 0.945774
0.744600 0.416793 0.945774
0.846528 0.416793 0.945774
0.133036 0.518720 0.945774
0.234964 0.518720 0.945774
0.336891 0.518720 0.945774
0.438818 0.518720 0.945774
0.540746 0.518720 0.945774
0.642673 0.518720 0.945774
0.744600 0.518720 0.945774
0.846528 0.518720 0.945774
-0.274673 0.518720 0.945774
-0.172746 0.518720 0.945774
-0.274673 0.620647 0.945774
-0.172746 0.620647 0.945774
-0.070818 0.518720 0.945774
-0.070818 0.620647 0.945774
0.031109 0.518720 0.945774
0.031109 0.620647 0.945774
0.133036 0.620647 0.945774
0.234964 0.620647 0.945774
0.336891 0.620647 0.945774
0.438818 0.620647 0.945774
0.540746 0.620647 0.945774
0.642673 0.620647 0.843846
0.642673 0.620647 0.945774
-0.376600 0.620647 0.945774
-0.376600 0.722575 0.945774
-0.274673 0.722575 0.945774
-0.172746 0.722575 0.945774
-0.070818 0.722575 0.945774
0.031109 0.722575 0.945774
0.133036 0.722575 0.945774
1.050382 -0.908262 1.047701
1.152310 -0.908262 1.047701
1.050382 -0.806335 1.047701
1.152310 -0.806335 1.047701
1.254237 -0.908262 1.047701
1.254237 -0.806335 1.047701
1.152310 -0.704408 1.047701
1.254237 -0.704408 1.047701
1.152310 -0.602480 1.047701
1.254237 -0.602480 1.047701
1.560019 -0.602480 1.047701
1.661946 -0.602480 1.047701
1.560019 -0.500553 1.047701
1.661946 -0.500553 1.047701
1.763874 -0.602480 1.047701
1.763874 -0.500553 1.047701
0.031109 -0.500553 0.945774
0.133036 -0.500553 0.945774
0.031109 -0.398626 0.945774
0.031109 -0.500553 1.047701
0.133036 -0.500553 1.047701
0.031109 -0.398626 1.047701
0.133036 -0.398626 1.047701
0.031109 -0.296698 0.945774
0.031109 -0.296698 1.047701
0.133036 -0.296698 1.047701
0.234964 -0.398626 1.047701
0.234964 -0.296698 1.047701
0.336891 -0.398626 1.047701
0.336891 -0.296698 1.047701
1.254237 -0.398626 1.047701
1.356164 -0.398626 1.047701
1.254237 -0.296698 1.047701
1.356164 -0.296698 1.047701
0.234964 -0.194771 1.047701
0.336891 -0.194771 1.047701
0.438818 -0.296698 1.047701
0.438818 -0.194771 1.047701
0.540746 -0.296698 1.047701
0.540746 -0.194771 1.047701
1.254237 -0.194771 1.047701
1.356164 -0.194771 1.047701
1.458091 -0.296698 1.047701
1.458091 -0.194771 1.047701
1.560019 -0.296698 1.047701
1.560019 -0.194771 1.047701
0.336891 -0.092844 1.047701
0.438818 -0.092844 1.047701
0.540746 -0.092844 1.047701
0.642673 -0.194771 1.047701
0.642673 -0.092844 1.047701
0.744600 -0.194771 1.047701
0.744600 -0.092844 1.047701
1.254237 -0.092844 1.047701
1.356164 -0.092844 1.047701
1.458091 -0.092844 1.047701
1.560019 -0.092844 1.047701
1.661946 -0.194771 1.047701
1.661946 -0.092844 1.047701
0.234964 -0.092844 1.047701
0.234964 0.009084 1.047701
0.336891 0.009084 1.047701
0.438818 0.009084 1.047701
0.540746 0.009084 1.047701
0.642673 0.009084 1.047701
0.744600 0.009084 1.047701
0.846528 -0.092844 1.047701
0.846528 0.009084 1.047701
0.948455 -0.092844 1.047701
0.948455 0.009084 1.047701
1.050382 -0.092844 0.945774
1.050382 0.009084 0.945774
1.050382 -0.092844 1.047701
1.050382 0.009084 1.047701
1.152310 -0.092844 0.945774
1.152310 0.009084 0.945774
1.254237 0.009084 0.945774
1.152310 -0.092844 1.047701
1.152310 0.009084 1.047701
1.254237 0.009084 1.047701
1.356164 0.009084 0.945774
1.356164 0.009084 1.047701
1.458091 0.009084 0.945774
1.458091 0.009084 1.047701
1.560019 0.009084 1.047701
1.661946 0.009084 1.047701
-0.376600 0.009084 0.945774
-0.274673 0.009084 0.945774
-0.376600 0.111011 0.945774
-0.274673 0.111011 0.945774
-0.376600 0.009084 1.047701
-0.274673 0.009084 1.047701
-0.376600 0.111011 1.047701
-0.274673 0.111011 1.047701
-0.172746 0.009084 0.945774
-0.172746 0.111011 0.945774
-0.172746 0.009084 1.047701
-0.172746 0.111011 1.047701
0.438818 0.111011 1.047701
0.540746 0.111011 1.047701
0.642673 0.111011 1.047701
0.744600 0.111011 1.047701
0.846528 0.111011 1.047701
0.948455 0.111011 1.047701
1.050382 0.111011 0.945774
1.050382 0.111011 1.047701
1.152310 0.111011 0.945774
1.152310 0.111011 1.047701
1.254237 0.111011 0.945774
1.356164 0.111011 0.945774
1.254237 0.111011 1.047701
1.356164 0.111011 1.047701
-0.274673 0.212938 0.945774
-0.172746 0.212938 0.945774
-0.274673 0.212938 1.047701
-0.172746 0.212938 1.047701
-0.070818 0.111011 0.945774
-0.070818 0.212938 0.945774
-0.070818 0.111011 1.047701
-0.070818 0.212938 1.047701
0.031109 0.111011 1.047701
0.031109 0.212938 1.047701
0.133036 0.111011 1.047701
0.234964 0.111011 1.047701
0.133036 0.212938 1.047701
0.234964 0.212938 1.047701
0.336891 0.111011 1.047701
0.336891 0.212938 1.047701
0.438818 0.212938 1.047701
0.540746 0.212938 1.047701
0.642673 0.212938 1.047701
0.744600 0.212938 1.047701
0.846528 0.212938 1.047701
0.948455 0.212938 1.047701
1.050382 0.212938 0.945774
1.050382 0.212938 1.047701
1.152310 0.212938 0.945774
1.152310 0.212938 1.047701
-0.172746 0.314866 0.945774
-0.070818 0.314866 0.945774
-0.172746 0.314866 1.047701
-0.070818 0.314866 1.047701
0.031109 0.314866 0.945774
0.031109 0.314866 1.047701
0.133036 0.314866 1.047701
0.234964 0.314866 1.047701
0.336891 0.314866 1.047701
0.438818 0.314866 1.047701
0.540746 0.314866 1.047701
0.642673 0.314866 1.047701
0.744600 0.314866 1.047701
0.846528 0.314866 1.047701
0.948455 0.314866 0.945774
0.948455 0.314866 1.047701
0.133036 0.416793 1.047701
0.234964 0.416793 1.047701
0.336891 0.416793 1.047701
0.438818 0.416793 1.047701
0.540746 0.416793 1.047701
0.642673 0.416793 1.047701
0.744600 0.416793 1.047701
0.846528 0.416793 1.047701
0.133036 0.518720 1.047701
0.234964 0.518720 1.047701
0.336891 0.518720 1.047701
0.438818 0.518720 1.047701
0.540746 0.518720 1.047701
0.642673 0.518720 1.047701
0.744600 0.518720 1.047701
0.846528 0.518720 1.047701
0.234964 0.620647 1.047701
0.336891 0.620647 1.047701
0.438818 0.620647 1.047701
0.540746 0.620647 1.047701
0.642673 0.620647 1.047701
0.846528 -0.500553 1.047701
0.948455 -0.500553 1.047701
0.846528 -0.398626 1.047701
0.948455 -0.398626 1.047701
0.846528 -0.500553 1.149628
0.948455 -0.500553 1.149628
0.846528 -0.398626 1.149628
0.948455 -0.398626 1.149628
0.031109 -0.398626 1.149628
0.133036 -0.398626 1.149628
0.031109 -0.296698 1.149628
0.133036 -0.296698 1.149628
0.234964 -0.398626 1.149628
0.234964 -0.296698 1.149628
0.846528 -0.296698 1.047701
0.948455 -0.296698 1.047701
0.846528 -0.296698 1.149628
0.948455 -0.296698 1.149628
0.031109 -0.194771 1.047701
0.133036 -0.194771 1.047701
0.031109 -0.194771 1.149628
0.133036 -0.194771 1.149628
0.234964 -0.194771 1.149628
0.336891 -0.296698 1.149628
0.336891 -0.194771 1.149628
0.846528 -0.194771 1.047701
0.948455 -0.194771 1.047701
0.846528 -0.194771 1.149628
0.948455 -0.194771 1.149628
0.133036 -0.092844 1.047701
0.133036 -0.092844 1.149628
0.234964 -0.092844 1.149628
0.336891 -0.092844 1.149628
0.438818 -0.194771 1.149628
0.438818 -0.092844 1.149628
1.254237 -0.194771 1.149628
1.356164 -0.194771 1.149628
1.254237 -0.092844 1.149628
1.356164 -0.092844 1.149628
0.234964 0.009084 1.149628
0.336891 0.009084 1.149628
0.438818 0.009084 1.149628
0.540746 -0.092844 1.149628
0.540746 0.009084 1.149628
0.642673 -0.092844 1.149628
0.642673 0.009084 1.149628
0.744600 -0.092844 1.149628
0.744600 0.009084 1.149628
0.846528 -0.092844 1.149628
0.846528 0.009084 1.149628
0.948455 -0.092844 1.149628
0.948455 0.009084 1.149628
1.050382 -0.092844 1.149628
1.050382 0.009084 1.149628
1.152310 -0.092844 1.149628
1.152310 0.009084 1.149628
1.254237 0.009084 1.149628
1.356164 0.009084 1.149628
1.458091 -0.092844 1.149628
1.458091 0.009084 1.149628
-0.274673 0.009084 1.149628
-0.172746 0.009084 1.149628
-0.274673 0.111011 1.149628
-0.172746 0.111011 1.149628
0.438818 0.111011 1.149628
0.540746 0.111011 1.149628
0.642673 0.111011 1.149628
0.744600 0.111011 1.149628
0.846528 0.111011 1.149628
0.948455 0.111011 1.149628
1.050382 0.111011 1.149628
1.152310 0.111011 1.149628
1.254237 0.111011 1.149628
1.356164 0.111011 1.149628
-0.274673 0.212938 1.149628
-0.172746 0.212938 1.149628
-0.070818 0.111011 1.149628
-0.070818 0.212938 1.149628
0.031109 0.111011 1.149628
0.031109 0.212938 1.149628
0.336891 0.111011 1.149628
0.336891 0.212938 1.149628
0.438818 0.212938 1.149628
0.540746 0.212938 1.149628
0.642673 0.212938 1.149628
0.744600 0.212938 1.149628
0.846528 0.212938 1.149628
0.948455 0.212938 1.149628
1.050382 0.212938 1.149628
1.152310 0.212938 1.149628
1.254237 0.212938 1.047701
1.254237 0.212938 1.149628
-0.172746 0.314866 1.149628
-0.070818 0.314866 1.149628
0.031109 0.314866 1.149628
0.133036 0.212938 1.149628
0.133036 0.314866 1.149628
0.234964 0.212938 1.149628
0.234964 0.314866 1.149628
0.336891 0.314866 1.149628
0.438818 0.314866 1.149628
0.540746 0.314866 1.149628
0.642673 0.314866 1.149628
0.744600 0.314866 1.149628
0.846528 0.314866 1.149628
0.948455 0.314866 1.149628
1.050382 0.314866 1.047701
1.050382 0.314866 1.149628
1.152310 0.314866 1.047701
1.152310 0.314866 1.149628
0.234964 0.416793 1.149628
0.336891 0.416793 1.149628
0.438818 0.416793 1.149628
0.540746 0.416793 1.149628
0.642673 0.416793 1.149628
0.744600 0.416793 1.149628
0.846528 0.416793 1.149628
0.948455 0.416793 1.047701
0.948455 0.416793 1.149628
1.050382 0.416793 1.047701
1.050382 0.416793 1.149628
0.234964 0.518720 1.149628
0.336891 0.518720 1.149628
0.438818 0.518720 1.149628
0.540746 0.518720 1.149628
0.642673 0.518720 1.149628
0.744600 0.518720 1.149628
0.846528 0.518720 1.149628
0.846528 -0.398626 1.251556
0.948455 -0.398626 1.251556
0.846528 -0.296698 1.251556
0.948455 -0.296698 1.251556
0.133036 -0.296698 1.251556
0.234964 -0.296698 1.251556
0.133036 -0.194771 1.251556
0.234964 -0.194771 1.251556
0.336891 -0.296698 1.251556
0.336891 -0.194771 1.251556
0.846528 -0.194771 1.251556
0.948455 -0.194771 1.251556
0.133036 -0.092844 1.251556
0.234964 -0.092844 1.251556
0.336891 -0.092844 1.251556
0.438818 -0.194771 1.251556
0.438818 -0.092844 1.251556
0.846528 -0.092844 1.251556
0.948455 -0.092844 1.251556
1.050382 -0.194771 1.149628
1.050382 -0.194771 1.251556
1.050382 -0.092844 1.251556
0.234964 0.009084 1.251556
0.336891 0.009084 1.251556
0.438818 0.009084 1.251556
0.540746 -0.092844 1.251556
0.540746 0.009084 1.251556
0.642673 -0.092844 1.251556
0.642673 0.009084 1.251556
0.744600 -0.092844 1.251556
0.744600 0.009084 1.251556
0.846528 0.009084 1.251556
0.948455 0.009084 1.251556
1.050382 0.009084 1.251556
1.152310 -0.092844 1.251556
1.152310 0.009084 1.251556
1.254237 -0.092844 1.251556
1.254237 0.009084 1.251556
1.356164 -0.092844 1.251556
1.356164 0.009084 1.251556
0.438818 0.111011 1.251556
0.540746 0.111011 1.251556
0.642673 0.111011 1.251556
0.744600 0.111011 1.251556
0.846528 0.111011 1.251556
0.948455 0.111011 1.251556
1.050382 0.111011 1.251556
1.152310 0.111011 1.251556
1.254237 0.111011 1.251556
1.356164 0.111011 1.251556
0.744600 0.212938 1.251556
0.846528 0.212938 1.251556
0.948455 0.212938 1.251556
1.050382 0.212938 1.251556
1.152310 0.212938 1.251556
1.254237 0.212938 1.251556
0.438818 0.212938 1.251556
0.540746 0.212938 1.251556
0.438818 0.314866 1.251556
0.540746 0.314866 1.251556
0.642673 0.212938 1.251556
0.642673 0.314866 1.251556
0.744600 0.314866 1.251556
0.846528 0.314866 1.251556
0.948455 0.314866 1.251556
1.050382 0.314866 1.251556
1.152310 0.314866 1.251556
1.254237 0.314866 1.149628
1.254237 0.314866 1.251556
0.438818 0.416793 1.251556
0.540746 0.416793 1.251556
0.642673 0.416793 1.251556
0.744600 0.416793 1.251556
0.846528 0.416793 1.251556
0.948455 0.416793 1.251556
1.050382 0.416793 1.251556
0.438818 0.518720 1.251556
0.540746 0.518720 1.251556
0.642673 0.518720 1.251556
0.948455 -0.092844 1.353483
1.050382 -0.092844 1.353483
0.948455 0.009084 1.353483
1.050382 0.009084 1.353483
1.152310 -0.092844 1.353483
1.152310 0.009084 1.353483
0.744600 0.009084 1.353483
0.846528 0.009084 1.353483
0.744600 0.111011 1.353483
0.846528 0.111011 1.353483
0.948455 0.111011 1.353483
1.050382 0.111011 1.353483
1.152310 0.111011 1.353483
1.254237 0.009084 1.353483
1.254237 0.111011 1.353483
0.744600 0.212938 1.353483
0.846528 0.212938 1.353483
0.948455 0.212938 1.353483
1.050382 0.212938 1.353483
1.152310 0.212938 1.353483
1.254237 0.212938 1.353483
0.846528 0.314866 1.353483
0.948455 0.314866 1.353483
1.050382 0.314866 1.353483
1.152310 0.314866 1.353483
0.846528 0.416793 1.353483
0.948455 0.416793 1.353483
1.050382 0.416793 1.353483

TETRAHEDRA
0 1 3 5
0 3 2 6
0 4 5 6
3 5 7 6
0 5 3 6
1 8 3 5
8 9 3 11
8 3 5 11
8 5 10 11
3 5 11 7
2 3 12 6
3 13 12 15
3 12 6 15
3 6 7 15
12 6 15 14
3 9 16 11
3 16 13 15
3 7 11 15
16 11 17 15
3 11 16 15
18 19 20 22
19 21 20 25
19 20 22 25
19 22 23 25
20 22 25 24
20 21 27 25
20 27 26 28
20 24 25 28
27 25 29 28
20 25 27 28
30 26 32 28
30 32 31 34
30 33 28 34
32 28 35 34
30 28 32 34
26 27 32 28
27 36 32 37
27 32 28 37
27 28 29 37
32 28 37 35
5 10 11 39
5 11 7 40
5 38 39 40
11 39 41 40
5 39 11 40
7 11 15 40
11 17 15 43
11 15 40 43
11 40 41 43
15 40 43 42
33 28 34 44
28 35 34 47
28 34 44 47
28 44 45 47
34 44 47 46
28 29 37 48
28 37 35 47
28 45 48 47
37 48 49 47
28 48 37 47
34 35 51 47
34 51 50 52
34 46 47 52
51 47 53 52
34 47 51 52
35 37 51 47
37 54 51 55
37 51 47 55
37 47 49 55
51 47 55 53
50 51 56 52
51 57 56 59
51 56 52 59
51 52 53 59
56 52 59 58
51 54 60 55
51 60 57 59
51 53 55 59
60 55 61 59
51 55 60 59
62 63 39 65
62 39 38 66
62 64 65 66
39 65 67 66
62 65 39 66
63 68 39 65
68 69 39 71
68 39 65 71
68 65 70 71
39 65 71 67
38 39 40 66
39 41 40 73
39 40 66 73
39 66 67 73
40 66 73 72
39 69 74 71
39 74 41 73
39 67 71 73
74 71 75 73
39 71 74 73
46 47 52 76
47 53 52 79
47 52 76 79
47 76 77 79
52 76 79 78
47 49 55 80
47 55 53 79
47 77 80 79
55 80 81 79
47 80 55 79
52 53 59 79
52 59 58 82
52 78 79 82
59 79 83 82
52 79 59 82
53 55 59 79
55 61 59 84
55 59 79 84
55 79 81 84
59 79 84 83
58 59 85 82
59 86 85 88
59 85 82 88
59 82 83 88
85 82 88 87
64 65 66 89
65 67 66 92
65 66 89 92
65 89 90 92
66 89 92 91
65 70 71 93
65 71 67 92
65 90 93 92
71 93 94 92
65 93 71 92
66 67 73 92
66 73 72 95
66 91 92 95
73 92 96 95
66 92 73 95
67 71 73 92
71 75 73 97
71 73 92 97
71 92 94 97
73 92 97 96
98 99 101 103
98 101 100 104
98 102 103 104
101 103 105 104
98 103 101 104
99 106 101 103
106 107 101 109
106 101 103 109
106 103 108 109
101 103 109 105
101 107 111 109
101 111 110 112
101 105 109 112
111 109 113 112
101 109 111 112
78 79 82 114
79 83 82 117
79 82 114 117
79 114 115 117
82 114 117 116
79 81 84 118
79 84 83 117
79 115 118 117
84 118 119 117
79 118 84 117
82 83 88 117
82 88 87 120
82 116 117 120
88 117 121 120
82 117 88 120
83 84 88 117
84 122 88 123
84 88 117 123
84 117 119 123
88 117 123 121
87 88 89 120
88 90 89 125
88 89 120 125
88 120 121 125
89 120 125 124
88 122 93 123
88 93 90 125
88 121 123 125
93 123 126 125
88 123 93 125
89 90 92 125
89 92 91 127
89 124 125 127
92 125 128 127
89 125 92 127
90 93 92 125
93 94 92 129
93 92 125 129
93 125 126 129
92 125 129 128
92 94 97 129
92 97 96 130
92 128 129 130
97 129 131 130
92 129 97 130
102 103 104 132
103 105 104 135
103 104 132 135
103 132 133 135
104 132 135 134
103 108 109 136
103 109 105 135
103 133 136 135
109 136 137 135
103 136 109 135
105 109 112 135
109 113 112 139
109 112 135 139
109 135 137 139
112 135 139 138
140 141 142 144
141 143 142 147
141 142 144 147
141 144 145 147
142 144 147 146
141 148 149 150
141 149 143 147
141 145 150 147
149 150 151 147
141 150 149 147
152 153 155 157
152 155 154 158
152 156 157 158
155 157 159 158
152 157 155 158
160 154 162 158
160 162 161 164
160 163 158 164
162 158 165 164
160 158 162 164
154 155 162 158
155 166 162 167
155 162 158 167
155 158 159 167
162 158 167 165
116 117 120 168
117 121 120 171
117 120 168 171
117 168 169 171
120 168 171 170
117 119 123 172
117 123 121 171
117 169 172 171
123 172 173 171
117 172 123 171
120 121 125 171
120 125 124 174
120 170 171 174
125 171 175 174
120 171 125 174
121 123 125 171
123 126 125 176
123 125 171 176
123 171 173 176
125 171 176 175
124 125 127 174
125 128 127 178
125 127 174 178
125 174 175 178
127 174 178 177
125 126 129 176
125 129 128 178
125 175 176 178
129 176 179 178
125 176 129 178
127 128 130 178
127 130 180 181
127 177 178 181
130 178 182 181
127 178 130 181
180 130 183 181
130 184 183 186
130 183 181 186
130 181 182 186
183 181 186 185
183 184 136 186
183 136 133 187
183 185 186 187
136 186 188 187
183 186 136 187
132 133 135 187
132 135 134 190
132 189 187 190
135 187 191 190
132 187 135 190
133 136 135 187
136 137 135 192
136 135 187 192
136 187 188 192
135 187 192 191
193 194 196 198
193 196 195 199
193 197 198 199
196 198 200 199
193 198 196 199
201 195 150 199
201 150 145 203
201 202 199 203
150 199 204 203
201 199 150 203
195 196 150 199
196 205 150 206
196 150 199 206
196 199 200 206
150 199 206 204
144 145 147 203
144 147 146 208
144 207 203 208
147 203 209 208
144 203 147 208
145 150 147 203
150 151 147 210
150 147 203 210
150 203 204 210
147 203 210 209
158 159 167 212
158 167 165 213
158 211 212 213
167 212 214 213
158 212 167 213
165 167 215 213
167 216 215 218
167 215 213 218
167 213 214 218
215 213 218 217
168 169 171 220
168 171 170 221
168 219 220 221
171 220 222 221
168 220 171 221
169 172 171 220
172 173 171 224
172 171 220 224
172 220 223 224
171 220 224 222
170 171 174 221
171 175 174 226
171 174 221 226
171 221 222 226
174 221 226 225
171 173 176 224
171 176 175 226
171 222 224 226
176 224 227 226
171 224 176 226
174 175 178 226
174 178 177 228
174 225 226 228
178 226 229 228
174 226 178 228
175 176 178 226
176 179 178 230
176 178 226 230
176 226 227 230
178 226 230 229
177 178 181 228
178 182 181 232
178 181 228 232
178 228 229 232
181 228 232 231
178 179 233 230
178 233 182 232
178 229 230 232
233 230 234 232
178 230 233 232
181 182 186 232
181 186 185 235
181 231 232 235
186 232 236 235
181 232 186 235
185 186 187 235
186 188 187 238
186 187 235 238
186 235 236 238
187 235 238 237
197 198 199 239
198 200 199 242
198 199 239 242
198 239 240 242
199 239 242 241
243 202 203 245
243 203 207 246
243 244 245 246
203 245 247 246
243 245 203 246
202 199 203 245
199 204 203 248
199 203 245 248
199 245 241 248
203 245 248 247
199 200 206 242
199 206 204 248
199 241 242 248
206 242 249 248
199 242 206 248
207 203 208 246
203 209 208 251
203 208 246 251
203 246 247 251
208 246 251 250
203 204 210 248
203 210 209 251
203 247 248 251
210 248 252 251
203 248 210 251
253 254 255 257
254 256 255 260
254 255 257 260
254 257 258 260
255 257 260 259
254 261 262 263
254 262 256 260
254 258 263 260
262 263 264 260
254 263 262 260
255 256 266 260
255 266 265 267
255 259 260 267
266 260 268 267
255 260 266 267
256 262 266 260
262 269 266 270
262 266 260 270
262 260 264 270
266 260 270 268
213 214 218 272
213 218 217 273
213 271 272 273
218 272 274 273
213 272 218 273
217 218 275 273
218 276 275 278
218 275 273 278
218 273 274 278
275 273 278 277
221 222 226 280
221 226 225 281
221 279 280 281
226 280 282 281
221 280 226 281
222 224 226 280
224 227 226 284
224 226 280 284
224 280 283 284
226 280 284 282
224 285 286 287
224 286 227 284
224 283 287 284
286 287 288 284
224 287 286 284
225 226 228 281
226 229 228 290
226 228 281 290
226 281 282 290
228 281 290 289
226 227 230 284
226 230 229 290
226 282 284 290
230 284 291 290
226 284 230 290
227 286 230 284
286 292 230 293
286 230 284 293
286 284 288 293
230 284 293 291
228 229 232 290
228 232 231 294
228 289 290 294
232 290 295 294
228 290 232 294
229 230 232 290
230 234 232 296
230 232 290 296
230 290 291 296
232 290 296 295
244 245 246 297
245 247 246 300
245 246 297 300
245 297 298 300
246 297 300 299
245 241 248 301
245 248 247 300
245 298 301 300
248 301 302 300
245 301 248 300
246 247 251 300
246 251 250 303
246 299 300 303
251 300 304 303
246 300 251 303
247 248 251 300
248 252 251 305
248 251 300 305
248 300 302 305
251 300 305 304
257 258 260 307
257 260 259 308
257 306 307 308
260 307 309 308
257 307 260 308
258 263 260 307
263 264 260 311
263 260 307 311
263 307 310 311
260 307 311 309
259 260 267 308
260 268 267 313
260 267 308 313
260 308 309 313
267 308 313 312
260 264 270 311
260 270 268 313
260 309 311 313
270 311 314 313
260 311 270 313
271 272 273 315
272 274 273 318
272 273 315 318
272 315 316 318
273 315 318 317
273 274 278 318
273 278 277 319
273 317 318 319
278 318 320 319
273 318 278 319
321 279 281 324
321 281 322 325
321 323 324 325
281 324 326 325
321 324 281 325
279 280 281 324
280 282 281 328
280 281 324 328
280 324 327 328
281 324 328 326
280 283 284 329
280 284 282 328
280 327 329 328
284 329 330 328
280 329 284 328
283 287 284 329
287 288 284 332
287 284 329 332
287 329 331 332
284 329 332 330
333 334 335 337
334 336 335 340
334 335 337 340
334 337 338 340
335 337 340 339
334 322 341 325
334 341 336 340
334 338 325 340
341 325 342 340
334 325 341 340
322 281 341 325
281 289 341 343
281 341 325 343
281 325 326 343
341 325 343 342
281 282 290 328
281 290 289 343
281 326 328 343
290 328 344 343
281 328 290 343
282 284 290 328
284 291 290 345
284 290 328 345
284 328 330 345
290 328 345 344
284 288 293 332
284 293 291 345
284 330 332 345
293 332 346 345
284 332 293 345
289 290 294 343
290 295 294 348
290 294 343 348
290 343 344 348
294 343 348 347
290 291 296 345
290 296 295 348
290 344 345 348
296 345 349 348
290 345 296 348
350 351 352 354
351 353 352 357
351 352 354 357
351 354 355 357
352 354 357 356
297 298 300 359
297 300 299 360
297 358 359 360
300 359 361 360
297 359 300 360
298 301 300 359
301 302 300 363
301 300 359 363
301 359 362 363
300 359 363 361
301 364 365 366
301 365 302 363
301 362 366 363
365 366 367 363
301 366 365 363
299 300 303 360
300 304 303 369
300 303 360 369
300 360 361 369
303 360 369 368
300 302 305 363
300 305 304 369
300 361 363 369
305 363 370 369
300 363 305 369
371 308 372 373
308 312 372 376
308 372 373 376
308 373 374 376
372 373 376 375
308 309 313 377
308 313 312 376
308 374 377 376
313 377 378 376
308 377 313 376
372 312 380 376
372 380 379 381
372 375 376 381
380 376 382 381
372 376 380 381
312 313 380 376
313 383 380 384
313 380 376 384
313 376 378 384
380 376 384 382
379 380 385 381
380 386 385 388
380 385 381 388
380 381 382 388
385 381 388 387
380 383 389 384
380 389 386 388
380 382 384 388
389 384 390 388
380 384 389 388
391 317 319 393
391 319 331 394
391 392 393 394
319 393 395 394
391 393 319 394
317 318 319 393
318 320 319 397
318 319 393 397
318 393 396 397
319 393 397 395
323 324 325 398
324 326 325 401
324 325 398 401
324 398 399 401
325 398 401 400
324 327 328 402
324 328 326 401
324 399 402 401
328 402 403 401
324 402 328 401
327 329 328 402
329 330 328 405
329 328 402 405
329 402 404 405
328 402 405 403
329 331 332 394
329 332 330 405
329 404 394 405
332 394 406 405
329 394 332 405
319 320 408 397
319 408 407 409
319 395 397 409
408 397 410 409
319 397 408 409
337 338 340 412
337 340 339 413
337 411 412 413
340 412 414 413
337 412 340 413
338 325 340 412
325 342 340 415
325 340 412 415
325 412 400 415
340 412 415 414
325 326 343 401
325 343 342 415
325 400 401 415
343 401 416 415
325 401 343 415
326 328 343 401
328 344 343 417
328 343 401 417
328 401 403 417
343 401 417 416
328 330 345 405
328 345 344 417
328 403 405 417
345 405 418 417
328 405 345 417
330 332 345 405
332 346 345 419
332 345 405 419
332 405 406 419
345 405 419 418
344 345 348 417
345 349 348 421
345 348 417 421
345 417 418 421
348 417 421 420
354 355 357 423
354 357 356 424
354 422 423 424
357 423 425 424
354 423 357 424
426 427 359 428
427 362 359 431
427 359 428 431
427 428 429 431
359 428 431 430
427 356 366 424
427 366 362 431
427 429 424 431
366 424 432 431
427 424 366 431
356 357 366 424
357 433 366 434
357 366 424 434
357 424 425 434
366 424 434 432
359 362 363 431
359 363 361 435
359 430 431 435
363 431 436 435
359 431 363 435
362 366 363 431
366 367 363 437
366 363 431 437
366 431 432 437
363 431 437 436
375 376 381 438
376 382 381 441
376 381 438 441
376 438 439 441
381 438 441 440
376 378 384 442
376 384 382 441
376 439 442 441
384 442 443 441
376 442 384 441
381 382 388 441
381 388 387 444
381 440 441 444
388 441 445 444
381 441 388 444
382 384 388 441
384 390 388 446
384 388 441 446
384 441 443 446
388 441 446 445
387 388 447 444
388 448 447 450
388 447 444 450
388 444 445 450
447 444 450 449
388 390 451 446
388 451 448 450
388 445 446 450
451 446 452 450
388 446 451 450
392 393 394 453
393 395 394 456
393 394 453 456
393 453 454 456
394 453 456 455
393 396 397 457
393 397 395 456
393 454 457 456
397 457 458 456
393 457 397 456
402 404 405 460
402 405 403 461
402 459 460 461
405 460 462 461
402 460 405 461
404 394 405 460
394 406 405 463
394 405 460 463
394 460 455 463
405 460 463 462
394 395 409 456
394 409 406 463
394 455 456 463
409 456 464 463
394 456 409 463
395 397 409 456
397 410 409 465
397 409 456 465
397 456 458 465
409 456 465 464
403 405 417 461
405 418 417 467
405 417 461 467
405 461 462 467
417 461 467 466
405 406 419 463
405 419 418 467
405 462 463 467
419 463 468 467
405 463 419 467
406 409 419 463
409 469 419 470
409 419 463 470
409 463 464 470
419 463 470 468
471 472 473 475
472 474 473 478
472 473 475 478
472 475 476 478
473 475 478 477
472 479 480 481
472 480 474 478
472 476 481 478
480 481 482 478
472 481 480 478
479 483 480 481
483 484 480 486
483 480 481 486
483 481 485 486
480 481 486 482
473 474 488 478
473 488 487 489
473 477 478 489
488 478 490 489
473 478 488 489
474 480 488 478
480 491 488 492
480 488 478 492
480 478 482 492
488 478 492 490
480 484 493 486
480 493 491 492
480 482 486 492
493 486 494 492
480 486 493 492
495 496 497 499
496 498 497 502
496 497 499 502
496 499 500 502
497 499 502 501
496 503 504 505
496 504 498 502
496 500 505 502
504 505 506 502
496 505 504 502
428 429 431 508
428 431 430 509
428 507 508 509
431 508 510 509
428 508 431 509
429 424 431 508
424 432 431 512
424 431 508 512
424 508 511 512
431 508 512 510
424 425 434 513
424 434 432 512
424 511 513 512
434 513 514 512
424 513 434 512
430 431 435 509
431 436 435 516
431 435 509 516
431 509 510 516
435 509 516 515
431 432 437 512
431 437 436 516
431 510 512 516
437 512 517 516
431 512 437 516
432 434 437 512
434 518 437 519
434 437 512 519
434 512 514 519
437 512 519 517
520 521 438 522
521 439 438 525
521 438 522 525
521 522 523 525
438 522 525 524
438 439 441 525
438 441 440 526
438 524 525 526
441 525 527 526
438 525 441 526
440 441 444 526
441 445 444 529
441 444 526 529
441 526 527 529
444 526 529 528
441 443 446 530
441 446 445 529
441 527 530 529
446 530 531 529
441 530 446 529
443 532 446 530
532 533 446 535
532 446 530 535
532 530 534 535
446 530 535 531
444 445 450 529
444 450 449 536
444 528 529 536
450 529 537 536
444 529 450 536
445 446 450 529
446 452 450 538
446 450 529 538
446 529 531 538
450 529 538 537
446 533 539 535
446 539 452 538
446 531 535 538
539 535 540 538
446 535 539 538
541 542 543 545
542 544 543 548
542 543 545 548
542 545 546 548
543 545 548 547
449 450 549 536
450 550 549 552
450 549 536 552
450 536 537 552
549 536 552 551
450 452 553 538
450 553 550 552
450 537 538 552
553 538 554 552
450 538 553 552
452 539 553 538
539 555 553 556
539 553 538 556
539 538 540 556
553 538 556 554
543 544 558 548
543 558 557 559
543 547 548 559
558 548 560 559
543 548 558 559
550 553 561 552
553 459 561 563
553 561 552 563
553 552 554 563
561 552 563 562
553 555 460 556
553 460 459 563
553 554 556 563
460 556 564 563
553 556 460 563
555 453 460 556
453 455 460 566
453 460 556 566
453 556 565 566
460 556 566 564
453 454 456 567
453 456 455 566
453 565 567 566
456 567 568 566
453 567 456 566
454 457 456 567
457 458 456 570
457 456 567 570
457 567 569 570
456 567 570 568
557 558 571 559
558 572 571 574
558 571 559 574
558 559 560 574
571 559 574 573
459 460 461 563
460 462 461 576
460 461 563 576
460 563 564 576
461 563 576 575
460 455 463 566
460 463 462 576
460 564 566 576
463 566 577 576
460 566 463 576
455 456 463 566
456 464 463 578
456 463 566 578
456 566 568 578
463 566 578 577
456 458 465 570
456 465 464 578
456 568 570 578
465 570 579 578
456 570 465 578
580 461 581 582
461 466 581 584
461 581 582 584
461 582 575 584
581 582 584 583
461 462 467 576
461 467 466 584
461 575 576 584
467 576 585 584
461 576 467 584
462 463 467 576
463 468 467 586
463 467 576 586
463 576 577 586
467 576 586 585
463 464 470 578
463 470 468 586
463 577 578 586
470 578 587 586
463 578 470 586
464 465 470 578
465 588 470 589
465 470 578 589
465 578 579 589
470 578 589 587
590 591 481 592
591 485 481 595
591 481 592 595
591 592 593 595
481 592 595 594
596 475 597 598
475 477 597 601
475 597 598 601
475 598 599 601
597 598 601 600
475 476 478 602
475 478 477 601
475 599 602 601
478 602 603 601
475 602 478 601
476 481 478 602
481 482 478 604
481 478 602 604
481 602 594 604
478 602 604 603
481 485 486 595
481 486 482 604
481 594 595 604
486 595 605 604
481 595 486 604
597 477 489 601
597 489 606 607
597 600 601 607
489 601 608 607
597 601 489 607
477 478 489 601
478 490 489 609
478 489 601 609
478 601 603 609
489 601 609 608
478 482 492 604
478 492 490 609
478 603 604 609
492 604 610 609
478 604 492 609
482 486 492 604
486 494 492 611
486 492 604 611
486 604 605 611
492 604 611 610
499 500 502 613
499 502 501 614
499 612 613 614
502 613 615 614
499 613 502 614
500 505 502 613
505 506 502 617
505 502 613 617
505 613 616 617
502 613 617 615
618 501 620 614
618 620 619 622
618 621 614 622
620 614 623 622
618 614 620 622
501 502 620 614
502 624 620 625
502 620 614 625
502 614 615 625
620 614 625 623
508 511 512 627
508 512 510 628
508 626 627 628
512 627 629 628
508 627 512 628
511 513 512 627
513 514 512 631
513 512 627 631
513 627 630 631
512 627 631 629
510 512 516 628
512 517 516 633
512 516 628 633
512 628 629 633
516 628 633 632
512 514 519 631
512 519 517 633
512 629 631 633
519 631 634 633
512 631 519 633
635 636 545 637
636 546 545 640
636 545 637 640
636 637 638 640
545 637 640 639
641 545 642 643
545 547 642 645
545 642 643 645
545 643 639 645
642 643 645 644
545 546 548 640
545 548 547 645
545 639 640 645
548 640 646 645
545 640 548 645
537 538 552 647
538 554 552 650
538 552 647 650
538 647 648 650
552 647 650 649
538 540 556 651
538 556 554 650
538 648 651 650
556 651 652 650
538 651 556 650
547 548 559 645
548 560 559 654
548 559 645 654
548 645 646 654
559 645 654 653
552 554 563 650
552 563 562 655
552 649 650 655
563 650 656 655
552 650 563 655
554 556 563 650
556 564 563 657
556 563 650 657
556 650 652 657
563 650 657 656
556 565 566 658
556 566 564 657
556 652 658 657
566 658 659 657
556 658 566 657
565 567 566 658
567 568 566 661
567 566 658 661
567 658 660 661
566 658 661 659
567 569 570 662
567 570 568 661
567 660 662 661
570 662 663 661
567 662 570 661
559 560 574 654
559 574 573 664
559 653 654 664
574 654 665 664
559 654 574 664
563 564 576 657
563 576 575 666
563 656 657 666
576 657 667 666
563 657 576 666
564 566 576 657
566 577 576 668
566 576 657 668
566 657 659 668
576 657 668 667
566 568 578 661
566 578 577 668
566 659 661 668
578 661 669 668
566 661 578 668
568 570 578 661
570 579 578 670
570 578 661 670
570 661 663 670
578 661 670 669
671 672 673 675
672 674 673 678
672 673 675 678
672 675 676 678
673 675 678 677
672 679 680 681
672 680 674 678
672 676 681 678
680 681 682 678
672 681 680 678
679 582 680 681
582 583 680 684
582 680 681 684
582 681 683 684
680 681 684 682
582 575 584 666
582 584 583 684
582 683 666 684
584 666 685 684
582 666 584 684
575 576 584 666
576 585 584 686
576 584 666 686
576 666 667 686
584 666 686 685
576 577 586 668
576 586 585 686
576 667 668 686
586 668 687 686
576 668 586 686
577 578 586 668
578 587 586 688
578 586 668 688
578 668 669 688
586 668 688 687
578 579 589 670
578 589 587 688
578 669 670 688
589 670 689 688
578 670 589 688
673 674 691 678
673 691 690 692
673 677 678 692
691 678 693 692
673 678 691 692
674 680 691 678
680 694 691 695
680 691 678 695
680 678 682 695
691 678 695 693
680 583 696 684
680 696 694 695
680 682 684 695
696 684 697 695
680 684 696 695
583 584 696 684
584 698 696 699
584 696 684 699
584 684 685 699
696 684 699 697
700 701 592 702
701 593 592 705
701 592 702 705
701 702 703 705
592 702 705 704
701 706 707 708
701 707 593 705
701 703 708 705
707 708 709 705
701 708 707 705
710 592 602 711
592 594 602 713
592 602 711 713
592 711 704 713
602 711 713 712
592 593 595 705
592 595 594 713
592 704 705 713
595 705 714 713
592 705 595 713
593 707 595 705
707 715 595 716
707 595 705 716
707 705 709 716
595 705 716 714
598 599 601 718
598 601 600 719
598 717 718 719
601 718 720 719
598 718 601 719
599 602 601 718
602 603 601 721
602 601 718 721
602 718 712 721
601 718 721 720
602 594 604 713
602 604 603 721
602 712 713 721
604 713 722 721
602 713 604 721
594 595 604 713
595 605 604 723
595 604 713 723
595 713 714 723
604 713 723 722
595 715 724 716
595 724 605 723
595 714 716 723
724 716 725 723
595 716 724 723
600 601 607 719
601 608 607 727
601 607 719 727
601 719 720 727
607 719 727 726
601 603 609 721
601 609 608 727
601 720 721 727
609 721 728 727
601 721 609 727
603 604 609 721
604 610 609 729
604 609 721 729
604 721 722 729
609 721 729 728
604 605 611 723
604 611 610 729
604 722 723 729
611 723 730 729
604 723 611 729
608 609 731 727
609 732 731 734
609 731 727 734
609 727 728 734
731 727 734 733
609 610 735 729
609 735 732 734
609 728 729 734
735 729 736 734
609 729 735 734
731 732 738 734
731 738 737 739
731 733 734 739
738 734 740 739
731 734 738 739
621 614 622 741
614 623 622 744
614 622 741 744
614 741 742 744
622 741 744 743
614 615 625 745
614 625 623 744
614 742 745 744
625 745 746 744
614 745 625 744
622 623 748 744
622 748 747 749
622 743 744 749
748 744 750 749
622 744 748 749
623 625 748 744
625 751 748 752
625 748 744 752
625 744 746 752
748 744 752 750
626 627 628 753
627 629 628 756
627 628 753 756
627 753 754 756
628 753 756 755
627 630 631 757
627 631 629 756
627 754 757 756
631 757 758 756
627 757 631 756
628 629 633 756
628 633 632 759
628 755 756 759
633 756 760 759
628 756 633 759
629 631 633 756
631 634 633 761
631 633 756 761
631 756 758 761
633 756 761 760
643 639 645 763
643 645 644 764
643 762 763 764
645 763 765 764
643 763 645 764
639 640 645 763
640 646 645 767
640 645 763 767
640 763 766 767
645 763 767 765
644 645 768 764
645 653 768 770
645 768 764 770
645 764 765 770
768 764 770 769
645 646 654 767
645 654 653 770
645 765 767 770
654 767 771 770
645 767 654 770
650 652 657 773
650 657 656 774
650 772 773 774
657 773 775 774
650 773 657 774
652 658 657 773
658 659 657 777
658 657 773 777
658 773 776 777
657 773 777 775
658 660 661 778
658 661 659 777
658 776 778 777
661 778 779 777
658 778 661 777
660 662 661 778
662 663 661 781
662 661 778 781
662 778 780 781
661 778 781 779
653 654 664 770
654 665 664 783
654 664 770 783
654 770 771 783
664 770 783 782
654 784 785 786
654 785 665 783
654 771 786 783
785 786 787 783
654 786 785 783
788 789 681 791
788 681 676 792
788 790 791 792
681 791 793 792
788 791 681 792
789 655 681 791
655 683 681 795
655 681 791 795
655 791 794 795
681 791 795 793
656 657 666 774
657 667 666 797
657 666 774 797
657 774 775 797
666 774 797 796
657 659 668 777
657 668 667 797
657 775 777 797
668 777 798 797
657 777 668 797
659 661 668 777
661 669 668 799
661 668 777 799
661 777 779 799
668 777 799 798
661 663 670 781
661 670 669 799
661 779 781 799
670 781 800 799
661 781 670 799
663 801 670 781
801 802 670 804
801 670 781 804
801 781 803 804
670 781 804 800
667 668 686 797
668 687 686 806
668 686 797 806
668 797 798 806
686 797 806 805
668 669 688 799
668 688 687 806
668 798 799 806
688 799 807 806
668 799 688 806
669 670 688 799
670 689 688 808
670 688 799 808
670 799 800 808
688 799 808 807
670 802 809 804
670 809 689 808
670 800 804 808
809 804 810 808
670 804 809 808
811 812 708 814
811 708 703 815
811 813 814 815
708 814 816 815
811 814 708 815
812 817 708 814
817 818 708 820
817 708 814 820
817 814 819 820
708 814 820 816
817 821 822 823
817 822 818 820
817 819 823 820
822 823 824 820
817 823 822 820
702 703 705 815
702 705 704 826
702 825 815 826
705 815 827 826
702 815 705 826
703 708 705 815
708 709 705 828
708 705 815 828
708 815 816 828
705 815 828 827
708 818 829 820
708 829 709 828
708 816 820 828
829 820 830 828
708 820 829 828
818 822 829 820
822 831 829 832
822 829 820 832
822 820 824 832
829 820 832 830
711 704 713 826
711 713 712 834
711 833 826 834
713 826 835 834
711 826 713 834
704 705 713 826
705 714 713 836
705 713 826 836
705 826 827 836
713 826 836 835
705 709 716 828
705 716 714 836
705 827 828 836
716 828 837 836
705 828 716 836
709 829 716 828
829 838 716 839
829 716 828 839
829 828 830 839
716 828 839 837
712 713 721 834
713 722 721 841
713 721 834 841
713 834 835 841
721 834 841 840
713 714 723 836
713 723 722 841
713 835 836 841
723 836 842 841
713 836 723 841
714 716 723 836
716 725 723 843
716 723 836 843
716 836 837 843
723 836 843 842
720 721 727 844
721 728 727 846
721 727 844 846
721 844 840 846
727 844 846 845
721 722 729 841
721 729 728 846
721 840 841 846
729 841 847 846
721 841 729 846
727 728 734 846
727 734 733 848
727 845 846 848
734 846 849 848
727 846 734 848
728 729 734 846
729 736 734 850
729 734 846 850
729 846 847 850
734 846 850 849
733 734 739 848
734 740 739 852
734 739 848 852
734 848 849 852
739 848 852 851
741 742 744 854
741 744 743 855
741 853 854 855
744 854 856 855
741 854 744 855
742 745 744 854
745 746 744 858
745 744 854 858
745 854 857 858
744 854 858 856
743 744 749 855
744 750 749 860
744 749 855 860
744 855 856 860
749 855 860 859
744 746 752 858
744 752 750 860
744 856 858 860
752 858 861 860
744 858 752 860
862 863 753 864
863 754 753 867
863 753 864 867
863 864 865 867
753 864 867 866
863 868 757 869
863 757 754 867
863 865 869 867
757 869 870 867
863 869 757 867
753 754 756 867
753 756 755 871
753 866 867 871
756 867 872 871
753 867 756 871
754 757 756 867
757 758 756 873
757 756 867 873
757 867 870 873
756 867 873 872
755 756 759 871
756 760 759 875
756 759 871 875
756 871 872 875
759 871 875 874
756 758 761 873
756 761 760 875
756 872 873 875
761 873 876 875
756 873 761 875
758 877 761 873
877 878 761 880
877 761 873 880
877 873 879 880
761 873 880 876
760 761 881 875
761 882 881 884
761 881 875 884
761 875 876 884
881 875 884 883
761 878 885 880
761 885 882 884
761 876 880 884
885 880 886 884
761 880 885 884
887 888 890 892
887 890 889 893
887 891 892 893
890 892 894 893
887 892 890 893
888 895 890 892
895 896 890 898
895 890 892 898
895 892 897 898
890 892 898 894
762 763 764 899
763 765 764 902
763 764 899 902
763 899 900 902
764 899 902 901
763 766 767 903
763 767 765 902
763 900 903 902
767 903 904 902
763 903 767 902
764 765 770 902
764 770 769 905
764 901 902 905
770 902 906 905
764 902 770 905
765 767 770 902
767 771 770 907
767 770 902 907
767 902 904 907
770 902 907 906
767 908 786 909
767 786 771 907
767 904 909 907
786 909 910 907
767 909 786 907
776 778 777 911
778 779 777 914
778 777 911 914
778 911 912 914
777 911 914 913
778 780 781 915
778 781 779 914
778 912 915 914
781 915 916 914
778 915 781 914
770 771 783 907
770 783 782 917
770 906 907 917
783 907 918 917
770 907 783 917
771 786 783 907
786 787 783 919
786 783 907 919
786 907 910 919
783 907 919 918
791 794 795 921
791 795 793 922
791 920 921 922
795 921 923 922
791 921 795 922
794 774 795 921
774 796 795 925
774 795 921 925
774 921 924 925
795 921 925 923
774 775 797 926
774 797 796 925
774 924 926 925
797 926 927 925
774 926 797 925
775 777 797 926
777 798 797 928
777 797 926 928
777 926 913 928
797 926 928 927
777 779 799 914
777 799 798 928
777 913 914 928
799 914 929 928
777 914 799 928
779 781 799 914
781 800 799 930
781 799 914 930
781 914 916 930
799 914 930 929
781 803 804 931
781 804 800 930
781 916 931 930
804 931 932 930
781 931 804 930
795 796 934 925
795 934 933 935
795 923 925 935
934 925 936 935
795 925 934 935
796 797 934 925
797 805 934 937
797 934 925 937
797 925 927 937
934 925 937 936
797 798 806 928
797 806 805 937
797 927 928 937
806 928 938 937
797 928 806 937
798 799 806 928
799 807 806 939
799 806 928 939
799 928 929 939
806 928 939 938
799 800 808 930
799 808 807 939
799 929 930 939
808 930 940 939
799 930 808 939
800 804 808 930
804 810 808 941
804 808 930 941
804 930 932 941
808 930 941 940
804 942 943 944
804 943 810 941
804 932 944 941
943 944 945 941
804 944 943 941
807 808 814 939
808 819 814 947
808 814 939 947
808 939 940 947
814 939 947 946
808 810 823 941
808 823 819 947
808 940 941 947
823 941 948 947
808 941 823 947
810 943 823 941
943 949 823 950
943 823 941 950
943 941 945 950
823 941 950 948
813 814 815 951
814 816 815 953
814 815 951 953
814 951 946 953
815 951 953 952
814 819 820 947
814 820 816 953
814 946 947 953
820 947 954 953
814 947 820 953
819 823 820 947
823 824 820 955
823 820 947 955
823 947 948 955
820 947 955 954
823 949 956 950
823 956 824 955
823 948 950 955
956 950 957 955
823 950 956 955
825 815 826 958
815 827 826 960
815 826 958 960
815 958 952 960
826 958 960 959
815 816 828 953
815 828 827 960
815 952 953 960
828 953 961 960
815 953 828 960
816 820 828 953
820 830 828 962
820 828 953 962
820 953 954 962
828 953 962 961
820 824 832 955
820 832 830 962
820 954 955 962
832 955 963 962
820 955 832 962
824 956 832 955
956 964 832 965
956 832 955 965
956 955 957 965
832 955 965 963
826 827 836 960
826 836 835 966
826 959 960 966
836 960 967 966
826 960 836 966
827 828 836 960
828 837 836 968
828 836 960 968
828 960 961 968
836 960 968 967
828 830 839 962
828 839 837 968
828 961 962 968
839 962 969 968
828 962 839 968
970 845 848 973
970 848 971 974
970 972 973 974
848 973 975 974
970 973 848 974
845 846 848 973
846 849 848 977
846 848 973 977
846 973 976 977
848 973 977 975
846 847 850 978
846 850 849 977
846 976 978 977
850 978 979 977
846 978 850 977
980 981 983 985
980 983 982 986
980 984 985 986
983 985 987 986
980 985 983 986
981 988 983 985
988 989 983 991
988 983 985 991
988 985 990 991
983 985 991 987
848 849 852 977
848 852 851 992
848 975 977 992
852 977 993 992
848 977 852 992
849 850 852 977
850 994 852 995
850 852 977 995
850 977 979 995
852 977 995 993
982 983 996 986
983 997 996 999
983 996 986 999
983 986 987 999
996 986 999 998
1000 1001 1002 1003
1001 853 1002 1006
1001 1002 1003 1006
1001 1003 1004 1006
1002 1003 1006 1005
1001 1007 854 1008
1001 854 853 1006
1001 1004 1008 1006
854 1008 1009 1006
1001 1008 854 1006
1002 853 855 1006
1002 855 1010 1011
1002 1005 1006 1011
855 1006 1012 1011
1002 1006 855 1011
853 854 855 1006
854 856 855 1013
854 855 1006 1013
854 1006 1009 1013
855 1006 1013 1012
854 857 858 1014
854 858 856 1013
854 1009 1014 1013
858 1014 1015 1013
854 1014 858 1013
855 856 860 1013
855 860 859 1016
855 1012 1013 1016
860 1013 1017 1016
855 1013 860 1016
856 858 860 1013
858 861 860 1018
858 860 1013 1018
858 1013 1015 1018
860 1013 1018 1017
864 865 867 1020
864 867 866 1021
864 1019 1020 1021
867 1020 1022 1021
864 1020 867 1021
866 867 871 1021
867 872 871 1024
867 871 1021 1024
867 1021 1022 1024
871 1021 1024 1023
867 870 873 1025
867 873 872 1024
867 1022 1025 1024
873 1025 1026 1024
867 1025 873 1024
1027 1028 1030 1032
1027 1030 1029 1033
1027 1031 1032 1033
1030 1032 1034 1033
1027 1032 1030 1033
1028 871 1030 1032
871 874 1030 1035
871 1030 1032 1035
871 1032 1023 1035
1030 1032 1035 1034
871 872 875 1024
871 875 874 1035
871 1023 1024 1035
875 1024 1036 1035
871 1024 875 1035
872 873 875 1024
873 876 875 1037
873 875 1024 1037
873 1024 1026 1037
875 1024 1037 1036
873 879 880 1038
873 880 876 1037
873 1026 1038 1037
880 1038 1039 1037
873 1038 880 1037
1029 1030 1040 1033
1030 1041 1040 1043
1030 1040 1033 1043
1030 1033 1034 1043
1040 1033 1043 1042
1030 874 1044 1035
1030 1044 1041 1043
1030 1034 1035 1043
1044 1035 1045 1043
1030 1035 1044 1043
874 875 1044 1035
875 883 1044 1046
875 1044 1035 1046
875 1035 1036 1046
1044 1035 1046 1045
875 876 884 1037
875 884 883 1046
875 1036 1037 1046
884 1037 1047 1046
875 1037 884 1046
876 880 884 1037
880 886 884 1048
880 884 1037 1048
880 1037 1039 1048
884 1037 1048 1047
1049 1050 1051 1053
1050 1052 1051 1056
1050 1051 1053 1056
1050 1053 1054 1056
1051 1053 1056 1055
891 892 893 1057
892 894 893 1060
892 893 1057 1060
892 1057 1058 1060
893 1057 1060 1059
892 897 898 1061
892 898 894 1060
892 1058 1061 1060
898 1061 1062 1060
892 1061 898 1060
897 1063 898 1061
1063 1064 898 1066
1063 898 1061 1066
1063 1061 1065 1066
898 1061 1066 1062
1063 1067 1068 1069
1063 1068 1064 1066
1063 1065 1069 1066
1068 1069 1070 1066
1063 1069 1068 1066
899 900 902 1072
899 902 901 1073
899 1071 1072 1073
902 1072 1074 1073
899 1072 902 1073
900 903 902 1072
903 904 902 1076
903 902 1072 1076
903 1072 1075 1076
902 1072 1076 1074
898 1064 915 1066
898 915 912 1077
898 1062 1066 1077
915 1066 1078 1077
898 1066 915 1077
1064 1068 915 1066
1068 1079 915 1080
1068 915 1066 1080
1068 1066 1070 1080
915 1066 1080 1078
1068 901 905 1073
1068 905 1079 1080
1068 1070 1073 1080
905 1073 1081 1080
1068 1073 905 1080
901 902 905 1073
902 906 905 1082
902 905 1073 1082
902 1073 1074 1082
905 1073 1082 1081
902 904 907 1076
902 907 906 1082
902 1074 1076 1082
907 1076 1083 1082
902 1076 907 1082
1084 1085 1086 1088
1085 1087 1086 1091
1085 1086 1088 1091
1085 1088 1089 1091
1086 1088 1091 1090
1085 1092 1093 1094
1085 1093 1087 1091
1085 1089 1094 1091
1093 1094 1095 1091
1085 1094 1093 1091
1092 1096 1093 1094
1096 920 1093 1098
1096 1093 1094 1098
1096 1094 1097 1098
1093 1094 1098 1095
905 906 917 1082
905 917 1099 1100
905 1081 1082 1100
917 1082 1101 1100
905 1082 917 1100
906 907 917 1082
907 918 917 1102
907 917 1082 1102
907 1082 1083 1102
917 1082 1102 1101
1093 920 922 1098
1093 922 1103 1104
1093 1095 1098 1104
922 1098 1105 1104
1093 1098 922 1104
920 921 922 1098
921 923 922 1107
921 922 1098 1107
921 1098 1106 1107
922 1098 1107 1105
921 924 925 1108
921 925 923 1107
921 1106 1108 1107
925 1108 1109 1107
921 1108 925 1107
924 926 925 1108
926 927 925 1111
926 925 1108 1111
926 1108 1110 1111
925 1108 1111 1109
926 913 928 1112
926 928 927 1111
926 1110 1112 1111
928 1112 1113 1111
926 1112 928 1111
913 914 928 1112
914 929 928 1115
914 928 1112 1115
914 1112 1114 1115
928 1112 1115 1113
914 916 930 1116
914 930 929 1115
914 1114 1116 1115
930 1116 1117 1115
914 1116 930 1115
916 931 930 1116
931 932 930 1119
931 930 1116 1119
931 1116 1118 1119
930 1116 1119 1117
931 1099 944 1100
931 944 932 1119
931 1118 1100 1119
944 1100 1120 1119
931 1100 944 1119
1099 917 944 1100
917 1121 944 1122
917 944 1100 1122
917 1100 1101 1122
944 1100 1122 1120
923 925 935 1107
925 936 935 1124
925 935 1107 1124
925 1107 1109 1124
935 1107 1124 1123
925 927 937 1111
925 937 936 1124
925 1109 1111 1124
937 1111 1125 1124
925 1111 937 1124
927 928 937 1111
928 938 937 1126
928 937 1111 1126
928 1111 1113 1126
937 1111 1126 1125
928 929 939 1115
928 939 938 1126
928 1113 1115 1126
939 1115 1127 1126
928 1115 939 1126
929 930 939 1115
930 940 939 1128
930 939 1115 1128
930 1115 1117 1128
939 1115 1128 1127
930 932 941 1119
930 941 940 1128
930 1117 1119 1128
941 1119 1129 1128
930 1119 941 1128
932 944 941 1119
944 945 941 1130
944 941 1119 1130
944 1119 1120 1130
941 1119 1130 1129
944 1121 1131 1122
944 1131 945 1130
944 1120 1122 1130
1131 1122 1132 1130
944 1122 1131 1130
939 940 947 1128
939 947 946 1133
939 1127 1128 1133
947 1128 1134 1133
939 1128 947 1133
940 941 947 1128
941 948 947 1135
941 947 1128 1135
941 1128 1129 1135
947 1128 1135 1134
941 945 950 1130
941 950 948 1135
941 1129 1130 1135
950 1130 1136 1135
941 1130 950 1135
945 1131 950 1130
1131 1137 950 1138
1131 950 1130 1138
1131 1130 1132 1138
950 1130 1138 1136
951 946 953 1133
951 953 952 1140
951 1139 1133 1140
953 1133 1141 1140
951 1133 953 1140
946 947 953 1133
947 954 953 1142
947 953 1133 1142
947 1133 1134 1142
953 1133 1142 1141
947 948 955 1135
947 955 954 1142
947 1134 1135 1142
955 1135 1143 1142
947 1135 955 1142
948 950 955 1135
950 957 955 1144
950 955 1135 1144
950 1135 1136 1144
955 1135 1144 1143
952 953 960 1140
953 961 960 1146
953 960 1140 1146
953 1140 1141 1146
960 1140 1146 1145
953 954 962 1142
953 962 961 1146
953 1141 1142 1146
962 1142 1147 1146
953 1142 962 1146
954 955 962 1142
955 963 962 1148
955 962 1142 1148
955 1142 1143 1148
962 1142 1148 1147
955 957 965 1144
955 965 963 1148
955 1143 1144 1148
965 1144 1149 1148
955 1144 965 1148
961 962 968 1146
962 969 968 1151
962 968 1146 1151
962 1146 1147 1151
968 1146 1151 1150
1152 1153 973 1155
1152 973 972 1156
1152 1154 1155 1156
973 1155 1157 1156
1152 1155 973 1156
1158 972 974 1156
1158 974 1159 1161
1158 1160 1156 1161
974 1156 1162 1161
1158 1156 974 1161
972 973 974 1156
973 975 974 1163
973 974 1156 1163
973 1156 1157 1163
974 1156 1163 1162
973 976 977 1164
973 977 975 1163
973 1157 1164 1163
977 1164 1165 1163
973 1164 977 1163
984 985 986 1166
985 987 986 1169
985 986 1166 1169
985 1166 1167 1169
986 1166 1169 1168
985 990 991 1170
985 991 987 1169
985 1167 1170 1169
991 1170 1171 1169
985 1170 991 1169
986 987 999 1169
986 999 998 1172
986 1168 1169 1172
999 1169 1173 1172
986 1169 999 1172
987 991 999 1169
991 1174 999 1175
991 999 1169 1175
991 1169 1171 1175
999 1169 1175 1173
1003 1004 1006 1177
1003 1006 1005 1178
1003 1176 1177 1178
1006 1177 1179 1178
1003 1177 1006 1178
1005 1006 1011 1178
1006 1012 1011 1181
1006 1011 1178 1181
1006 1178 1179 1181
1011 1178 1181 1180
1006 1009 1013 1182
1006 1013 1012 1181
1006 1179 1182 1181
1013 1182 1183 1181
1006 1182 1013 1181
1012 1013 1016 1181
1013 1017 1016 1185
1013 1016 1181 1185
1013 1181 1183 1185
1016 1181 1185 1184
1013 1015 1018 1186
1013 1018 1017 1185
1013 1183 1186 1185
1018 1186 1187 1185
1013 1186 1018 1185
1017 1018 1188 1185
1018 1189 1188 1191
1018 1188 1185 1191
1018 1185 1187 1191
1188 1185 1191 1190
1031 1032 1033 1192
1032 1034 1033 1195
1032 1033 1192 1195
1032 1192 1193 1195
1033 1192 1195 1194
1032 1023 1035 1196
1032 1035 1034 1195
1032 1193 1196 1195
1035 1196 1197 1195
1032 1196 1035 1195
1023 1024 1035 1196
1024 1036 1035 1199
1024 1035 1196 1199
1024 1196 1198 1199
1035 1196 1199 1197
1024 1026 1037 1200
1024 1037 1036 1199
1024 1198 1200 1199
1037 1200 1201 1199
1024 1200 1037 1199
1026 1038 1037 1200
1038 1039 1037 1203
1038 1037 1200 1203
1038 1200 1202 1203
1037 1200 1203 1201
1204 1205 1207 1209
1204 1207 1206 1210
1204 1208 1209 1210
1207 1209 1211 1210
1204 1209 1207 1210
1205 1212 1207 1209
1212 1213 1207 1215
1212 1207 1209 1215
1212 1209 1214 1215
1207 1209 1215 1211
1216 1033 1217 1218
1033 1042 1217 1220
1033 1217 1218 1220
1033 1218 1194 1220
1217 1218 1220 1219
1033 1034 1043 1195
1033 1043 1042 1220
1033 1194 1195 1220
1043 1195 1221 1220
1033 1195 1043 1220
1034 1035 1043 1195
1035 1045 1043 1222
1035 1043 1195 1222
1035 1195 1197 1222
1043 1195 1222 1221
1035 1036 1046 1199
1035 1046 1045 1222
1035 1197 1199 1222
1046 1199 1223 1222
1035 1199 1046 1222
1036 1037 1046 1199
1037 1047 1046 1224
1037 1046 1199 1224
1037 1199 1201 1224
1046 1199 1224 1223
1037 1039 1048 1203
1037 1048 1047 1224
1037 1201 1203 1224
1048 1203 1225 1224
1037 1203 1048 1224
1046 1047 1227 1224
1046 1227 1226 1228
1046 1223 1224 1228
1227 1224 1229 1228
1046 1224 1227 1228
1047 1048 1227 1224
1048 1230 1227 1231
1048 1227 1224 1231
1048 1224 1225 1231
1227 1224 1231 1229
1232 1053 1233 1234
1053 1055 1233 1237
1053 1233 1234 1237
1053 1234 1235 1237
1233 1234 1237 1236
1053 1054 1056 1238
1053 1056 1055 1237
1053 1235 1238 1237
1056 1238 1239 1237
1053 1238 1056 1237
1054 1240 1056 1238
1240 1241 1056 1243
1240 1056 1238 1243
1240 1238 1242 1243
1056 1238 1243 1239
1240 1244 1245 1246
1240 1245 1241 1243
1240 1242 1246 1243
1245 1246 1247 1243
1240 1246 1245 1243
1244 1248 1245 1246
1248 1249 1245 1251
1248 1245 1246 1251
1248 1246 1250 1251
1245 1246 1251 1247
1055 1056 1252 1237
1056 1253 1252 1255
1056 1252 1237 1255
1056 1237 1239 1255
1252 1237 1255 1254
1056 1241 1256 1243
1056 1256 1253 1255
1056 1239 1243 1255
1256 1243 1257 1255
1056 1243 1256 1255
1066 1070 1080 1259
1066 1080 1078 1260
1066 1258 1259 1260
1080 1259 1261 1260
1066 1259 1080 1260
1070 1073 1080 1259
1073 1081 1080 1263
1073 1080 1259 1263
1073 1259 1262 1263
1080 1259 1263 1261
1073 1074 1082 1264
1073 1082 1081 1263
1073 1262 1264 1263
1082 1264 1265 1263
1073 1264 1082 1263
1074 1076 1082 1264
1076 1083 1082 1267
1076 1082 1264 1267
1076 1264 1266 1267
1082 1264 1267 1265
1089 1094 1091 1268
1094 1095 1091 1271
1094 1091 1268 1271
1094 1268 1269 1271
1091 1268 1271 1270
1094 1097 1098 1272
1094 1098 1095 1271
1094 1269 1272 1271
1098 1272 1273 1271
1094 1272 1098 1271
1080 1081 1100 1263
1080 1100 1118 1274
1080 1261 1263 1274
1100 1263 1275 1274
1080 1263 1100 1274
1081 1082 1100 1263
1082 1101 1100 1276
1082 1100 1263 1276
1082 1263 1265 1276
1100 1263 1276 1275
1082 1083 1102 1267
1082 1102 1101 1276
1082 1265 1267 1276
1102 1267 1277 1276
1082 1267 1102 1276
1114 1116 1115 1278
1116 1117 1115 1281
1116 1115 1278 1281
1116 1278 1279 1281
1115 1278 1281 1280
1116 1118 1119 1274
1116 1119 1117 1281
1116 1279 1274 1281
1119 1274 1282 1281
1116 1274 1119 1281
1118 1100 1119 1274
1100 1120 1119 1283
1100 1119 1274 1283
1100 1274 1275 1283
1119 1274 1283 1282
1100 1101 1122 1276
1100 1122 1120 1283
1100 1275 1276 1283
1122 1276 1284 1283
1100 1276 1122 1283
1101 1102 1122 1276
1102 1285 1122 1286
1102 1122 1276 1286
1102 1276 1277 1286
1122 1276 1286 1284
1113 1115 1126 1287
1115 1127 1126 1289
1115 1126 1287 1289
1115 1287 1280 1289
1126 1287 1289 1288
1115 1117 1128 1281
1115 1128 1127 1289
1115 1280 1281 1289
1128 1281 1290 1289
1115 1281 1128 1289
1117 1119 1128 1281
1119 1129 1128 1291
1119 1128 1281 1291
1119 1281 1282 1291
1128 1281 1291 1290
1119 1120 1130 1283
1119 1130 1129 1291
1119 1282 1283 1291
1130 1283 1292 1291
1119 1283 1130 1291
1120 1122 1130 1283
1122 1132 1130 1293
1122 1130 1283 1293
1122 1283 1284 1293
1130 1283 1293 1292
1122 1285 1294 1286
1122 1294 1132 1293
1122 1284 1286 1293
1294 1286 1295 1293
1122 1286 1294 1293
1127 1128 1133 1289
1128 1134 1133 1297
1128 1133 1289 1297
1128 1289 1290 1297
1133 1289 1297 1296
1128 1129 1135 1291
1128 1135 1134 1297
1128 1290 1291 1297
1135 1291 1298 1297
1128 1291 1135 1297
1129 1130 1135 1291
1130 1136 1135 1299
1130 1135 1291 1299
1130 1291 1292 1299
1135 1291 1299 1298
1130 1132 1138 1293
1130 1138 1136 1299
1130 1292 1293 1299
1138 1293 1300 1299
1130 1293 1138 1299
1134 1135 1142 1297
1135 1143 1142 1302
1135 1142 1297 1302
1135 1297 1298 1302
1142 1297 1302 1301
1135 1136 1144 1299
1135 1144 1143 1302
1135 1298 1299 1302
1144 1299 1303 1302
1135 1299 1144 1302
1304 1305 1170 1307
1305 1306 1170 1310
1305 1170 1307 1310
1305 1307 1308 1310
1170 1307 1310 1309
1160 1156 1161 1311
1156 1162 1161 1314
1156 1161 1311 1314
1156 1311 1312 1314
1161 1311 1314 1313
1156 1157 1163 1315
1156 1163 1162 1314
1156 1312 1315 1314
1163 1315 1316 1314
1156 1315 1163 1314
1317 1166 1318 1319
1166 1168 1318 1322
1166 1318 1319 1322
1166 1319 1320 1322
1318 1319 1322 1321
1166 1167 1169 1323
1166 1169 1168 1322
1166 1320 1323 1322
1169 1323 1324 1322
1166 1323 1169 1322
1167 1170 1169 1323
1170 1171 1169 1325
1170 1169 1323 1325
1170 1323 1309 1325
1169 1323 1325 1324
1170 1306 1326 1310
1170 1326 1171 1325
1170 1309 1310 1325
1326 1310 1327 1325
1170 1310 1326 1325
1165 1318 1328 1330
1318 1329 1328 1332
1318 1328 1330 1332
1318 1330 1321 1332
1328 1330 1332 1331
1318 1168 1172 1322
1318 1172 1329 1332
1318 1321 1322 1332
1172 1322 1333 1332
1318 1322 1172 1332
1168 1169 1172 1322
1169 1173 1172 1334
1169 1172 1322 1334
1169 1322 1324 1334
1172 1322 1334 1333
1169 1171 1175 1325
1169 1175 1173 1334
1169 1324 1325 1334
1175 1325 1335 1334
1169 1325 1175 1334
1171 1326 1175 1325
1326 1336 1175 1337
1326 1175 1325 1337
1326 1325 1327 1337
1175 1325 1337 1335
1338 1339 1341 1343
1338 1341 1340 1344
1338 1342 1343 1344
1341 1343 1345 1344
1338 1343 1341 1344
1339 1346 1341 1343
1346 1347 1341 1349
1346 1341 1343 1349
1346 1343 1348 1349
1341 1343 1349 1345
1183 1186 1185 1350
1186 1187 1185 1353
1186 1185 1350 1353
1186 1350 1351 1353
1185 1350 1353 1352
1354 1355 1357 1359
1354 1357 1356 1360
1354 1358 1359 1360
1357 1359 1361 1360
1354 1359 1357 1360
1355 1362 1357 1359
1362 1363 1357 1365
1362 1357 1359 1365
1362 1359 1364 1365
1357 1359 1365 1361
1341 1347 1367 1349
1341 1367 1366 1368
1341 1345 1349 1368
1367 1349 1369 1368
1341 1349 1367 1368
1347 1370 1367 1349
1370 1371 1367 1373
1370 1367 1349 1373
1370 1349 1372 1373
1367 1349 1373 1369
1185 1187 1191 1353
1185 1191 1190 1374
1185 1352 1353 1374
1191 1353 1375 1374
1185 1353 1191 1374
1187 1376 1191 1353
1376 1377 1191 1379
1376 1191 1353 1379
1376 1353 1378 1379
1191 1353 1379 1375
1356 1357 1380 1360
1357 1381 1380 1383
1357 1380 1360 1383
1357 1360 1361 1383
1380 1360 1383 1382
1357 1363 1192 1365
1357 1192 1381 1383
1357 1361 1365 1383
1192 1365 1384 1383
1357 1365 1192 1383
1366 1367 1196 1368
1367 1198 1196 1386
1367 1196 1368 1386
1367 1368 1369 1386
1196 1368 1386 1385
1367 1371 1200 1373
1367 1200 1198 1386
1367 1369 1373 1386
1200 1373 1387 1386
1367 1373 1200 1386
1190 1191 1388 1374
1191 1208 1388 1390
1191 1388 1374 1390
1191 1374 1375 1390
1388 1374 1390 1389
1191 1377 1209 1379
1191 1209 1208 1390
1191 1375 1379 1390
1209 1379 1391 1390
1191 1379 1209 1390
1198 1200 1199 1386
1200 1201 1199 1393
1200 1199 1386 1393
1200 1386 1387 1393
1199 1386 1393 1392
1208 1209 1210 1390
1209 1211 1210 1395
1209 1210 1390 1395
1209 1390 1391 1395
1210 1390 1395 1394
1209 1214 1215 1396
1209 1215 1211 1395
1209 1391 1396 1395
1215 1396 1397 1395
1209 1396 1215 1395
1199 1201 1224 1393
1199 1224 1223 1398
1199 1392 1393 1398
1224 1393 1399 1398
1199 1393 1224 1398
1201 1203 1224 1393
1203 1225 1224 1401
1203 1224 1393 1401
1203 1393 1400 1401
1224 1393 1401 1399
1203 1402 1403 1404
1203 1403 1225 1401
1203 1400 1404 1401
1403 1404 1405 1401
1203 1404 1403 1401
1221 1222 1246 1406
1222 1250 1246 1409
1222 1246 1406 1409
1222 1406 1407 1409
1246 1406 1409 1408
1222 1223 1228 1398
1222 1228 1250 1409
1222 1407 1398 1409
1228 1398 1410 1409
1222 1398 1228 1409
1223 1224 1228 1398
1224 1229 1228 1411
1224 1228 1398 1411
1224 1398 1399 1411
1228 1398 1411 1410
1224 1225 1231 1401
1224 1231 1229 1411
1224 1399 1401 1411
1231 1401 1412 1411
1224 1401 1231 1411
1225 1403 1231 1401
1403 1413 1231 1414
1403 1231 1401 1414
1403 1401 1405 1414
1231 1401 1414 1412
1235 1238 1237 1415
1238 1239 1237 1418
1238 1237 1415 1418
1238 1415 1416 1418
1237 1415 1418 1417
1238 1242 1243 1419
1238 1243 1239 1418
1238 1416 1419 1418
1243 1419 1420 1418
1238 1419 1243 1418
1242 1246 1243 1419
1246 1247 1243 1421
1246 1243 1419 1421
1246 1419 1408 1421
1243 1419 1421 1420
1246 1250 1251 1409
1246 1251 1247 1421
1246 1408 1409 1421
1251 1409 1422 1421
1246 1409 1251 1421
1250 1228 1251 1409
1228 1423 1251 1424
1228 1251 1409 1424
1228 1409 1410 1424
1251 1409 1424 1422
1228 1229 1425 1411
1228 1425 1423 1424
1228 1410 1411 1424
1425 1411 1426 1424
1228 1411 1425 1424
1229 1231 1425 1411
1231 1427 1425 1428
1231 1425 1411 1428
1231 1411 1412 1428
1425 1411 1428 1426
1231 1413 1429 1414
1231 1429 1427 1428
1231 1412 1414 1428
1429 1414 1430 1428
1231 1414 1429 1428
1431 1432 1433 1435
1432 1434 1433 1438
1432 1433 1435 1438
1432 1435 1436 1438
1433 1435 1438 1437
1432 1236 1439 1440
1432 1439 1434 1438
1432 1436 1440 1438
1439 1440 1441 1438
1432 1440 1439 1438
1236 1237 1439 1440
1237 1254 1439 1442
1237 1439 1440 1442
1237 1440 1417 1442
1439 1440 1442 1441
1237 1239 1255 1418
1237 1255 1254 1442
1237 1417 1418 1442
1255 1418 1443 1442
1237 1418 1255 1442
1433 1434 1445 1438
1433 1445 1444 1446
1433 1437 1438 1446
1445 1438 1447 1446
1433 1438 1445 1446
1434 1439 1445 1438
1439 1448 1445 1449
1439 1445 1438 1449
1439 1438 1441 1449
1445 1438 1449 1447
1439 1254 1450 1442
1439 1450 1448 1449
1439 1441 1442 1449
1450 1442 1451 1449
1439 1442 1450 1449
1259 1262 1263 1453
1259 1263 1261 1454
1259 1452 1453 1454
1263 1453 1455 1454
1259 1453 1263 1454
1262 1264 1263 1453
1264 1265 1263 1457
1264 1263 1453 1457
1264 1453 1456 1457
1263 1453 1457 1455
1264 1266 1267 1458
1264 1267 1265 1457
1264 1456 1458 1457
1267 1458 1459 1457
1264 1458 1267 1457
1261 1263 1274 1454
1263 1275 1274 1461
1263 1274 1454 1461
1263 1454 1455 1461
1274 1454 1461 1460
1263 1265 1276 1457
1263 1276 1275 1461
1263 1455 1457 1461
1276 1457 1462 1461
1263 1457 1276 1461
1265 1267 1276 1457
1267 1277 1276 1463
1267 1276 1457 1463
1267 1457 1459 1463
1276 1457 1463 1462
1279 1274 1281 1464
1274 1282 1281 1466
1274 1281 1464 1466
1274 1464 1460 1466
1281 1464 1466 1465
1274 1275 1283 1461
1274 1283 1282 1466
1274 1460 1461 1466
1283 1461 1467 1466
1274 1461 1283 1466
1275 1276 1283 1461
1276 1284 1283 1468
1276 1283 1461 1468
1276 1461 1462 1468
1283 1461 1468 1467
1276 1277 1286 1463
1276 1286 1284 1468
1276 1462 1463 1468
1286 1463 1469 1468
1276 1463 1286 1468
1277 1470 1286 1463
1470 1471 1286 1473
1470 1286 1463 1473
1470 1463 1472 1473
1286 1463 1473 1469
1281 1282 1291 1466
1281 1291 1290 1474
1281 1465 1466 1474
1291 1466 1475 1474
1281 1466 1291 1474
1282 1283 1291 1466
1283 1292 1291 1476
1283 1291 1466 1476
1283 1466 1467 1476
1291 1466 1476 1475
1283 1284 1293 1468
1283 1293 1292 1476
1283 1467 1468 1476
1293 1468 1477 1476
1283 1468 1293 1476
1284 1286 1293 1468
1286 1295 1293 1478
1286 1293 1468 1478
1286 1468 1469 1478
1293 1468 1478 1477
1286 1471 1479 1473
1286 1479 1295 1478
1286 1469 1473 1478
1479 1473 1480 1478
1286 1473 1479 1478
1290 1291 1297 1474
1291 1298 1297 1482
1291 1297 1474 1482
1291 1474 1475 1482
1297 1474 1482 1481
1291 1292 1299 1476
1291 1299 1298 1482
1291 1475 1476 1482
1299 1476 1483 1482
1291 1476 1299 1482
1292 1293 1299 1476
1293 1300 1299 1484
1293 1299 1476 1484
1293 1476 1477 1484
1299 1476 1484 1483
1293 1295 1485 1478
1293 1485 1300 1484
1293 1477 1478 1484
1485 1478 1486 1484
1293 1478 1485 1484
1487 1488 1307 1489
1488 1308 1307 1492
1488 1307 1489 1492
1488 1489 1490 1492
1307 1489 1492 1491
1488 1493 1494 1495
1488 1494 1308 1492
1488 1490 1495 1492
1494 1495 1496 1492
1488 1495 1494 1492
1307 1308 1310 1492
1307 1310 1309 1497
1307 1491 1492 1497
1310 1492 1498 1497
1307 1492 1310 1497
1308 1494 1310 1492
1494 1499 1310 1500
1494 1310 1492 1500
1494 1492 1496 1500
1310 1492 1500 1498
1323 1309 1325 1497
1323 1325 1324 1502
1323 1501 1497 1502
1325 1497 1503 1502
1323 1497 1325 1502
1309 1310 1325 1497
1310 1327 1325 1504
1310 1325 1497 1504
1310 1497 1498 1504
1325 1497 1504 1503
1324 1325 1334 1502
1325 1335 1334 1506
1325 1334 1502 1506
1325 1502 1503 1506
1334 1502 1506 1505
1325 1327 1337 1504
1325 1337 1335 1506
1325 1503 1504 1506
1337 1504 1507 1506
1325 1504 1337 1506
1508 1509 1511 1513
1508 1511 1510 1514
1508 1512 1513 1514
1511 1513 1515 1514
1508 1513 1511 1514
1509 1516 1511 1513
1516 1517 1511 1519
1516 1511 1513 1519
1516 1513 1518 1519
1511 1513 1519 1515
1358 1359 1360 1520
1359 1361 1360 1523
1359 1360 1520 1523
1359 1520 1521 1523
1360 1520 1523 1522
1359 1364 1365 1524
1359 1365 1361 1523
1359 1521 1524 1523
1365 1524 1525 1523
1359 1524 1365 1523
1345 1349 1368 1526
1349 1369 1368 1529
1349 1368 1526 1529
1349 1526 1527 1529
1368 1526 1529 1528
1349 1372 1373 1530
1349 1373 1369 1529
1349 1527 1530 1529
1373 1530 1531 1529
1349 1530 1373 1529
1352 1353 1374 1532
1353 1375 1374 1535
1353 1374 1532 1535
1353 1532 1533 1535
1374 1532 1535 1534
1353 1378 1379 1536
1353 1379 1375 1535
1353 1533 1536 1535
1379 1536 1537 1535
1353 1536 1379 1535
1360 1361 1383 1523
1360 1383 1382 1538
1360 1522 1523 1538
1383 1523 1539 1538
1360 1523 1383 1538
1361 1365 1383 1523
1365 1384 1383 1540
1365 1383 1523 1540
1365 1523 1525 1540
1383 1523 1540 1539
1365 1541 1542 1543
1365 1542 1384 1540
1365 1525 1543 1540
1542 1543 1544 1540
1365 1543 1542 1540
1368 1369 1386 1529
1368 1386 1385 1545
1368 1528 1529 1545
1386 1529 1546 1545
1368 1529 1386 1545
1369 1373 1386 1529
1373 1387 1386 1547
1373 1386 1529 1547
1373 1529 1531 1547
1386 1529 1547 1546
1374 1375 1390 1535
1374 1390 1389 1548
1374 1534 1535 1548
1390 1535 1549 1548
1374 1535 1390 1548
1375 1379 1390 1535
1379 1391 1390 1550
1379 1390 1535 1550
1379 1535 1537 1550
1390 1535 1550 1549
1379 1551 1396 1552
1379 1396 1391 1550
1379 1537 1552 1550
1396 1552 1553 1550
1379 1552 1396 1550
1384 1542 1554 1540
1542 1555 1554 1557
1542 1554 1540 1557
1542 1540 1544 1557
1554 1540 1557 1556
1542 1385 1558 1545
1542 1558 1555 1557
1542 1544 1545 1557
1558 1545 1559 1557
1542 1545 1558 1557
1386 1387 1393 1547
1386 1393 1392 1560
1386 1546 1547 1560
1393 1547 1561 1560
1386 1547 1393 1560
1389 1390 1562 1548
1390 1394 1562 1564
1390 1562 1548 1564
1390 1548 1549 1564
1562 1548 1564 1563
1390 1391 1395 1550
1390 1395 1394 1564
1390 1549 1550 1564
1395 1550 1565 1564
1390 1550 1395 1564
1391 1396 1395 1550
1396 1397 1395 1566
1396 1395 1550 1566
1396 1550 1553 1566
1395 1550 1566 1565
1554 1555 1406 1557
1554 1406 1567 1568
1554 1556 1557 1568
1406 1557 1569 1568
1554 1557 1406 1568
1555 1558 1406 1557
1558 1407 1406 1570
1558 1406 1557 1570
1558 1557 1559 1570
1406 1557 1570 1569
1558 1392 1398 1560
1558 1398 1407 1570
1558 1559 1560 1570
1398 1560 1571 1570
1558 1560 1398 1570
1392 1393 1398 1560
1393 1399 1398 1572
1393 1398 1560 1572
1393 1560 1561 1572
1398 1560 1572 1571
1393 1400 1401 1573
1393 1401 1399 1572
1393 1561 1573 1572
1401 1573 1574 1572
1393 1573 1401 1572
1400 1404 1401 1573
1404 1405 1401 1576
1404 1401 1573 1576
1404 1573 1575 1576
1401 1573 1576 1574
1577 1578 1415 1581
1577 1415 1579 1582
1577 1580 1581 1582
1415 1581 1583 1582
1577 1581 1415 1582
1406 1407 1409 1570
1406 1409 1408 1584
1406 1569 1570 1584
1409 1570 1585 1584
1406 1570 1409 1584
1407 1398 1409 1570
1398 1410 1409 1586
1398 1409 1570 1586
1398 1570 1571 1586
1409 1570 1586 1585
1398 1399 1411 1572
1398 1411 1410 1586
1398 1571 1572 1586
1411 1572 1587 1586
1398 1572 1411 1586
1399 1401 1411 1572
1401 1412 1411 1588
1401 1411 1572 1588
1401 1572 1574 1588
1411 1572 1588 1587
1401 1405 1414 1576
1401 1414 1412 1588
1401 1574 1576 1588
1414 1576 1589 1588
1401 1576 1414 1588
1409 1410 1424 1586
1409 1424 1422 1590
1409 1585 1586 1590
1424 1586 1591 1590
1409 1586 1424 1590
1410 1411 1424 1586
1411 1426 1424 1592
1411 1424 1586 1592
1411 1586 1587 1592
1424 1586 1592 1591
1411 1412 1428 1588
1411 1428 1426 1592
1411 1587 1588 1592
1428 1588 1593 1592
1411 1588 1428 1592
1412 1414 1428 1588
1414 1430 1428 1594
1414 1428 1588 1594
1414 1588 1589 1594
1428 1588 1594 1593
1414 1595 1596 1597
1414 1596 1430 1594
1414 1589 1597 1594
1596 1597 1598 1594
1414 1597 1596 1594
1435 1436 1438 1600
1435 1438 1437 1601
1435 1599 1600 1601
1438 1600 1602 1601
1435 1600 1438 1601
1426 1428 1603 1592
1428 1604 1603 1606
1428 1603 1592 1606
1428 1592 1593 1606
1603 1592 1606 1605
1428 1430 1607 1594
1428 1607 1604 1606
1428 1593 1594 1606
1607 1594 1608 1606
1428 1594 1607 1606
1430 1596 1607 1594
1596 1609 1607 1610
1596 1607 1594 1610
1596 1594 1598 1610
1607 1594 1610 1608
1437 1438 1446 1601
1438 1447 1446 1612
1438 1446 1601 1612
1438 1601 1602 1612
1446 1601 1612 1611
1438 1441 1449 1613
1438 1449 1447 1612
1438 1602 1613 1612
1449 1613 1614 1612
1438 1613 1449 1612
1455 1457 1461 1615
1457 1462 1461 1618
1457 1461 1615 1618
1457 1615 1616 1618
1461 1615 1618 1617
1457 1459 1463 1619
1457 1463 1462 1618
1457 1616 1619 1618
1463 1619 1620 1618
1457 1619 1463 1618
1459 1621 1463 1619
1621 1472 1463 1623
1621 1463 1619 1623
1621 1619 1622 1623
1463 1619 1623 1620
1460 1461 1466 1624
1461 1467 1466 1626
1461 1466 1624 1626
1461 1624 1617 1626
1466 1624 1626 1625
1461 1462 1468 1618
1461 1468 1467 1626
1461 1617 1618 1626
1468 1618 1627 1626
1461 1618 1468 1626
1462 1463 1468 1618
1463 1469 1468 1628
1463 1468 1618 1628
1463 1618 1620 1628
1468 1618 1628 1627
1463 1472 1473 1623
1463 1473 1469 1628
1463 1620 1623 1628
1473 1623 1629 1628
1463 1623 1473 1628
1472 1630 1473 1623
1630 1631 1473 1633
1630 1473 1623 1633
1630 1623 1632 1633
1473 1623 1633 1629
1466 1467 1476 1626
1466 1476 1475 1634
1466 1625 1626 1634
1476 1626 1635 1634
1466 1626 1476 1634
1467 1468 1476 1626
1468 1477 1476 1636
1468 1476 1626 1636
1468 1626 1627 1636
1476 1626 1636 1635
1468 1469 1478 1628
1468 1478 1477 1636
1468 1627 1628 1636
1478 1628 1637 1636
1468 1628 1478 1636
1469 1473 1478 1628
1473 1480 1478 1638
1473 1478 1628 1638
1473 1628 1629 1638
1478 1628 1638 1637
1473 1631 1639 1633
1473 1639 1480 1638
1473 1629 1633 1638
1639 1633 1640 1638
1473 1633 1639 1638
1475 1476 1482 1634
1476 1483 1482 1642
1476 1482 1634 1642
1476 1634 1635 1642
1482 1634 1642 1641
1476 1477 1484 1636
1476 1484 1483 1642
1476 1635 1636 1642
1484 1636 1643 1642
1476 1636 1484 1642
1477 1478 1484 1636
1478 1486 1484 1644
1478 1484 1636 1644
1478 1636 1637 1644
1484 1636 1644 1643
1478 1480 1645 1638
1478 1645 1486 1644
1478 1637 1638 1644
1645 1638 1646 1644
1478 1638 1645 1644
1647 1648 1650 1652
1647 1650 1649 1653
1647 1651 1652 1653
1650 1652 1654 1653
1647 1652 1650 1653
1648 1655 1650 1652
1655 1656 1650 1658
1655 1650 1652 1658
1655 1652 1657 1658
1650 1652 1658 1654
1659 1660 1662 1664
1659 1662 1661 1665
1659 1663 1664 1665
1662 1664 1666 1665
1659 1664 1662 1665
1660 1667 1662 1664
1667 1668 1662 1670
1667 1662 1664 1670
1667 1664 1669 1670
1662 1664 1670 1666
1667 1671 1672 1673
1667 1672 1668 1670
1667 1669 1673 1670
1672 1673 1674 1670
1667 1673 1672 1670
1675 1661 1489 1665
1675 1489 1676 1678
1675 1677 1665 1678
1489 1665 1679 1678
1675 1665 1489 1678
1661 1662 1489 1665
1662 1490 1489 1680
1662 1489 1665 1680
1662 1665 1666 1680
1489 1665 1680 1679
1662 1668 1495 1670
1662 1495 1490 1680
1662 1666 1670 1680
1495 1670 1681 1680
1662 1670 1495 1680
1682 1676 1684 1678
1682 1684 1683 1686
1682 1685 1678 1686
1684 1678 1687 1686
1682 1678 1684 1686
1676 1489 1684 1678
1489 1491 1684 1688
1489 1684 1678 1688
1489 1678 1679 1688
1684 1678 1688 1687
1489 1490 1492 1680
1489 1492 1491 1688
1489 1679 1680 1688
1492 1680 1689 1688
1489 1680 1492 1688
1490 1495 1492 1680
1495 1496 1492 1690
1495 1492 1680 1690
1495 1680 1681 1690
1492 1680 1690 1689
1691 1692 1694 1696
1691 1694 1693 1697
1691 1695 1696 1697
1694 1696 1698 1697
1691 1696 1694 1697
1692 1699 1694 1696
1699 1700 1694 1702
1699 1694 1696 1702
1699 1696 1701 1702
1694 1696 1702 1698
1699 1683 1703 1686
1699 1703 1700 1702
1699 1701 1686 1702
1703 1686 1704 1702
1699 1686 1703 1702
1683 1684 1703 1686
1684 1501 1703 1705
1684 1703 1686 1705
1684 1686 1687 1705
1703 1686 1705 1704
1684 1491 1497 1688
1684 1497 1501 1705
1684 1687 1688 1705
1497 1688 1706 1705
1684 1688 1497 1705
1491 1492 1497 1688
1492 1498 1497 1707
1492 1497 1688 1707
1492 1688 1689 1707
1497 1688 1707 1706
1492 1496 1500 1690
1492 1500 1498 1707
1492 1689 1690 1707
1500 1690 1708 1707
1492 1690 1500 1707
1693 1694 1709 1697
1694 1710 1709 1712
1694 1709 1697 1712
1694 1697 1698 1712
1709 1697 1712 1711
1694 1700 1713 1702
1694 1713 1710 1712
1694 1698 1702 1712
1713 1702 1714 1712
1694 1702 1713 1712
1715 1716 1717 1719
1716 1718 1717 1722
1716 1717 1719 1722
1716 1719 1720 1722
1717 1719 1722 1721
1716 1512 1514 1723
1716 1514 1718 1722
1716 1720 1723 1722
1514 1723 1724 1722
1716 1723 1514 1722
1512 1513 1514 1723
1513 1515 1514 1726
1513 1514 1723 1726
1513 1723 1725 1726
1514 1723 1726 1724
1718 1514 1727 1722
1514 1728 1727 1730
1514 1727 1722 1730
1514 1722 1724 1730
1727 1722 1730 1729
1521 1524 1523 1731
1524 1525 1523 1734
1524 1523 1731 1734
1524 1731 1732 1734
1523 1731 1734 1733
1523 1525 1540 1734
1523 1540 1539 1735
1523 1733 1734 1735
1540 1734 1736 1735
1523 1734 1540 1735
1525 1543 1540 1734
1543 1544 1540 1738
1543 1540 1734 1738
1543 1734 1737 1738
1540 1734 1738 1736
1529 1531 1547 1740
1529 1547 1546 1741
1529 1739 1740 1741
1547 1740 1742 1741
1529 1740 1547 1741
1534 1535 1548 1743
1535 1549 1548 1746
1535 1548 1743 1746
1535 1743 1744 1746
1548 1743 1746 1745
1535 1537 1550 1747
1535 1550 1549 1746
1535 1744 1747 1746
1550 1747 1748 1746
1535 1747 1550 1746
1537 1552 1550 1747
1552 1553 1550 1750
1552 1550 1747 1750
1552 1747 1749 1750
1550 1747 1750 1748
1539 1540 1751 1735
1540 1556 1751 1753
1540 1751 1735 1753
1540 1735 1736 1753
1751 1735 1753 1752
1540 1544 1557 1738
1540 1557 1556 1753
1540 1736 1738 1753
1557 1738 1754 1753
1540 1738 1557 1753
1544 1545 1557 1738
1545 1559 1557 1756
1545 1557 1738 1756
1545 1738 1755 1756
1557 1738 1756 1754
1549 1550 1564 1746
1550 1565 1564 1758
1550 1564 1746 1758
1550 1746 1748 1758
1564 1746 1758 1757
1550 1553 1566 1750
1550 1566 1565 1758
1550 1748 1750 1758
1566 1750 1759 1758
1550 1750 1566 1758
1760 1761 1762 1763
1761 1580 1762 1766
1761 1762 1763 1766
1761 1763 1764 1766
1762 1763 1766 1765
1751 1556 1568 1753
1751 1568 1767 1768
1751 1752 1753 1768
1568 1753 1769 1768
1751 1753 1568 1768
1556 1557 1568 1753
1557 1569 1568 1770
1557 1568 1753 1770
1557 1753 1754 1770
1568 1753 1770 1769
1557 1559 1570 1756
1557 1570 1569 1770
1557 1754 1756 1770
1570 1756 1771 1770
1557 1756 1570 1770
1559 1560 1570 1756
1560 1571 1570 1773
1560 1570 1756 1773
1560 1756 1772 1773
1570 1756 1773 1771
1560 1561 1572 1774
1560 1572 1571 1773
1560 1772 1774 1773
1572 1774 1775 1773
1560 1774 1572 1773
1564 1565 1777 1758
1564 1777 1776 1778
1564 1757 1758 1778
1777 1758 1779 1778
1564 1758 1777 1778
1762 1580 1582 1766
1762 1582 1780 1781
1762 1765 1766 1781
1582 1766 1782 1781
1762 1766 1582 1781
1580 1581 1582 1766
1581 1583 1582 1784
1581 1582 1766 1784
1581 1766 1783 1784
1582 1766 1784 1782
1569 1570 1584 1770
1570 1585 1584 1786
1570 1584 1770 1786
1570 1770 1771 1786
1584 1770 1786 1785
1570 1571 1586 1773
1570 1586 1585 1786
1570 1771 1773 1786
1586 1773 1787 1786
1570 1773 1586 1786
1571 1572 1586 1773
1572 1587 1586 1788
1572 1586 1773 1788
1572 1773 1775 1788
1586 1773 1788 1787
1572 1574 1588 1789
1572 1588 1587 1788
1572 1775 1789 1788
1588 1789 1790 1788
1572 1789 1588 1788
1574 1576 1588 1789
1576 1589 1588 1792
1576 1588 1789 1792
1576 1789 1791 1792
1588 1789 1792 1790
1586 1587 1592 1788
1586 1592 1591 1793
1586 1787 1788 1793
1592 1788 1794 1793
1586 1788 1592 1793
1587 1588 1592 1788
1588 1593 1592 1795
1588 1592 1788 1795
1588 1788 1790 1795
1592 1788 1795 1794
1588 1589 1594 1792
1588 1594 1593 1795
1588 1790 1792 1795
1594 1792 1796 1795
1588 1792 1594 1795
1589 1597 1594 1792
1597 1598 1594 1798
1597 1594 1792 1798
1597 1792 1797 1798
1594 1792 1798 1796
1799 1800 1801 1803
1800 1802 1801 1806
1800 1801 1803 1806
1800 1803 1804 1806
1801 1803 1806 1805
1592 1593 1606 1795
1592 1606 1605 1807
1592 1794 1795 1807
1606 1795 1808 1807
1592 1795 1606 1807
1593 1594 1606 1795
1594 1608 1606 1809
1594 1606 1795 1809
1594 1795 1796 1809
1606 1795 1809 1808
1594 1598 1610 1798
1594 1610 1608 1809
1594 1796 1798 1809
1610 1798 1810 1809
1594 1798 1610 1809
1598 1801 1610 1798
1801 1811 1610 1812
1801 1610 1798 1812
1801 1798 1805 1812
1610 1798 1812 1810
1801 1802 1813 1806
1801 1813 1811 1812
1801 1805 1806 1812
1813 1806 1814 1812
1801 1806 1813 1812
1802 1815 1813 1806
1815 1816 1813 1818
1815 1813 1806 1818
1815 1806 1817 1818
1813 1806 1818 1814
1606 1608 1820 1809
1606 1820 1819 1821
1606 1808 1809 1821
1820 1809 1822 1821
1606 1809 1820 1821
1608 1610 1820 1809
1610 1823 1820 1824
1610 1820 1809 1824
1610 1809 1810 1824
1820 1809 1824 1822
1610 1811 1825 1812
1610 1825 1823 1824
1610 1810 1812 1824
1825 1812 1826 1824
1610 1812 1825 1824
1813 1816 1828 1818
1813 1828 1827 1829
1813 1814 1818 1829
1828 1818 1830 1829
1813 1818 1828 1829
1831 1832 1833 1835
1832 1834 1833 1838
1832 1833 1835 1838
1832 1835 1836 1838
1833 1835 1838 1837
1833 1834 1840 1838
1833 1840 1839 1841
1833 1837 1838 1841
1840 1838 1842 1841
1833 1838 1840 1841
1834 1843 1840 1838
1843 1844 1840 1846
1843 1840 1838 1846
1843 1838 1845 1846
1840 1838 1846 1842
1615 1616 1618 1848
1615 1618 1617 1849
1615 1847 1848 1849
1618 1848 1850 1849
1615 1848 1618 1849
1616 1619 1618 1848
1619 1620 1618 1852
1619 1618 1848 1852
1619 1848 1851 1852
1618 1848 1852 1850
1619 1622 1623 1853
1619 1623 1620 1852
1619 1851 1853 1852
1623 1853 1854 1852
1619 1853 1623 1852
1622 1855 1623 1853
1855 1632 1623 1857
1855 1623 1853 1857
1855 1853 1856 1857
1623 1853 1857 1854
1855 1858 1859 1860
1855 1859 1632 1857
1855 1856 1860 1857
1859 1860 1861 1857
1855 1860 1859 1857
1839 1840 1862 1841
1840 1863 1862 1865
1840 1862 1841 1865
1840 1841 1842 1865
1862 1841 1865 1864
1840 1844 1866 1846
1840 1866 1863 1865
1840 1842 1846 1865
1866 1846 1867 1865
1840 1846 1866 1865
1844 1868 1866 1846
1868 1869 1866 1871
1868 1866 1846 1871
1868 1846 1870 1871
1866 1846 1871 1867
1868 1872 1873 1874
1868 1873 1869 1871
1868 1870 1874 1871
1873 1874 1875 1871
1868 1874 1873 1871
1872 1876 1873 1874
1876 1877 1873 1879
1876 1873 1874 1879
1876 1874 1878 1879
1873 1874 1879 1875
1617 1618 1626 1849
1618 1627 1626 1881
1618 1626 1849 1881
1618 1849 1850 1881
1626 1849 1881 1880
1618 1620 1628 1852
1618 1628 1627 1881
1618 1850 1852 1881
1628 1852 1882 1881
1618 1852 1628 1881
1620 1623 1628 1852
1623 1629 1628 1883
1623 1628 1852 1883
1623 1852 1854 1883
1628 1852 1883 1882
1623 1632 1633 1857
1623 1633 1629 1883
1623 1854 1857 1883
1633 1857 1884 1883
1623 1857 1633 1883
1632 1859 1633 1857
1859 1885 1633 1886
1859 1633 1857 1886
1859 1857 1861 1886
1633 1857 1886 1884
1625 1626 1634 1887
1626 1635 1634 1889
1626 1634 1887 1889
1626 1887 1880 1889
1634 1887 1889 1888
1626 1627 1636 1881
1626 1636 1635 1889
1626 1880 1881 1889
1636 1881 1890 1889
1626 1881 1636 1889
1627 1628 1636 1881
1628 1637 1636 1891
1628 1636 1881 1891
1628 1881 1882 1891
1636 1881 1891 1890
1628 1629 1638 1883
1628 1638 1637 1891
1628 1882 1883 1891
1638 1883 1892 1891
1628 1883 1638 1891
1629 1633 1638 1883
1633 1640 1638 1893
1633 1638 1883 1893
1633 1883 1884 1893
1638 1883 1893 1892
1633 1885 1894 1886
1633 1894 1640 1893
1633 1884 1886 1893
1894 1886 1895 1893
1633 1886 1894 1893
1896 1634 1897 1898
1634 1641 1897 1900
1634 1897 1898 1900
1634 1898 1888 1900
1897 1898 1900 1899
1634 1635 1642 1889
1634 1642 1641 1900
1634 1888 1889 1900
1642 1889 1901 1900
1634 1889 1642 1900
1635 1636 1642 1889
1636 1643 1642 1902
1636 1642 1889 1902
1636 1889 1890 1902
1642 1889 1902 1901
1636 1637 1644 1891
1636 1644 1643 1902
1636 1890 1891 1902
1644 1891 1903 1902
1636 1891 1644 1902
1637 1638 1644 1891
1638 1646 1644 1904
1638 1644 1891 1904
1638 1891 1892 1904
1644 1891 1904 1903
1651 1652 1653 1905
1652 1654 1653 1908
1652 1653 1905 1908
1652 1905 1906 1908
1653 1905 1908 1907
1652 1657 1658 1909
1652 1658 1654 1908
1652 1906 1909 1908
1658 1909 1910 1908
1652 1909 1658 1908
1657 1897 1658 1909
1897 1663 1658 1911
1897 1658 1909 1911
1897 1909 1899 1911
1658 1909 1911 1910
1897 1641 1664 1900
1897 1664 1663 1911
1897 1899 1900 1911
1664 1900 1912 1911
1897 1900 1664 1911
1641 1642 1664 1900
1642 1669 1664 1913
1642 1664 1900 1913
1642 1900 1901 1913
1664 1900 1913 1912
1642 1643 1673 1902
1642 1673 1669 1913
1642 1901 1902 1913
1673 1902 1914 1913
1642 1902 1673 1913
1643 1644 1673 1902
1644 1915 1673 1916
1644 1673 1902 1916
1644 1902 1903 1916
1673 1902 1916 1914
1644 1646 1917 1904
1644 1917 1915 1916
1644 1903 1904 1916
1917 1904 1918 1916
1644 1904 1917 1916
1653 1654 1920 1908
1653 1920 1919 1921
1653 1907 1908 1921
1920 1908 1922 1921
1653 1908 1920 1921
1663 1664 1665 1911
1664 1666 1665 1924
1664 1665 1911 1924
1664 1911 1912 1924
1665 1911 1924 1923
1664 1669 1670 1913
1664 1670 1666 1924
1664 1912 1913 1924
1670 1913 1925 1924
1664 1913 1670 1924
1669 1673 1670 1913
1673 1674 1670 1926
1673 1670 1913 1926
1673 1913 1914 1926
1670 1913 1926 1925
1673 1915 1927 1916
1673 1927 1674 1926
1673 1914 1916 1926
1927 1916 1928 1926
1673 1916 1927 1926
1665 1666 1680 1924
1665 1680 1679 1929
1665 1923 1924 1929
1680 1924 1930 1929
1665 1924 1680 1929
1666 1670 1680 1924
1670 1681 1680 1931
1670 1680 1924 1931
1670 1924 1925 1931
1680 1924 1931 1930
1670 1674 1932 1926
1670 1932 1681 1931
1670 1925 1926 1931
1932 1926 1933 1931
1670 1926 1932 1931
1685 1678 1686 1934
1678 1687 1686 1937
1678 1686 1934 1937
1678 1934 1935 1937
1686 1934 1937 1936
1678 1679 1688 1929
1678 1688 1687 1937
1678 1935 1929 1937
1688 1929 1938 1937
1678 1929 1688 1937
1679 1680 1688 1929
1680 1689 1688 1939
1680 1688 1929 1939
1680 1929 1930 1939
1688 1929 1939 1938
1680 1681 1690 1931
1680 1690 1689 1939
1680 1930 1931 1939
1690 1931 1940 1939
1680 1931 1690 1939
1701 1686 1702 1941
1686 1704 1702 1943
1686 1702 1941 1943
1686 1941 1936 1943
1702 1941 1943 1942
1686 1687 1705 1937
1686 1705 1704 1943
1686 1936 1937 1943
1705 1937 1944 1943
1686 1937 1705 1943
1687 1688 1705 1937
1688 1706 1705 1945
1688 1705 1937 1945
1688 1937 1938 1945
1705 1937 1945 1944
1697 1698 1712 1947
1697 1712 1711 1948
1697 1946 1947 1948
1712 1947 1949 1948
1697 1947 1712 1948
1698 1702 1712 1947
1702 1714 1712 1950
1702 1712 1947 1950
1702 1947 1942 1950
1712 1947 1950 1949
1719 1720 1722 1952
1719 1722 1721 1953
1719 1951 1952 1953
1722 1952 1954 1953
1719 1952 1722 1953
1720 1723 1722 1952
1723 1724 1722 1956
1723 1722 1952 1956
1723 1952 1955 1956
1722 1952 1956 1954
1723 1725 1726 1957
1723 1726 1724 1956
1723 1955 1957 1956
1726 1957 1958 1956
1723 1957 1726 1956
1959 1960 1962 1964
1959 1962 1961 1965
1959 1963 1964 1965
1962 1964 1966 1965
1959 1964 1962 1965
1960 1967 1962 1964
1967 1968 1962 1970
1967 1962 1964 1970
1967 1964 1969 1970
1962 1964 1970 1966
1722 1724 1730 1956
1722 1730 1729 1971
1722 1954 1956 1971
1730 1956 1972 1971
1722 1956 1730 1971
1724 1726 1730 1956
1726 1973 1730 1974
1726 1730 1956 1974
1726 1956 1958 1974
1730 1956 1974 1972
1729 1730 1975 1971
1730 1976 1975 1978
1730 1975 1971 1978
1730 1971 1972 1978
1975 1971 1978 1977
1730 1973 1979 1974
1730 1979 1976 1978
1730 1972 1974 1978
1979 1974 1980 1978
1730 1974 1979 1978
1731 1732 1734 1982
1731 1734 1733 1983
1731 1981 1982 1983
1734 1982 1984 1983
1731 1982 1734 1983
1985 1986 1987 1989
1985 1987 1764 1990
1985 1988 1989 1990
1987 1989 1991 1990
1985 1989 1987 1990
1986 1735 1987 1989
1735 1752 1987 1993
1735 1987 1989 1993
1735 1989 1992 1993
1987 1989 1993 1991
1735 1736 1753 1994
1735 1753 1752 1993
1735 1992 1994 1993
1753 1994 1995 1993
1735 1994 1753 1993
1736 1738 1753 1994
1738 1754 1753 1997
1738 1753 1994 1997
1738 1994 1996 1997
1753 1994 1997 1995
1746 1748 1758 1999
1746 1758 1757 2000
1746 1998 1999 2000
1758 1999 2001 2000
1746 1999 1758 2000
1748 1750 1758 1999
1750 1759 1758 2003
1750 1758 1999 2003
1750 1999 2002 2003
1758 1999 2003 2001
1763 1764 1766 1990
1763 1766 1765 2005
1763 2004 1990 2005
1766 1990 2006 2005
1763 1990 1766 2005
1764 1987 1766 1990
1987 1783 1766 2007
1987 1766 1990 2007
1987 1990 1991 2007
1766 1990 2007 2006
1987 1752 1768 1993
1987 1768 1783 2007
1987 1991 1993 2007
1768 1993 2008 2007
1987 1993 1768 2007
1752 1753 1768 1993
1753 1769 1768 2009
1753 1768 1993 2009
1753 1993 1995 2009
1768 1993 2009 2008
1757 1758 1778 2000
1758 1779 1778 2011
1758 1778 2000 2011
1758 2000 2001 2011
1778 2000 2011 2010
1758 1759 2012 2003
1758 2012 1779 2011
1758 2001 2003 2011
2012 2003 2013 2011
1758 2003 2012 2011
1759 2014 2012 2003
2014 2015 2012 2017
2014 2012 2003 2017
2014 2003 2016 2017
2012 2003 2017 2013
1765 1766 1781 2005
1766 1782 1781 2019
1766 1781 2005 2019
1766 2005 2006 2019
1781 2005 2019 2018
2012 2015 2021 2017
2012 2021 2020 2022
2012 2013 2017 2022
2021 2017 2023 2022
2012 2017 2021 2022
1790 1792 1795 2024
1792 1796 1795 2027
1792 1795 2024 2027
1792 2024 2025 2027
1795 2024 2027 2026
1792 1797 1798 2028
1792 1798 1796 2027
1792 2025 2028 2027
1798 2028 2029 2027
1792 2028 1798 2027
1797 1803 1798 2028
1803 1805 1798 2031
1803 1798 2028 2031
1803 2028 2030 2031
1798 2028 2031 2029
1795 1796 1809 2027
1795 1809 1808 2032
1795 2026 2027 2032
1809 2027 2033 2032
1795 2027 1809 2032
1796 1798 1809 2027
1798 1810 1809 2034
1798 1809 2027 2034
1798 2027 2029 2034
1809 2027 2034 2033
1798 1805 1812 2031
1798 1812 1810 2034
1798 2029 2031 2034
1812 2031 2035 2034
1798 2031 1812 2034
1805 1806 1812 2031
1806 1814 1812 2037
1806 1812 2031 2037
1806 2031 2036 2037
1812 2031 2037 2035
1806 1817 1818 2038
1806 1818 1814 2037
1806 2036 2038 2037
1818 2038 2039 2037
1806 2038 1818 2037
1808 1809 1821 2032
1809 1822 1821 2041
1809 1821 2032 2041
1809 2032 2033 2041
1821 2032 2041 2040
1809 1810 1824 2034
1809 1824 1822 2041
1809 2033 2034 2041
1824 2034 2042 2041
1809 2034 1824 2041
1810 1812 1824 2034
1812 1826 1824 2043
1812 1824 2034 2043
1812 2034 2035 2043
1824 2034 2043 2042
1812 1814 1829 2037
1812 1829 1826 2043
1812 2035 2037 2043
1829 2037 2044 2043
1812 2037 1829 2043
1814 1818 1829 2037
1818 1830 1829 2045
1818 1829 2037 2045
1818 2037 2039 2045
1829 2037 2045 2044
1818 2046 2047 2048
1818 2047 1830 2045
1818 2039 2048 2045
2047 2048 2049 2045
1818 2048 2047 2045
2050 2051 2053 2055
2050 2053 2052 2056
2050 2054 2055 2056
2053 2055 2057 2056
2050 2055 2053 2056
2051 2058 2053 2055
2058 2059 2053 2061
2058 2053 2055 2061
2058 2055 2060 2061
2053 2055 2061 2057
1822 1824 2062 2041
1824 2063 2062 2065
1824 2062 2041 2065
1824 2041 2042 2065
2062 2041 2065 2064
1824 1826 2066 2043
1824 2066 2063 2065
1824 2042 2043 2065
2066 2043 2067 2065
1824 2043 2066 2065
1826 1829 2066 2043
1829 2068 2066 2069
1829 2066 2043 2069
1829 2043 2044 2069
2066 2043 2069 2067
2052 2053 2070 2056
2053 2071 2070 2073
2053 2070 2056 2073
2053 2056 2057 2073
2070 2056 2073 2072
2053 2059 2074 2061
2053 2074 2071 2073
2053 2057 2061 2073
2074 2061 2075 2073
2053 2061 2074 2073
1837 1838 1841 2076
1838 1842 1841 2079
1838 1841 2076 2079
1838 2076 2077 2079
1841 2076 2079 2078
1838 1845 1846 2080
1838 1846 1842 2079
1838 2077 2080 2079
1846 2080 2081 2079
1838 2080 1846 2079
1848 1851 1852 2083
1848 1852 1850 2084
1848 2082 2083 2084
1852 2083 2085 2084
1848 2083 1852 2084
1851 1853 1852 2083
1853 1854 1852 2087
1853 1852 2083 2087
1853 2083 2086 2087
1852 2083 2087 2085
1853 1856 1857 2088
1853 1857 1854 2087
1853 2086 2088 2087
1857 2088 2089 2087
1853 2088 1857 2087
1856 1860 1857 2088
1860 1861 1857 2091
1860 1857 2088 2091
1860 2088 2090 2091
1857 2088 2091 2089
1860 2092 2093 2094
1860 2093 1861 2091
1860 2090 2094 2091
2093 2094 2095 2091
1860 2094 2093 2091
1841 1842 1865 2079
1841 1865 1864 2096
1841 2078 2079 2096
1865 2079 2097 2096
1841 2079 1865 2096
1842 1846 1865 2079
1846 1867 1865 2098
1846 1865 2079 2098
1846 2079 2081 2098
1865 2079 2098 2097
1846 1870 1871 2099
1846 1871 1867 2098
1846 2081 2099 2098
1871 2099 2100 2098
1846 2099 1871 2098
1870 1874 1871 2099
1874 1875 1871 2102
1874 1871 2099 2102
1874 2099 2101 2102
1871 2099 2102 2100
1874 1878 1879 2103
1874 1879 1875 2102
1874 2101 2103 2102
1879 2103 2104 2102
1874 2103 1879 2102
1878 2105 1879 2103
2105 2106 1879 2108
2105 1879 2103 2108
2105 2103 2107 2108
1879 2103 2108 2104
2105 2109 1887 2110
2105 1887 2106 2108
2105 2107 2110 2108
1887 2110 2111 2108
2105 2110 1887 2108
1849 1850 1881 2084
1849 1881 1880 2113
1849 2112 2084 2113
1881 2084 2114 2113
1849 2084 1881 2113
1850 1852 1881 2084
1852 1882 1881 2115
1852 1881 2084 2115
1852 2084 2085 2115
1881 2084 2115 2114
1852 1854 1883 2087
1852 1883 1882 2115
1852 2085 2087 2115
1883 2087 2116 2115
1852 2087 1883 2115
1854 1857 1883 2087
1857 1884 1883 2117
1857 1883 2087 2117
1857 2087 2089 2117
1883 2087 2117 2116
1857 1861 1886 2091
1857 1886 1884 2117
1857 2089 2091 2117
1886 2091 2118 2117
1857 2091 1886 2117
1861 2093 1886 2091
2093 2119 1886 2120
2093 1886 2091 2120
2093 2091 2095 2120
1886 2091 2120 2118
1871 1875 2122 2102
1871 2122 2121 2123
1871 2100 2102 2123
2122 2102 2124 2123
1871 2102 2122 2123
1875 1879 2122 2102
1879 2125 2122 2126
1879 2122 2102 2126
1879 2102 2104 2126
2122 2102 2126 2124
1879 2106 1898 2108
1879 1898 2125 2126
1879 2104 2108 2126
1898 2108 2127 2126
1879 2108 1898 2126
2106 1887 1898 2108
1887 1888 1898 2128
1887 1898 2108 2128
1887 2108 2111 2128
1898 2108 2128 2127
1887 1880 1889 2113
1887 1889 1888 2128
1887 2111 2113 2128
1889 2113 2129 2128
1887 2113 1889 2128
1880 1881 1889 2113
1881 1890 1889 2130
1881 1889 2113 2130
1881 2113 2114 2130
1889 2113 2130 2129
1881 1882 1891 2115
1881 1891 1890 2130
1881 2114 2115 2130
1891 2115 2131 2130
1881 2115 1891 2130
1882 1883 1891 2115
1883 1892 1891 2132
1883 1891 2115 2132
1883 2115 2116 2132
1891 2115 2132 2131
1883 1884 1893 2117
1883 1893 1892 2132
1883 2116 2117 2132
1893 2117 2133 2132
1883 2117 1893 2132
1884 1886 1893 2117
1886 1895 1893 2134
1886 1893 2117 2134
1886 2117 2118 2134
1893 2117 2134 2133
1886 2119 2135 2120
1886 2135 1895 2134
1886 2118 2120 2134
2135 2120 2136 2134
1886 2120 2135 2134
1898 1888 1900 2128
1898 1900 1899 2137
1898 2127 2128 2137
1900 2128 2138 2137
1898 2128 1900 2137
1888 1889 1900 2128
1889 1901 1900 2139
1889 1900 2128 2139
1889 2128 2129 2139
1900 2128 2139 2138
1889 1890 1902 2130
1889 1902 1901 2139
1889 2129 2130 2139
1902 2130 2140 2139
1889 2130 1902 2139
1890 1891 1902 2130
1891 1903 1902 2141
1891 1902 2130 2141
1891 2130 2131 2141
1902 2130 2141 2140
1891 1892 1904 2132
1891 1904 1903 2141
1891 2131 2132 2141
1904 2132 2142 2141
1891 2132 1904 2141
1892 1893 1904 2132
1893 2143 1904 2144
1893 1904 2132 2144
1893 2132 2133 2144
1904 2132 2144 2142
1899 1900 1911 2137
1900 1912 1911 2146
1900 1911 2137 2146
1900 2137 2138 2146
1911 2137 2146 2145
1900 1901 1913 2139
1900 1913 1912 2146
1900 2138 2139 2146
1913 2139 2147 2146
1900 2139 1913 2146
1901 1902 1913 2139
1902 1914 1913 2148
1902 1913 2139 2148
1902 2139 2140 2148
1913 2139 2148 2147
1902 1903 1916 2141
1902 1916 1914 2148
1902 2140 2141 2148
1916 2141 2149 2148
1902 2141 1916 2148
1903 1904 1916 2141
1904 1918 1916 2150
1904 1916 2141 2150
1904 2141 2142 2150
1916 2141 2150 2149
1904 2143 2151 2144
1904 2151 1918 2150
1904 2142 2144 2150
2151 2144 2152 2150
1904 2144 2151 2150
1912 1913 1924 2146
1913 1925 1924 2154
1913 1924 2146 2154
1913 2146 2147 2154
1924 2146 2154 2153
1913 1914 1926 2148
1913 1926 1925 2154
1913 2147 2148 2154
1926 2148 2155 2154
1913 2148 1926 2154
1914 1916 1926 2148
1916 1928 1926 2156
1916 1926 2148 2156
1916 2148 2149 2156
1926 2148 2156 2155
1947 1942 1950 2158
1947 1950 1949 2159
1947 2157 2158 2159
1950 2158 2160 2159
1947 2158 1950 2159
1963 1964 1965 2161
1964 1966 1965 2164
1964 1965 2161 2164
1964 2161 2162 2164
1965 2161 2164 2163
1964 1969 1970 2165
1964 1970 1966 2164
1964 2162 2165 2164
1970 2165 2166 2164
1964 2165 1970 2164
1969 2167 1970 2165
2167 2168 1970 2170
2167 1970 2165 2170
2167 2165 2169 2170
1970 2165 2170 2166
1954 1956 1971 2171
1956 1972 1971 2174
1956 1971 2171 2174
1956 2171 2172 2174
1971 2171 2174 2173
1956 1958 1974 2175
1956 1974 1972 2174
1956 2172 2175 2174
1974 2175 2176 2174
1956 2175 1974 2174
1970 2168 2178 2170
1970 2178 2177 2179
1970 2166 2170 2179
2178 2170 2180 2179
1970 2170 2178 2179
2168 2181 2178 2170
2181 2182 2178 2184
2181 2178 2170 2184
2181 2170 2183 2184
2178 2170 2184 2180
1971 1972 1978 2174
1971 1978 1977 2185
1971 2173 2174 2185
1978 2174 2186 2185
1971 2174 1978 2185
1972 1974 1978 2174
1974 1980 1978 2187
1974 1978 2174 2187
1974 2174 2176 2187
1978 2174 2187 2186
1981 1982 1983 2188
1982 1984 1983 2191
1982 1983 2188 2191
1982 2188 2189 2191
1983 2188 2191 2190
2178 2182 2193 2184
2178 2193 2192 2194
2178 2180 2184 2194
2193 2184 2195 2194
2178 2184 2193 2194
2182 2196 2193 2184
2196 2197 2193 2199
2196 2193 2184 2199
2196 2184 2198 2199
2193 2184 2199 2195
1978 1980 2201 2187
1978 2201 2200 2202
1978 2186 2187 2202
2201 2187 2203 2202
1978 2187 2201 2202
1980 2204 2201 2187
2204 2205 2201 2207
2204 2201 2187 2207
2204 2187 2206 2207
2201 2187 2207 2203
2192 2193 2208 2194
2193 2209 2208 2211
2193 2208 2194 2211
2193 2194 2195 2211
2208 2194 2211 2210
2193 2197 2212 2199
2193 2212 2209 2211
2193 2195 2199 2211
2212 2199 2213 2211
2193 2199 2212 2211
1988 1989 1990 2214
1989 1991 1990 2217
1989 1990 2214 2217
1989 2214 2215 2217
1990 2214 2217 2216
1989 1992 1993 2218
1989 1993 1991 2217
1989 2215 2218 2217
1993 2218 2219 2217
1989 2218 1993 2217
1992 1994 1993 2218
1994 1995 1993 2221
1994 1993 2218 2221
1994 2218 2220 2221
1993 2218 2221 2219
1998 1999 2000 2222
1999 2001 2000 2225
1999 2000 2222 2225
1999 2222 2223 2225
2000 2222 2225 2224
1999 2002 2003 2226
1999 2003 2001 2225
1999 2223 2226 2225
2003 2226 2227 2225
1999 2226 2003 2225
2004 1990 2005 2228
1990 2006 2005 2230
1990 2005 2228 2230
1990 2228 2216 2230
2005 2228 2230 2229
1990 1991 2007 2217
1990 2007 2006 2230
1990 2216 2217 2230
2007 2217 2231 2230
1990 2217 2007 2230
1991 1993 2007 2217
1993 2008 2007 2232
1993 2007 2217 2232
1993 2217 2219 2232
2007 2217 2232 2231
2000 2001 2011 2225
2000 2011 2010 2233
2000 2224 2225 2233
2011 2225 2234 2233
2000 2225 2011 2233
2001 2003 2011 2225
2003 2013 2011 2235
2003 2011 2225 2235
2003 2225 2227 2235
2011 2225 2235 2234
2003 2016 2017 2236
2003 2017 2013 2235
2003 2227 2236 2235
2017 2236 2237 2235
2003 2236 2017 2235
2238 2010 2239 2233
2238 2239 2030 2241
2238 2240 2233 2241
2239 2233 2242 2241
2238 2233 2239 2241
2011 2013 2022 2235
2011 2022 2243 2244
2011 2234 2235 2244
2022 2235 2245 2244
2011 2235 2022 2244
2013 2017 2022 2235
2017 2023 2022 2246
2017 2022 2235 2246
2017 2235 2237 2246
2022 2235 2246 2245
2028 2030 2031 2241
2028 2031 2029 2248
2028 2247 2241 2248
2031 2241 2249 2248
2028 2241 2031 2248
2030 2239 2031 2241
2239 2036 2031 2250
2239 2031 2241 2250
2239 2241 2242 2250
2031 2241 2250 2249
2022 2023 2252 2246
2022 2252 2251 2253
2022 2245 2246 2253
2252 2246 2254 2253
2022 2246 2252 2253
2027 2029 2034 2248
2027 2034 2033 2256
2027 2255 2248 2256
2034 2248 2257 2256
2027 2248 2034 2256
2029 2031 2034 2248
2031 2035 2034 2258
2031 2034 2248 2258
2031 2248 2249 2258
2034 2248 2258 2257
2031 2036 2037 2250
2031 2037 2035 2258
2031 2249 2250 2258
2037 2250 2259 2258
2031 2250 2037 2258
2036 2038 2037 2250
2038 2039 2037 2261
2038 2037 2250 2261
2038 2250 2260 2261
2037 2250 2261 2259
2038 2251 2048 2253
2038 2048 2039 2261
2038 2260 2253 2261
2048 2253 2262 2261
2038 2253 2048 2261
2033 2034 2041 2256
2034 2042 2041 2264
2034 2041 2256 2264
2034 2256 2257 2264
2041 2256 2264 2263
2034 2035 2043 2258
2034 2043 2042 2264
2034 2257 2258 2264
2043 2258 2265 2264
2034 2258 2043 2264
2035 2037 2043 2258
2037 2044 2043 2266
2037 2043 2258 2266
2037 2258 2259 2266
2043 2258 2266 2265
2037 2039 2045 2261
2037 2045 2044 2266
2037 2259 2261 2266
2045 2261 2267 2266
2037 2261 2045 2266
2039 2048 2045 2261
2048 2049 2045 2268
2048 2045 2261 2268
2048 2261 2262 2268
2045 2261 2268 2267
2054 2055 2056 2269
2055 2057 2056 2272
2055 2056 2269 2272
2055 2269 2270 2272
2056 2269 2272 2271
2055 2060 2061 2273
2055 2061 2057 2272
2055 2270 2273 2272
2061 2273 2274 2272
2055 2273 2061 2272
2060 2275 2061 2273
2275 2276 2061 2278
2275 2061 2273 2278
2275 2273 2277 2278
2061 2273 2278 2274
2041 2042 2065 2264
2041 2065 2064 2279
2041 2263 2264 2279
2065 2264 2280 2279
2041 2264 2065 2279
2042 2043 2065 2264
2043 2067 2065 2281
2043 2065 2264 2281
2043 2264 2265 2281
2065 2264 2281 2280
2043 2044 2069 2266
2043 2069 2067 2281
2043 2265 2266 2281
2069 2266 2282 2281
2043 2266 2069 2281
2044 2045 2069 2266
2045 2283 2069 2284
2045 2069 2266 2284
2045 2266 2267 2284
2069 2266 2284 2282
2056 2057 2073 2272
2056 2073 2072 2285
2056 2271 2272 2285
2073 2272 2286 2285
2056 2272 2073 2285
2057 2061 2073 2272
2061 2075 2073 2287
2061 2073 2272 2287
2061 2272 2274 2287
2073 2272 2287 2286
2061 2276 2288 2278
2061 2288 2075 2287
2061 2274 2278 2287
2288 2278 2289 2287
2061 2278 2288 2287
2276 2290 2288 2278
2290 2291 2288 2293
2290 2288 2278 2293
2290 2278 2292 2293
2288 2278 2293 2289
2290 2294 2295 2296
2290 2295 2291 2293
2290 2292 2296 2293
2295 2296 2297 2293
2290 2296 2295 2293
2294 2298 2295 2296
2298 2299 2295 2301
2298 2295 2296 2301
2298 2296 2300 2301
2295 2296 2301 2297
2298 2302 2303 2304
2298 2303 2299 2301
2298 2300 2304 2301
2303 2304 2305 2301
2298 2304 2303 2301
2065 2067 2307 2281
2065 2307 2306 2308
2065 2280 2281 2308
2307 2281 2309 2308
2065 2281 2307 2308
2067 2069 2307 2281
2069 2310 2307 2311
2069 2307 2281 2311
2069 2281 2282 2311
2307 2281 2311 2309
2069 2283 2312 2284
2069 2312 2310 2311
2069 2282 2284 2311
2312 2284 2313 2311
2069 2284 2312 2311
2288 2291 2315 2293
2288 2315 2314 2316
2288 2289 2293 2316
2315 2293 2317 2316
2288 2293 2315 2316
2291 2295 2315 2293
2295 2318 2315 2319
2295 2315 2293 2319
2295 2293 2297 2319
2315 2293 2319 2317
2295 2299 2320 2301
2295 2320 2318 2319
2295 2297 2301 2319
2320 2301 2321 2319
2295 2301 2320 2319
2299 2303 2320 2301
2303 2322 2320 2323
2303 2320 2301 2323
2303 2301 2305 2323
2320 2301 2323 2321
2324 2325 2088 2326
2325 2090 2088 2329
2325 2088 2326 2329
2325 2326 2327 2329
2088 2326 2329 2328
2083 2086 2087 2331
2083 2087 2085 2332
2083 2330 2331 2332
2087 2331 2333 2332
2083 2331 2087 2332
2086 2088 2087 2331
2088 2089 2087 2334
2088 2087 2331 2334
2088 2331 2328 2334
2087 2331 2334 2333
2088 2090 2091 2329
2088 2091 2089 2334
2088 2328 2329 2334
2091 2329 2335 2334
2088 2329 2091 2334
2090 2094 2091 2329
2094 2095 2091 2337
2094 2091 2329 2337
2094 2329 2336 2337
2091 2329 2337 2335
2094 2338 2339 2340
2094 2339 2095 2337
2094 2336 2340 2337
2339 2340 2341 2337
2094 2340 2339 2337
2101 2103 2102 2342
2103 2104 2102 2345
2103 2102 2342 2345
2103 2342 2343 2345
2102 2342 2345 2344
2103 2107 2108 2346
2103 2108 2104 2345
2103 2343 2346 2345
2108 2346 2347 2345
2103 2346 2108 2345
2107 2110 2108 2346
2110 2111 2108 2349
2110 2108 2346 2349
2110 2346 2348 2349
2108 2346 2349 2347
2084 2085 2115 2332
2084 2115 2114 2351
2084 2350 2332 2351
2115 2332 2352 2351
2084 2332 2115 2351
2085 2087 2115 2332
2087 2116 2115 2353
2087 2115 2332 2353
2087 2332 2333 2353
2115 2332 2353 2352
2087 2089 2117 2334
2087 2117 2116 2353
2087 2333 2334 2353
2117 2334 2354 2353
2087 2334 2117 2353
2089 2091 2117 2334
2091 2118 2117 2355
2091 2117 2334 2355
2091 2334 2335 2355
2117 2334 2355 2354
2091 2095 2120 2337
2091 2120 2118 2355
2091 2335 2337 2355
2120 2337 2356 2355
2091 2337 2120 2355
2095 2339 2120 2337
2339 2357 2120 2358
2339 2120 2337 2358
2339 2337 2341 2358
2120 2337 2358 2356
2102 2104 2126 2345
2102 2126 2124 2359
2102 2344 2345 2359
2126 2345 2360 2359
2102 2345 2126 2359
2104 2108 2126 2345
2108 2127 2126 2361
2108 2126 2345 2361
2108 2345 2347 2361
2126 2345 2361 2360
2108 2111 2128 2349
2108 2128 2127 2361
2108 2347 2349 2361
2128 2349 2362 2361
2108 2349 2128 2361
2111 2113 2128 2349
2113 2129 2128 2364
2113 2128 2349 2364
2113 2349 2363 2364
2128 2349 2364 2362
2113 2114 2130 2351
2113 2130 2129 2364
2113 2363 2351 2364
2130 2351 2365 2364
2113 2351 2130 2364
2114 2115 2130 2351
2115 2131 2130 2366
2115 2130 2351 2366
2115 2351 2352 2366
2130 2351 2366 2365
2115 2116 2132 2353
2115 2132 2131 2366
2115 2352 2353 2366
2132 2353 2367 2366
2115 2353 2132 2366
2116 2117 2132 2353
2117 2133 2132 2368
2117 2132 2353 2368
2117 2353 2354 2368
2132 2353 2368 2367
2117 2118 2134 2355
2117 2134 2133 2368
2117 2354 2355 2368
2134 2355 2369 2368
2117 2355 2134 2368
2118 2120 2134 2355
2120 2136 2134 2370
2120 2134 2355 2370
2120 2355 2356 2370
2134 2355 2370 2369
2127 2128 2137 2361
2128 2138 2137 2372
2128 2137 2361 2372
2128 2361 2362 2372
2137 2361 2372 2371
2128 2129 2139 2364
2128 2139 2138 2372
2128 2362 2364 2372
2139 2364 2373 2372
2128 2364 2139 2372
2129 2130 2139 2364
2130 2140 2139 2374
2130 2139 2364 2374
2130 2364 2365 2374
2139 2364 2374 2373
2130 2131 2141 2366
2130 2141 2140 2374
2130 2365 2366 2374
2141 2366 2375 2374
2130 2366 2141 2374
2131 2132 2141 2366
2132 2142 2141 2376
2132 2141 2366 2376
2132 2366 2367 2376
2141 2366 2376 2375
2132 2133 2144 2368
2132 2144 2142 2376
2132 2367 2368 2376
2144 2368 2377 2376
2132 2368 2144 2376
2133 2134 2144 2368
2134 2378 2144 2379
2134 2144 2368 2379
2134 2368 2369 2379
2144 2368 2379 2377
2140 2141 2148 2374
2141 2149 2148 2381
2141 2148 2374 2381
2141 2374 2375 2381
2148 2374 2381 2380
2141 2142 2150 2376
2141 2150 2149 2381
2141 2375 2376 2381
2150 2376 2382 2381
2141 2376 2150 2381
2142 2144 2150 2376
2144 2152 2150 2383
2144 2150 2376 2383
2144 2376 2377 2383
2150 2376 2383 2382
2170 2183 2184 2385
2170 2184 2180 2386
2170 2384 2385 2386
2184 2385 2387 2386
2170 2385 2184 2386
2174 2176 2187 2389
2174 2187 2186 2390
2174 2388 2389 2390
2187 2389 2391 2390
2174 2389 2187 2390
2180 2184 2194 2386
2184 2195 2194 2393
2184 2194 2386 2393
2184 2386 2387 2393
2194 2386 2393 2392
2184 2198 2199 2394
2184 2199 2195 2393
2184 2387 2394 2393
2199 2394 2395 2393
2184 2394 2199 2393
2186 2187 2202 2390
2187 2203 2202 2397
2187 2202 2390 2397
2187 2390 2391 2397
2202 2390 2397 2396
2187 2206 2207 2398
2187 2207 2203 2397
2187 2391 2398 2397
2207 2398 2399 2397
2187 2398 2207 2397
2194 2195 2211 2393
2194 2211 2210 2400
2194 2392 2393 2400
2211 2393 2401 2400
2194 2393 2211 2400
2195 2199 2211 2393
2199 2213 2211 2402
2199 2211 2393 2402
2199 2393 2395 2402
2211 2393 2402 2401
2199 2403 2222 2404
2199 2222 2213 2402
2199 2395 2404 2402
2222 2404 2405 2402
2199 2404 2222 2402
2202 2203 2226 2397
2202 2226 2223 2406
2202 2396 2397 2406
2226 2397 2407 2406
2202 2397 2226 2406
2203 2207 2226 2397
2207 2408 2226 2409
2207 2226 2397 2409
2207 2397 2399 2409
2226 2397 2409 2407
2207 2410 2411 2412
2207 2411 2408 2409
2207 2399 2412 2409
2411 2412 2413 2409
2207 2412 2411 2409
2210 2211 2414 2400
2211 2415 2414 2417
2211 2414 2400 2417
2211 2400 2401 2417
2414 2400 2417 2416
2211 2213 2418 2402
2211 2418 2415 2417
2211 2401 2402 2417
2418 2402 2419 2417
2211 2402 2418 2417
2213 2222 2418 2402
2222 2224 2418 2420
2222 2418 2402 2420
2222 2402 2405 2420
2418 2402 2420 2419
2226 2408 2236 2409
2226 2236 2227 2421
2226 2407 2409 2421
2236 2409 2422 2421
2226 2409 2236 2421
2408 2411 2236 2409
2411 2423 2236 2424
2411 2236 2409 2424
2411 2409 2413 2424
2236 2409 2424 2422
2414 2415 2426 2417
2414 2426 2425 2427
2414 2416 2417 2427
2426 2417 2428 2427
2414 2417 2426 2427
2415 2418 2426 2417
2418 2240 2426 2429
2418 2426 2417 2429
2418 2417 2419 2429
2426 2417 2429 2428
2418 2224 2233 2420
2418 2233 2240 2429
2418 2419 2420 2429
2233 2420 2430 2429
2418 2420 2233 2429
2225 2227 2235 2421
2225 2235 2234 2432
2225 2431 2421 2432
2235 2421 2433 2432
2225 2421 2235 2432
2227 2236 2235 2421
2236 2237 2235 2434
2236 2235 2421 2434
2236 2421 2422 2434
2235 2421 2434 2433
2240 2233 2241 2429
2233 2242 2241 2436
2233 2241 2429 2436
2233 2429 2430 2436
2241 2429 2436 2435
2234 2235 2244 2432
2235 2245 2244 2438
2235 2244 2432 2438
2235 2432 2433 2438
2244 2432 2438 2437
2235 2237 2246 2434
2235 2246 2245 2438
2235 2433 2434 2438
2246 2434 2439 2438
2235 2434 2246 2438
2237 2440 2246 2434
2440 2441 2246 2443
2440 2246 2434 2443
2440 2434 2442 2443
2246 2434 2443 2439
2247 2241 2248 2444
2241 2249 2248 2446
2241 2248 2444 2446
2241 2444 2435 2446
2248 2444 2446 2445
2241 2242 2250 2436
2241 2250 2249 2446
2241 2435 2436 2446
2250 2436 2447 2446
2241 2436 2250 2446
2242 2244 2250 2436
2244 2260 2250 2448
2244 2250 2436 2448
2244 2436 2437 2448
2250 2436 2448 2447
2244 2245 2253 2438
2244 2253 2260 2448
2244 2437 2438 2448
2253 2438 2449 2448
2244 2438 2253 2448
2245 2246 2253 2438
2246 2254 2253 2450
2246 2253 2438 2450
2246 2438 2439 2450
2253 2438 2450 2449
2246 2441 2451 2443
2246 2451 2254 2450
2246 2439 2443 2450
2451 2443 2452 2450
2246 2443 2451 2450
2250 2260 2261 2448
2250 2261 2259 2453
2250 2447 2448 2453
2261 2448 2454 2453
2250 2448 2261 2453
2260 2253 2261 2448
2253 2262 2261 2455
2253 2261 2448 2455
2253 2448 2449 2455
2261 2448 2455 2454
2253 2254 2456 2450
2253 2456 2262 2455
2253 2449 2450 2455
2456 2450 2457 2455
2253 2450 2456 2455
2254 2451 2456 2450
2451 2458 2456 2459
2451 2456 2450 2459
2451 2450 2452 2459
2456 2450 2459 2457
2257 2258 2264 2460
2258 2265 2264 2463
2258 2264 2460 2463
2258 2460 2461 2463
2264 2460 2463 2462
2258 2259 2266 2453
2258 2266 2265 2463
2258 2461 2453 2463
2266 2453 2464 2463
2258 2453 2266 2463
2259 2261 2266 2453
2261 2267 2266 2465
2261 2266 2453 2465
2261 2453 2454 2465
2266 2453 2465 2464
2261 2262 2268 2455
2261 2268 2267 2465
2261 2454 2455 2465
2268 2455 2466 2465
2261 2455 2268 2465
2467 2269 2468 2469
2269 2271 2468 2472
2269 2468 2469 2472
2269 2469 2470 2472
2468 2469 2472 2471
2269 2270 2272 2473
2269 2272 2271 2472
2269 2470 2473 2472
2272 2473 2474 2472
2269 2473 2272 2472
2264 2265 2281 2463
2264 2281 2280 2475
2264 2462 2463 2475
2281 2463 2476 2475
2264 2463 2281 2475
2265 2266 2281 2463
2266 2282 2281 2477
2266 2281 2463 2477
2266 2463 2464 2477
2281 2463 2477 2476
2266 2267 2284 2465
2266 2284 2282 2477
2266 2464 2465 2477
2284 2465 2478 2477
2266 2465 2284 2477
2267 2268 2284 2465
2268 2479 2284 2480
2268 2284 2465 2480
2268 2465 2466 2480
2284 2465 2480 2478
2481 2468 2482 2484
2468 2483 2482 2486
2468 2482 2484 2486
2468 2484 2471 2486
2482 2484 2486 2485
2468 2271 2285 2472
2468 2285 2483 2486
2468 2471 2472 2486
2285 2472 2487 2486
2468 2472 2285 2486
2271 2272 2285 2472
2272 2286 2285 2488
2272 2285 2472 2488
2272 2472 2474 2488
2285 2472 2488 2487
2274 2278 2287 2489
2278 2289 2287 2492
2278 2287 2489 2492
2278 2489 2490 2492
2287 2489 2492 2491
2278 2292 2293 2493
2278 2293 2289 2492
2278 2490 2493 2492
2293 2493 2494 2492
2278 2493 2293 2492
2292 2296 2293 2493
2296 2297 2293 2496
2296 2293 2493 2496
2296 2493 2495 2496
2293 2493 2496 2494
2296 2300 2301 2497
2296 2301 2297 2496
2296 2495 2497 2496
2301 2497 2498 2496
2296 2497 2301 2496
2300 2304 2301 2497
2304 2305 2301 2500
2304 2301 2497 2500
2304 2497 2499 2500
2301 2497 2500 2498
2304 2501 2502 2503
2304 2502 2305 2500
2304 2499 2503 2500
2502 2503 2504 2500
2304 2503 2502 2500
2501 2279 2502 2503
2279 2505 2502 2507
2279 2502 2503 2507
2279 2503 2506 2507
2502 2503 2507 2504
2280 2281 2308 2475
2281 2309 2308 2509
2281 2308 2475 2509
2281 2475 2476 2509
2308 2475 2509 2508
2281 2282 2311 2477
2281 2311 2309 2509
2281 2476 2477 2509
2311 2477 2510 2509
2281 2477 2311 2509
2282 2284 2311 2477
2284 2313 2311 2511
2284 2311 2477 2511
2284 2477 2478 2511
2311 2477 2511 2510
2284 2479 2512 2480
2284 2512 2313 2511
2284 2478 2480 2511
2512 2480 2513 2511
2284 2480 2512 2511
2289 2293 2316 2492
2293 2317 2316 2515
2293 2316 2492 2515
2293 2492 2494 2515
2316 2492 2515 2514
2293 2297 2319 2496
2293 2319 2317 2515
2293 2494 2496 2515
2319 2496 2516 2515
2293 2496 2319 2515
2297 2301 2319 2496
2301 2321 2319 2517
2301 2319 2496 2517
2301 2496 2498 2517
2319 2496 2517 2516
2301 2305 2323 2500
2301 2323 2321 2517
2301 2498 2500 2517
2323 2500 2518 2517
2301 2500 2323 2517
2305 2502 2323 2500
2502 2519 2323 2520
2502 2323 2500 2520
2502 2500 2504 2520
2323 2500 2520 2518
2502 2505 2521 2507
2502 2521 2519 2520
2502 2504 2507 2520
2521 2507 2522 2520
2502 2507 2521 2520
2326 2327 2329 2524
2326 2329 2328 2525
2326 2523 2524 2525
2329 2524 2526 2525
2326 2524 2329 2525
2327 2527 2329 2524
2527 2336 2329 2529
2527 2329 2524 2529
2527 2524 2528 2529
2329 2524 2529 2526
2527 2530 2340 2531
2527 2340 2336 2529
2527 2528 2531 2529
2340 2531 2532 2529
2527 2531 2340 2529
2330 2331 2332 2533
2331 2333 2332 2536
2331 2332 2533 2536
2331 2533 2534 2536
2332 2533 2536 2535
2331 2328 2334 2525
2331 2334 2333 2536
2331 2534 2525 2536
2334 2525 2537 2536
2331 2525 2334 2536
2328 2329 2334 2525
2329 2335 2334 2538
2329 2334 2525 2538
2329 2525 2526 2538
2334 2525 2538 2537
2329 2336 2337 2529
2329 2337 2335 2538
2329 2526 2529 2538
2337 2529 2539 2538
2329 2529 2337 2538
2336 2340 2337 2529
2340 2341 2337 2540
2340 2337 2529 2540
2340 2529 2532 2540
2337 2529 2540 2539
2340 2541 2542 2543
2340 2542 2341 2540
2340 2532 2543 2540
2542 2543 2544 2540
2340 2543 2542 2540
2332 2333 2353 2536
2332 2353 2352 2545
2332 2535 2536 2545
2353 2536 2546 2545
2332 2536 2353 2545
2333 2334 2353 2536
2334 2354 2353 2547
2334 2353 2536 2547
2334 2536 2537 2547
2353 2536 2547 2546
2334 2335 2355 2538
2334 2355 2354 2547
2334 2537 2538 2547
2355 2538 2548 2547
2334 2538 2355 2547
2335 2337 2355 2538
2337 2356 2355 2549
2337 2355 2538 2549
2337 2538 2539 2549
2355 2538 2549 2548
2337 2341 2358 2540
2337 2358 2356 2549
2337 2539 2540 2549
2358 2540 2550 2549
2337 2540 2358 2549
2341 2542 2358 2540
2542 2551 2358 2552
2542 2358 2540 2552
2542 2540 2544 2552
2358 2540 2552 2550
2553 2554 2555 2557
2554 2556 2555 2560
2554 2555 2557 2560
2554 2557 2558 2560
2555 2557 2560 2559
2554 2561 2562 2563
2554 2562 2556 2560
2554 2558 2563 2560
2562 2563 2564 2560
2554 2563 2562 2560
2561 2565 2562 2563
2565 2566 2562 2568
2565 2562 2563 2568
2565 2563 2567 2568
2562 2563 2568 2564
2565 2344 2359 2569
2565 2359 2566 2568
2565 2567 2569 2568
2359 2569 2570 2568
2565 2569 2359 2568
2344 2345 2359 2569
2345 2360 2359 2572
2345 2359 2569 2572
2345 2569 2571 2572
2359 2569 2572 2570
2363 2351 2364 2573
2351 2365 2364 2576
2351 2364 2573 2576
2351 2573 2574 2576
2364 2573 2576 2575
2351 2352 2366 2545
2351 2366 2365 2576
2351 2574 2545 2576
2366 2545 2577 2576
2351 2545 2366 2576
2352 2353 2366 2545
2353 2367 2366 2578
2353 2366 2545 2578
2353 2545 2546 2578
2366 2545 2578 2577
2353 2354 2368 2547
2353 2368 2367 2578
2353 2546 2547 2578
2368 2547 2579 2578
2353 2547 2368 2578
2354 2355 2368 2547
2355 2369 2368 2580
2355 2368 2547 2580
2355 2547 2548 2580
2368 2547 2580 2579
2355 2356 2370 2549
2355 2370 2369 2580
2355 2548 2549 2580
2370 2549 2581 2580
2355 2549 2370 2580
2356 2358 2370 2549
2358 2582 2370 2583
2358 2370 2549 2583
2358 2549 2550 2583
2370 2549 2583 2581
2365 2366 2374 2576
2366 2375 2374 2585
2366 2374 2576 2585
2366 2576 2577 2585
2374 2576 2585 2584
2366 2367 2376 2578
2366 2376 2375 2585
2366 2577 2578 2585
2376 2578 2586 2585
2366 2578 2376 2585
2367 2368 2376 2578
2368 2377 2376 2587
2368 2376 2578 2587
2368 2578 2579 2587
2376 2578 2587 2586
2368 2369 2379 2580
2368 2379 2377 2587
2368 2579 2580 2587
2379 2580 2588 2587
2368 2580 2379 2587
2589 2590 2591 2593
2590 2592 2591 2596
2590 2591 2593 2596
2590 2593 2594 2596
2591 2593 2596 2595
2590 2597 2598 2599
2590 2598 2592 2596
2590 2594 2599 2596
2598 2599 2600 2596
2590 2599 2598 2596
2601 2591 2602 2604
2591 2603 2602 2606
2591 2602 2604 2606
2591 2604 2595 2606
2602 2604 2606 2605
2591 2592 2607 2596
2591 2607 2603 2606
2591 2595 2596 2606
2607 2596 2608 2606
2591 2596 2607 2606
2609 2610 2612 2614
2609 2612 2611 2615
2609 2613 2614 2615
2612 2614 2616 2615
2609 2614 2612 2615
2617 2618 2398 2620
2618 2619 2398 2623
2618 2398 2620 2623
2618 2620 2621 2623
2398 2620 2623 2622
2618 2624 2625 2626
2618 2625 2619 2623
2618 2621 2626 2623
2625 2626 2627 2623
2618 2626 2625 2623
2628 2629 2630 2632
2629 2631 2630 2635
2629 2630 2632 2635
2629 2632 2633 2635
2630 2632 2635 2634
2398 2619 2412 2623
2398 2412 2399 2636
2398 2622 2623 2636
2412 2623 2637 2636
2398 2623 2412 2636
2619 2625 2412 2623
2625 2638 2412 2639
2625 2412 2623 2639
2625 2623 2627 2639
2412 2623 2639 2637
2630 2631 2641 2635
2630 2641 2640 2642
2630 2634 2635 2642
2641 2635 2643 2642
2630 2635 2641 2642
2393 2395 2402 2645
2393 2402 2401 2646
2393 2644 2645 2646
2402 2645 2647 2646
2393 2645 2402 2646
2395 2404 2402 2645
2404 2405 2402 2649
2404 2402 2645 2649
2404 2645 2648 2649
2402 2645 2649 2647
2397 2399 2409 2636
2397 2409 2407 2651
2397 2650 2636 2651
2409 2636 2652 2651
2397 2636 2409 2651
2399 2412 2409 2636
2412 2413 2409 2653
2412 2409 2636 2653
2412 2636 2637 2653
2409 2636 2653 2652
2654 2400 2655 2656
2400 2416 2655 2659
2400 2655 2656 2659
2400 2656 2657 2659
2655 2656 2659 2658
2400 2401 2417 2646
2400 2417 2416 2659
2400 2657 2646 2659
2417 2646 2660 2659
2400 2646 2417 2659
2401 2402 2417 2646
2402 2419 2417 2661
2402 2417 2646 2661
2402 2646 2647 2661
2417 2646 2661 2660
2402 2405 2420 2649
2402 2420 2419 2661
2402 2647 2649 2661
2420 2649 2662 2661
2402 2649 2420 2661
2405 2406 2420 2649
2406 2431 2420 2664
2406 2420 2649 2664
2406 2649 2663 2664
2420 2649 2664 2662
2407 2409 2421 2651
2409 2422 2421 2666
2409 2421 2651 2666
2409 2651 2652 2666
2421 2651 2666 2665
2409 2413 2424 2653
2409 2424 2422 2666
2409 2652 2653 2666
2424 2653 2667 2666
2409 2653 2424 2666
2668 2669 2670 2672
2669 2671 2670 2675
2669 2670 2672 2675
2669 2672 2673 2675
2670 2672 2675 2674
2669 2676 2677 2678
2669 2677 2671 2675
2669 2673 2678 2675
2677 2678 2679 2675
2669 2678 2677 2675
2416 2417 2427 2659
2417 2428 2427 2681
2417 2427 2659 2681
2417 2659 2660 2681
2427 2659 2681 2680
2417 2419 2429 2661
2417 2429 2428 2681
2417 2660 2661 2681
2429 2661 2682 2681
2417 2661 2429 2681
2419 2420 2429 2661
2420 2430 2429 2683
2420 2429 2661 2683
2420 2661 2662 2683
2429 2661 2683 2682
2420 2431 2432 2664
2420 2432 2430 2683
2420 2662 2664 2683
2432 2664 2684 2683
2420 2664 2432 2683
2431 2421 2432 2664
2421 2433 2432 2685
2421 2432 2664 2685
2421 2664 2665 2685
2432 2664 2685 2684
2422 2424 2434 2666
2424 2442 2434 2687
2424 2434 2666 2687
2424 2666 2667 2687
2434 2666 2687 2686
2424 2688 2689 2690
2424 2689 2442 2687
2424 2667 2690 2687
2689 2690 2691 2687
2424 2690 2689 2687
2670 2671 2693 2675
2670 2693 2692 2694
2670 2674 2675 2694
2693 2675 2695 2694
2670 2675 2693 2694
2671 2677 2693 2675
2677 2696 2693 2697
2677 2693 2675 2697
2677 2675 2679 2697
2693 2675 2697 2695
2430 2432 2436 2683
2432 2437 2436 2699
2432 2436 2683 2699
2432 2683 2684 2699
2436 2683 2699 2698
2432 2433 2438 2685
2432 2438 2437 2699
2432 2684 2685 2699
2438 2685 2700 2699
2432 2685 2438 2699
2433 2434 2438 2685
2434 2439 2438 2701
2434 2438 2685 2701
2434 2685 2686 2701
2438 2685 2701 2700
2434 2442 2443 2687
2434 2443 2439 2701
2434 2686 2687 2701
2443 2687 2702 2701
2434 2687 2443 2701
2442 2689 2443 2687
2689 2703 2443 2704
2689 2443 2687 2704
2689 2687 2691 2704
2443 2687 2704 2702
2436 2437 2448 2699
2436 2448 2447 2705
2436 2698 2699 2705
2448 2699 2706 2705
2436 2699 2448 2705
2437 2438 2448 2699
2438 2449 2448 2707
2438 2448 2699 2707
2438 2699 2700 2707
2448 2699 2707 2706
2438 2439 2450 2701
2438 2450 2449 2707
2438 2700 2701 2707
2450 2701 2708 2707
2438 2701 2450 2707
2439 2443 2450 2701
2443 2452 2450 2709
2443 2450 2701 2709
2443 2701 2702 2709
2450 2701 2709 2708
2443 2703 2710 2704
2443 2710 2452 2709
2443 2702 2704 2709
2710 2704 2711 2709
2443 2704 2710 2709
2447 2448 2453 2705
2448 2454 2453 2713
2448 2453 2705 2713
2448 2705 2706 2713
2453 2705 2713 2712
2449 2450 2455 2707
2450 2457 2455 2715
2450 2455 2707 2715
2450 2707 2708 2715
2455 2707 2715 2714
2450 2452 2459 2709
2450 2459 2457 2715
2450 2708 2709 2715
2459 2709 2716 2715
2450 2709 2459 2715
2452 2710 2459 2709
2710 2717 2459 2718
2710 2459 2709 2718
2710 2709 2711 2718
2459 2709 2718 2716
2461 2453 2463 2719
2453 2464 2463 2721
2453 2463 2719 2721
2453 2719 2712 2721
2463 2719 2721 2720
2453 2454 2465 2713
2453 2465 2464 2721
2453 2712 2713 2721
2465 2713 2722 2721
2453 2713 2465 2721
2454 2455 2465 2713
2455 2466 2465 2723
2455 2465 2713 2723
2455 2713 2714 2723
2465 2713 2723 2722
2724 2725 2503 2726
2725 2506 2503 2729
2725 2503 2726 2729
2725 2726 2727 2729
2503 2726 2729 2728
2725 2462 2475 2730
2725 2475 2506 2729
2725 2727 2730 2729
2475 2730 2731 2729
2725 2730 2475 2729
2462 2463 2475 2730
2463 2476 2475 2732
2463 2475 2730 2732
2463 2730 2720 2732
2475 2730 2732 2731
2463 2464 2477 2721
2463 2477 2476 2732
2463 2720 2721 2732
2477 2721 2733 2732
2463 2721 2477 2732
2464 2465 2477 2721
2465 2478 2477 2734
2465 2477 2721 2734
2465 2721 2722 2734
2477 2721 2734 2733
2465 2466 2480 2723
2465 2480 2478 2734
2465 2722 2723 2734
2480 2723 2735 2734
2465 2723 2480 2734
2466 2736 2480 2723
2736 2737 2480 2739
2736 2480 2723 2739
2736 2723 2738 2739
2480 2723 2739 2735
2484 2471 2486 2741
2484 2486 2485 2742
2484 2740 2741 2742
2486 2741 2743 2742
2484 2741 2486 2742
2471 2472 2486 2741
2472 2487 2486 2745
2472 2486 2741 2745
2472 2741 2744 2745
2486 2741 2745 2743
2497 2499 2500 2747
2497 2500 2498 2748
2497 2746 2747 2748
2500 2747 2749 2748
2497 2747 2500 2748
2499 2503 2500 2747
2503 2504 2500 2750
2503 2500 2747 2750
2503 2747 2728 2750
2500 2747 2750 2749
2503 2506 2507 2729
2503 2507 2504 2750
2503 2728 2729 2750
2507 2729 2751 2750
2503 2729 2507 2750
2506 2475 2507 2729
2475 2508 2507 2752
2475 2507 2729 2752
2475 2729 2731 2752
2507 2729 2752 2751
2475 2476 2509 2732
2475 2509 2508 2752
2475 2731 2732 2752
2509 2732 2753 2752
2475 2732 2509 2752
2476 2477 2509 2732
2477 2510 2509 2754
2477 2509 2732 2754
2477 2732 2733 2754
2509 2732 2754 2753
2477 2478 2511 2734
2477 2511 2510 2754
2477 2733 2734 2754
2511 2734 2755 2754
2477 2734 2511 2754
2478 2480 2511 2734
2480 2513 2511 2756
2480 2511 2734 2756
2480 2734 2735 2756
2511 2734 2756 2755
2480 2737 2757 2739
2480 2757 2513 2756
2480 2735 2739 2756
2757 2739 2758 2756
2480 2739 2757 2756
2498 2500 2517 2748
2500 2518 2517 2760
2500 2517 2748 2760
2500 2748 2749 2760
2517 2748 2760 2759
2500 2504 2520 2750
2500 2520 2518 2760
2500 2749 2750 2760
2520 2750 2761 2760
2500 2750 2520 2760
2504 2507 2520 2750
2507 2522 2520 2762
2507 2520 2750 2762
2507 2750 2751 2762
2520 2750 2762 2761
2507 2508 2763 2752
2507 2763 2522 2762
2507 2751 2752 2762
2763 2752 2764 2762
2507 2752 2763 2762
2510 2511 2524 2754
2511 2528 2524 2766
2511 2524 2754 2766
2511 2754 2755 2766
2524 2754 2766 2765
2511 2513 2531 2756
2511 2531 2528 2766
2511 2755 2756 2766
2531 2756 2767 2766
2511 2756 2531 2766
2513 2757 2531 2756
2757 2768 2531 2769
2757 2531 2756 2769
2757 2756 2758 2769
2531 2756 2769 2767
2770 2771 2773 2775
2770 2773 2772 2776
2770 2774 2775 2776
2773 2775 2777 2776
2770 2775 2773 2776
2771 2778 2773 2775
2778 2779 2773 2781
2778 2773 2775 2781
2778 2775 2780 2781
2773 2775 2781 2777
2523 2524 2525 2782
2524 2526 2525 2784
2524 2525 2782 2784
2524 2782 2765 2784
2525 2782 2784 2783
2524 2528 2529 2766
2524 2529 2526 2784
2524 2765 2766 2784
2529 2766 2785 2784
2524 2766 2529 2784
2528 2531 2529 2766
2531 2532 2529 2786
2531 2529 2766 2786
2531 2766 2767 2786
2529 2766 2786 2785
2531 2768 2543 2769
2531 2543 2532 2786
2531 2767 2769 2786
2543 2769 2787 2786
2531 2769 2543 2786
2773 2779 2789 2781
2773 2789 2788 2790
2773 2777 2781 2790
2789 2781 2791 2790
2773 2781 2789 2790
2779 2792 2789 2781
2792 2793 2789 2795
2792 2789 2781 2795
2792 2781 2794 2795
2789 2781 2795 2791
2792 2796 2797 2798
2792 2797 2793 2795
2792 2794 2798 2795
2797 2798 2799 2795
2792 2798 2797 2795
2796 2800 2797 2798
2800 2801 2797 2803
2800 2797 2798 2803
2800 2798 2802 2803
2797 2798 2803 2799
2534 2525 2536 2804
2525 2537 2536 2806
2525 2536 2804 2806
2525 2804 2783 2806
2536 2804 2806 2805
2525 2526 2538 2784
2525 2538 2537 2806
2525 2783 2784 2806
2538 2784 2807 2806
2525 2784 2538 2806
2526 2529 2538 2784
2529 2539 2538 2808
2529 2538 2784 2808
2529 2784 2785 2808
2538 2784 2808 2807
2529 2532 2540 2786
2529 2540 2539 2808
2529 2785 2786 2808
2540 2786 2809 2808
2529 2786 2540 2808
2532 2543 2540 2786
2543 2544 2540 2810
2543 2540 2786 2810
2543 2786 2787 2810
2540 2786 2810 2809
2543 2811 2812 2813
2543 2812 2544 2810
2543 2787 2813 2810
2812 2813 2814 2810
2543 2813 2812 2810
2793 2797 2569 2795
2797 2571 2569 2816
2797 2569 2795 2816
2797 2795 2799 2816
2569 2795 2816 2815
2797 2801 2817 2803
2797 2817 2571 2816
2797 2799 2803 2816
2817 2803 2818 2816
2797 2803 2817 2816
2801 2819 2817 2803
2819 2820 2817 2822
2819 2817 2803 2822
2819 2803 2821 2822
2817 2803 2822 2818
2819 2823 2573 2824
2819 2573 2820 2822
2819 2821 2824 2822
2573 2824 2825 2822
2819 2824 2573 2822
2826 2535 2545 2828
2826 2545 2574 2829
2826 2827 2828 2829
2545 2828 2830 2829
2826 2828 2545 2829
2535 2536 2545 2828
2536 2546 2545 2831
2536 2545 2828 2831
2536 2828 2805 2831
2545 2828 2831 2830
2536 2537 2547 2806
2536 2547 2546 2831
2536 2805 2806 2831
2547 2806 2832 2831
2536 2806 2547 2831
2537 2538 2547 2806
2538 2548 2547 2833
2538 2547 2806 2833
2538 2806 2807 2833
2547 2806 2833 2832
2538 2539 2549 2808
2538 2549 2548 2833
2538 2807 2808 2833
2549 2808 2834 2833
2538 2808 2549 2833
2539 2540 2549 2808
2540 2550 2549 2835
2540 2549 2808 2835
2540 2808 2809 2835
2549 2808 2835 2834
2540 2544 2552 2810
2540 2552 2550 2835
2540 2809 2810 2835
2552 2810 2836 2835
2540 2810 2552 2835
2544 2812 2552 2810
2812 2837 2552 2838
2812 2552 2810 2838
2812 2810 2814 2838
2552 2810 2838 2836
2563 2567 2568 2840
2563 2568 2564 2841
2563 2839 2840 2841
2568 2840 2842 2841
2563 2840 2568 2841
2567 2569 2568 2840
2569 2570 2568 2843
2569 2568 2840 2843
2569 2840 2815 2843
2568 2840 2843 2842
2569 2571 2572 2816
2569 2572 2570 2843
2569 2815 2816 2843
2572 2816 2844 2843
2569 2816 2572 2843
2571 2817 2572 2816
2817 2845 2572 2846
2817 2572 2816 2846
2817 2816 2818 2846
2572 2816 2846 2844
2817 2820 2847 2822
2817 2847 2845 2846
2817 2818 2822 2846
2847 2822 2848 2846
2817 2822 2847 2846
2820 2573 2847 2822
2573 2575 2847 2849
2573 2847 2822 2849
2573 2822 2825 2849
2847 2822 2849 2848
2573 2574 2576 2829
2573 2576 2575 2849
2573 2825 2829 2849
2576 2829 2850 2849
2573 2829 2576 2849
2574 2545 2576 2829
2545 2577 2576 2851
2545 2576 2829 2851
2545 2829 2830 2851
2576 2829 2851 2850
2545 2546 2578 2831
2545 2578 2577 2851
2545 2830 2831 2851
2578 2831 2852 2851
2545 2831 2578 2851
2546 2547 2578 2831
2547 2579 2578 2853
2547 2578 2831 2853
2547 2831 2832 2853
2578 2831 2853 2852
2547 2548 2580 2833
2547 2580 2579 2853
2547 2832 2833 2853
2580 2833 2854 2853
2547 2833 2580 2853
2548 2549 2580 2833
2549 2581 2580 2855
2549 2580 2833 2855
2549 2833 2834 2855
2580 2833 2855 2854
2549 2550 2583 2835
2549 2583 2581 2855
2549 2834 2835 2855
2583 2835 2856 2855
2549 2835 2583 2855
2550 2552 2583 2835
2552 2857 2583 2858
2552 2583 2835 2858
2552 2835 2836 2858
2583 2835 2858 2856
2572 2845 2860 2846
2572 2860 2859 2861
2572 2844 2846 2861
2860 2846 2862 2861
2572 2846 2860 2861
2845 2847 2860 2846
2847 2863 2860 2864
2847 2860 2846 2864
2847 2846 2848 2864
2860 2846 2864 2862
2847 2575 2865 2849
2847 2865 2863 2864
2847 2848 2849 2864
2865 2849 2866 2864
2847 2849 2865 2864
2575 2576 2865 2849
2576 2584 2865 2867
2576 2865 2849 2867
2576 2849 2850 2867
2865 2849 2867 2866
2576 2577 2585 2851
2576 2585 2584 2867
2576 2850 2851 2867
2585 2851 2868 2867
2576 2851 2585 2867
2869 2859 2599 2861
2869 2599 2594 2871
2869 2870 2861 2871
2599 2861 2872 2871
2869 2861 2599 2871
2859 2860 2599 2861
2860 2873 2599 2874
2860 2599 2861 2874
2860 2861 2862 2874
2599 2861 2874 2872
2860 2863 2875 2864
2860 2875 2873 2874
2860 2862 2864 2874
2875 2864 2876 2874
2860 2864 2875 2874
2593 2594 2596 2871
2593 2596 2595 2878
2593 2877 2871 2878
2596 2871 2879 2878
2593 2871 2596 2878
2594 2599 2596 2871
2599 2600 2596 2880
2599 2596 2871 2880
2599 2871 2872 2880
2596 2871 2880 2879
2599 2873 2881 2874
2599 2881 2600 2880
2599 2872 2874 2880
2881 2874 2882 2880
2599 2874 2881 2880
2604 2595 2606 2878
2604 2606 2605 2884
2604 2883 2878 2884
2606 2878 2885 2884
2604 2878 2606 2884
2595 2596 2606 2878
2596 2608 2606 2886
2596 2606 2878 2886
2596 2878 2879 2886
2606 2878 2886 2885
2887 2888 2614 2890
2887 2614 2613 2891
2887 2889 2890 2891
2614 2890 2892 2891
2887 2890 2614 2891
2888 2893 2614 2890
2893 2894 2614 2896
2893 2614 2890 2896
2893 2890 2895 2896
2614 2890 2896 2892
2897 2898 2899 2901
2898 2900 2899 2904
2898 2899 2901 2904
2898 2901 2902 2904
2899 2901 2904 2903
2898 2905 2906 2907
2898 2906 2900 2904
2898 2902 2907 2904
2906 2907 2908 2904
2898 2907 2906 2904
2613 2614 2615 2891
2614 2616 2615 2910
2614 2615 2891 2910
2614 2891 2892 2910
2615 2891 2910 2909
2632 2633 2635 2912
2632 2635 2634 2913
2632 2911 2912 2913
2635 2912 2914 2913
2632 2912 2635 2913
2634 2635 2642 2913
2635 2643 2642 2916
2635 2642 2913 2916
2635 2913 2914 2916
2642 2913 2916 2915
2635 2917 2918 2919
2635 2918 2643 2916
2635 2914 2919 2916
2918 2919 2920 2916
2635 2919 2918 2916
2643 2918 2921 2916
2918 2922 2921 2924
2918 2921 2916 2924
2918 2916 2920 2924
2921 2916 2924 2923
2652 2653 2666 2925
2653 2667 2666 2928
2653 2666 2925 2928
2653 2925 2926 2928
2666 2925 2928 2927
2672 2673 2675 2930
2672 2675 2674 2931
2672 2929 2930 2931
2675 2930 2932 2931
2672 2930 2675 2931
2673 2678 2675 2930
2678 2679 2675 2934
2678 2675 2930 2934
2678 2930 2933 2934
2675 2930 2934 2932
2661 2662 2683 2936
2661 2683 2682 2937
2661 2935 2936 2937
2683 2936 2938 2937
2661 2936 2683 2937
2662 2664 2683 2936
2664 2684 2683 2940
2664 2683 2936 2940
2664 2936 2939 2940
2683 2936 2940 2938
2664 2665 2685 2941
2664 2685 2684 2940
2664 2939 2941 2940
2685 2941 2942 2940
2664 2941 2685 2940
2666 2667 2687 2928
2666 2687 2686 2943
2666 2927 2928 2943
2687 2928 2944 2943
2666 2928 2687 2943
2667 2690 2687 2928
2690 2691 2687 2946
2690 2687 2928 2946
2690 2928 2945 2946
2687 2928 2946 2944
2674 2675 2694 2931
2675 2695 2694 2948
2675 2694 2931 2948
2675 2931 2932 2948
2694 2931 2948 2947
2675 2679 2697 2934
2675 2697 2695 2948
2675 2932 2934 2948
2697 2934 2949 2948
2675 2934 2697 2948
2683 2684 2699 2940
2683 2699 2698 2950
2683 2938 2940 2950
2699 2940 2951 2950
2683 2940 2699 2950
2684 2685 2699 2940
2685 2700 2699 2952
2685 2699 2940 2952
2685 2940 2942 2952
2699 2940 2952 2951
2685 2686 2701 2943
2685 2701 2700 2952
2685 2942 2943 2952
2701 2943 2953 2952
2685 2943 2701 2952
2686 2687 2701 2943
2687 2702 2701 2954
2687 2701 2943 2954
2687 2943 2944 2954
2701 2943 2954 2953
2687 2691 2704 2946
2687 2704 2702 2954
2687 2944 2946 2954
2704 2946 2955 2954
2687 2946 2704 2954
2699 2700 2707 2952
2699 2707 2706 2956
2699 2951 2952 2956
2707 2952 2957 2956
2699 2952 2707 2956
2700 2701 2707 2952
2701 2708 2707 2958
2701 2707 2952 2958
2701 2952 2953 2958
2707 2952 2958 2957
2701 2702 2709 2954
2701 2709 2708 2958
2701 2953 2954 2958
2709 2954 2959 2958
2701 2954 2709 2958
2702 2704 2709 2954
2704 2711 2709 2960
2704 2709 2954 2960
2704 2954 2955 2960
2709 2954 2960 2959
2707 2708 2715 2958
2707 2715 2714 2961
2707 2957 2958 2961
2715 2958 2962 2961
2707 2958 2715 2961
2708 2709 2715 2958
2709 2716 2715 2963
2709 2715 2958 2963
2709 2958 2959 2963
2715 2958 2963 2962
2709 2711 2718 2960
2709 2718 2716 2963
2709 2959 2960 2963
2718 2960 2964 2963
2709 2960 2718 2963
2965 2966 2968 2970
2965 2968 2967 2971
2965 2969 2970 2971
2968 2970 2972 2971
2965 2970 2968 2971
2966 2973 2968 2970
2973 2974 2968 2976
2973 2968 2970 2976
2973 2970 2975 2976
2968 2970 2976 2972
2977 2978 2979 2981
2978 2980 2979 2984
2978 2979 2981 2984
2978 2981 2982 2984
2979 2981 2984 2983
2978 2985 2726 2986
2978 2726 2980 2984
2978 2982 2986 2984
2726 2986 2987 2984
2978 2986 2726 2984
2716 2718 2988 2963
2718 2989 2988 2991
2718 2988 2963 2991
2718 2963 2964 2991
2988 2963 2991 2990
2979 2980 2747 2984
2979 2747 2746 2992
2979 2983 2984 2992
2747 2984 2993 2992
2979 2984 2747 2992
2980 2726 2747 2984
2726 2728 2747 2994
2726 2747 2984 2994
2726 2984 2987 2994
2747 2984 2994 2993
2726 2727 2729 2995
2726 2729 2728 2994
2726 2987 2995 2994
2729 2995 2996 2994
2726 2995 2729 2994
2727 2730 2729 2995
2730 2731 2729 2998
2730 2729 2995 2998
2730 2995 2997 2998
2729 2995 2998 2996
2730 2720 2732 2999
2730 2732 2731 2998
2730 2997 2999 2998
2732 2999 3000 2998
2730 2999 2732 2998
2720 2721 2732 2999
2721 2733 2732 3002
2721 2732 2999 3002
2721 2999 3001 3002
2732 2999 3002 3000
2721 2722 2734 3003
2721 2734 2733 3002
2721 3001 3003 3002
2734 3003 3004 3002
2721 3003 2734 3002
2722 2723 2734 3003
2723 2735 2734 3006
2723 2734 3003 3006
2723 3003 3005 3006
2734 3003 3006 3004
2723 2738 2739 3007
2723 2739 2735 3006
2723 3005 3007 3006
2739 3007 3008 3006
2723 3007 2739 3006
2738 2988 2739 3007
2988 3009 2739 3010
2988 2739 3007 3010
2988 3007 2990 3010
2739 3007 3010 3008
2740 2741 2742 3011
2741 2743 2742 3014
2741 2742 3011 3014
2741 3011 3012 3014
2742 3011 3014 3013
2741 2744 2745 3015
2741 2745 2743 3014
2741 3012 3015 3014
2745 3015 3016 3014
2741 3015 2745 3014
2747 2728 2750 2994
2747 2750 2749 3017
2747 2993 2994 3017
2750 2994 3018 3017
2747 2994 2750 3017
2728 2729 2750 2994
2729 2751 2750 3019
2729 2750 2994 3019
2729 2994 2996 3019
2750 2994 3019 3018
2729 2731 2752 2998
2729 2752 2751 3019
2729 2996 2998 3019
2752 2998 3020 3019
2729 2998 2752 3019
2731 2732 2752 2998
2732 2753 2752 3021
2732 2752 2998 3021
2732 2998 3000 3021
2752 2998 3021 3020
2732 2733 2754 3002
2732 2754 2753 3021
2732 3000 3002 3021
2754 3002 3022 3021
2732 3002 2754 3021
2733 2734 2754 3002
2734 2755 2754 3023
2734 2754 3002 3023
2734 3002 3004 3023
2754 3002 3023 3022
2734 2735 2756 3006
2734 2756 2755 3023
2734 3004 3006 3023
2756 3006 3024 3023
2734 3006 2756 3023
2735 2739 2756 3006
2739 2758 2756 3025
2739 2756 3006 3025
2739 3006 3008 3025
2756 3006 3025 3024
2739 3009 3026 3010
2739 3026 2758 3025
2739 3008 3010 3025
3026 3010 3027 3025
2739 3010 3026 3025
3009 3028 3026 3010
3028 3029 3026 3031
3028 3026 3010 3031
3028 3010 3030 3031
3026 3010 3031 3027
2750 2751 2762 3019
2750 2762 2761 3032
2750 3018 3019 3032
2762 3019 3033 3032
2750 3019 2762 3032
2751 2752 2762 3019
2752 2764 2762 3034
2752 2762 3019 3034
2752 3019 3020 3034
2762 3019 3034 3033
2752 2753 2782 3021
2752 2782 2764 3034
2752 3020 3021 3034
2782 3021 3035 3034
2752 3021 2782 3034
2753 2754 2782 3021
2754 2765 2782 3036
2754 2782 3021 3036
2754 3021 3022 3036
2782 3021 3036 3035
2754 2755 2766 3023
2754 2766 2765 3036
2754 3022 3023 3036
2766 3023 3037 3036
2754 3023 2766 3036
2755 2756 2766 3023
2756 2767 2766 3038
2756 2766 3023 3038
2756 3023 3024 3038
2766 3023 3038 3037
2756 2758 2769 3025
2756 2769 2767 3038
2756 3024 3025 3038
2769 3025 3039 3038
2756 3025 2769 3038
2758 3026 2769 3025
3026 3040 2769 3041
3026 2769 3025 3041
3026 3025 3027 3041
2769 3025 3041 3039
3026 3029 3042 3031
3026 3042 3040 3041
3026 3027 3031 3041
3042 3031 3043 3041
3026 3031 3042 3041
2782 2765 2784 3036
2782 2784 2783 3044
2782 3035 3036 3044
2784 3036 3045 3044
2782 3036 2784 3044
2765 2766 2784 3036
2766 2785 2784 3046
2766 2784 3036 3046
2766 3036 3037 3046
2784 3036 3046 3045
2766 2767 2786 3038
2766 2786 2785 3046
2766 3037 3038 3046
2786 3038 3047 3046
2766 3038 2786 3046
2767 2769 2786 3038
2769 2787 2786 3048
2769 2786 3038 3048
2769 3038 3039 3048
2786 3038 3048 3047
2769 3040 2813 3041
2769 2813 2787 3048
2769 3039 3041 3048
2813 3041 3049 3048
2769 3041 2813 3048
2781 2794 2795 3051
2781 2795 2791 3052
2781 3050 3051 3052
2795 3051 3053 3052
2781 3051 2795 3052
2794 2798 2795 3051
2798 2799 2795 3055
2798 2795 3051 3055
2798 3051 3054 3055
2795 3051 3055 3053
2783 2784 2806 3044
2784 2807 2806 3057
2784 2806 3044 3057
2784 3044 3045 3057
2806 3044 3057 3056
2784 2785 2808 3046
2784 2808 2807 3057
2784 3045 3046 3057
2808 3046 3058 3057
2784 3046 2808 3057
2785 2786 2808 3046
2786 2809 2808 3059
2786 2808 3046 3059
2786 3046 3047 3059
2808 3046 3059 3058
2786 2787 2810 3048
2786 2810 2809 3059
2786 3047 3048 3059
2810 3048 3060 3059
2786 3048 2810 3059
2787 2813 2810 3048
2813 2814 2810 3061
2813 2810 3048 3061
2813 3048 3049 3061
2810 3048 3061 3060
2795 2799 2816 3055
2795 2816 2815 3062
2795 3053 3055 3062
2816 3055 3063 3062
2795 3055 2816 3062
2799 2803 2816 3055
2803 2818 2816 3065
2803 2816 3055 3065
2803 3055 3064 3065
2816 3055 3065 3063
2803 2821 2822 3066
2803 2822 2818 3065
2803 3064 3066 3065
2822 3066 3067 3065
2803 3066 2822 3065
2821 2824 2822 3066
2824 2825 2822 3069
2824 2822 3066 3069
2824 3066 3068 3069
2822 3066 3069 3067
2824 2827 2829 3070
2824 2829 2825 3069
2824 3068 3070 3069
2829 3070 3071 3069
2824 3070 2829 3069
2827 2828 2829 3070
2828 2830 2829 3073
2828 2829 3070 3073
2828 3070 3072 3073
2829 3070 3073 3071
2828 2805 2831 3074
2828 2831 2830 3073
2828 3072 3074 3073
2831 3074 3075 3073
2828 3074 2831 3073
2805 2806 2831 3074
2806 2832 2831 3076
2806 2831 3074 3076
2806 3074 3056 3076
2831 3074 3076 3075
2806 2807 2833 3057
2806 2833 2832 3076
2806 3056 3057 3076
2833 3057 3077 3076
2806 3057 2833 3076
2807 2808 2833 3057
2808 2834 2833 3078
2808 2833 3057 3078
2808 3057 3058 3078
2833 3057 3078 3077
2808 2809 2835 3059
2808 2835 2834 3078
2808 3058 3059 3078
2835 3059 3079 3078
2808 3059 2835 3078
2809 2810 2835 3059
2810 2836 2835 3080
2810 2835 3059 3080
2810 3059 3060 3080
2835 3059 3080 3079
2810 2814 2838 3061
2810 2838 2836 3080
2810 3060 3061 3080
2838 3061 3081 3080
2810 3061 2838 3080
2818 2822 2846 3065
2822 2848 2846 3083
2822 2846 3065 3083
2822 3065 3067 3083
2846 3065 3083 3082
2822 2825 2849 3069
2822 2849 2848 3083
2822 3067 3069 3083
2849 3069 3084 3083
2822 3069 2849 3083
2825 2829 2849 3069
2829 2850 2849 3085
2829 2849 3069 3085
2829 3069 3071 3085
2849 3069 3085 3084
2829 2830 2851 3073
2829 2851 2850 3085
2829 3071 3073 3085
2851 3073 3086 3085
2829 3073 2851 3085
2830 2831 2851 3073
2831 2852 2851 3087
2831 2851 3073 3087
2831 3073 3075 3087
2851 3073 3087 3086
2831 2832 2853 3076
2831 2853 2852 3087
2831 3075 3076 3087
2853 3076 3088 3087
2831 3076 2853 3087
2832 2833 2853 3076
2833 2854 2853 3089
2833 2853 3076 3089
2833 3076 3077 3089
2853 3076 3089 3088
2833 2834 2855 3078
2833 2855 2854 3089
2833 3077 3078 3089
2855 3078 3090 3089
2833 3078 2855 3089
2834 2835 2855 3078
2835 2856 2855 3091
2835 2855 3078 3091
2835 3078 3079 3091
2855 3078 3091 3090
2835 2836 2858 3080
2835 2858 2856 3091
2835 3079 3080 3091
2858 3080 3092 3091
2835 3080 2858 3091
2836 2838 2858 3080
2838 3093 2858 3094
2838 2858 3080 3094
2838 3080 3081 3094
2858 3080 3094 3092
2846 2848 2864 3083
2846 2864 2862 3095
2846 3082 3083 3095
2864 3083 3096 3095
2846 3083 2864 3095
2848 2849 2864 3083
2849 2866 2864 3097
2849 2864 3083 3097
2849 3083 3084 3097
2864 3083 3097 3096
2849 2850 2867 3085
2849 2867 2866 3097
2849 3084 3085 3097
2867 3085 3098 3097
2849 3085 2867 3097
2850 2851 2867 3085
2851 2868 2867 3099
2851 2867 3085 3099
2851 3085 3086 3099
2867 3085 3099 3098
2854 2855 3100 3089
2855 3101 3100 3103
2855 3100 3089 3103
2855 3089 3090 3103
3100 3089 3103 3102
2855 2856 3104 3091
2855 3104 3101 3103
2855 3090 3091 3103
3104 3091 3105 3103
2855 3091 3104 3103
2862 2864 2874 3095
2864 2876 2874 3107
2864 2874 3095 3107
2864 3095 3096 3107
2874 3095 3107 3106
3108 3100 3109 3111
3100 3110 3109 3113
3100 3109 3111 3113
3100 3111 3102 3113
3109 3111 3113 3112
3100 3101 3114 3103
3100 3114 3110 3113
3100 3102 3103 3113
3114 3103 3115 3113
3100 3103 3114 3113
3101 3104 3114 3103
3104 3116 3114 3117
3104 3114 3103 3117
3104 3103 3105 3117
3114 3103 3117 3115
3118 3119 3121 3123
3118 3121 3120 3124
3118 3122 3123 3124
3121 3123 3125 3124
3118 3123 3121 3124
3119 3109 3121 3123
3109 2889 3121 3126
3109 3121 3123 3126
3109 3123 3112 3126
3121 3123 3126 3125
3109 3110 2890 3113
3109 2890 2889 3126
3109 3112 3113 3126
2890 3113 3127 3126
3109 3113 2890 3126
3110 3114 2890 3113
3114 2895 2890 3128
3114 2890 3113 3128
3114 3113 3115 3128
2890 3113 3128 3127
3129 3130 2901 3131
3130 2902 2901 3134
3130 2901 3131 3134
3130 3131 3132 3134
2901 3131 3134 3133
3130 3120 2907 3124
3130 2907 2902 3134
3130 3132 3124 3134
2907 3124 3135 3134
3130 3124 2907 3134
3120 3121 2907 3124
3121 3136 2907 3137
3121 2907 3124 3137
3121 3124 3125 3137
2907 3124 3137 3135
3121 2889 2891 3126
3121 2891 3136 3137
3121 3125 3126 3137
2891 3126 3138 3137
3121 3126 2891 3137
2889 2890 2891 3126
2890 2892 2891 3139
2890 2891 3126 3139
2890 3126 3127 3139
2891 3126 3139 3138
2890 2895 2896 3128
2890 2896 2892 3139
2890 3127 3128 3139
2896 3128 3140 3139
2890 3128 2896 3139
2901 2902 2904 3134
2901 2904 2903 3141
2901 3133 3134 3141
2904 3134 3142 3141
2901 3134 2904 3141
3143 3144 3145 3147
3144 3146 3145 3150
3144 3145 3147 3150
3144 3147 3148 3150
3145 3147 3150 3149
2914 2919 2916 3151
2919 2920 2916 3154
2919 2916 3151 3154
2919 3151 3152 3154
2916 3151 3154 3153
3155 3145 3156 3158
3145 3157 3156 3160
3145 3156 3158 3160
3145 3158 3149 3160
3156 3158 3160 3159
3145 3146 3161 3150
3145 3161 3157 3160
3145 3149 3150 3160
3161 3150 3162 3160
3145 3150 3161 3160
2916 2920 2924 3154
2916 2924 2923 3163
2916 3153 3154 3163
2924 3154 3164 3163
2916 3154 2924 3163
3156 3157 3166 3160
3156 3166 3165 3167
3156 3159 3160 3167
3166 3160 3168 3167
3156 3160 3166 3167
2923 2924 3169 3163
2924 3170 3169 3172
2924 3169 3163 3172
2924 3163 3164 3172
3169 3163 3172 3171
3165 3166 3173 3167
3166 3174 3173 3176
3166 3173 3167 3176
3166 3167 3168 3176
3173 3167 3176 3175
3177 3178 3179 3181
3178 3180 3179 3184
3178 3179 3181 3184
3178 3181 3182 3184
3179 3181 3184 3183
3178 2929 2931 3185
3178 2931 3180 3184
3178 3182 3185 3184
2931 3185 3186 3184
3178 3185 2931 3184
2929 2930 2931 3185
2930 2932 2931 3188
2930 2931 3185 3188
2930 3185 3187 3188
2931 3185 3188 3186
3174 3179 3189 3176
3179 3190 3189 3192
3179 3189 3176 3192
3179 3176 3183 3192
3189 3176 3192 3191
3179 3180 3193 3184
3179 3193 3190 3192
3179 3183 3184 3192
3193 3184 3194 3192
3179 3184 3193 3192
3180 2931 3193 3184
2931 2947 3193 3195
2931 3193 3184 3195
2931 3184 3186 3195
3193 3184 3195 3194
3196 3197 3198 3200
3197 3199 3198 3203
3197 3198 3200 3203
3197 3200 3201 3203
3198 3200 3203 3202
3197 3204 3205 3206
3197 3205 3199 3203
3197 3201 3206 3203
3205 3206 3207 3203
3197 3206 3205 3203
2940 2942 2952 3209
2940 2952 2951 3210
2940 3208 3209 3210
2952 3209 3211 3210
2940 3209 2952 3210
2942 2943 2952 3209
2943 2953 2952 3213
2943 2952 3209 3213
2943 3209 3212 3213
2952 3209 3213 3211
2943 2944 2954 3214
2943 2954 2953 3213
2943 3212 3214 3213
2954 3214 3215 3213
2943 3214 2954 3213
2944 2946 2954 3214
2946 2955 2954 3217
2946 2954 3214 3217
2946 3214 3216 3217
2954 3214 3217 3215
3218 3189 3219 3221
3189 3220 3219 3223
3189 3219 3221 3223
3189 3221 3191 3223
3219 3221 3223 3222
3189 3190 3224 3192
3189 3224 3220 3223
3189 3191 3192 3223
3224 3192 3225 3223
3189 3192 3224 3223
3190 3193 3224 3192
3193 3226 3224 3227
3193 3224 3192 3227
3193 3192 3194 3227
3224 3192 3227 3225
3198 3199 3229 3203
3198 3229 3228 3230
3198 3202 3203 3230
3229 3203 3231 3230
3198 3203 3229 3230
3199 3205 3229 3203
3205 3232 3229 3233
3205 3229 3203 3233
3205 3203 3207 3233
3229 3203 3233 3231
3205 3234 3235 3236
3205 3235 3232 3233
3205 3207 3236 3233
3235 3236 3237 3233
3205 3236 3235 3233
2951 2952 2956 3210
2952 2957 2956 3239
2952 2956 3210 3239
2952 3210 3211 3239
2956 3210 3239 3238
2952 2953 2958 3213
2952 2958 2957 3239
2952 3211 3213 3239
2958 3213 3240 3239
2952 3213 2958 3239
2953 2954 2958 3213
2954 2959 2958 3241
2954 2958 3213 3241
2954 3213 3215 3241
2958 3213 3241 3240
2954 2955 2960 3217
2954 2960 2959 3241
2954 3215 3217 3241
2960 3217 3242 3241
2954 3217 2960 3241
2955 3243 2960 3217
3243 3244 2960 3246
3243 2960 3217 3246
3243 3217 3245 3246
2960 3217 3246 3242
3229 3232 2981 3233
3229 2981 2975 3247
3229 3231 3233 3247
2981 3233 3248 3247
3229 3233 2981 3247
3232 3235 2981 3233
3235 2982 2981 3249
3235 2981 3233 3249
3235 3233 3237 3249
2981 3233 3249 3248
2957 2958 2961 3239
2958 2962 2961 3251
2958 2961 3239 3251
2958 3239 3240 3251
2961 3239 3251 3250
2958 2959 2963 3241
2958 2963 2962 3251
2958 3240 3241 3251
2963 3241 3252 3251
2958 3241 2963 3251
2959 2960 2963 3241
2960 2964 2963 3253
2960 2963 3241 3253
2960 3241 3242 3253
2963 3241 3253 3252
2960 3244 3254 3246
2960 3254 2964 3253
2960 3242 3246 3253
3254 3246 3255 3253
2960 3246 3254 3253
3256 2969 2971 3259
3256 2971 3257 3260
3256 3258 3259 3260
2971 3259 3261 3260
3256 3259 2971 3260
2969 2970 2971 3259
2970 2972 2971 3263
2970 2971 3259 3263
2970 3259 3262 3263
2971 3259 3263 3261
2970 2975 2976 3247
2970 2976 2972 3263
2970 3262 3247 3263
2976 3247 3264 3263
2970 3247 2976 3263
2975 2981 2976 3247
2981 2983 2976 3265
2981 2976 3247 3265
2981 3247 3248 3265
2976 3247 3265 3264
2981 2982 2984 3249
2981 2984 2983 3265
2981 3248 3249 3265
2984 3249 3266 3265
2981 3249 2984 3265
2982 2986 2984 3249
2986 2987 2984 3268
2986 2984 3249 3268
2986 3249 3267 3268
2984 3249 3268 3266
2962 2963 3007 3251
2963 2990 3007 3270
2963 3007 3251 3270
2963 3251 3252 3270
3007 3251 3270 3269
2963 2964 2991 3253
2963 2991 2990 3270
2963 3252 3253 3270
2991 3253 3271 3270
2963 3253 2991 3270
2964 3254 2991 3253
3254 3272 2991 3273
3254 2991 3253 3273
3254 3253 3255 3273
2991 3253 3273 3271
2976 2983 2992 3265
2976 2992 3274 3275
2976 3264 3265 3275
2992 3265 3276 3275
2976 3265 2992 3275
2983 2984 2992 3265
2984 2993 2992 3277
2984 2992 3265 3277
2984 3265 3266 3277
2992 3265 3277 3276
2984 2987 2994 3268
2984 2994 2993 3277
2984 3266 3268 3277
2994 3268 3278 3277
2984 3268 2994 3277
2987 2995 2994 3268
2995 2996 2994 3280
2995 2994 3268 3280
2995 3268 3279 3280
2994 3268 3280 3278
2995 2997 2998 3281
2995 2998 2996 3280
2995 3279 3281 3280
2998 3281 3282 3280
2995 3281 2998 3280
2997 2999 2998 3281
2999 3000 2998 3284
2999 2998 3281 3284
2999 3281 3283 3284
2998 3281 3284 3282
2999 3001 3002 3285
2999 3002 3000 3284
2999 3283 3285 3284
3002 3285 3286 3284
2999 3285 3002 3284
3001 3003 3002 3285
3003 3004 3002 3288
3003 3002 3285 3288
3003 3285 3287 3288
3002 3285 3288 3286
3003 3005 3006 3289
3003 3006 3004 3288
3003 3287 3289 3288
3006 3289 3290 3288
3003 3289 3006 3288
3005 3007 3006 3289
3007 3008 3006 3291
3007 3006 3289 3291
3007 3289 3269 3291
3006 3289 3291 3290
3007 2990 3010 3270
3007 3010 3008 3291
3007 3269 3270 3291
3010 3270 3292 3291
3007 3270 3010 3291
2990 2991 3010 3270
2991 3030 3010 3293
2991 3010 3270 3293
2991 3270 3271 3293
3010 3270 3293 3292
2991 3272 3294 3273
2991 3294 3030 3293
2991 3271 3273 3293
3294 3273 3295 3293
2991 3273 3294 3293
2993 2994 3017 3277
2994 3018 3017 3297
2994 3017 3277 3297
2994 3277 3278 3297
3017 3277 3297 3296
2994 2996 3019 3280
2994 3019 3018 3297
2994 3278 3280 3297
3019 3280 3298 3297
2994 3280 3019 3297
2996 2998 3019 3280
2998 3020 3019 3299
2998 3019 3280 3299
2998 3280 3282 3299
3019 3280 3299 3298
2998 3000 3021 3284
2998 3021 3020 3299
2998 3282 3284 3299
3021 3284 3300 3299
2998 3284 3021 3299
3000 3002 3021 3284
3002 3022 3021 3301
3002 3021 3284 3301
3002 3284 3286 3301
3021 3284 3301 3300
3002 3004 3023 3288
3002 3023 3022 3301
3002 3286 3288 3301
3023 3288 3302 3301
3002 3288 3023 3301
3004 3006 3023 3288
3006 3024 3023 3303
3006 3023 3288 3303
3006 3288 3290 3303
3023 3288 3303 3302
3006 3008 3025 3291
3006 3025 3024 3303
3006 3290 3291 3303
3025 3291 3304 3303
3006 3291 3025 3303
3008 3010 3025 3291
3010 3027 3025 3305
3010 3025 3291 3305
3010 3291 3292 3305
3025 3291 3305 3304
3010 3030 3031 3293
3010 3031 3027 3305
3010 3292 3293 3305
3031 3293 3306 3305
3010 3293 3031 3305
3030 3294 3031 3293
3294 3307 3031 3308
3294 3031 3293 3308
3294 3293 3295 3308
3031 3293 3308 3306
3021 3022 3036 3301
3021 3036 3035 3309
3021 3300 3301 3309
3036 3301 3310 3309
3021 3301 3036 3309
3022 3023 3036 3301
3023 3037 3036 3311
3023 3036 3301 3311
3023 3301 3302 3311
3036 3301 3311 3310
3023 3024 3038 3303
3023 3038 3037 3311
3023 3302 3303 3311
3038 3303 3312 3311
3023 3303 3038 3311
3024 3025 3038 3303
3025 3039 3038 3313
3025 3038 3303 3313
3025 3303 3304 3313
3038 3303 3313 3312
3025 3027 3041 3305
3025 3041 3039 3313
3025 3304 3305 3313
3041 3305 3314 3313
3025 3305 3041 3313
3027 3031 3041 3305
3031 3043 3041 3315
3031 3041 3305 3315
3031 3305 3306 3315
3041 3305 3315 3314
3031 3307 3316 3308
3031 3316 3043 3315
3031 3306 3308 3315
3316 3308 3317 3315
3031 3308 3316 3315
3036 3037 3046 3311
3036 3046 3045 3318
3036 3310 3311 3318
3046 3311 3319 3318
3036 3311 3046 3318
3037 3038 3046 3311
3038 3047 3046 3320
3038 3046 3311 3320
3038 3311 3312 3320
3046 3311 3320 3319
3038 3039 3048 3313
3038 3048 3047 3320
3038 3312 3313 3320
3048 3313 3321 3320
3038 3313 3048 3320
3039 3041 3048 3313
3041 3049 3048 3322
3041 3048 3313 3322
3041 3313 3314 3322
3048 3313 3322 3321
3041 3043 3323 3315
3041 3323 3049 3322
3041 3314 3315 3322
3323 3315 3324 3322
3041 3315 3323 3322
3044 3045 3057 3318
3044 3057 3056 3326
3044 3325 3318 3326
3057 3318 3327 3326
3044 3318 3057 3326
3045 3046 3057 3318
3046 3058 3057 3328
3046 3057 3318 3328
3046 3318 3319 3328
3057 3318 3328 3327
3046 3047 3059 3320
3046 3059 3058 3328
3046 3319 3320 3328
3059 3320 3329 3328
3046 3320 3059 3328
3047 3048 3059 3320
3048 3060 3059 3330
3048 3059 3320 3330
3048 3320 3321 3330
3059 3320 3330 3329
3048 3049 3061 3322
3048 3061 3060 3330
3048 3321 3322 3330
3061 3322 3331 3330
3048 3322 3061 3330
3049 3323 3061 3322
3323 3332 3061 3333
3323 3061 3322 3333
3323 3322 3324 3333
3061 3322 3333 3331
3072 3074 3073 3334
3074 3075 3073 3337
3074 3073 3334 3337
3074 3334 3335 3337
3073 3334 3337 3336
3074 3056 3076 3326
3074 3076 3075 3337
3074 3335 3326 3337
3076 3326 3338 3337
3074 3326 3076 3337
3056 3057 3076 3326
3057 3077 3076 3339
3057 3076 3326 3339
3057 3326 3327 3339
3076 3326 3339 3338
3057 3058 3078 3328
3057 3078 3077 3339
3057 3327 3328 3339
3078 3328 3340 3339
3057 3328 3078 3339
3058 3059 3078 3328
3059 3079 3078 3341
3059 3078 3328 3341
3059 3328 3329 3341
3078 3328 3341 3340
3059 3060 3080 3330
3059 3080 3079 3341
3059 3329 3330 3341
3080 3330 3342 3341
3059 3330 3080 3341
3060 3061 3080 3330
3061 3081 3080 3343
3061 3080 3330 3343
3061 3330 3331 3343
3080 3330 3343 3342
3061 3332 3344 3333
3061 3344 3081 3343
3061 3331 3333 3343
3344 3333 3345 3343
3061 3333 3344 3343
3065 3067 3083 3347
3065 3083 3082 3348
3065 3346 3347 3348
3083 3347 3349 3348
3065 3347 3083 3348
3067 3069 3083 3347
3069 3084 3083 3351
3069 3083 3347 3351
3069 3347 3350 3351
3083 3347 3351 3349
3073 3075 3087 3337
3073 3087 3086 3352
3073 3336 3337 3352
3087 3337 3353 3352
3073 3337 3087 3352
3075 3076 3087 3337
3076 3088 3087 3354
3076 3087 3337 3354
3076 3337 3338 3354
3087 3337 3354 3353
3076 3077 3089 3339
3076 3089 3088 3354
3076 3338 3339 3354
3089 3339 3355 3354
3076 3339 3089 3354
3077 3078 3089 3339
3078 3090 3089 3356
3078 3089 3339 3356
3078 3339 3340 3356
3089 3339 3356 3355
3078 3079 3091 3341
3078 3091 3090 3356
3078 3340 3341 3356
3091 3341 3357 3356
3078 3341 3091 3356
3079 3080 3091 3341
3080 3092 3091 3358
3080 3091 3341 3358
3080 3341 3342 3358
3091 3341 3358 3357
3080 3081 3094 3343
3080 3094 3092 3358
3080 3342 3343 3358
3094 3343 3359 3358
3080 3343 3094 3358
3089 3090 3103 3356
3089 3103 3102 3360
3089 3355 3356 3360
3103 3356 3361 3360
3089 3356 3103 3360
3090 3091 3103 3356
3091 3105 3103 3362
3091 3103 3356 3362
3091 3356 3357 3362
3103 3356 3362 3361
3111 3102 3113 3360
3111 3113 3112 3364
3111 3363 3360 3364
3113 3360 3365 3364
3111 3360 3113 3364
3102 3103 3113 3360
3103 3115 3113 3366
3103 3113 3360 3366
3103 3360 3361 3366
3113 3360 3366 3365
3103 3105 3117 3362
3103 3117 3115 3366
3103 3361 3362 3366
3117 3362 3367 3366
3103 3362 3117 3366
3122 3123 3124 3368
3123 3125 3124 3371
3123 3124 3368 3371
3123 3368 3369 3371
3124 3368 3371 3370
3123 3112 3126 3364
3123 3126 3125 3371
3123 3369 3364 3371
3126 3364 3372 3371
3123 3364 3126 3371
3112 3113 3126 3364
3113 3127 3126 3373
3113 3126 3364 3373
3113 3364 3365 3373
3126 3364 3373 3372
3113 3115 3128 3366
3113 3128 3127 3373
3113 3365 3366 3373
3128 3366 3374 3373
3113 3366 3128 3373
3131 3132 3134 3376
3131 3134 3133 3377
3131 3375 3376 3377
3134 3376 3378 3377
3131 3376 3134 3377
3132 3124 3134 3376
3124 3135 3134 3379
3124 3134 3376 3379
3124 3376 3370 3379
3134 3376 3379 3378
3124 3125 3137 3371
3124 3137 3135 3379
3124 3370 3371 3379
3137 3371 3380 3379
3124 3371 3137 3379
3125 3126 3137 3371
3126 3138 3137 3381
3126 3137 3371 3381
3126 3371 3372 3381
3137 3371 3381 3380
3133 3134 3141 3377
3134 3142 3141 3383
3134 3141 3377 3383
3134 3377 3378 3383
3141 3377 3383 3382
3158 3149 3160 3385
3158 3160 3159 3386
3158 3384 3385 3386
3160 3385 3387 3386
3158 3385 3160 3386
3149 3150 3160 3385
3150 3162 3160 3389
3150 3160 3385 3389
3150 3385 3388 3389
3160 3385 3389 3387
3159 3160 3167 3386
3160 3168 3167 3391
3160 3167 3386 3391
3160 3386 3387 3391
3167 3386 3391 3390
3163 3164 3172 3393
3163 3172 3171 3394
3163 3392 3393 3394
3172 3393 3395 3394
3163 3393 3172 3394
3396 3167 3397 3398
3167 3175 3397 3400
3167 3397 3398 3400
3167 3398 3390 3400
3397 3398 3400 3399
3167 3168 3176 3391
3167 3176 3175 3400
3167 3390 3391 3400
3176 3391 3401 3400
3167 3391 3176 3400
3402 3403 3206 3405
3403 3404 3206 3408
3403 3206 3405 3408
3403 3405 3406 3408
3206 3405 3408 3407
3171 3172 3409 3394
3172 3410 3409 3412
3172 3409 3394 3412
3172 3394 3395 3412
3409 3394 3412 3411
3413 3397 3414 3416
3397 3415 3414 3418
3397 3414 3416 3418
3397 3416 3399 3418
3414 3416 3418 3417
3397 3175 3221 3400
3397 3221 3415 3418
3397 3399 3400 3418
3221 3400 3419 3418
3397 3400 3221 3418
3175 3176 3221 3400
3176 3191 3221 3420
3176 3221 3400 3420
3176 3400 3401 3420
3221 3400 3420 3419
3176 3183 3192 3421
3176 3192 3191 3420
3176 3401 3421 3420
3192 3421 3422 3420
3176 3421 3192 3420
3183 3184 3192 3421
3184 3194 3192 3424
3184 3192 3421 3424
3184 3421 3423 3424
3192 3421 3424 3422
3206 3404 3236 3408
3206 3236 3207 3425
3206 3407 3408 3425
3236 3408 3426 3425
3206 3408 3236 3425
3404 3427 3236 3408
3427 3428 3236 3430
3427 3236 3408 3430
3427 3408 3429 3430
3236 3408 3430 3426
3409 3410 3432 3412
3409 3432 3431 3433
3409 3411 3412 3433
3432 3412 3434 3433
3409 3412 3432 3433
3414 3415 3436 3418
3414 3436 3435 3437
3414 3417 3418 3437
3436 3418 3438 3437
3414 3418 3436 3437
3415 3221 3436 3418
3221 3222 3436 3439
3221 3436 3418 3439
3221 3418 3419 3439
3436 3418 3439 3438
3221 3191 3223 3420
3221 3223 3222 3439
3221 3419 3420 3439
3223 3420 3440 3439
3221 3420 3223 3439
3191 3192 3223 3420
3192 3225 3223 3441
3192 3223 3420 3441
3192 3420 3422 3441
3223 3420 3441 3440
3192 3194 3227 3424
3192 3227 3225 3441
3192 3422 3424 3441
3227 3424 3442 3441
3192 3424 3227 3441
3203 3207 3233 3425
3203 3233 3231 3444
3203 3443 3425 3444
3233 3425 3445 3444
3203 3425 3233 3444
3207 3236 3233 3425
3236 3237 3233 3446
3236 3233 3425 3446
3236 3425 3426 3446
3233 3425 3446 3445
3236 3428 3447 3430
3236 3447 3237 3446
3236 3426 3430 3446
3447 3430 3448 3446
3236 3430 3447 3446
3213 3215 3241 3450
3213 3241 3240 3451
3213 3449 3450 3451
3241 3450 3452 3451
3213 3450 3241 3451
3215 3217 3241 3450
3217 3242 3241 3454
3217 3241 3450 3454
3217 3450 3453 3454
3241 3450 3454 3452
3217 3245 3246 3455
3217 3246 3242 3454
3217 3453 3455 3454
3246 3455 3456 3454
3217 3455 3246 3454
3431 3432 3457 3433
3432 3458 3457 3460
3432 3457 3433 3460
3432 3433 3434 3460
3457 3433 3460 3459
3435 3436 3461 3437
3436 3462 3461 3464
3436 3461 3437 3464
3436 3437 3438 3464
3461 3437 3464 3463
3436 3222 3465 3439
3436 3465 3462 3464
3436 3438 3439 3464
3465 3439 3466 3464
3436 3439 3465 3464
3222 3223 3465 3439
3223 3467 3465 3468
3223 3465 3439 3468
3223 3439 3440 3468
3465 3439 3468 3466
3223 3225 3469 3441
3223 3469 3467 3468
3223 3440 3441 3468
3469 3441 3470 3468
3223 3441 3469 3468
3231 3233 3247 3444
3233 3248 3247 3472
3233 3247 3444 3472
3233 3444 3445 3472
3247 3444 3472 3471
3233 3237 3249 3446
3233 3249 3248 3472
3233 3445 3446 3472
3249 3446 3473 3472
3233 3446 3249 3472
3240 3241 3251 3451
3241 3252 3251 3475
3241 3251 3451 3475
3241 3451 3452 3475
3251 3451 3475 3474
3241 3242 3253 3454
3241 3253 3252 3475
3241 3452 3454 3475
3253 3454 3476 3475
3241 3454 3253 3475
3242 3246 3253 3454
3246 3255 3253 3477
3246 3253 3454 3477
3246 3454 3456 3477
3253 3454 3477 3476
3461 3462 3479 3464
3461 3479 3478 3480
3461 3463 3464 3480
3479 3464 3481 3480
3461 3464 3479 3480
3462 3465 3479 3464
3465 3482 3479 3483
3465 3479 3464 3483
3465 3464 3466 3483
3479 3464 3483 3481
3247 3248 3265 3472
3247 3265 3264 3484
3247 3471 3472 3484
3265 3472 3485 3484
3247 3472 3265 3484
3248 3249 3265 3472
3249 3266 3265 3486
3249 3265 3472 3486
3249 3472 3473 3486
3265 3472 3486 3485
3252 3253 3270 3475
3253 3271 3270 3488
3253 3270 3475 3488
3253 3475 3476 3488
3270 3475 3488 3487
3253 3255 3273 3477
3253 3273 3271 3488
3253 3476 3477 3488
3273 3477 3489 3488
3253 3477 3273 3488
3255 3490 3273 3477
3490 3491 3273 3493
3490 3273 3477 3493
3490 3477 3492 3493
3273 3477 3493 3489
3287 3289 3288 3494
3289 3290 3288 3497
3289 3288 3494 3497
3289 3494 3495 3497
3288 3494 3497 3496
3289 3269 3291 3498
3289 3291 3290 3497
3289 3495 3498 3497
3291 3498 3499 3497
3289 3498 3291 3497
3269 3270 3291 3498
3270 3292 3291 3500
3270 3291 3498 3500
3270 3498 3487 3500
3291 3498 3500 3499
3270 3271 3293 3488
3270 3293 3292 3500
3270 3487 3488 3500
3293 3488 3501 3500
3270 3488 3293 3500
3271 3273 3293 3488
3273 3295 3293 3502
3273 3293 3488 3502
3273 3488 3489 3502
3293 3488 3502 3501
3273 3491 3503 3493
3273 3503 3295 3502
3273 3489 3493 3502
3503 3493 3504 3502
3273 3493 3503 3502
3288 3290 3303 3497
3288 3303 3302 3505
3288 3496 3497 3505
3303 3497 3506 3505
3288 3497 3303 3505
3290 3291 3303 3497
3291 3304 3303 3507
3291 3303 3497 3507
3291 3497 3499 3507
3303 3497 3507 3506
3291 3292 3305 3500
3291 3305 3304 3507
3291 3499 3500 3507
3305 3500 3508 3507
3291 3500 3305 3507
3292 3293 3305 3500
3293 3306 3305 3509
3293 3305 3500 3509
3293 3500 3501 3509
3305 3500 3509 3508
3293 3295 3308 3502
3293 3308 3306 3509
3293 3501 3502 3509
3308 3502 3510 3509
3293 3502 3308 3509
3295 3503 3308 3502
3503 3511 3308 3512
3503 3308 3502 3512
3503 3502 3504 3512
3308 3502 3512 3510
3503 3513 3514 3515
3503 3514 3511 3512
3503 3504 3515 3512
3514 3515 3516 3512
3503 3515 3514 3512
3302 3303 3311 3505
3303 3312 3311 3518
3303 3311 3505 3518
3303 3505 3506 3518
3311 3505 3518 3517
3303 3304 3313 3507
3303 3313 3312 3518
3303 3506 3507 3518
3313 3507 3519 3518
3303 3507 3313 3518
3304 3305 3313 3507
3305 3314 3313 3520
3305 3313 3507 3520
3305 3507 3508 3520
3313 3507 3520 3519
3305 3306 3315 3509
3305 3315 3314 3520
3305 3508 3509 3520
3315 3509 3521 3520
3305 3509 3315 3520
3306 3308 3315 3509
3308 3317 3315 3522
3308 3315 3509 3522
3308 3509 3510 3522
3315 3509 3522 3521
3308 3511 3523 3512
3308 3523 3317 3522
3308 3510 3512 3522
3523 3512 3524 3522
3308 3512 3523 3522
3511 3514 3523 3512
3514 3525 3523 3526
3514 3523 3512 3526
3514 3512 3516 3526
3523 3512 3526 3524
3311 3312 3320 3518
3311 3320 3319 3527
3311 3517 3518 3527
3320 3518 3528 3527
3311 3518 3320 3527
3312 3313 3320 3518
3313 3321 3320 3529
3313 3320 3518 3529
3313 3518 3519 3529
3320 3518 3529 3528
3313 3314 3322 3520
3313 3322 3321 3529
3313 3519 3520 3529
3322 3520 3530 3529
3313 3520 3322 3529
3314 3315 3322 3520
3315 3324 3322 3531
3315 3322 3520 3531
3315 3520 3521 3531
3322 3520 3531 3530
3315 3317 3532 3522
3315 3532 3324 3531
3315 3521 3522 3531
3532 3522 3533 3531
3315 3522 3532 3531
3317 3523 3532 3522
3523 3534 3532 3535
3523 3532 3522 3535
3523 3522 3524 3535
3532 3522 3535 3533
3523 3525 3536 3526
3523 3536 3534 3535
3523 3524 3526 3535
3536 3526 3537 3535
3523 3526 3536 3535
3318 3319 3328 3527
3318 3328 3327 3539
3318 3538 3527 3539
3328 3527 3540 3539
3318 3527 3328 3539
3319 3320 3328 3527
3320 3329 3328 3541
3320 3328 3527 3541
3320 3527 3528 3541
3328 3527 3541 3540
3320 3321 3330 3529
3320 3330 3329 3541
3320 3528 3529 3541
3330 3529 3542 3541
3320 3529 3330 3541
3321 3322 3330 3529
3322 3331 3330 3543
3322 3330 3529 3543
3322 3529 3530 3543
3330 3529 3543 3542
3322 3324 3333 3531
3322 3333 3331 3543
3322 3530 3531 3543
3333 3531 3544 3543
3322 3531 3333 3543
3324 3532 3333 3531
3532 3545 3333 3546
3532 3333 3531 3546
3532 3531 3533 3546
3333 3531 3546 3544
3532 3534 3547 3535
3532 3547 3545 3546
3532 3533 3535 3546
3547 3535 3548 3546
3532 3535 3547 3546
3534 3536 3547 3535
3536 3549 3547 3550
3536 3547 3535 3550
3536 3535 3537 3550
3547 3535 3550 3548
3326 3327 3339 3539
3326 3339 3338 3552
3326 3551 3539 3552
3339 3539 3553 3552
3326 3539 3339 3552
3327 3328 3339 3539
3328 3340 3339 3554
3328 3339 3539 3554
3328 3539 3540 3554
3339 3539 3554 3553
3328 3329 3341 3541
3328 3341 3340 3554
3328 3540 3541 3554
3341 3541 3555 3554
3328 3541 3341 3554
3329 3330 3341 3541
3330 3342 3341 3556
3330 3341 3541 3556
3330 3541 3542 3556
3341 3541 3556 3555
3330 3331 3343 3543
3330 3343 3342 3556
3330 3542 3543 3556
3343 3543 3557 3556
3330 3543 3343 3556
3331 3333 3343 3543
3333 3345 3343 3558
3333 3343 3543 3558
3333 3543 3544 3558
3343 3543 3558 3557
3333 3545 3559 3546
3333 3559 3345 3558
3333 3544 3546 3558
3559 3546 3560 3558
3333 3546 3559 3558
3545 3547 3559 3546
3547 3561 3559 3562
3547 3559 3546 3562
3547 3546 3548 3562
3559 3546 3562 3560
3547 3549 3563 3550
3547 3563 3561 3562
3547 3548 3550 3562
3563 3550 3564 3562
3547 3550 3563 3562
3336 3337 3352 3565
3337 3353 3352 3568
3337 3352 3565 3568
3337 3565 3566 3568
3352 3565 3568 3567
3337 3338 3354 3552
3337 3354 3353 3568
3337 3566 3552 3568
3354 3552 3569 3568
3337 3552 3354 3568
3338 3339 3354 3552
3339 3355 3354 3570
3339 3354 3552 3570
3339 3552 3553 3570
3354 3552 3570 3569
3339 3340 3356 3554
3339 3356 3355 3570
3339 3553 3554 3570
3356 3554 3571 3570
3339 3554 3356 3570
3340 3341 3356 3554
3341 3357 3356 3572
3341 3356 3554 3572
3341 3554 3555 3572
3356 3554 3572 3571
3341 3342 3358 3556
3341 3358 3357 3572
3341 3555 3556 3572
3358 3556 3573 3572
3341 3556 3358 3572
3342 3343 3358 3556
3343 3359 3358 3574
3343 3358 3556 3574
3343 3556 3557 3574
3358 3556 3574 3573
3343 3345 3575 3558
3343 3575 3359 3574
3343 3557 3558 3574
3575 3558 3576 3574
3343 3558 3575 3574
3577 3352 3578 3580
3352 3579 3578 3582
3352 3578 3580 3582
3352 3580 3567 3582
3578 3580 3582 3581
3352 3353 3583 3568
3352 3583 3579 3582
3352 3567 3568 3582
3583 3568 3584 3582
3352 3568 3583 3582
3354 3355 3360 3570
3354 3360 3363 3585
3354 3569 3570 3585
3360 3570 3586 3585
3354 3570 3360 3585
3355 3356 3360 3570
3356 3361 3360 3587
3356 3360 3570 3587
3356 3570 3571 3587
3360 3570 3587 3586
3356 3357 3362 3572
3356 3362 3361 3587
3356 3571 3572 3587
3362 3572 3588 3587
3356 3572 3362 3587
3589 3590 3591 3593
3590 3592 3591 3596
3590 3591 3593 3596
3590 3593 3594 3596
3591 3593 3596 3595
3590 3597 3598 3599
3590 3598 3592 3596
3590 3594 3599 3596
3598 3599 3600 3596
3590 3599 3598 3596
3592 3598 3601 3596
3598 3392 3601 3603
3598 3601 3596 3603
3598 3596 3600 3603
3601 3596 3603 3602
3601 3392 3394 3603
3601 3394 3604 3605
3601 3602 3603 3605
3394 3603 3606 3605
3601 3603 3394 3605
3392 3393 3394 3603
3393 3395 3394 3608
3393 3394 3603 3608
3393 3603 3607 3608
3394 3603 3608 3606
3604 3394 3609 3605
3394 3411 3609 3611
3394 3609 3605 3611
3394 3605 3606 3611
3609 3605 3611 3610
3394 3395 3412 3608
3394 3412 3411 3611
3394 3606 3608 3611
3412 3608 3612 3611
3394 3608 3412 3611
3416 3399 3418 3614
3416 3418 3417 3615
3416 3613 3614 3615
3418 3614 3616 3615
3416 3614 3418 3615
3399 3400 3418 3614
3400 3419 3418 3618
3400 3418 3614 3618
3400 3614 3617 3618
3418 3614 3618 3616
3400 3401 3420 3619
3400 3420 3419 3618
3400 3617 3619 3618
3420 3619 3620 3618
3400 3619 3420 3618
3407 3408 3425 3621
3408 3426 3425 3624
3408 3425 3621 3624
3408 3621 3622 3624
3425 3621 3624 3623
3408 3429 3430 3625
3408 3430 3426 3624
3408 3622 3625 3624
3430 3625 3626 3624
3408 3625 3430 3624
3609 3411 3433 3611
3609 3433 3627 3628
3609 3610 3611 3628
3433 3611 3629 3628
3609 3611 3433 3628
3411 3412 3433 3611
3412 3434 3433 3630
3412 3433 3611 3630
3412 3611 3612 3630
3433 3611 3630 3629
3417 3418 3437 3615
3418 3438 3437 3632
3418 3437 3615 3632
3418 3615 3616 3632
3437 3615 3632 3631
3418 3419 3439 3618
3418 3439 3438 3632
3418 3616 3618 3632
3439 3618 3633 3632
3418 3618 3439 3632
3634 3635 3636 3638
3635 3637 3636 3641
3635 3636 3638 3641
3635 3638 3639 3641
3636 3638 3641 3640
3635 3449 3451 3642
3635 3451 3637 3641
3635 3639 3642 3641
3451 3642 3643 3641
3635 3642 3451 3641
3433 3434 3460 3630
3433 3460 3459 3644
3433 3629 3630 3644
3460 3630 3645 3644
3433 3630 3460 3644
3434 3437 3460 3630
3437 3463 3460 3646
3437 3460 3630 3646
3437 3630 3631 3646
3460 3630 3646 3645
3437 3438 3464 3632
3437 3464 3463 3646
3437 3631 3632 3646
3464 3632 3647 3646
3437 3632 3464 3646
3438 3439 3464 3632
3439 3466 3464 3648
3439 3464 3632 3648
3439 3632 3633 3648
3464 3632 3648 3647
3439 3440 3468 3649
3439 3468 3466 3648
3439 3633 3649 3648
3468 3649 3650 3648
3439 3649 3468 3648
3637 3451 3651 3641
3451 3474 3651 3653
3451 3651 3641 3653
3451 3641 3643 3653
3651 3641 3653 3652
3451 3452 3475 3654
3451 3475 3474 3653
3451 3643 3654 3653
3475 3654 3655 3653
3451 3654 3475 3653
3452 3454 3475 3654
3454 3476 3475 3657
3454 3475 3654 3657
3454 3654 3656 3657
3475 3654 3657 3655
3454 3456 3477 3658
3454 3477 3476 3657
3454 3656 3658 3657
3477 3658 3659 3657
3454 3658 3477 3657
3459 3460 3660 3644
3460 3661 3660 3663
3460 3660 3644 3663
3460 3644 3645 3663
3660 3644 3663 3662
3460 3463 3480 3646
3460 3480 3661 3663
3460 3645 3646 3663
3480 3646 3664 3663
3460 3646 3480 3663
3463 3464 3480 3646
3464 3481 3480 3665
3464 3480 3646 3665
3464 3646 3647 3665
3480 3646 3665 3664
3464 3466 3483 3648
3464 3483 3481 3665
3464 3647 3648 3665
3483 3648 3666 3665
3464 3648 3483 3665
3471 3472 3484 3667
3472 3485 3484 3670
3472 3484 3667 3670
3472 3667 3668 3670
3484 3667 3670 3669
3474 3475 3498 3653
3475 3487 3498 3672
3475 3498 3653 3672
3475 3653 3655 3672
3498 3653 3672 3671
3475 3476 3488 3657
3475 3488 3487 3672
3475 3655 3657 3672
3488 3657 3673 3672
3475 3657 3488 3672
3476 3477 3488 3657
3477 3489 3488 3674
3477 3488 3657 3674
3477 3657 3659 3674
3488 3657 3674 3673
3477 3492 3493 3675
3477 3493 3489 3674
3477 3659 3675 3674
3493 3675 3676 3674
3477 3675 3493 3674
3492 3677 3493 3675
3677 3678 3493 3680
3677 3493 3675 3680
3677 3675 3679 3680
3493 3675 3680 3676
3660 3661 3682 3663
3660 3682 3681 3683
3660 3662 3663 3683
3682 3663 3684 3683
3660 3663 3682 3683
3661 3480 3682 3663
3480 3685 3682 3686
3480 3682 3663 3686
3480 3663 3664 3686
3682 3663 3686 3684
3481 3483 3687 3665
3483 3688 3687 3690
3483 3687 3665 3690
3483 3665 3666 3690
3687 3665 3690 3689
3483 3691 3692 3693
3483 3692 3688 3690
3483 3666 3693 3690
3692 3693 3694 3690
3483 3693 3692 3690
3495 3498 3497 3695
3498 3499 3497 3697
3498 3497 3695 3697
3498 3695 3671 3697
3497 3695 3697 3696
3498 3487 3500 3672
3498 3500 3499 3697
3498 3671 3672 3697
3500 3672 3698 3697
3498 3672 3500 3697
3487 3488 3500 3672
3488 3501 3500 3699
3488 3500 3672 3699
3488 3672 3673 3699
3500 3672 3699 3698
3488 3489 3502 3674
3488 3502 3501 3699
3488 3673 3674 3699
3502 3674 3700 3699
3488 3674 3502 3699
3489 3493 3502 3674
3493 3504 3502 3701
3493 3502 3674 3701
3493 3674 3676 3701
3502 3674 3701 3700
3493 3678 3515 3680
3493 3515 3504 3701
3493 3676 3680 3701
3515 3680 3702 3701
3493 3680 3515 3701
3678 3703 3515 3680
3703 3704 3515 3706
3703 3515 3680 3706
3703 3680 3705 3706
3515 3680 3706 3702
3687 3688 3708 3690
3687 3708 3707 3709
3687 3689 3690 3709
3708 3690 3710 3709
3687 3690 3708 3709
3499 3500 3507 3697
3500 3508 3507 3712
3500 3507 3697 3712
3500 3697 3698 3712
3507 3697 3712 3711
3500 3501 3509 3699
3500 3509 3508 3712
3500 3698 3699 3712
3509 3699 3713 3712
3500 3699 3509 3712
3501 3502 3509 3699
3502 3510 3509 3714
3502 3509 3699 3714
3502 3699 3700 3714
3509 3699 3714 3713
3502 3504 3512 3701
3502 3512 3510 3714
3502 3700 3701 3714
3512 3701 3715 3714
3502 3701 3512 3714
3504 3515 3512 3701
3515 3516 3512 3716
3515 3512 3701 3716
3515 3701 3702 3716
3512 3701 3716 3715
3515 3704 3717 3706
3515 3717 3516 3716
3515 3702 3706 3716
3717 3706 3718 3716
3515 3706 3717 3716
3719 3505 3720 3721
3505 3517 3720 3724
3505 3720 3721 3724
3505 3721 3722 3724
3720 3721 3724 3723
3505 3506 3518 3725
3505 3518 3517 3724
3505 3722 3725 3724
3518 3725 3726 3724
3505 3725 3518 3724
3506 3507 3518 3725
3507 3519 3518 3727
3507 3518 3725 3727
3507 3725 3711 3727
3518 3725 3727 3726
3507 3508 3520 3712
3507 3520 3519 3727
3507 3711 3712 3727
3520 3712 3728 3727
3507 3712 3520 3727
3508 3509 3520 3712
3509 3521 3520 3729
3509 3520 3712 3729
3509 3712 3713 3729
3520 3712 3729 3728
3509 3510 3522 3714
3509 3522 3521 3729
3509 3713 3714 3729
3522 3714 3730 3729
3509 3714 3522 3729
3510 3512 3522 3714
3512 3524 3522 3731
3512 3522 3714 3731
3512 3714 3715 3731
3522 3714 3731 3730
3512 3516 3526 3716
3512 3526 3524 3731
3512 3715 3716 3731
3526 3716 3732 3731
3512 3716 3526 3731
3516 3717 3526 3716
3717 3733 3526 3734
3717 3526 3716 3734
3717 3716 3718 3734
3526 3716 3734 3732
3517 3518 3527 3724
3518 3528 3527 3736
3518 3527 3724 3736
3518 3724 3726 3736
3527 3724 3736 3735
3518 3519 3529 3727
3518 3529 3528 3736
3518 3726 3727 3736
3529 3727 3737 3736
3518 3727 3529 3736
3519 3520 3529 3727
3520 3530 3529 3738
3520 3529 3727 3738
3520 3727 3728 3738
3529 3727 3738 3737
3520 3521 3531 3729
3520 3531 3530 3738
3520 3728 3729 3738
3531 3729 3739 3738
3520 3729 3531 3738
3521 3522 3531 3729
3522 3533 3531 3740
3522 3531 3729 3740
3522 3729 3730 3740
3531 3729 3740 3739
3522 3524 3535 3731
3522 3535 3533 3740
3522 3730 3731 3740
3535 3731 3741 3740
3522 3731 3535 3740
3524 3526 3535 3731
3526 3537 3535 3742
3526 3535 3731 3742
3526 3731 3732 3742
3535 3731 3742 3741
3527 3528 3541 3736
3527 3541 3540 3743
3527 3735 3736 3743
3541 3736 3744 3743
3527 3736 3541 3743
3528 3529 3541 3736
3529 3542 3541 3745
3529 3541 3736 3745
3529 3736 3737 3745
3541 3736 3745 3744
3529 3530 3543 3738
3529 3543 3542 3745
3529 3737 3738 3745
3543 3738 3746 3745
3529 3738 3543 3745
3530 3531 3543 3738
3531 3544 3543 3747
3531 3543 3738 3747
3531 3738 3739 3747
3543 3738 3747 3746
3531 3533 3546 3740
3531 3546 3544 3747
3531 3739 3740 3747
3546 3740 3748 3747
3531 3740 3546 3747
3533 3535 3546 3740
3535 3548 3546 3749
3535 3546 3740 3749
3535 3740 3741 3749
3546 3740 3749 3748
3535 3537 3550 3742
3535 3550 3548 3749
3535 3741 3742 3749
3550 3742 3750 3749
3535 3742 3550 3749
3540 3541 3554 3743
3541 3555 3554 3752
3541 3554 3743 3752
3541 3743 3744 3752
3554 3743 3752 3751
3541 3542 3556 3745
3541 3556 3555 3752
3541 3744 3745 3752
3556 3745 3753 3752
3541 3745 3556 3752
3542 3543 3556 3745
3543 3557 3556 3754
3543 3556 3745 3754
3543 3745 3746 3754
3556 3745 3754 3753
3543 3544 3558 3747
3543 3558 3557 3754
3543 3746 3747 3754
3558 3747 3755 3754
3543 3747 3558 3754
3544 3546 3558 3747
3546 3560 3558 3756
3546 3558 3747 3756
3546 3747 3748 3756
3558 3747 3756 3755
3546 3548 3562 3749
3546 3562 3560 3756
3546 3748 3749 3756
3562 3749 3757 3756
3546 3749 3562 3756
3548 3550 3562 3749
3550 3564 3562 3758
3550 3562 3749 3758
3550 3749 3750 3758
3562 3749 3758 3757
3565 3566 3568 3760
3565 3568 3567 3761
3565 3759 3760 3761
3568 3760 3762 3761
3565 3760 3568 3761
3566 3552 3568 3760
3552 3569 3568 3764
3552 3568 3760 3764
3552 3760 3763 3764
3568 3760 3764 3762
3552 3553 3570 3765
3552 3570 3569 3764
3552 3763 3765 3764
3570 3765 3766 3764
3552 3765 3570 3764
3553 3554 3570 3765
3554 3571 3570 3767
3554 3570 3765 3767
3554 3765 3751 3767
3570 3765 3767 3766
3554 3555 3572 3752
3554 3572 3571 3767
3554 3751 3752 3767
3572 3752 3768 3767
3554 3752 3572 3767
3555 3556 3572 3752
3556 3573 3572 3769
3556 3572 3752 3769
3556 3752 3753 3769
3572 3752 3769 3768
3556 3557 3574 3754
3556 3574 3573 3769
3556 3753 3754 3769
3574 3754 3770 3769
3556 3754 3574 3769
3557 3558 3574 3754
3558 3576 3574 3771
3558 3574 3754 3771
3558 3754 3755 3771
3574 3754 3771 3770
3558 3560 3772 3756
3558 3772 3576 3771
3558 3755 3756 3771
3772 3756 3773 3771
3558 3756 3772 3771
3580 3567 3582 3761
3580 3582 3581 3775
3580 3774 3761 3775
3582 3761 3776 3775
3580 3761 3582 3775
3567 3568 3582 3761
3568 3584 3582 3777
3568 3582 3761 3777
3568 3761 3762 3777
3582 3761 3777 3776
3569 3570 3585 3764
3570 3586 3585 3779
3570 3585 3764 3779
3570 3764 3766 3779
3585 3764 3779 3778
3570 3571 3587 3767
3570 3587 3586 3779
3570 3766 3767 3779
3587 3767 3780 3779
3570 3767 3587 3779
3593 3594 3596 3782
3593 3596 3595 3783
3593 3781 3782 3783
3596 3782 3784 3783
3593 3782 3596 3783
3594 3599 3596 3782
3599 3600 3596 3786
3599 3596 3782 3786
3599 3782 3785 3786
3596 3782 3786 3784
3596 3600 3603 3786
3596 3603 3602 3787
3596 3784 3786 3787
3603 3786 3788 3787
3596 3786 3603 3787
3602 3603 3605 3787
3603 3606 3605 3790
3603 3605 3787 3790
3603 3787 3788 3790
3605 3787 3790 3789
3614 3617 3618 3792
3614 3618 3616 3793
3614 3791 3792 3793
3618 3792 3794 3793
3614 3792 3618 3793
3617 3619 3618 3792
3619 3620 3618 3796
3619 3618 3792 3796
3619 3792 3795 3796
3618 3792 3796 3794
3797 3798 3638 3801
3797 3638 3799 3802
3797 3800 3801 3802
3638 3801 3803 3802
3797 3801 3638 3802
3799 3638 3804 3802
3638 3640 3804 3806
3638 3804 3802 3806
3638 3802 3803 3806
3804 3802 3806 3805
3638 3639 3641 3807
3638 3641 3640 3806
3638 3803 3807 3806
3641 3807 3808 3806
3638 3807 3641 3806
3639 3642 3641 3807
3642 3643 3641 3810
3642 3641 3807 3810
3642 3807 3809 3810
3641 3807 3810 3808
3629 3630 3644 3811
3630 3645 3644 3814
3630 3644 3811 3814
3630 3811 3812 3814
3644 3811 3814 3813
3641 3643 3653 3810
3641 3653 3652 3815
3641 3808 3810 3815
3653 3810 3816 3815
3641 3810 3653 3815
3643 3654 3653 3810
3654 3655 3653 3818
3654 3653 3810 3818
3654 3810 3817 3818
3653 3810 3818 3816
3654 3656 3657 3819
3654 3657 3655 3818
3654 3817 3819 3818
3657 3819 3820 3818
3654 3819 3657 3818
3644 3645 3663 3814
3644 3663 3662 3821
3644 3813 3814 3821
3663 3814 3822 3821
3644 3814 3663 3821
3645 3646 3663 3814
3646 3664 3663 3824
3646 3663 3814 3824
3646 3814 3823 3824
3663 3814 3824 3822
3646 3647 3665 3825
3646 3665 3664 3824
3646 3823 3825 3824
3665 3825 3826 3824
3646 3825 3665 3824
3653 3655 3672 3818
3653 3672 3671 3827
3653 3816 3818 3827
3672 3818 3828 3827
3653 3818 3672 3827
3655 3657 3672 3818
3657 3673 3672 3829
3657 3672 3818 3829
3657 3818 3820 3829
3672 3818 3829 3828
3657 3659 3674 3830
3657 3674 3673 3829
3657 3820 3830 3829
3674 3830 3831 3829
3657 3830 3674 3829
3659 3675 3674 3830
3675 3676 3674 3833
3675 3674 3830 3833
3675 3830 3832 3833
3674 3830 3833 3831
3662 3663 3683 3821
3663 3684 3683 3835
3663 3683 3821 3835
3663 3821 3822 3835
3683 3821 3835 3834
3663 3664 3686 3824
3663 3686 3684 3835
3663 3822 3824 3835
3686 3824 3836 3835
3663 3824 3686 3835
3664 3665 3686 3824
3665 3689 3686 3837
3665 3686 3824 3837
3665 3824 3826 3837
3686 3824 3837 3836
3665 3666 3690 3838
3665 3690 3689 3837
3665 3826 3838 3837
3690 3838 3839 3837
3665 3838 3690 3837
3695 3671 3697 3827
3695 3697 3696 3841
3695 3840 3827 3841
3697 3827 3842 3841
3695 3827 3697 3841
3671 3672 3697 3827
3672 3698 3697 3843
3672 3697 3827 3843
3672 3827 3828 3843
3697 3827 3843 3842
3672 3673 3699 3829
3672 3699 3698 3843
3672 3828 3829 3843
3699 3829 3844 3843
3672 3829 3699 3843
3673 3674 3699 3829
3674 3700 3699 3845
3674 3699 3829 3845
3674 3829 3831 3845
3699 3829 3845 3844
3674 3676 3701 3833
3674 3701 3700 3845
3674 3831 3833 3845
3701 3833 3846 3845
3674 3833 3701 3845
3676 3680 3701 3833
3680 3702 3701 3848
3680 3701 3833 3848
3680 3833 3847 3848
3701 3833 3848 3846
3680 3705 3706 3849
3680 3706 3702 3848
3680 3847 3849 3848
3706 3849 3850 3848
3680 3849 3706 3848
3705 3851 3706 3849
3851 3852 3706 3854
3851 3706 3849 3854
3851 3849 3853 3854
3706 3849 3854 3850
3855 3683 3856 3858
3683 3857 3856 3860
3683 3856 3858 3860
3683 3858 3834 3860
3856 3858 3860 3859
3683 3684 3861 3835
3683 3861 3857 3860
3683 3834 3835 3860
3861 3835 3862 3860
3683 3835 3861 3860
3684 3686 3861 3835
3686 3863 3861 3864
3686 3861 3835 3864
3686 3835 3836 3864
3861 3835 3864 3862
3686 3689 3709 3837
3686 3709 3863 3864
3686 3836 3837 3864
3709 3837 3865 3864
3686 3837 3709 3864
3689 3690 3709 3837
3690 3710 3709 3866
3690 3709 3837 3866
3690 3837 3839 3866
3709 3837 3866 3865
3867 3868 3869 3871
3868 3870 3869 3874
3868 3869 3871 3874
3868 3871 3872 3874
3869 3871 3874 3873
3868 3875 3876 3877
3868 3876 3870 3874
3868 3872 3877 3874
3876 3877 3878 3874
3868 3877 3876 3874
3698 3699 3712 3843
3699 3713 3712 3880
3699 3712 3843 3880
3699 3843 3844 3880
3712 3843 3880 3879
3699 3700 3714 3845
3699 3714 3713 3880
3699 3844 3845 3880
3714 3845 3881 3880
3699 3845 3714 3880
3700 3701 3714 3845
3701 3715 3714 3882
3701 3714 3845 3882
3701 3845 3846 3882
3714 3845 3882 3881
3701 3702 3716 3848
3701 3716 3715 3882
3701 3846 3848 3882
3716 3848 3883 3882
3701 3848 3716 3882
3702 3706 3716 3848
3706 3718 3716 3884
3706 3716 3848 3884
3706 3848 3850 3884
3716 3848 3884 3883
3706 3852 3885 3854
3706 3885 3718 3884
3706 3850 3854 3884
3885 3854 3886 3884
3706 3854 3885 3884
3852 3856 3885 3854
3856 3887 3885 3888
3856 3885 3854 3888
3856 3854 3859 3888
3885 3854 3888 3886
3857 3861 3889 3860
3861 3890 3889 3892
3861 3889 3860 3892
3861 3860 3862 3892
3889 3860 3892 3891
3870 3876 3893 3874
3876 3894 3893 3896
3876 3893 3874 3896
3876 3874 3878 3896
3893 3874 3896 3895
3876 3897 3898 3899
3876 3898 3894 3896
3876 3878 3899 3896
3898 3899 3900 3896
3876 3899 3898 3896
3897 3721 3898 3899
3721 3723 3898 3902
3721 3898 3899 3902
3721 3899 3901 3902
3898 3899 3902 3900
3722 3725 3724 3903
3725 3726 3724 3906
3725 3724 3903 3906
3725 3903 3904 3906
3724 3903 3906 3905
3725 3711 3727 3907
3725 3727 3726 3906
3725 3904 3907 3906
3727 3907 3908 3906
3725 3907 3727 3906
3711 3712 3727 3907
3712 3728 3727 3909
3712 3727 3907 3909
3712 3907 3879 3909
3727 3907 3909 3908
3712 3713 3729 3880
3712 3729 3728 3909
3712 3879 3880 3909
3729 3880 3910 3909
3712 3880 3729 3909
3713 3714 3729 3880
3714 3730 3729 3911
3714 3729 3880 3911
3714 3880 3881 3911
3729 3880 3911 3910
3714 3715 3731 3882
3714 3731 3730 3911
3714 3881 3882 3911
3731 3882 3912 3911
3714 3882 3731 3911
3715 3716 3731 3882
3716 3732 3731 3913
3716 3731 3882 3913
3716 3882 3883 3913
3731 3882 3913 3912
3716 3718 3734 3884
3716 3734 3732 3913
3716 3883 3884 3913
3734 3884 3914 3913
3716 3884 3734 3913
3718 3885 3734 3884
3885 3915 3734 3916
3885 3734 3884 3916
3885 3884 3886 3916
3734 3884 3916 3914
3885 3887 3917 3888
3885 3917 3915 3916
3885 3886 3888 3916
3917 3888 3918 3916
3885 3888 3917 3916
3894 3898 3919 3896
3898 3920 3919 3922
3898 3919 3896 3922
3898 3896 3900 3922
3919 3896 3922 3921
3898 3723 3923 3902
3898 3923 3920 3922
3898 3900 3902 3922
3923 3902 3924 3922
3898 3902 3923 3922
3723 3724 3923 3902
3724 3735 3923 3925
3724 3923 3902 3925
3724 3902 3905 3925
3923 3902 3925 3924
3724 3726 3736 3906
3724 3736 3735 3925
3724 3905 3906 3925
3736 3906 3926 3925
3724 3906 3736 3925
3726 3727 3736 3906
3727 3737 3736 3927
3727 3736 3906 3927
3727 3906 3908 3927
3736 3906 3927 3926
3727 3728 3738 3909
3727 3738 3737 3927
3727 3908 3909 3927
3738 3909 3928 3927
3727 3909 3738 3927
3728 3729 3738 3909
3729 3739 3738 3929
3729 3738 3909 3929
3729 3909 3910 3929
3738 3909 3929 3928
3729 3730 3740 3911
3729 3740 3739 3929
3729 3910 3911 3929
3740 3911 3930 3929
3729 3911 3740 3929
3730 3731 3740 3911
3731 3741 3740 3931
3731 3740 3911 3931
3731 3911 3912 3931
3740 3911 3931 3930
3731 3732 3742 3913
3731 3742 3741 3931
3731 3912 3913 3931
3742 3913 3932 3931
3731 3913 3742 3931
3732 3734 3742 3913
3734 3933 3742 3934
3734 3742 3913 3934
3734 3913 3914 3934
3742 3913 3934 3932
3735 3736 3743 3925
3736 3744 3743 3936
3736 3743 3925 3936
3736 3925 3926 3936
3743 3925 3936 3935
3736 3737 3745 3927
3736 3745 3744 3936
3736 3926 3927 3936
3745 3927 3937 3936
3736 3927 3745 3936
3737 3738 3745 3927
3738 3746 3745 3938
3738 3745 3927 3938
3738 3927 3928 3938
3745 3927 3938 3937
3738 3739 3747 3929
3738 3747 3746 3938
3738 3928 3929 3938
3747 3929 3939 3938
3738 3929 3747 3938
3739 3740 3747 3929
3740 3748 3747 3940
3740 3747 3929 3940
3740 3929 3930 3940
3747 3929 3940 3939
3740 3741 3749 3931
3740 3749 3748 3940
3740 3930 3931 3940
3749 3931 3941 3940
3740 3931 3749 3940
3741 3742 3749 3931
3742 3750 3749 3942
3742 3749 3931 3942
3742 3931 3932 3942
3749 3931 3942 3941
3743 3744 3752 3936
3743 3752 3751 3943
3743 3935 3936 3943
3752 3936 3944 3943
3743 3936 3752 3943
3744 3745 3752 3936
3745 3753 3752 3945
3745 3752 3936 3945
3745 3936 3937 3945
3752 3936 3945 3944
3745 3746 3754 3938
3745 3754 3753 3945
3745 3937 3938 3945
3754 3938 3946 3945
3745 3938 3754 3945
3746 3747 3754 3938
3747 3755 3754 3947
3747 3754 3938 3947
3747 3938 3939 3947
3754 3938 3947 3946
3747 3748 3756 3940
3747 3756 3755 3947
3747 3939 3940 3947
3756 3940 3948 3947
3747 3940 3756 3947
3748 3749 3756 3940
3749 3757 3756 3949
3749 3756 3940 3949
3749 3940 3941 3949
3756 3940 3949 3948
3749 3750 3758 3942
3749 3758 3757 3949
3749 3941 3942 3949
3758 3942 3950 3949
3749 3942 3758 3949
3752 3753 3769 3945
3752 3769 3768 3951
3752 3944 3945 3951
3769 3945 3952 3951
3752 3945 3769 3951
3753 3754 3769 3945
3754 3770 3769 3953
3754 3769 3945 3953
3754 3945 3946 3953
3769 3945 3953 3952
3754 3755 3771 3947
3754 3771 3770 3953
3754 3946 3947 3953
3771 3947 3954 3953
3754 3947 3771 3953
3755 3756 3771 3947
3756 3773 3771 3955
3756 3771 3947 3955
3756 3947 3948 3955
3771 3947 3955 3954
3956 3957 3958 3960
3957 3959 3958 3963
3957 3958 3960 3963
3957 3960 3961 3963
3958 3960 3963 3962
3802 3803 3806 3965
3802 3806 3805 3966
3802 3964 3965 3966
3806 3965 3967 3966
3802 3965 3806 3966
3803 3807 3806 3965
3807 3808 3806 3969
3807 3806 3965 3969
3807 3965 3968 3969
3806 3965 3969 3967
3958 3959 3971 3963
3958 3971 3970 3972
3958 3962 3963 3972
3971 3963 3973 3972
3958 3963 3971 3972
3805 3806 3974 3966
3806 3975 3974 3977
3806 3974 3966 3977
3806 3966 3967 3977
3974 3966 3977 3976
3806 3808 3815 3969
3806 3815 3975 3977
3806 3967 3969 3977
3815 3969 3978 3977
3806 3969 3815 3977
3808 3810 3815 3969
3810 3816 3815 3980
3810 3815 3969 3980
3810 3969 3979 3980
3815 3969 3980 3978
3970 3971 3981 3972
3971 3982 3981 3984
3971 3981 3972 3984
3971 3972 3973 3984
3981 3972 3984 3983
3975 3815 3985 3977
3815 3840 3985 3987
3815 3985 3977 3987
3815 3977 3978 3987
3985 3977 3987 3986
3815 3816 3827 3980
3815 3827 3840 3987
3815 3978 3980 3987
3827 3980 3988 3987
3815 3980 3827 3987
3816 3818 3827 3980
3818 3828 3827 3990
3818 3827 3980 3990
3818 3980 3989 3990
3827 3980 3990 3988
3821 3822 3835 3992
3821 3835 3834 3993
3821 3991 3992 3993
3835 3992 3994 3993
3821 3992 3835 3993
3840 3827 3841 3987
3827 3842 3841 3996
3827 3841 3987 3996
3827 3987 3988 3996
3841 3987 3996 3995
3827 3828 3843 3990
3827 3843 3842 3996
3827 3988 3990 3996
3843 3990 3997 3996
3827 3990 3843 3996
3828 3829 3843 3990
3829 3844 3843 3999
3829 3843 3990 3999
3829 3990 3998 3999
3843 3990 3999 3997
3829 3831 3845 4000
3829 3845 3844 3999
3829 3998 4000 3999
3845 4000 4001 3999
3829 4000 3845 3999
3831 3833 3845 4000
3833 3846 3845 4003
3833 3845 4000 4003
3833 4000 4002 4003
3845 4000 4003 4001
3833 3847 3848 4004
3833 3848 3846 4003
3833 4002 4004 4003
3848 4004 4005 4003
3833 4004 3848 4003
3847 3849 3848 4004
3849 3850 3848 4007
3849 3848 4004 4007
3849 4004 4006 4007
3848 4004 4007 4005
3849 3853 3854 4008
3849 3854 3850 4007
3849 4006 4008 4007
3854 4008 4009 4007
3849 4008 3854 4007
3853 3858 3854 4008
3858 3859 3854 4011
3858 3854 4008 4011
3858 4008 4010 4011
3854 4008 4011 4009
3858 3834 3860 3993
3858 3860 3859 4011
3858 4010 3993 4011
3860 3993 4012 4011
3858 3993 3860 4011
3834 3835 3860 3993
3835 3862 3860 4013
3835 3860 3993 4013
3835 3993 3994 4013
3860 3993 4013 4012
3835 3836 3864 4014
3835 3864 3862 4013
3835 3994 4014 4013
3864 4014 4015 4013
3835 4014 3864 4013
3872 3877 3874 4016
3877 3878 3874 4019
3877 3874 4016 4019
3877 4016 4017 4019
3874 4016 4019 4018
3843 3844 3880 3999
3843 3880 3879 4020
3843 3997 3999 4020
3880 3999 4021 4020
3843 3999 3880 4020
3844 3845 3880 3999
3845 3881 3880 4022
3845 3880 3999 4022
3845 3999 4001 4022
3880 3999 4022 4021
3845 3846 3882 4003
3845 3882 3881 4022
3845 4001 4003 4022
3882 4003 4023 4022
3845 4003 3882 4022
3846 3848 3882 4003
3848 3883 3882 4024
3848 3882 4003 4024
3848 4003 4005 4024
3882 4003 4024 4023
3848 3850 3884 4007
3848 3884 3883 4024
3848 4005 4007 4024
3884 4007 4025 4024
3848 4007 3884 4024
3850 3854 3884 4007
3854 3886 3884 4026
3854 3884 4007 4026
3854 4007 4009 4026
3884 4007 4026 4025
3854 3859 3888 4011
3854 3888 3886 4026
3854 4009 4011 4026
3888 4011 4027 4026
3854 4011 3888 4026
3859 3860 3888 4011
3860 3891 3888 4028
3860 3888 4011 4028
3860 4011 4012 4028
3888 4011 4028 4027
3860 3862 3892 4013
3860 3892 3891 4028
3860 4012 4013 4028
3892 4013 4029 4028
3860 4013 3892 4028
3874 3878 3896 4019
3874 3896 3895 4030
3874 4018 4019 4030
3896 4019 4031 4030
3874 4019 3896 4030
3878 3899 3896 4019
3899 3900 3896 4033
3899 3896 4019 4033
3899 4019 4032 4033
3896 4019 4033 4031
3899 3901 3902 4034
3899 3902 3900 4033
3899 4032 4034 4033
3902 4034 4035 4033
3899 4034 3902 4033
3907 3879 3909 4020
3907 3909 3908 4037
3907 4036 4020 4037
3909 4020 4038 4037
3907 4020 3909 4037
3879 3880 3909 4020
3880 3910 3909 4039
3880 3909 4020 4039
3880 4020 4021 4039
3909 4020 4039 4038
3880 3881 3911 4022
3880 3911 3910 4039
3880 4021 4022 4039
3911 4022 4040 4039
3880 4022 3911 4039
3881 3882 3911 4022
3882 3912 3911 4041
3882 3911 4022 4041
3882 4022 4023 4041
3911 4022 4041 4040
3882 3883 3913 4024
3882 3913 3912 4041
3882 4023 4024 4041
3913 4024 4042 4041
3882 4024 3913 4041
3883 3884 3913 4024
3884 3914 3913 4043
3884 3913 4024 4043
3884 4024 4025 4043
3913 4024 4043 4042
3884 3886 3916 4026
3884 3916 3914 4043
3884 4025 4026 4043
3916 4026 4044 4043
3884 4026 3916 4043
3886 3888 3916 4026
3888 3918 3916 4045
3888 3916 4026 4045
3888 4026 4027 4045
3916 4026 4045 4044
3888 3891 4046 4028
3888 4046 3918 4045
3888 4027 4028 4045
4046 4028 4047 4045
3888 4028 4046 4045
3896 3900 3922 4033
3896 3922 3921 4048
3896 4031 4033 4048
3922 4033 4049 4048
3896 4033 3922 4048
3900 3902 3922 4033
3902 3924 3922 4050
3902 3922 4033 4050
3902 4033 4035 4050
3922 4033 4050 4049
3902 3905 3925 4051
3902 3925 3924 4050
3902 4035 4051 4050
3925 4051 4052 4050
3902 4051 3925 4050
3905 3906 3925 4051
3906 3926 3925 4054
3906 3925 4051 4054
3906 4051 4053 4054
3925 4051 4054 4052
3906 3908 3927 4037
3906 3927 3926 4054
3906 4053 4037 4054
3927 4037 4055 4054
3906 4037 3927 4054
3908 3909 3927 4037
3909 3928 3927 4056
3909 3927 4037 4056
3909 4037 4038 4056
3927 4037 4056 4055
3909 3910 3929 4039
3909 3929 3928 4056
3909 4038 4039 4056
3929 4039 4057 4056
3909 4039 3929 4056
3910 3911 3929 4039
3911 3930 3929 4058
3911 3929 4039 4058
3911 4039 4040 4058
3929 4039 4058 4057
3911 3912 3931 4041
3911 3931 3930 4058
3911 4040 4041 4058
3931 4041 4059 4058
3911 4041 3931 4058
3912 3913 3931 4041
3913 3932 3931 4060
3913 3931 4041 4060
3913 4041 4042 4060
3931 4041 4060 4059
3913 3914 3934 4043
3913 3934 3932 4060
3913 4042 4043 4060
3934 4043 4061 4060
3913 4043 3934 4060
3914 3916 3934 4043
3916 4062 3934 4063
3916 3934 4043 4063
3916 4043 4044 4063
3934 4043 4063 4061
3916 3918 4064 4045
3916 4064 4062 4063
3916 4044 4045 4063
4064 4045 4065 4063
3916 4045 4064 4063
3926 3927 3936 4054
3927 3937 3936 4067
3927 3936 4054 4067
3927 4054 4055 4067
3936 4054 4067 4066
3927 3928 3938 4056
3927 3938 3937 4067
3927 4055 4056 4067
3938 4056 4068 4067
3927 4056 3938 4067
3928 3929 3938 4056
3929 3939 3938 4069
3929 3938 4056 4069
3929 4056 4057 4069
3938 4056 4069 4068
3929 3930 3940 4058
3929 3940 3939 4069
3929 4057 4058 4069
3940 4058 4070 4069
3929 4058 3940 4069
3930 3931 3940 4058
3931 3941 3940 4071
3931 3940 4058 4071
3931 4058 4059 4071
3940 4058 4071 4070
3931 3932 3942 4060
3931 3942 3941 4071
3931 4059 4060 4071
3942 4060 4072 4071
3931 4060 3942 4071
3932 3934 3942 4060
3934 4073 3942 4074
3934 3942 4060 4074
3934 4060 4061 4074
3942 4060 4074 4072
3934 4062 4075 4063
3934 4075 4073 4074
3934 4061 4063 4074
4075 4063 4076 4074
3934 4063 4075 4074
3936 3937 3945 4067
3936 3945 3944 4077
3936 4066 4067 4077
3945 4067 4078 4077
3936 4067 3945 4077
3937 3938 3945 4067
3938 3946 3945 4079
3938 3945 4067 4079
3938 4067 4068 4079
3945 4067 4079 4078
3938 3939 3947 4069
3938 3947 3946 4079
3938 4068 4069 4079
3947 4069 4080 4079
3938 4069 3947 4079
3939 3940 3947 4069
3940 3948 3947 4081
3940 3947 4069 4081
3940 4069 4070 4081
3947 4069 4081 4080
3940 3941 3949 4071
3940 3949 3948 4081
3940 4070 4071 4081
3949 4071 4082 4081
3940 4071 3949 4081
3941 3942 3949 4071
3942 3950 3949 4083
3942 3949 4071 4083
3942 4071 4072 4083
3949 4071 4083 4082
3962 3963 3972 4084
3963 3973 3972 4087
3963 3972 4084 4087
3963 4084 4085 4087
3972 4084 4087 4086
3967 3969 3977 4088
3969 3978 3977 4091
3969 3977 4088 4091
3969 4088 4089 4091
3977 4088 4091 4090
3969 3979 3980 4092
3969 3980 3978 4091
3969 4089 4092 4091
3980 4092 4093 4091
3969 4092 3980 4091
3972 3973 3984 4087
3972 3984 3983 4094
3972 4086 4087 4094
3984 4087 4095 4094
3972 4087 3984 4094
3977 3978 3987 4091
3977 3987 3986 4096
3977 4090 4091 4096
3987 4091 4097 4096
3977 4091 3987 4096
3978 3980 3987 4091
3980 3988 3987 4098
3980 3987 4091 4098
3980 4091 4093 4098
3987 4091 4098 4097
3980 3989 3990 4099
3980 3990 3988 4098
3980 4093 4099 4098
3990 4099 4100 4098
3980 4099 3990 4098
3983 3984 4004 4094
3984 4006 4004 4102
3984 4004 4094 4102
3984 4094 4095 4102
4004 4094 4102 4101
3984 4103 4008 4104
3984 4008 4006 4102
3984 4095 4104 4102
4008 4104 4105 4102
3984 4104 4008 4102
3987 3988 3996 4098
3987 3996 3995 4106
3987 4097 4098 4106
3996 4098 4107 4106
3987 4098 3996 4106
3988 3990 3996 4098
3990 3997 3996 4108
3990 3996 4098 4108
3990 4098 4100 4108
3996 4098 4108 4107
3990 3998 3999 4109
3990 3999 3997 4108
3990 4100 4109 4108
3999 4109 4110 4108
3990 4109 3999 4108
3998 4000 3999 4109
4000 4001 3999 4112
4000 3999 4109 4112
4000 4109 4111 4112
3999 4109 4112 4110
4000 4002 4003 4113
4000 4003 4001 4112
4000 4111 4113 4112
4003 4113 4114 4112
4000 4113 4003 4112
4002 4004 4003 4113
4004 4005 4003 4115
4004 4003 4113 4115
4004 4113 4101 4115
4003 4113 4115 4114
4004 4006 4007 4102
4004 4007 4005 4115
4004 4101 4102 4115
4007 4102 4116 4115
4004 4102 4007 4115
4006 4008 4007 4102
4008 4009 4007 4117
4008 4007 4102 4117
4008 4102 4105 4117
4007 4102 4117 4116
4008 4010 4011 4118
4008 4011 4009 4117
4008 4105 4118 4117
4011 4118 4119 4117
4008 4118 4011 4117
4010 3993 4011 4118
3993 4012 4011 4121
3993 4011 4118 4121
3993 4118 4120 4121
4011 4118 4121 4119
3993 3994 4013 4122
3993 4013 4012 4121
3993 4120 4122 4121
4013 4122 4123 4121
3993 4122 4013 4121
3997 3999 4020 4108
3999 4021 4020 4125
3999 4020 4108 4125
3999 4108 4110 4125
4020 4108 4125 4124
3999 4001 4022 4112
3999 4022 4021 4125
3999 4110 4112 4125
4022 4112 4126 4125
3999 4112 4022 4125
4001 4003 4022 4112
4003 4023 4022 4127
4003 4022 4112 4127
4003 4112 4114 4127
4022 4112 4127 4126
4003 4005 4024 4115
4003 4024 4023 4127
4003 4114 4115 4127
4024 4115 4128 4127
4003 4115 4024 4127
4005 4007 4024 4115
4007 4025 4024 4129
4007 4024 4115 4129
4007 4115 4116 4129
4024 4115 4129 4128
4007 4009 4026 4117
4007 4026 4025 4129
4007 4116 4117 4129
4026 4117 4130 4129
4007 4117 4026 4129
4009 4011 4026 4117
4011 4027 4026 4131
4011 4026 4117 4131
4011 4117 4119 4131
4026 4117 4131 4130
4011 4012 4028 4121
4011 4028 4027 4131
4011 4119 4121 4131
4028 4121 4132 4131
4011 4121 4028 4131
4012 4013 4028 4121
4013 4029 4028 4133
4013 4028 4121 4133
4013 4121 4123 4133
4028 4121 4133 4132
4023 4024 4041 4127
4024 4042 4041 4135
4024 4041 4127 4135
4024 4127 4128 4135
4041 4127 4135 4134
4024 4025 4043 4129
4024 4043 4042 4135
4024 4128 4129 4135
4043 4129 4136 4135
4024 4129 4043 4135
4025 4026 4043 4129
4026 4044 4043 4137
4026 4043 4129 4137
4026 4129 4130 4137
4043 4129 4137 4136
4026 4027 4045 4131
4026 4045 4044 4137
4026 4130 4131 4137
4045 4131 4138 4137
4026 4131 4045 4137
4027 4028 4045 4131
4028 4047 4045 4139
4028 4045 4131 4139
4028 4131 4132 4139
4045 4131 4139 4138
4038 4039 4056 4140
4039 4057 4056 4143
4039 4056 4140 4143
4039 4140 4141 4143
4056 4140 4143 4142
4039 4040 4058 4144
4039 4058 4057 4143
4039 4141 4144 4143
4058 4144 4145 4143
4039 4144 4058 4143
4040 4041 4058 4144
4041 4059 4058 4146
4041 4058 4144 4146
4041 4144 4134 4146
4058 4144 4146 4145
4041 4042 4060 4135
4041 4060 4059 4146
4041 4134 4135 4146
4060 4135 4147 4146
4041 4135 4060 4146
4042 4043 4060 4135
4043 4061 4060 4148
4043 4060 4135 4148
4043 4135 4136 4148
4060 4135 4148 4147
4043 4044 4063 4137
4043 4063 4061 4148
4043 4136 4137 4148
4063 4137 4149 4148
4043 4137 4063 4148
4044 4045 4063 4137
4045 4065 4063 4150
4045 4063 4137 4150
4045 4137 4138 4150
4063 4137 4150 4149
4045 4047 4151 4139
4045 4151 4065 4150
4045 4138 4139 4150
4151 4139 4152 4150
4045 4139 4151 4150
4056 4057 4069 4143
4056 4069 4068 4153
4056 4142 4143 4153
4069 4143 4154 4153
4056 4143 4069 4153
4057 4058 4069 4143
4058 4070 4069 4155
4058 4069 4143 4155
4058 4143 4145 4155
4069 4143 4155 4154
4058 4059 4071 4146
4058 4071 4070 4155
4058 4145 4146 4155
4071 4146 4156 4155
4058 4146 4071 4155
4059 4060 4071 4146
4060 4072 4071 4157
4060 4071 4146 4157
4060 4146 4147 4157
4071 4146 4157 4156
4060 4061 4074 4148
4060 4074 4072 4157
4060 4147 4148 4157
4074 4148 4158 4157
4060 4148 4074 4157
4061 4063 4074 4148
4063 4076 4074 4159
4063 4074 4148 4159
4063 4148 4149 4159
4074 4148 4159 4158
4068 4069 4079 4153
4069 4080 4079 4161
4069 4079 4153 4161
4069 4153 4154 4161
4079 4153 4161 4160
4069 4070 4081 4155
4069 4081 4080 4161
4069 4154 4155 4161
4081 4155 4162 4161
4069 4155 4081 4161
4102 4105 4117 4164
4102 4117 4116 4165
4102 4163 4164 4165
4117 4164 4166 4165
4102 4164 4117 4165
4105 4118 4117 4164
4118 4119 4117 4168
4118 4117 4164 4168
4118 4164 4167 4168
4117 4164 4168 4166
4114 4115 4127 4169
4115 4128 4127 4172
4115 4127 4169 4172
4115 4169 4170 4172
4127 4169 4172 4171
4115 4116 4129 4165
4115 4129 4128 4172
4115 4170 4165 4172
4129 4165 4173 4172
4115 4165 4129 4172
4116 4117 4129 4165
4117 4130 4129 4174
4117 4129 4165 4174
4117 4165 4166 4174
4129 4165 4174 4173
4117 4119 4131 4168
4117 4131 4130 4174
4117 4166 4168 4174
4131 4168 4175 4174
4117 4168 4131 4174
4119 4121 4131 4168
4121 4132 4131 4177
4121 4131 4168 4177
4121 4168 4176 4177
4131 4168 4177 4175
4127 4128 4135 4172
4127 4135 4134 4178
4127 4171 4172 4178
4135 4172 4179 4178
4127 4172 4135 4178
4128 4129 4135 4172
4129 4136 4135 4180
4129 4135 4172 4180
4129 4172 4173 4180
4135 4172 4180 4179
4129 4130 4137 4174
4129 4137 4136 4180
4129 4173 4174 4180
4137 4174 4181 4180
4129 4174 4137 4180
4130 4131 4137 4174
4131 4138 4137 4182
4131 4137 4174 4182
4131 4174 4175 4182
4137 4174 4182 4181
4131 4132 4139 4177
4131 4139 4138 4182
4131 4175 4177 4182
4139 4177 4183 4182
4131 4177 4139 4182
4135 4136 4148 4180
4135 4148 4147 4184
4135 4179 4180 4184
4148 4180 4185 4184
4135 4180 4148 4184
4136 4137 4148 4180
4137 4149 4148 4186
4137 4148 4180 4186
4137 4180 4181 4186
4148 4180 4186 4185
4137 4138 4150 4182
4137 4150 4149 4186
4137 4181 4182 4186
4150 4182 4187 4186
4137 4182 4150 4186
4147 4148 4157 4184
4148 4158 4157 4189
4148 4157 4184 4189
4148 4184 4185 4189
4157 4184 4189 4188
4148 4149 4159 4186
4148 4159 4158 4189
4148 4185 4186 4189
4159 4186 4190 4189
4148 4186 4159 4189

EDGES
0 1
0 2
0 3
0 4
0 5
0 6
1 3
1 5
1 8
2 3
2 6
2 12
3 5
3 6
3 7
3 8
3 9
3 11
3 12
3 13
3 15
3 16
4 5
4 6
5 6
5 7
5 8
5 10
5 11
5 38
5 39
5 40
6 7
6 12
6 14
6 15
7 11
7 15
7 40
8 9
8 10
8 11
9 11
9 16
10 11
10 39
11 15
11 16
11 17
11 39
11 40
11 41
11 43
12 13
12 14
12 15
13 15
13 16
14 15
15 16
15 17
15 40
15 42
15 43
16 17
17 43
18 19
18 20
18 22
19 20
19 21
19 22
19 23
19 25
20 21
20 22
20 24
20 25
20 26
20 27
20 28
21 25
21 27
22 23
22 24
22 25
23 25
24 25
24 28
25 27
25 28
25 29
26 27
26 28
26 30
26 32
27 28
27 29
27 32
27 36
27 37
28 29
28 30
28 32
28 33
28 34
28 35
28 37
28 44
28 45
28 47
28 48
29 37
29 48
30 31
30 32
30 33
30 34
31 32
31 34
32 34
32 35
32 36
32 37
33 34
33 44
34 35
34 44
34 46
34 47
34 50
34 51
34 52
35 37
35 47
35 51
36 37
37 47
37 48
37 49
37 51
37 54
37 55
38 39
38 40
38 62
38 66
39 40
39 41
39 62
39 63
39 65
39 66
39 67
39 68
39 69
39 71
39 73
39 74
40 41
40 42
40 43
40 66
40 72
40 73
41 43
41 73
41 74
42 43
44 45
44 46
44 47
45 47
45 48
46 47
46 52
46 76
47 48
47 49
47 51
47 52
47 53
47 55
47 76
47 77
47 79
47 80
48 49
49 55
49 80
50 51
50 52
50 56
51 52
51 53
51 54
51 55
51 56
51 57
51 59
51 60
52 53
52 56
52 58
52 59
52 76
52 78
52 79
52 82
53 55
53 59
53 79
54 55
54 60
55 59
55 60
55 61
55 79
55 80
55 81
55 84
56 57
56 58
56 59
57 59
57 60
58 59
58 82
58 85
59 60
59 61
59 79
59 82
59 83
59 84
59 85
59 86
59 88
60 61
61 84
62 63
62 64
62 65
62 66
63 65
63 68
64 65
64 66
64 89
65 66
65 67
65 68
65 70
65 71
65 89
65 90
65 92
65 93
66 67
66 72
66 73
66 89
66 91
66 92
66 95
67 71
67 73
67 92
68 69
68 70
68 71
69 71
69 74
70 71
70 93
71 73
71 74
71 75
71 92
71 93
71 94
71 97
72 73
72 95
73 74
73 75
73 92
73 95
73 96
73 97
74 75
75 97
76 77
76 78
76 79
77 79
77 80
78 79
78 82
78 114
79 80
79 81
79 82
79 83
79 84
79 114
79 115
79 117
79 118
80 81
81 84
81 118
82 83
82 85
82 87
82 88
82 114
82 116
82 117
82 120
83 84
83 88
83 117
84 88
84 117
84 118
84 119
84 122
84 123
85 86
85 87
85 88
86 88
87 88
87 89
87 120
88 89
88 90
88 93
88 117
88 120
88 121
88 122
88 123
88 125
89 90
89 91
89 92
89 120
89 124
89 125
89 127
90 92
90 93
90 125
91 92
91 95
91 127
92 93
92 94
92 95
92 96
92 97
92 125
92 127
92 128
92 129
92 130
93 94
93 122
93 123
93 125
93 126
93 129
94 97
94 129
95 96
96 97
96 130
97 129
97 130
97 131
98 99
98 100
98 101
98 102
98 103
98 104
99 101
99 103
99 106
100 101
100 104
101 103
101 104
101 105
101 106
101 107
101 109
101 110
101 111
101 112
102 103
102 104
102 132
103 104
103 105
103 106
103 108
103 109
103 132
103 133
103 135
103 136
104 105
104 132
104 134
104 135
105 109
105 112
105 135
106 107
106 108
106 109
107 109
107 111
108 109
108 136
109 111
109 112
109 113
109 135
109 136
109 137
109 139
110 111
110 112
111 112
111 113
112 113
112 135
112 138
112 139
113 139
114 115
114 116
114 117
115 117
115 118
116 117
116 120
116 168
117 118
117 119
117 120
117 121
117 123
117 168
117 169
117 171
117 172
118 119
119 123
119 172
120 121
120 124
120 125
120 168
120 170
120 171
120 174
121 123
121 125
121 171
122 123
123 125
123 126
123 171
123 172
123 173
123 176
124 125
124 127
124 174
125 126
125 127
125 128
125 129
125 171
125 174
125 175
125 176
125 178
126 129
126 176
127 128
127 130
127 174
127 177
127 178
127 180
127 181
128 129
128 130
128 178
129 130
129 131
129 176
129 178
129 179
130 131
130 178
130 180
130 181
130 182
130 183
130 184
130 186
132 133
132 134
132 135
132 187
132 189
132 190
133 135
133 136
133 183
133 187
134 135
134 190
135 136
135 137
135 138
135 139
135 187
135 190
135 191
135 192
136 137
136 183
136 184
136 186
136 187
136 188
136 192
137 139
137 192
138 139
140 141
140 142
140 144
141 142
141 143
141 144
141 145
141 147
141 148
141 149
141 150
142 143
142 144
142 146
142 147
143 147
143 149
144 145
144 146
144 147
144 203
144 207
144 208
145 147
145 150
145 201
145 203
146 147
146 208
147 149
147 150
147 151
147 203
147 208
147 209
147 210
148 149
148 150
149 150
149 151
150 151
150 195
150 196
150 199
150 201
150 203
150 204
150 205
150 206
150 210
151 210
152 153
152 154
152 155
152 156
152 157
152 158
153 155
153 157
154 155
154 158
154 160
154 162
155 157
155 158
155 159
155 162
155 166
155 167
156 157
156 158
157 158
157 159
158 159
158 160
158 162
158 163
158 164
158 165
158 167
158 211
158 212
158 213
159 167
159 212
160 161
160 162
160 163
160 164
161 162
161 164
162 164
162 165
162 166
162 167
163 164
164 165
165 167
165 213
165 215
166 167
167 212
167 213
167 214
167 215
167 216
167 218
168 169
168 170
168 171
168 219
168 220
168 221
169 171
169 172
169 220
170 171
170 174
170 221
171 172
171 173
171 174
171 175
171 176
171 220
171 221
171 222
171 224
171 226
172 173
172 220
172 223
172 224
173 176
173 224
174 175
174 177
174 178
174 221
174 225
174 226
174 228
175 176
175 178
175 226
176 178
176 179
176 224
176 226
176 227
176 230
177 178
177 181
177 228
178 179
178 181
178 182
178 226
178 228
178 229
178 230
178 232
178 233
179 230
179 233
180 181
180 183
181 182
181 183
181 185
181 186
181 228
181 231
181 232
181 235
182 186
182 232
182 233
183 184
183 185
183 186
183 187
184 186
185 186
185 187
185 235
186 187
186 188
186 232
186 235
186 236
186 238
187 188
187 189
187 190
187 191
187 192
187 235
187 237
187 238
188 192
188 238
189 190
190 191
191 192
193 194
193 195
193 196
193 197
193 198
193 199
194 196
194 198
195 196
195 199
195 201
196 198
196 199
196 200
196 205
196 206
197 198
197 199
197 239
198 199
198 200
198 239
198 240
198 242
199 200
199 201
199 202
199 203
199 204
199 206
199 239
199 241
199 242
199 245
199 248
200 206
200 242
201 202
201 203
202 203
202 243
202 245
203 204
203 207
203 208
203 209
203 210
203 243
203 245
203 246
203 247
203 248
203 251
204 206
204 210
204 248
205 206
206 242
206 248
206 249
207 208
207 243
207 246
208 209
208 246
208 250
208 251
209 210
209 251
210 248
210 251
210 252
211 212
211 213
212 213
212 214
213 214
213 215
213 217
213 218
213 271
213 272
213 273
214 218
214 272
215 216
215 217
215 218
216 218
217 218
217 273
217 275
218 272
218 273
218 274
218 275
218 276
218 278
219 220
219 221
220 221
220 222
220 223
220 224
221 222
221 225
221 226
221 279
221 280
221 281
222 224
222 226
222 280
223 224
224 226
224 227
224 280
224 283
224 284
224 285
224 286
224 287
225 226
225 228
225 281
226 227
226 228
226 229
226 230
226 280
226 281
226 282
226 284
226 290
227 230
227 284
227 286
228 229
228 231
228 232
228 281
228 289
228 290
228 294
229 230
229 232
229 290
230 232
230 233
230 234
230 284
230 286
230 290
230 291
230 292
230 293
230 296
231 232
231 235
231 294
232 233
232 234
232 235
232 236
232 290
232 294
232 295
232 296
233 234
234 296
235 236
235 237
235 238
236 238
237 238
239 240
239 241
239 242
240 242
241 242
241 245
241 248
241 301
242 248
242 249
243 244
243 245
243 246
244 245
244 246
244 297
245 246
245 247
245 248
245 297
245 298
245 300
245 301
246 247
246 250
246 251
246 297
246 299
246 300
246 303
247 248
247 251
247 300
248 249
248 251
248 252
248 300
248 301
248 302
248 305
250 251
250 303
251 252
251 300
251 303
251 304
251 305
252 305
253 254
253 255
253 257
254 255
254 256
254 257
254 258
254 260
254 261
254 262
254 263
255 256
255 257
255 259
255 260
255 265
255 266
255 267
256 260
256 262
256 266
257 258
257 259
257 260
257 306
257 307
257 308
258 260
258 263
258 307
259 260
259 267
259 308
260 262
260 263
260 264
260 266
260 267
260 268
260 270
260 307
260 308
260 309
260 311
260 313
261 262
261 263
262 263
262 264
262 266
262 269
262 270
263 264
263 307
263 310
263 311
264 270
264 311
265 266
265 267
266 267
266 268
266 269
266 270
267 268
267 308
267 312
267 313
268 270
268 313
269 270
270 311
270 313
270 314
271 272
271 273
271 315
272 273
272 274
272 315
272 316
272 318
273 274
273 275
273 277
273 278
273 315
273 317
273 318
273 319
274 278
274 318
275 276
275 277
275 278
276 278
277 278
277 319
278 318
278 319
278 320
279 280
279 281
279 321
279 324
280 281
280 282
280 283
280 284
280 324
280 327
280 328
280 329
281 282
281 289
281 290
281 321
281 322
281 324
281 325
281 326
281 328
281 341
281 343
282 284
282 290
282 328
283 284
283 287
283 329
284 286
284 287
284 288
284 290
284 291
284 293
284 328
284 329
284 330
284 332
284 345
285 286
285 287
286 287
286 288
286 292
286 293
287 288
287 329
287 331
287 332
288 293
288 332
289 290
289 294
289 341
289 343
290 291
290 294
290 295
290 296
290 328
290 343
290 344
290 345
290 348
291 293
291 296
291 345
292 293
293 332
293 345
293 346
294 295
294 343
294 347
294 348
295 296
295 348
296 345
296 348
296 349
297 298
297 299
297 300
297 358
297 359
297 360
298 300
298 301
298 359
299 300
299 303
299 360
300 301
300 302
300 303
300 304
300 305
300 359
300 360
300 361
300 363
300 369
301 302
301 359
301 362
301 363
301 364
301 365
301 366
302 305
302 363
302 365
303 304
303 360
303 368
303 369
304 305
304 369
305 363
305 369
305 370
306 307
306 308
307 308
307 309
307 310
307 311
308 309
308 312
308 313
308 371
308 372
308 373
308 374
308 376
308 377
309 311
309 313
309 377
310 311
311 313
311 314
312 313
312 372
312 376
312 380
313 314
313 376
313 377
313 378
313 380
313 383
313 384
315 316
315 317
315 318
316 318
317 318
317 319
317 391
317 393
318 319
318 320
318 393
318 396
318 397
319 320
319 331
319 391
319 393
319 394
319 395
319 397
319 407
319 408
319 409
320 397
320 408
321 322
321 323
321 324
321 325
322 325
322 334
322 341
323 324
323 325
323 398
324 325
324 326
324 327
324 328
324 398
324 399
324 401
324 402
325 326
325 334
325 338
325 340
325 341
325 342
325 343
325 398
325 400
325 401
325 412
325 415
326 328
326 343
326 401
327 328
327 329
327 402
328 329
328 330
328 343
328 344
328 345
328 401
328 402
328 403
328 405
328 417
329 330
329 331
329 332
329 394
329 402
329 404
329 405
330 332
330 345
330 405
331 332
331 391
331 394
332 345
332 346
332 394
332 405
332 406
332 419
333 334
333 335
333 337
334 335
334 336
334 337
334 338
334 340
334 341
335 336
335 337
335 339
335 340
336 340
336 341
337 338
337 339
337 340
337 411
337 412
337 413
338 340
338 412
339 340
339 413
340 341
340 342
340 412
340 413
340 414
340 415
341 342
341 343
342 343
342 415
343 344
343 347
343 348
343 401
343 415
343 416
343 417
344 345
344 348
344 417
345 346
345 348
345 349
345 405
345 417
345 418
345 419
345 421
346 419
347 348
348 349
348 417
348 420
348 421
349 421
350 351
350 352
350 354
351 352
351 353
351 354
351 355
351 357
352 353
352 354
352 356
352 357
353 357
354 355
354 356
354 357
354 422
354 423
354 424
355 357
355 423
356 357
356 366
356 424
356 427
357 366
357 423
357 424
357 425
357 433
357 434
358 359
358 360
359 360
359 361
359 362
359 363
359 426
359 427
359 428
359 430
359 431
359 435
360 361
360 368
360 369
361 363
361 369
361 435
362 363
362 366
362 427
362 431
363 365
363 366
363 367
363 369
363 370
363 431
363 435
363 436
363 437
364 365
364 366
365 366
365 367
366 367
366 424
366 427
366 431
366 432
366 433
366 434
366 437
367 437
368 369
369 370
371 372
371 373
372 373
372 375
372 376
372 379
372 380
372 381
373 374
373 375
373 376
374 376
374 377
375 376
375 381
375 438
376 377
376 378
376 380
376 381
376 382
376 384
376 438
376 439
376 441
376 442
377 378
378 384
378 442
379 380
379 381
379 385
380 381
380 382
380 383
380 384
380 385
380 386
380 388
380 389
381 382
381 385
381 387
381 388
381 438
381 440
381 441
381 444
382 384
382 388
382 441
383 384
383 389
384 388
384 389
384 390
384 441
384 442
384 443
384 446
385 386
385 387
385 388
386 388
386 389
387 388
387 444
387 447
388 389
388 390
388 441
388 444
388 445
388 446
388 447
388 448
388 450
388 451
389 390
390 446
390 451
391 392
391 393
391 394
392 393
392 394
392 453
393 394
393 395
393 396
393 397
393 453
393 454
393 456
393 457
394 395
394 404
394 405
394 406
394 409
394 453
394 455
394 456
394 460
394 463
395 397
395 409
395 456
396 397
396 457
397 408
397 409
397 410
397 456
397 457
397 458
397 465
398 399
398 400
398 401
399 401
399 402
400 401
400 412
400 415
401 402
401 403
401 415
401 416
401 417
402 403
402 404
402 405
402 459
402 460
402 461
403 405
403 417
403 461
404 405
404 460
405 406
405 417
405 418
405 419
405 460
405 461
405 462
405 463
405 467
406 409
406 419
406 463
407 408
407 409
408 409
408 410
409 410
409 419
409 456
409 463
409 464
409 465
409 469
409 470
410 465
411 412
411 413
412 413
412 414
412 415
413 414
414 415
415 416
416 417
417 418
417 420
417 421
417 461
417 466
417 467
418 419
418 421
418 467
419 463
419 467
419 468
419 469
419 470
420 421
422 423
422 424
423 424
423 425
424 425
424 427
424 429
424 431
424 432
424 434
424 508
424 511
424 512
424 513
425 434
425 513
426 427
426 428
427 428
427 429
427 431
428 429
428 430
428 431
428 507
428 508
428 509
429 431
429 508
430 431
430 435
430 509
431 432
431 435
431 436
431 437
431 508
431 509
431 510
431 512
431 516
432 434
432 437
432 512
433 434
434 437
434 512
434 513
434 514
434 518
434 519
435 436
435 509
435 515
435 516
436 437
436 516
437 512
437 516
437 517
437 518
437 519
438 439
438 440
438 441
438 520
438 521
438 522
438 524
438 525
438 526
439 441
439 442
439 521
439 525
440 441
440 444
440 526
441 442
441 443
441 444
441 445
441 446
441 525
441 526
441 527
441 529
441 530
442 443
443 446
443 530
443 532
444 445
444 447
444 449
444 450
444 526
444 528
444 529
444 536
445 446
445 450
445 529
446 450
446 451
446 452
446 529
446 530
446 531
446 532
446 533
446 535
446 538
446 539
447 448
447 449
447 450
448 450
448 451
449 450
449 536
449 549
450 451
450 452
450 529
450 536
450 537
450 538
450 549
450 550
450 552
450 553
451 452
452 538
452 539
452 553
453 454
453 455
453 456
453 460
453 555
453 556
453 565
453 566
453 567
454 456
454 457
454 567
455 456
455 460
455 463
455 566
456 457
456 458
456 463
456 464
456 465
456 566
456 567
456 568
456 570
456 578
457 458
457 567
457 569
457 570
458 465
458 570
459 460
459 461
459 553
459 561
459 563
460 461
460 462
460 463
460 553
460 555
460 556
460 563
460 564
460 566
460 576
461 462
461 466
461 467
461 563
461 575
461 576
461 580
461 581
461 582
461 584
462 463
462 467
462 576
463 464
463 467
463 468
463 470
463 566
463 576
463 577
463 578
463 586
464 465
464 470
464 578
465 470
465 570
465 578
465 579
465 588
465 589
466 467
466 581
466 584
467 468
467 576
467 584
467 585
467 586
468 470
468 586
469 470
470 578
470 586
470 587
470 588
470 589
471 472
471 473
471 475
472 473
472 474
472 475
472 476
472 478
472 479
472 480
472 481
473 474
473 475
473 477
473 478
473 487
473 488
473 489
474 478
474 480
474 488
475 476
475 477
475 478
475 596
475 597
475 598
475 599
475 601
475 602
476 478
476 481
476 602
477 478
477 489
477 597
477 601
478 480
478 481
478 482
478 488
478 489
478 490
478 492
478 601
478 602
478 603
478 604
478 609
479 480
479 481
479 483
480 481
480 482
480 483
480 484
480 486
480 488
480 491
480 492
480 493
481 482
481 483
481 485
481 486
481 590
481 591
481 592
481 594
481 595
481 602
481 604
482 486
482 492
482 604
483 484
483 485
483 486
484 486
484 493
485 486
485 591
485 595
486 492
486 493
486 494
486 595
486 604
486 605
486 611
487 488
487 489
488 489
488 490
488 491
488 492
489 490
489 597
489 601
489 606
489 607
489 608
489 609
490 492
490 609
491 492
491 493
492 493
492 494
492 604
492 609
492 610
492 611
493 494
494 611
495 496
495 497
495 499
496 497
496 498
496 499
496 500
496 502
496 503
496 504
496 505
497 498
497 499
497 501
497 502
498 502
498 504
499 500
499 501
499 502
499 612
499 613
499 614
500 502
500 505
500 613
501 502
501 614
501 618
501 620
502 504
502 505
502 506
502 613
502 614
502 615
502 617
502 620
502 624
502 625
503 504
503 505
504 505
504 506
505 506
505 613
505 616
505 617
506 617
507 508
507 509
508 509
508 510
508 511
508 512
508 626
508 627
508 628
509 510
509 515
509 516
510 512
510 516
510 628
511 512
511 513
511 627
512 513
512 514
512 516
512 517
512 519
512 627
512 628
512 629
512 631
512 633
513 514
513 627
513 630
513 631
514 519
514 631
515 516
516 517
516 628
516 632
516 633
517 519
517 633
518 519
519 631
519 633
519 634
520 521
520 522
521 522
521 523
521 525
522 523
522 524
522 525
523 525
524 525
524 526
525 526
525 527
526 527
526 528
526 529
527 529
527 530
528 529
528 536
529 530
529 531
529 536
529 537
529 538
530 531
530 532
530 534
530 535
531 535
531 538
532 533
532 534
532 535
533 535
533 539
534 535
535 538
535 539
535 540
536 537
536 549
536 551
536 552
537 538
537 552
537 647
538 539
538 540
538 552
538 553
538 554
538 556
538 647
538 648
538 650
538 651
539 540
539 553
539 555
539 556
540 556
540 651
541 542
541 543
541 545
542 543
542 544
542 545
542 546
542 548
543 544
543 545
543 547
543 548
543 557
543 558
543 559
544 548
544 558
545 546
545 547
545 548
545 635
545 636
545 637
545 639
545 640
545 641
545 642
545 643
545 645
546 548
546 636
546 640
547 548
547 559
547 642
547 645
548 558
548 559
548 560
548 640
548 645
548 646
548 654
549 550
549 551
549 552
550 552
550 553
550 561
551 552
552 553
552 554
552 561
552 562
552 563
552 647
552 649
552 650
552 655
553 554
553 555
553 556
553 561
553 563
554 556
554 563
554 650
555 556
556 563
556 564
556 565
556 566
556 650
556 651
556 652
556 657
556 658
557 558
557 559
557 571
558 559
558 560
558 571
558 572
558 574
559 560
559 571
559 573
559 574
559 645
559 653
559 654
559 664
560 574
560 654
561 562
561 563
562 563
562 655
563 564
563 575
563 576
563 650
563 655
563 656
563 657
563 666
564 566
564 576
564 657
565 566
565 567
565 658
566 567
566 568
566 576
566 577
566 578
566 657
566 658
566 659
566 661
566 668
567 568
567 569
567 570
567 658
567 660
567 661
567 662
568 570
568 578
568 661
569 570
569 662
570 578
570 579
570 661
570 662
570 663
570 670
571 572
571 573
571 574
572 574
573 574
573 664
574 654
574 664
574 665
575 576
575 582
575 584
575 666
576 577
576 584
576 585
576 586
576 657
576 666
576 667
576 668
576 686
577 578
577 586
577 668
578 579
578 586
578 587
578 589
578 661
578 668
578 669
578 670
578 688
579 589
579 670
580 581
580 582
581 582
581 583
581 584
582 583
582 584
582 666
582 679
582 680
582 681
582 683
582 684
583 584
583 680
583 684
583 696
584 585
584 666
584 684
584 685
584 686
584 696
584 698
584 699
585 586
585 686
586 587
586 668
586 686
586 687
586 688
587 589
587 688
588 589
589 670
589 688
589 689
590 591
590 592
591 592
591 593
591 595
592 593
592 594
592 595
592 602
592 700
592 701
592 702
592 704
592 705
592 710
592 711
592 713
593 595
593 701
593 705
593 707
594 595
594 602
594 604
594 713
595 604
595 605
595 705
595 707
595 713
595 714
595 715
595 716
595 723
595 724
596 597
596 598
597 598
597 600
597 601
597 606
597 607
598 599
598 600
598 601
598 717
598 718
598 719
599 601
599 602
599 718
600 601
600 607
600 719
601 602
601 603
601 607
601 608
601 609
601 718
601 719
601 720
601 721
601 727
602 603
602 604
602 710
602 711
602 712
602 713
602 718
602 721
603 604
603 609
603 721
604 605
604 609
604 610
604 611
604 713
604 721
604 722
604 723
604 729
605 611
605 723
605 724
606 607
607 608
607 719
607 726
607 727
608 609
608 727
608 731
609 610
609 721
609 727
609 728
609 729
609 731
609 732
609 734
609 735
610 611
610 729
610 735
611 723
611 729
611 730
612 613
612 614
613 614
613 615
613 616
613 617
614 615
614 618
614 620
614 621
614 622
614 623
614 625
614 741
614 742
614 744
614 745
615 617
615 625
615 745
616 617
618 619
618 620
618 621
618 622
619 620
619 622
620 622
620 623
620 624
620 625
621 622
621 741
622 623
622 741
622 743
622 744
622 747
622 748
622 749
623 625
623 744
623 748
624 625
625 744
625 745
625 746
625 748
625 751
625 752
626 627
626 628
626 753
627 628
627 629
627 630
627 631
627 753
627 754
627 756
627 757
628 629
628 632
628 633
628 753
628 755
628 756
628 759
629 631
629 633
629 756
630 631
630 757
631 633
631 634
631 756
631 757
631 758
631 761
632 633
632 759
633 634
633 756
633 759
633 760
633 761
634 761
635 636
635 637
636 637
636 638
636 640
637 638
637 639
637 640
638 640
639 640
639 643
639 645
639 763
640 645
640 646
640 763
640 766
640 767
641 642
641 643
642 643
642 644
642 645
643 644
643 645
643 762
643 763
643 764
644 645
644 764
644 768
645 646
645 653
645 654
645 763
645 764
645 765
645 767
645 768
645 770
646 654
646 767
647 648
647 649
647 650
648 650
648 651
649 650
649 655
650 651
650 652
650 655
650 656
650 657
650 772
650 773
650 774
651 652
652 657
652 658
652 773
653 654
653 664
653 768
653 770
654 664
654 665
654 767
654 770
654 771
654 783
654 784
654 785
654 786
655 656
655 681
655 683
655 789
655 791
655 794
655 795
656 657
656 666
656 774
657 658
657 659
657 666
657 667
657 668
657 773
657 774
657 775
657 777
657 797
658 659
658 660
658 661
658 773
658 776
658 777
658 778
659 661
659 668
659 777
660 661
660 662
660 778
661 662
661 663
661 668
661 669
661 670
661 777
661 778
661 779
661 781
661 799
662 663
662 778
662 780
662 781
663 670
663 781
663 801
664 665
664 770
664 782
664 783
665 783
665 785
666 667
666 683
666 684
666 685
666 686
666 774
666 796
666 797
667 668
667 686
667 797
668 669
668 686
668 687
668 688
668 777
668 797
668 798
668 799
668 806
669 670
669 688
669 799
670 688
670 689
670 781
670 799
670 800
670 801
670 802
670 804
670 808
670 809
671 672
671 673
671 675
672 673
672 674
672 675
672 676
672 678
672 679
672 680
672 681
673 674
673 675
673 677
673 678
673 690
673 691
673 692
674 678
674 680
674 691
675 676
675 677
675 678
676 678
676 681
676 788
676 792
677 678
677 692
678 680
678 681
678 682
678 691
678 692
678 693
678 695
679 680
679 681
680 681
680 682
680 684
680 691
680 694
680 695
680 696
681 682
681 683
681 684
681 788
681 789
681 791
681 792
681 793
681 795
682 684
682 695
683 684
683 795
684 685
684 695
684 696
684 697
684 699
685 686
685 699
686 687
686 797
686 805
686 806
687 688
687 806
688 689
688 799
688 806
688 807
688 808
689 808
689 809
690 691
690 692
691 692
691 693
691 694
691 695
692 693
693 695
694 695
694 696
695 696
695 697
696 697
696 698
696 699
697 699
698 699
700 701
700 702
701 702
701 703
701 705
701 706
701 707
701 708
702 703
702 704
702 705
702 815
702 825
702 826
703 705
703 708
703 811
703 815
704 705
704 711
704 713
704 826
705 707
705 708
705 709
705 713
705 714
705 716
705 815
705 826
705 827
705 828
705 836
706 707
706 708
707 708
707 709
707 715
707 716
708 709
708 811
708 812
708 814
708 815
708 816
708 817
708 818
708 820
708 828
708 829
709 716
709 828
709 829
710 711
711 712
711 713
711 826
711 833
711 834
712 713
712 718
712 721
712 834
713 714
713 721
713 722
713 723
713 826
713 834
713 835
713 836
713 841
714 716
714 723
714 836
715 716
715 724
716 723
716 724
716 725
716 828
716 829
716 836
716 837
716 838
716 839
716 843
717 718
717 719
718 719
718 720
718 721
719 720
719 726
719 727
720 721
720 727
720 844
721 722
721 727
721 728
721 729
721 834
721 840
721 841
721 844
721 846
722 723
722 729
722 841
723 724
723 725
723 729
723 730
723 836
723 841
723 842
723 843
724 725
725 843
726 727
727 728
727 731
727 733
727 734
727 844
727 845
727 846
727 848
728 729
728 734
728 846
729 730
729 734
729 735
729 736
729 841
729 846
729 847
729 850
731 732
731 733
731 734
731 737
731 738
731 739
732 734
732 735
732 738
733 734
733 739
733 848
734 735
734 736
734 738
734 739
734 740
734 846
734 848
734 849
734 850
734 852
735 736
736 850
737 738
737 739
738 739
738 740
739 740
739 848
739 851
739 852
740 852
741 742
741 743
741 744
741 853
741 854
741 855
742 744
742 745
742 854
743 744
743 749
743 855
744 745
744 746
744 748
744 749
744 750
744 752
744 854
744 855
744 856
744 858
744 860
745 746
745 854
745 857
745 858
746 752
746 858
747 748
747 749
748 749
748 750
748 751
748 752
749 750
749 855
749 859
749 860
750 752
750 860
751 752
752 858
752 860
752 861
753 754
753 755
753 756
753 862
753 863
753 864
753 866
753 867
753 871
754 756
754 757
754 863
754 867
755 756
755 759
755 871
756 757
756 758
756 759
756 760
756 761
756 867
756 871
756 872
756 873
756 875
757 758
757 863
757 867
757 868
757 869
757 870
757 873
758 761
758 873
758 877
759 760
759 871
759 874
759 875
760 761
760 875
760 881
761 873
761 875
761 876
761 877
761 878
761 880
761 881
761 882
761 884
761 885
762 763
762 764
762 899
763 764
763 765
763 766
763 767
763 899
763 900
763 902
763 903
764 765
764 768
764 769
764 770
764 899
764 901
764 902
764 905
765 767
765 770
765 902
766 767
766 903
767 770
767 771
767 786
767 902
767 903
767 904
767 907
767 908
767 909
768 769
768 770
769 770
769 905
770 771
770 782
770 783
770 902
770 905
770 906
770 907
770 917
771 783
771 786
771 907
772 773
772 774
773 774
773 775
773 776
773 777
774 775
774 794
774 795
774 796
774 797
774 921
774 924
774 925
774 926
775 777
775 797
775 926
776 777
776 778
776 911
777 778
777 779
777 797
777 798
777 799
777 911
777 913
777 914
777 926
777 928
778 779
778 780
778 781
778 911
778 912
778 914
778 915
779 781
779 799
779 914
780 781
780 915
781 799
781 800
781 801
781 803
781 804
781 914
781 915
781 916
781 930
781 931
782 783
782 917
783 785
783 786
783 787
783 907
783 917
783 918
783 919
784 785
784 786
785 786
785 787
786 787
786 907
786 908
786 909
786 910
786 919
787 919
788 789
788 790
788 791
788 792
789 791
790 791
790 792
791 792
791 793
791 794
791 795
791 920
791 921
791 922
792 793
793 795
793 922
794 795
794 921
795 796
795 921
795 922
795 923
795 925
795 933
795 934
795 935
796 797
796 925
796 934
797 798
797 805
797 806
797 925
797 926
797 927
797 928
797 934
797 937
798 799
798 806
798 928
799 800
799 806
799 807
799 808
799 914
799 928
799 929
799 930
799 939
800 804
800 808
800 930
801 802
801 803
801 804
802 804
802 809
803 804
803 931
804 808
804 809
804 810
804 930
804 931
804 932
804 941
804 942
804 943
804 944
805 806
805 934
805 937
806 807
806 928
806 937
806 938
806 939
807 808
807 814
807 939
808 809
808 810
808 814
808 819
808 823
808 930
808 939
808 940
808 941
808 947
809 810
810 823
810 941
810 943
811 812
811 813
811 814
811 815
812 814
812 817
813 814
813 815
813 951
814 815
814 816
814 817
814 819
814 820
814 939
814 946
814 947
814 951
814 953
815 816
815 825
815 826
815 827
815 828
815 951
815 952
815 953
815 958
815 960
816 820
816 828
816 953
817 818
817 819
817 820
817 821
817 822
817 823
818 820
818 822
818 829
819 820
819 823
819 947
820 822
820 823
820 824
820 828
820 829
820 830
820 832
820 947
820 953
820 954
820 955
820 962
821 822
821 823
822 823
822 824
822 829
822 831
822 832
823 824
823 941
823 943
823 947
823 948
823 949
823 950
823 955
823 956
824 832
824 955
824 956
825 826
825 958
826 827
826 833
826 834
826 835
826 836
826 958
826 959
826 960
826 966
827 828
827 836
827 960
828 829
828 830
828 836
828 837
828 839
828 953
828 960
828 961
828 962
828 968
829 830
829 831
829 832
829 838
829 839
830 832
830 839
830 962
831 832
832 955
832 956
832 962
832 963
832 964
832 965
833 834
834 835
834 840
834 841
835 836
835 841
835 966
836 837
836 841
836 842
836 843
836 960
836 966
836 967
836 968
837 839
837 843
837 968
838 839
839 962
839 968
839 969
840 841
840 844
840 846
841 842
841 846
841 847
842 843
844 845
844 846
845 846
845 848
845 970
845 973
846 847
846 848
846 849
846 850
846 973
846 976
846 977
846 978
847 850
847 978
848 849
848 851
848 852
848 970
848 971
848 973
848 974
848 975
848 977
848 992
849 850
849 852
849 977
850 852
850 977
850 978
850 979
850 994
850 995
851 852
851 992
852 977
852 992
852 993
852 994
852 995
853 854
853 855
853 1001
853 1002
853 1006
854 855
854 856
854 857
854 858
854 1001
854 1006
854 1007
854 1008
854 1009
854 1013
854 1014
855 856
855 859
855 860
855 1002
855 1006
855 1010
855 1011
855 1012
855 1013
855 1016
856 858
856 860
856 1013
857 858
857 1014
858 860
858 861
858 1013
858 1014
858 1015
858 1018
859 860
859 1016
860 861
860 1013
860 1016
860 1017
860 1018
861 1018
862 863
862 864
863 864
863 865
863 867
863 868
863 869
864 865
864 866
864 867
864 1019
864 1020
864 1021
865 867
865 869
865 1020
866 867
866 871
866 1021
867 869
867 870
867 871
867 872
867 873
867 1020
867 1021
867 1022
867 1024
867 1025
868 869
869 870
870 873
870 1025
871 872
871 874
871 875
871 1021
871 1023
871 1024
871 1028
871 1030
871 1032
871 1035
872 873
872 875
872 1024
873 875
873 876
873 877
873 879
873 880
873 1024
873 1025
873 1026
873 1037
873 1038
874 875
874 1030
874 1035
874 1044
875 876
875 881
875 883
875 884
875 1024
875 1035
875 1036
875 1037
875 1044
875 1046
876 880
876 884
876 1037
877 878
877 879
877 880
878 880
878 885
879 880
879 1038
880 884
880 885
880 886
880 1037
880 1038
880 1039
880 1048
881 882
881 883
881 884
882 884
882 885
883 884
883 1044
883 1046
884 885
884 886
884 1037
884 1046
884 1047
884 1048
885 886
886 1048
887 888
887 889
887 890
887 891
887 892
887 893
888 890
888 892
888 895
889 890
889 893
890 892
890 893
890 894
890 895
890 896
890 898
891 892
891 893
891 1057
892 893
892 894
892 895
892 897
892 898
892 1057
892 1058
892 1060
892 1061
893 894
893 1057
893 1059
893 1060
894 898
894 1060
895 896
895 897
895 898
896 898
897 898
897 1061
897 1063
898 912
898 915
898 1060
898 1061
898 1062
898 1063
898 1064
898 1066
898 1077
899 900
899 901
899 902
899 1071
899 1072
899 1073
900 902
900 903
900 1072
901 902
901 905
901 1068
901 1073
902 903
902 904
902 905
902 906
902 907
902 1072
902 1073
902 1074
902 1076
902 1082
903 904
903 1072
903 1075
903 1076
904 907
904 909
904 1076
905 906
905 917
905 1068
905 1073
905 1079
905 1080
905 1081
905 1082
905 1099
905 1100
906 907
906 917
906 1082
907 909
907 910
907 917
907 918
907 919
907 1076
907 1082
907 1083
907 1102
908 909
909 910
910 919
911 912
911 913
911 914
912 914
912 915
912 1077
913 914
913 926
913 928
913 1112
914 915
914 916
914 928
914 929
914 930
914 1112
914 1114
914 1115
914 1116
915 916
915 1064
915 1066
915 1068
915 1077
915 1078
915 1079
915 1080
916 930
916 931
916 1116
917 918
917 944
917 1082
917 1099
917 1100
917 1101
917 1102
917 1121
917 1122
918 919
918 1102
920 921
920 922
920 1093
920 1096
920 1098
921 922
921 923
921 924
921 925
921 1098
921 1106
921 1107
921 1108
922 923
922 1093
922 1098
922 1103
922 1104
922 1105
922 1107
923 925
923 935
923 1107
924 925
924 926
924 1108
925 926
925 927
925 934
925 935
925 936
925 937
925 1107
925 1108
925 1109
925 1111
925 1124
926 927
926 928
926 1108
926 1110
926 1111
926 1112
927 928
927 937
927 1111
928 929
928 937
928 938
928 939
928 1111
928 1112
928 1113
928 1115
928 1126
929 930
929 939
929 1115
930 931
930 932
930 939
930 940
930 941
930 1115
930 1116
930 1117
930 1119
930 1128
931 932
931 944
931 1099
931 1100
931 1116
931 1118
931 1119
932 941
932 944
932 1119
933 934
933 935
934 935
934 936
934 937
935 936
935 1107
935 1123
935 1124
936 937
936 1124
937 938
937 1111
937 1124
937 1125
937 1126
938 939
938 1126
939 940
939 946
939 947
939 1115
939 1126
939 1127
939 1128
939 1133
940 941
940 947
940 1128
941 943
941 944
941 945
941 947
941 948
941 950
941 1119
941 1128
941 1129
941 1130
941 1135
942 943
942 944
943 944
943 945
943 949
943 950
944 945
944 1099
944 1100
944 1119
944 1120
944 1121
944 1122
944 1130
944 1131
945 950
945 1130
945 1131
946 947
946 951
946 953
946 1133
947 948
947 953
947 954
947 955
947 1128
947 1133
947 1134
947 1135
947 1142
948 950
948 955
948 1135
949 950
949 956
950 955
950 956
950 957
950 1130
950 1131
950 1135
950 1136
950 1137
950 1138
950 1144
951 952
951 953
951 1133
951 1139
951 1140
952 953
952 958
952 960
952 1140
953 954
953 960
953 961
953 962
953 1133
953 1140
953 1141
953 1142
953 1146
954 955
954 962
954 1142
955 956
955 957
955 962
955 963
955 965
955 1135
955 1142
955 1143
955 1144
955 1148
956 957
956 964
956 965
957 965
957 1144
958 959
958 960
959 960
959 966
960 961
960 966
960 967
960 968
960 1140
960 1145
960 1146
961 962
961 968
961 1146
962 963
962 968
962 969
962 1142
962 1146
962 1147
962 1148
962 1151
963 965
963 1148
964 965
965 1144
965 1148
965 1149
966 967
967 968
968 969
968 1146
968 1150
968 1151
969 1151
970 971
970 972
970 973
970 974
971 974
972 973
972 974
972 1152
972 1156
972 1158
973 974
973 975
973 976
973 977
973 1152
973 1153
973 1155
973 1156
973 1157
973 1163
973 1164
974 975
974 1156
974 1158
974 1159
974 1161
974 1162
974 1163
975 977
975 992
975 1163
976 977
976 978
976 1164
977 978
977 979
977 992
977 993
977 995
977 1163
977 1164
977 1165
978 979
979 995
980 981
980 982
980 983
980 984
980 985
980 986
981 983
981 985
981 988
982 983
982 986
982 996
983 985
983 986
983 987
983 988
983 989
983 991
983 996
983 997
983 999
984 985
984 986
984 1166
985 986
985 987
985 988
985 990
985 991
985 1166
985 1167
985 1169
985 1170
986 987
986 996
986 998
986 999
986 1166
986 1168
986 1169
986 1172
987 991
987 999
987 1169
988 989
988 990
988 991
989 991
990 991
990 1170
991 999
991 1169
991 1170
991 1171
991 1174
991 1175
992 993
993 995
994 995
996 997
996 998
996 999
997 999
998 999
998 1172
999 1169
999 1172
999 1173
999 1174
999 1175
1000 1001
1000 1002
1000 1003
1001 1002
1001 1003
1001 1004
1001 1006
1001 1007
1001 1008
1002 1003
1002 1005
1002 1006
1002 1010
1002 1011
1003 1004
1003 1005
1003 1006
1003 1176
1003 1177
1003 1178
1004 1006
1004 1008
1004 1177
1005 1006
1005 1011
1005 1178
1006 1008
1006 1009
1006 1011
1006 1012
1006 1013
1006 1177
1006 1178
1006 1179
1006 1181
1006 1182
1007 1008
1008 1009
1009 1013
1009 1014
1009 1182
1010 1011
1011 1012
1011 1178
1011 1180
1011 1181
1012 1013
1012 1016
1012 1181
1013 1014
1013 1015
1013 1016
1013 1017
1013 1018
1013 1181
1013 1182
1013 1183
1013 1185
1013 1186
1014 1015
1015 1018
1015 1186
1016 1017
1016 1181
1016 1184
1016 1185
1017 1018
1017 1185
1017 1188
1018 1185
1018 1186
1018 1187
1018 1188
1018 1189
1018 1191
1019 1020
1019 1021
1020 1021
1020 1022
1021 1022
1021 1023
1021 1024
1022 1024
1022 1025
1023 1024
1023 1032
1023 1035
1023 1196
1024 1025
1024 1026
1024 1035
1024 1036
1024 1037
1024 1196
1024 1198
1024 1199
1024 1200
1025 1026
1026 1037
1026 1038
1026 1200
1027 1028
1027 1029
1027 1030
1027 1031
1027 1032
1027 1033
1028 1030
1028 1032
1029 1030
1029 1033
1029 1040
1030 1032
1030 1033
1030 1034
1030 1035
1030 1040
1030 1041
1030 1043
1030 1044
1031 1032
1031 1033
1031 1192
1032 1033
1032 1034
1032 1035
1032 1192
1032 1193
1032 1195
1032 1196
1033 1034
1033 1040
1033 1042
1033 1043
1033 1192
1033 1194
1033 1195
1033 1216
1033 1217
1033 1218
1033 1220
1034 1035
1034 1043
1034 1195
1035 1036
1035 1043
1035 1044
1035 1045
1035 1046
1035 1195
1035 1196
1035 1197
1035 1199
1035 1222
1036 1037
1036 1046
1036 1199
1037 1038
1037 1039
1037 1046
1037 1047
1037 1048
1037 1199
1037 1200
1037 1201
1037 1203
1037 1224
1038 1039
1038 1200
1038 1202
1038 1203
1039 1048
1039 1203
1040 1041
1040 1042
1040 1043
1041 1043
1041 1044
1042 1043
1042 1217
1042 1220
1043 1044
1043 1045
1043 1195
1043 1220
1043 1221
1043 1222
1044 1045
1044 1046
1045 1046
1045 1222
1046 1047
1046 1199
1046 1222
1046 1223
1046 1224
1046 1226
1046 1227
1046 1228
1047 1048
1047 1224
1047 1227
1048 1203
1048 1224
1048 1225
1048 1227
1048 1230
1048 1231
1049 1050
1049 1051
1049 1053
1050 1051
1050 1052
1050 1053
1050 1054
1050 1056
1051 1052
1051 1053
1051 1055
1051 1056
1052 1056
1053 1054
1053 1055
1053 1056
1053 1232
1053 1233
1053 1234
1053 1235
1053 1237
1053 1238
1054 1056
1054 1238
1054 1240
1055 1056
1055 1233
1055 1237
1055 1252
1056 1237
1056 1238
1056 1239
1056 1240
1056 1241
1056 1243
1056 1252
1056 1253
1056 1255
1056 1256
1057 1058
1057 1059
1057 1060
1058 1060
1058 1061
1059 1060
1060 1061
1060 1062
1061 1062
1061 1063
1061 1065
1061 1066
1062 1066
1062 1077
1063 1064
1063 1065
1063 1066
1063 1067
1063 1068
1063 1069
1064 1066
1064 1068
1065 1066
1065 1069
1066 1068
1066 1069
1066 1070
1066 1077
1066 1078
1066 1080
1066 1258
1066 1259
1066 1260
1067 1068
1067 1069
1068 1069
1068 1070
1068 1073
1068 1079
1068 1080
1069 1070
1070 1073
1070 1080
1070 1259
1071 1072
1071 1073
1072 1073
1072 1074
1072 1075
1072 1076
1073 1074
1073 1080
1073 1081
1073 1082
1073 1259
1073 1262
1073 1263
1073 1264
1074 1076
1074 1082
1074 1264
1075 1076
1076 1082
1076 1083
1076 1264
1076 1266
1076 1267
1077 1078
1078 1080
1078 1260
1079 1080
1080 1081
1080 1100
1080 1118
1080 1259
1080 1260
1080 1261
1080 1263
1080 1274
1081 1082
1081 1100
1081 1263
1082 1083
1082 1100
1082 1101
1082 1102
1082 1263
1082 1264
1082 1265
1082 1267
1082 1276
1083 1102
1083 1267
1084 1085
1084 1086
1084 1088
1085 1086
1085 1087
1085 1088
1085 1089
1085 1091
1085 1092
1085 1093
1085 1094
1086 1087
1086 1088
1086 1090
1086 1091
1087 1091
1087 1093
1088 1089
1088 1090
1088 1091
1089 1091
1089 1094
1089 1268
1090 1091
1091 1093
1091 1094
1091 1095
1091 1268
1091 1270
1091 1271
1092 1093
1092 1094
1092 1096
1093 1094
1093 1095
1093 1096
1093 1098
1093 1103
1093 1104
1094 1095
1094 1096
1094 1097
1094 1098
1094 1268
1094 1269
1094 1271
1094 1272
1095 1098
1095 1104
1095 1271
1096 1097
1096 1098
1097 1098
1097 1272
1098 1104
1098 1105
1098 1106
1098 1107
1098 1271
1098 1272
1098 1273
1099 1100
1100 1101
1100 1118
1100 1119
1100 1120
1100 1122
1100 1263
1100 1274
1100 1275
1100 1276
1100 1283
1101 1102
1101 1122
1101 1276
1102 1122
1102 1267
1102 1276
1102 1277
1102 1285
1102 1286
1103 1104
1104 1105
1105 1107
1106 1107
1106 1108
1107 1108
1107 1109
1107 1123
1107 1124
1108 1109
1108 1110
1108 1111
1109 1111
1109 1124
1110 1111
1110 1112
1111 1112
1111 1113
1111 1124
1111 1125
1111 1126
1112 1113
1112 1114
1112 1115
1113 1115
1113 1126
1113 1287
1114 1115
1114 1116
1114 1278
1115 1116
1115 1117
1115 1126
1115 1127
1115 1128
1115 1278
1115 1280
1115 1281
1115 1287
1115 1289
1116 1117
1116 1118
1116 1119
1116 1274
1116 1278
1116 1279
1116 1281
1117 1119
1117 1128
1117 1281
1118 1119
1118 1274
1119 1120
1119 1128
1119 1129
1119 1130
1119 1274
1119 1281
1119 1282
1119 1283
1119 1291
1120 1122
1120 1130
1120 1283
1121 1122
1121 1131
1122 1130
1122 1131
1122 1132
1122 1276
1122 1283
1122 1284
1122 1285
1122 1286
1122 1293
1122 1294
1123 1124
1124 1125
1125 1126
1126 1127
1126 1287
1126 1288
1126 1289
1127 1128
1127 1133
1127 1289
1128 1129
1128 1133
1128 1134
1128 1135
1128 1281
1128 1289
1128 1290
1128 1291
1128 1297
1129 1130
1129 1135
1129 1291
1130 1131
1130 1132
1130 1135
1130 1136
1130 1138
1130 1283
1130 1291
1130 1292
1130 1293
1130 1299
1131 1132
1131 1137
1131 1138
1132 1138
1132 1293
1132 1294
1133 1134
1133 1139
1133 1140
1133 1141
1133 1142
1133 1289
1133 1296
1133 1297
1134 1135
1134 1142
1134 1297
1135 1136
1135 1142
1135 1143
1135 1144
1135 1291
1135 1297
1135 1298
1135 1299
1135 1302
1136 1138
1136 1144
1136 1299
1137 1138
1138 1293
1138 1299
1138 1300
1139 1140
1140 1141
1140 1145
1140 1146
1141 1142
1141 1146
1142 1143
1142 1146
1142 1147
1142 1148
1142 1297
1142 1301
1142 1302
1143 1144
1143 1148
1143 1302
1144 1148
1144 1149
1144 1299
1144 1302
1144 1303
1145 1146
1146 1147
1146 1150
1146 1151
1147 1148
1147 1151
1148 1149
1150 1151
1152 1153
1152 1154
1152 1155
1152 1156
1153 1155
1154 1155
1154 1156
1155 1156
1155 1157
1156 1157
1156 1158
1156 1160
1156 1161
1156 1162
1156 1163
1156 1311
1156 1312
1156 1314
1156 1315
1157 1163
1157 1164
1157 1315
1158 1159
1158 1160
1158 1161
1159 1161
1160 1161
1160 1311
1161 1162
1161 1311
1161 1313
1161 1314
1162 1163
1162 1314
1163 1164
1163 1165
1163 1314
1163 1315
1163 1316
1164 1165
1165 1318
1165 1328
1165 1330
1166 1167
1166 1168
1166 1169
1166 1317
1166 1318
1166 1319
1166 1320
1166 1322
1166 1323
1167 1169
1167 1170
1167 1323
1168 1169
1168 1172
1168 1318
1168 1322
1169 1170
1169 1171
1169 1172
1169 1173
1169 1175
1169 1322
1169 1323
1169 1324
1169 1325
1169 1334
1170 1171
1170 1304
1170 1305
1170 1306
1170 1307
1170 1309
1170 1310
1170 1323
1170 1325
1170 1326
1171 1175
1171 1325
1171 1326
1172 1173
1172 1318
1172 1322
1172 1329
1172 1332
1172 1333
1172 1334
1173 1175
1173 1334
1174 1175
1175 1325
1175 1326
1175 1334
1175 1335
1175 1336
1175 1337
1176 1177
1176 1178
1177 1178
1177 1179
1178 1179
1178 1180
1178 1181
1179 1181
1179 1182
1180 1181
1181 1182
1181 1183
1181 1184
1181 1185
1182 1183
1183 1185
1183 1186
1183 1350
1184 1185
1185 1186
1185 1187
1185 1188
1185 1190
1185 1191
1185 1350
1185 1352
1185 1353
1185 1374
1186 1187
1186 1350
1186 1351
1186 1353
1187 1191
1187 1353
1187 1376
1188 1189
1188 1190
1188 1191
1189 1191
1190 1191
1190 1374
1190 1388
1191 1208
1191 1209
1191 1353
1191 1374
1191 1375
1191 1376
1191 1377
1191 1379
1191 1388
1191 1390
1192 1193
1192 1194
1192 1195
1192 1357
1192 1363
1192 1365
1192 1381
1192 1383
1192 1384
1193 1195
1193 1196
1194 1195
1194 1218
1194 1220
1195 1196
1195 1197
1195 1220
1195 1221
1195 1222
1196 1197
1196 1198
1196 1199
1196 1366
1196 1367
1196 1368
1196 1385
1196 1386
1197 1199
1197 1222
1198 1199
1198 1200
1198 1367
1198 1386
1199 1200
1199 1201
1199 1222
1199 1223
1199 1224
1199 1386
1199 1392
1199 1393
1199 1398
1200 1201
1200 1202
1200 1203
1200 1367
1200 1371
1200 1373
1200 1386
1200 1387
1200 1393
1201 1203
1201 1224
1201 1393
1202 1203
1203 1224
1203 1225
1203 1393
1203 1400
1203 1401
1203 1402
1203 1403
1203 1404
1204 1205
1204 1206
1204 1207
1204 1208
1204 1209
1204 1210
1205 1207
1205 1209
1205 1212
1206 1207
1206 1210
1207 1209
1207 1210
1207 1211
1207 1212
1207 1213
1207 1215
1208 1209
1208 1210
1208 1388
1208 1390
1209 1210
1209 1211
1209 1212
1209 1214
1209 1215
1209 1377
1209 1379
1209 1390
1209 1391
1209 1395
1209 1396
1210 1211
1210 1390
1210 1394
1210 1395
1211 1215
1211 1395
1212 1213
1212 1214
1212 1215
1213 1215
1214 1215
1214 1396
1215 1395
1215 1396
1215 1397
1216 1217
1216 1218
1217 1218
1217 1219
1217 1220
1218 1219
1218 1220
1219 1220
1220 1221
1221 1222
1221 1246
1221 1406
1222 1223
1222 1228
1222 1246
1222 1250
1222 1398
1222 1406
1222 1407
1222 1409
1223 1224
1223 1228
1223 1398
1224 1225
1224 1227
1224 1228
1224 1229
1224 1231
1224 1393
1224 1398
1224 1399
1224 1401
1224 1411
1225 1231
1225 1401
1225 1403
1226 1227
1226 1228
1227 1228
1227 1229
1227 1230
1227 1231
1228 1229
1228 1250
1228 1251
1228 1398
1228 1409
1228 1410
1228 1411
1228 1423
1228 1424
1228 1425
1229 1231
1229 1411
1229 1425
1230 1231
1231 1401
1231 1403
1231 1411
1231 1412
1231 1413
1231 1414
1231 1425
1231 1427
1231 1428
1231 1429
1232 1233
1232 1234
1233 1234
1233 1236
1233 1237
1234 1235
1234 1236
1234 1237
1235 1237
1235 1238
1235 1415
1236 1237
1236 1432
1236 1439
1236 1440
1237 1238
1237 1239
1237 1252
1237 1254
1237 1255
1237 1415
1237 1417
1237 1418
1237 1439
1237 1440
1237 1442
1238 1239
1238 1240
1238 1242
1238 1243
1238 1415
1238 1416
1238 1418
1238 1419
1239 1243
1239 1255
1239 1418
1240 1241
1240 1242
1240 1243
1240 1244
1240 1245
1240 1246
1241 1243
1241 1245
1241 1256
1242 1243
1242 1246
1242 1419
1243 1245
1243 1246
1243 1247
1243 1255
1243 1256
1243 1257
1243 1418
1243 1419
1243 1420
1243 1421
1244 1245
1244 1246
1244 1248
1245 1246
1245 1247
1245 1248
1245 1249
1245 1251
1246 1247
1246 1248
1246 1250
1246 1251
1246 1406
1246 1408
1246 1409
1246 1419
1246 1421
1247 1251
1247 1421
1248 1249
1248 1250
1248 1251
1249 1251
1250 1251
1250 1409
1251 1409
1251 1421
1251 1422
1251 1423
1251 1424
1252 1253
1252 1254
1252 1255
1253 1255
1253 1256
1254 1255
1254 1439
1254 1442
1254 1450
1255 1256
1255 1257
1255 1418
1255 1442
1255 1443
1256 1257
1258 1259
1258 1260
1259 1260
1259 1261
1259 1262
1259 1263
1259 1452
1259 1453
1259 1454
1260 1261
1261 1263
1261 1274
1261 1454
1262 1263
1262 1264
1262 1453
1263 1264
1263 1265
1263 1274
1263 1275
1263 1276
1263 1453
1263 1454
1263 1455
1263 1457
1263 1461
1264 1265
1264 1266
1264 1267
1264 1453
1264 1456
1264 1457
1264 1458
1265 1267
1265 1276
1265 1457
1266 1267
1266 1458
1267 1276
1267 1277
1267 1457
1267 1458
1267 1459
1267 1463
1268 1269
1268 1270
1268 1271
1269 1271
1269 1272
1270 1271
1271 1272
1271 1273
1272 1273
1274 1275
1274 1279
1274 1281
1274 1282
1274 1283
1274 1454
1274 1460
1274 1461
1274 1464
1274 1466
1275 1276
1275 1283
1275 1461
1276 1277
1276 1283
1276 1284
1276 1286
1276 1457
1276 1461
1276 1462
1276 1463
1276 1468
1277 1286
1277 1463
1277 1470
1278 1279
1278 1280
1278 1281
1279 1281
1279 1464
1280 1281
1280 1287
1280 1289
1281 1282
1281 1289
1281 1290
1281 1291
1281 1464
1281 1465
1281 1466
1281 1474
1282 1283
1282 1291
1282 1466
1283 1284
1283 1291
1283 1292
1283 1293
1283 1461
1283 1466
1283 1467
1283 1468
1283 1476
1284 1286
1284 1293
1284 1468
1285 1286
1285 1294
1286 1293
1286 1294
1286 1295
1286 1463
1286 1468
1286 1469
1286 1470
1286 1471
1286 1473
1286 1478
1286 1479
1287 1288
1287 1289
1288 1289
1289 1290
1289 1296
1289 1297
1290 1291
1290 1297
1290 1474
1291 1292
1291 1297
1291 1298
1291 1299
1291 1466
1291 1474
1291 1475
1291 1476
1291 1482
1292 1293
1292 1299
1292 1476
1293 1294
1293 1295
1293 1299
1293 1300
1293 1468
1293 1476
1293 1477
1293 1478
1293 1484
1293 1485
1294 1295
1295 1478
1295 1479
1295 1485
1296 1297
1297 1298
1297 1301
1297 1302
1297 1474
1297 1481
1297 1482
1298 1299
1298 1302
1298 1482
1299 1300
1299 1302
1299 1303
1299 1476
1299 1482
1299 1483
1299 1484
1300 1484
1300 1485
1301 1302
1302 1303
1304 1305
1304 1307
1305 1306
1305 1307
1305 1308
1305 1310
1306 1310
1306 1326
1307 1308
1307 1309
1307 1310
1307 1487
1307 1488
1307 1489
1307 1491
1307 1492
1307 1497
1308 1310
1308 1488
1308 1492
1308 1494
1309 1310
1309 1323
1309 1325
1309 1497
1310 1325
1310 1326
1310 1327
1310 1492
1310 1494
1310 1497
1310 1498
1310 1499
1310 1500
1310 1504
1311 1312
1311 1313
1311 1314
1312 1314
1312 1315
1313 1314
1314 1315
1314 1316
1315 1316
1317 1318
1317 1319
1318 1319
1318 1321
1318 1322
1318 1328
1318 1329
1318 1330
1318 1332
1319 1320
1319 1321
1319 1322
1320 1322
1320 1323
1321 1322
1321 1330
1321 1332
1322 1323
1322 1324
1322 1332
1322 1333
1322 1334
1323 1324
1323 1325
1323 1497
1323 1501
1323 1502
1324 1325
1324 1334
1324 1502
1325 1326
1325 1327
1325 1334
1325 1335
1325 1337
1325 1497
1325 1502
1325 1503
1325 1504
1325 1506
1326 1327
1326 1336
1326 1337
1327 1337
1327 1504
1328 1329
1328 1330
1328 1331
1328 1332
1329 1332
1330 1331
1330 1332
1331 1332
1332 1333
1333 1334
1334 1335
1334 1502
1334 1505
1334 1506
1335 1337
1335 1506
1336 1337
1337 1504
1337 1506
1337 1507
1338 1339
1338 1340
1338 1341
1338 1342
1338 1343
1338 1344
1339 1341
1339 1343
1339 1346
1340 1341
1340 1344
1341 1343
1341 1344
1341 1345
1341 1346
1341 1347
1341 1349
1341 1366
1341 1367
1341 1368
1342 1343
1342 1344
1343 1344
1343 1345
1343 1346
1343 1348
1343 1349
1344 1345
1345 1349
1345 1368
1345 1526
1346 1347
1346 1348
1346 1349
1347 1349
1347 1367
1347 1370
1348 1349
1349 1367
1349 1368
1349 1369
1349 1370
1349 1372
1349 1373
1349 1526
1349 1527
1349 1529
1349 1530
1350 1351
1350 1352
1350 1353
1351 1353
1352 1353
1352 1374
1352 1532
1353 1374
1353 1375
1353 1376
1353 1378
1353 1379
1353 1532
1353 1533
1353 1535
1353 1536
1354 1355
1354 1356
1354 1357
1354 1358
1354 1359
1354 1360
1355 1357
1355 1359
1355 1362
1356 1357
1356 1360
1356 1380
1357 1359
1357 1360
1357 1361
1357 1362
1357 1363
1357 1365
1357 1380
1357 1381
1357 1383
1358 1359
1358 1360
1358 1520
1359 1360
1359 1361
1359 1362
1359 1364
1359 1365
1359 1520
1359 1521
1359 1523
1359 1524
1360 1361
1360 1380
1360 1382
1360 1383
1360 1520
1360 1522
1360 1523
1360 1538
1361 1365
1361 1383
1361 1523
1362 1363
1362 1364
1362 1365
1363 1365
1364 1365
1364 1524
1365 1383
1365 1384
1365 1523
1365 1524
1365 1525
1365 1540
1365 1541
1365 1542
1365 1543
1366 1367
1366 1368
1367 1368
1367 1369
1367 1370
1367 1371
1367 1373
1367 1386
1368 1369
1368 1385
1368 1386
1368 1526
1368 1528
1368 1529
1368 1545
1369 1373
1369 1386
1369 1529
1370 1371
1370 1372
1370 1373
1371 1373
1372 1373
1372 1530
1373 1386
1373 1387
1373 1529
1373 1530
1373 1531
1373 1547
1374 1375
1374 1388
1374 1389
1374 1390
1374 1532
1374 1534
1374 1535
1374 1548
1375 1379
1375 1390
1375 1535
1376 1377
1376 1378
1376 1379
1377 1379
1378 1379
1378 1536
1379 1390
1379 1391
1379 1396
1379 1535
1379 1536
1379 1537
1379 1550
1379 1551
1379 1552
1380 1381
1380 1382
1380 1383
1381 1383
1382 1383
1382 1538
1383 1384
1383 1523
1383 1538
1383 1539
1383 1540
1384 1540
1384 1542
1384 1554
1385 1386
1385 1542
1385 1545
1385 1558
1386 1387
1386 1392
1386 1393
1386 1529
1386 1545
1386 1546
1386 1547
1386 1560
1387 1393
1387 1547
1388 1389
1388 1390
1389 1390
1389 1548
1389 1562
1390 1391
1390 1394
1390 1395
1390 1535
1390 1548
1390 1549
1390 1550
1390 1562
1390 1564
1391 1395
1391 1396
1391 1550
1392 1393
1392 1398
1392 1558
1392 1560
1393 1398
1393 1399
1393 1400
1393 1401
1393 1547
1393 1560
1393 1561
1393 1572
1393 1573
1394 1395
1394 1562
1394 1564
1395 1396
1395 1397
1395 1550
1395 1564
1395 1565
1395 1566
1396 1397
1396 1550
1396 1551
1396 1552
1396 1553
1396 1566
1397 1566
1398 1399
1398 1407
1398 1409
1398 1410
1398 1411
1398 1558
1398 1560
1398 1570
1398 1571
1398 1572
1398 1586
1399 1401
1399 1411
1399 1572
1400 1401
1400 1404
1400 1573
1401 1403
1401 1404
1401 1405
1401 1411
1401 1412
1401 1414
1401 1572
1401 1573
1401 1574
1401 1576
1401 1588
1402 1403
1402 1404
1403 1404
1403 1405
1403 1413
1403 1414
1404 1405
1404 1573
1404 1575
1404 1576
1405 1414
1405 1576
1406 1407
1406 1408
1406 1409
1406 1554
1406 1555
1406 1557
1406 1558
1406 1567
1406 1568
1406 1569
1406 1570
1406 1584
1407 1409
1407 1558
1407 1570
1408 1409
1408 1419
1408 1421
1408 1584
1409 1410
1409 1421
1409 1422
1409 1424
1409 1570
1409 1584
1409 1585
1409 1586
1409 1590
1410 1411
1410 1424
1410 1586
1411 1412
1411 1424
1411 1425
1411 1426
1411 1428
1411 1572
1411 1586
1411 1587
1411 1588
1411 1592
1412 1414
1412 1428
1412 1588
1413 1414
1413 1429
1414 1428
1414 1429
1414 1430
1414 1576
1414 1588
1414 1589
1414 1594
1414 1595
1414 1596
1414 1597
1415 1416
1415 1417
1415 1418
1415 1577
1415 1578
1415 1579
1415 1581
1415 1582
1415 1583
1416 1418
1416 1419
1417 1418
1417 1440
1417 1442
1418 1419
1418 1420
1418 1442
1418 1443
1419 1420
1419 1421
1420 1421
1421 1422
1422 1424
1422 1590
1423 1424
1423 1425
1424 1425
1424 1426
1424 1586
1424 1590
1424 1591
1424 1592
1425 1426
1425 1427
1425 1428
1426 1428
1426 1592
1426 1603
1427 1428
1427 1429
1428 1429
1428 1430
1428 1588
1428 1592
1428 1593
1428 1594
1428 1603
1428 1604
1428 1606
1428 1607
1429 1430
1430 1594
1430 1596
1430 1607
1431 1432
1431 1433
1431 1435
1432 1433
1432 1434
1432 1435
1432 1436
1432 1438
1432 1439
1432 1440
1433 1434
1433 1435
1433 1437
1433 1438
1433 1444
1433 1445
1433 1446
1434 1438
1434 1439
1434 1445
1435 1436
1435 1437
1435 1438
1435 1599
1435 1600
1435 1601
1436 1438
1436 1440
1436 1600
1437 1438
1437 1446
1437 1601
1438 1439
1438 1440
1438 1441
1438 1445
1438 1446
1438 1447
1438 1449
1438 1600
1438 1601
1438 1602
1438 1612
1438 1613
1439 1440
1439 1441
1439 1442
1439 1445
1439 1448
1439 1449
1439 1450
1440 1441
1440 1442
1441 1442
1441 1449
1441 1613
1442 1443
1442 1449
1442 1450
1442 1451
1444 1445
1444 1446
1445 1446
1445 1447
1445 1448
1445 1449
1446 1447
1446 1601
1446 1611
1446 1612
1447 1449
1447 1612
1448 1449
1448 1450
1449 1450
1449 1451
1449 1612
1449 1613
1449 1614
1450 1451
1452 1453
1452 1454
1453 1454
1453 1455
1453 1456
1453 1457
1454 1455
1454 1460
1454 1461
1455 1457
1455 1461
1455 1615
1456 1457
1456 1458
1457 1458
1457 1459
1457 1461
1457 1462
1457 1463
1457 1615
1457 1616
1457 1618
1457 1619
1458 1459
1459 1463
1459 1619
1459 1621
1460 1461
1460 1464
1460 1466
1460 1624
1461 1462
1461 1466
1461 1467
1461 1468
1461 1615
1461 1617
1461 1618
1461 1624
1461 1626
1462 1463
1462 1468
1462 1618
1463 1468
1463 1469
1463 1470
1463 1472
1463 1473
1463 1618
1463 1619
1463 1620
1463 1621
1463 1623
1463 1628
1464 1465
1464 1466
1465 1466
1465 1474
1466 1467
1466 1474
1466 1475
1466 1476
1466 1624
1466 1625
1466 1626
1466 1634
1467 1468
1467 1476
1467 1626
1468 1469
1468 1476
1468 1477
1468 1478
1468 1618
1468 1626
1468 1627
1468 1628
1468 1636
1469 1473
1469 1478
1469 1628
1470 1471
1470 1472
1470 1473
1471 1473
1471 1479
1472 1473
1472 1621
1472 1623
1472 1630
1473 1478
1473 1479
1473 1480
1473 1623
1473 1628
1473 1629
1473 1630
1473 1631
1473 1633
1473 1638
1473 1639
1474 1475
1474 1481
1474 1482
1475 1476
1475 1482
1475 1634
1476 1477
1476 1482
1476 1483
1476 1484
1476 1626
1476 1634
1476 1635
1476 1636
1476 1642
1477 1478
1477 1484
1477 1636
1478 1479
1478 1480
1478 1484
1478 1485
1478 1486
1478 1628
1478 1636
1478 1637
1478 1638
1478 1644
1478 1645
1479 1480
1480 1638
1480 1639
1480 1645
1481 1482
1482 1483
1482 1634
1482 1641
1482 1642
1483 1484
1483 1642
1484 1485
1484 1486
1484 1636
1484 1642
1484 1643
1484 1644
1485 1486
1486 1644
1486 1645
1487 1488
1487 1489
1488 1489
1488 1490
1488 1492
1488 1493
1488 1494
1488 1495
1489 1490
1489 1491
1489 1492
1489 1661
1489 1662
1489 1665
1489 1675
1489 1676
1489 1678
1489 1679
1489 1680
1489 1684
1489 1688
1490 1492
1490 1495
1490 1662
1490 1680
1491 1492
1491 1497
1491 1684
1491 1688
1492 1494
1492 1495
1492 1496
1492 1497
1492 1498
1492 1500
1492 1680
1492 1688
1492 1689
1492 1690
1492 1707
1493 1494
1493 1495
1494 1495
1494 1496
1494 1499
1494 1500
1495 1496
1495 1662
1495 1668
1495 1670
1495 1680
1495 1681
1495 1690
1496 1500
1496 1690
1497 1498
1497 1501
1497 1502
1497 1503
1497 1504
1497 1684
1497 1688
1497 1705
1497 1706
1497 1707
1498 1500
1498 1504
1498 1707
1499 1500
1500 1690
1500 1707
1500 1708
1501 1502
1501 1684
1501 1703
1501 1705
1502 1503
1502 1505
1502 1506
1503 1504
1503 1506
1504 1506
1504 1507
1505 1506
1506 1507
1508 1509
1508 1510
1508 1511
1508 1512
1508 1513
1508 1514
1509 1511
1509 1513
1509 1516
1510 1511
1510 1514
1511 1513
1511 1514
1511 1515
1511 1516
1511 1517
1511 1519
1512 1513
1512 1514
1512 1716
1512 1723
1513 1514
1513 1515
1513 1516
1513 1518
1513 1519
1513 1723
1513 1725
1513 1726
1514 1515
1514 1716
1514 1718
1514 1722
1514 1723
1514 1724
1514 1726
1514 1727
1514 1728
1514 1730
1515 1519
1515 1726
1516 1517
1516 1518
1516 1519
1517 1519
1518 1519
1520 1521
1520 1522
1520 1523
1521 1523
1521 1524
1521 1731
1522 1523
1522 1538
1523 1524
1523 1525
1523 1538
1523 1539
1523 1540
1523 1731
1523 1733
1523 1734
1523 1735
1524 1525
1524 1731
1524 1732
1524 1734
1525 1540
1525 1543
1525 1734
1526 1527
1526 1528
1526 1529
1527 1529
1527 1530
1528 1529
1528 1545
1529 1530
1529 1531
1529 1545
1529 1546
1529 1547
1529 1739
1529 1740
1529 1741
1530 1531
1531 1547
1531 1740
1532 1533
1532 1534
1532 1535
1533 1535
1533 1536
1534 1535
1534 1548
1534 1743
1535 1536
1535 1537
1535 1548
1535 1549
1535 1550
1535 1743
1535 1744
1535 1746
1535 1747
1536 1537
1537 1550
1537 1552
1537 1747
1538 1539
1539 1540
1539 1735
1539 1751
1540 1542
1540 1543
1540 1544
1540 1554
1540 1556
1540 1557
1540 1734
1540 1735
1540 1736
1540 1738
1540 1751
1540 1753
1541 1542
1541 1543
1542 1543
1542 1544
1542 1545
1542 1554
1542 1555
1542 1557
1542 1558
1543 1544
1543 1734
1543 1737
1543 1738
1544 1545
1544 1557
1544 1738
1545 1546
1545 1557
1545 1558
1545 1559
1545 1738
1545 1755
1545 1756
1546 1547
1546 1560
1546 1741
1547 1560
1547 1561
1547 1740
1547 1741
1547 1742
1548 1549
1548 1562
1548 1563
1548 1564
1548 1743
1548 1745
1548 1746
1549 1550
1549 1564
1549 1746
1550 1552
1550 1553
1550 1564
1550 1565
1550 1566
1550 1746
1550 1747
1550 1748
1550 1750
1550 1758
1551 1552
1552 1553
1552 1747
1552 1749
1552 1750
1553 1566
1553 1750
1554 1555
1554 1556
1554 1557
1554 1567
1554 1568
1555 1557
1555 1558
1556 1557
1556 1568
1556 1751
1556 1753
1557 1558
1557 1559
1557 1568
1557 1569
1557 1570
1557 1738
1557 1753
1557 1754
1557 1756
1557 1770
1558 1559
1558 1560
1558 1570
1559 1560
1559 1570
1559 1756
1560 1561
1560 1570
1560 1571
1560 1572
1560 1756
1560 1772
1560 1773
1560 1774
1561 1572
1561 1573
1561 1774
1562 1563
1562 1564
1563 1564
1564 1565
1564 1746
1564 1757
1564 1758
1564 1776
1564 1777
1564 1778
1565 1566
1565 1758
1565 1777
1566 1750
1566 1758
1566 1759
1567 1568
1568 1569
1568 1751
1568 1753
1568 1767
1568 1768
1568 1769
1568 1770
1569 1570
1569 1584
1569 1770
1570 1571
1570 1584
1570 1585
1570 1586
1570 1756
1570 1770
1570 1771
1570 1773
1570 1786
1571 1572
1571 1586
1571 1773
1572 1573
1572 1574
1572 1586
1572 1587
1572 1588
1572 1773
1572 1774
1572 1775
1572 1788
1572 1789
1573 1574
1573 1575
1573 1576
1574 1576
1574 1588
1574 1789
1575 1576
1576 1588
1576 1589
1576 1789
1576 1791
1576 1792
1577 1578
1577 1579
1577 1580
1577 1581
1577 1582
1578 1581
1579 1582
1580 1581
1580 1582
1580 1761
1580 1762
1580 1766
1581 1582
1581 1583
1581 1766
1581 1783
1581 1784
1582 1583
1582 1762
1582 1766
1582 1780
1582 1781
1582 1782
1582 1784
1583 1784
1584 1585
1584 1770
1584 1785
1584 1786
1585 1586
1585 1590
1585 1786
1586 1587
1586 1590
1586 1591
1586 1592
1586 1773
1586 1786
1586 1787
1586 1788
1586 1793
1587 1588
1587 1592
1587 1788
1588 1589
1588 1592
1588 1593
1588 1594
1588 1788
1588 1789
1588 1790
1588 1792
1588 1795
1589 1594
1589 1597
1589 1792
1590 1591
1591 1592
1591 1793
1592 1593
1592 1603
1592 1605
1592 1606
1592 1788
1592 1793
1592 1794
1592 1795
1592 1807
1593 1594
1593 1606
1593 1795
1594 1596
1594 1597
1594 1598
1594 1606
1594 1607
1594 1608
1594 1610
1594 1792
1594 1795
1594 1796
1594 1798
1594 1809
1595 1596
1595 1597
1596 1597
1596 1598
1596 1607
1596 1609
1596 1610
1597 1598
1597 1792
1597 1797
1597 1798
1598 1610
1598 1798
1598 1801
1599 1600
1599 1601
1600 1601
1600 1602
1601 1602
1601 1611
1601 1612
1602 1612
1602 1613
1603 1604
1603 1605
1603 1606
1604 1606
1604 1607
1605 1606
1605 1807
1606 1607
1606 1608
1606 1795
1606 1807
1606 1808
1606 1809
1606 1819
1606 1820
1606 1821
1607 1608
1607 1609
1607 1610
1608 1610
1608 1809
1608 1820
1609 1610
1610 1798
1610 1801
1610 1809
1610 1810
1610 1811
1610 1812
1610 1820
1610 1823
1610 1824
1610 1825
1611 1612
1612 1613
1612 1614
1613 1614
1615 1616
1615 1617
1615 1618
1615 1847
1615 1848
1615 1849
1616 1618
1616 1619
1616 1848
1617 1618
1617 1624
1617 1626
1617 1849
1618 1619
1618 1620
1618 1626
1618 1627
1618 1628
1618 1848
1618 1849
1618 1850
1618 1852
1618 1881
1619 1620
1619 1621
1619 1622
1619 1623
1619 1848
1619 1851
1619 1852
1619 1853
1620 1623
1620 1628
1620 1852
1621 1622
1621 1623
1622 1623
1622 1853
1622 1855
1623 1628
1623 1629
1623 1630
1623 1632
1623 1633
1623 1852
1623 1853
1623 1854
1623 1855
1623 1857
1623 1883
1624 1625
1624 1626
1625 1626
1625 1634
1625 1887
1626 1627
1626 1634
1626 1635
1626 1636
1626 1849
1626 1880
1626 1881
1626 1887
1626 1889
1627 1628
1627 1636
1627 1881
1628 1629
1628 1636
1628 1637
1628 1638
1628 1852
1628 1881
1628 1882
1628 1883
1628 1891
1629 1633
1629 1638
1629 1883
1630 1631
1630 1632
1630 1633
1631 1633
1631 1639
1632 1633
1632 1855
1632 1857
1632 1859
1633 1638
1633 1639
1633 1640
1633 1857
1633 1859
1633 1883
1633 1884
1633 1885
1633 1886
1633 1893
1633 1894
1634 1635
1634 1641
1634 1642
1634 1887
1634 1888
1634 1889
1634 1896
1634 1897
1634 1898
1634 1900
1635 1636
1635 1642
1635 1889
1636 1637
1636 1642
1636 1643
1636 1644
1636 1881
1636 1889
1636 1890
1636 1891
1636 1902
1637 1638
1637 1644
1637 1891
1638 1639
1638 1640
1638 1644
1638 1645
1638 1646
1638 1883
1638 1891
1638 1892
1638 1893
1638 1904
1639 1640
1640 1893
1640 1894
1641 1642
1641 1664
1641 1897
1641 1900
1642 1643
1642 1664
1642 1669
1642 1673
1642 1889
1642 1900
1642 1901
1642 1902
1642 1913
1643 1644
1643 1673
1643 1902
1644 1645
1644 1646
1644 1673
1644 1891
1644 1902
1644 1903
1644 1904
1644 1915
1644 1916
1644 1917
1645 1646
1646 1904
1646 1917
1647 1648
1647 1649
1647 1650
1647 1651
1647 1652
1647 1653
1648 1650
1648 1652
1648 1655
1649 1650
1649 1653
1650 1652
1650 1653
1650 1654
1650 1655
1650 1656
1650 1658
1651 1652
1651 1653
1651 1905
1652 1653
1652 1654
1652 1655
1652 1657
1652 1658
1652 1905
1652 1906
1652 1908
1652 1909
1653 1654
1653 1905
1653 1907
1653 1908
1653 1919
1653 1920
1653 1921
1654 1658
1654 1908
1654 1920
1655 1656
1655 1657
1655 1658
1656 1658
1657 1658
1657 1897
1657 1909
1658 1663
1658 1897
1658 1908
1658 1909
1658 1910
1658 1911
1659 1660
1659 1661
1659 1662
1659 1663
1659 1664
1659 1665
1660 1662
1660 1664
1660 1667
1661 1662
1661 1665
1661 1675
1662 1664
1662 1665
1662 1666
1662 1667
1662 1668
1662 1670
1662 1680
1663 1664
1663 1665
1663 1897
1663 1911
1664 1665
1664 1666
1664 1667
1664 1669
1664 1670
1664 1897
1664 1900
1664 1911
1664 1912
1664 1913
1664 1924
1665 1666
1665 1675
1665 1677
1665 1678
1665 1679
1665 1680
1665 1911
1665 1923
1665 1924
1665 1929
1666 1670
1666 1680
1666 1924
1667 1668
1667 1669
1667 1670
1667 1671
1667 1672
1667 1673
1668 1670
1668 1672
1669 1670
1669 1673
1669 1913
1670 1672
1670 1673
1670 1674
1670 1680
1670 1681
1670 1913
1670 1924
1670 1925
1670 1926
1670 1931
1670 1932
1671 1672
1671 1673
1672 1673
1672 1674
1673 1674
1673 1902
1673 1913
1673 1914
1673 1915
1673 1916
1673 1926
1673 1927
1674 1926
1674 1927
1674 1932
1675 1676
1675 1677
1675 1678
1676 1678
1676 1682
1676 1684
1677 1678
1678 1679
1678 1682
1678 1684
1678 1685
1678 1686
1678 1687
1678 1688
1678 1929
1678 1934
1678 1935
1678 1937
1679 1680
1679 1688
1679 1929
1680 1681
1680 1688
1680 1689
1680 1690
1680 1924
1680 1929
1680 1930
1680 1931
1680 1939
1681 1690
1681 1931
1681 1932
1682 1683
1682 1684
1682 1685
1682 1686
1683 1684
1683 1686
1683 1699
1683 1703
1684 1686
1684 1687
1684 1688
1684 1703
1684 1705
1685 1686
1685 1934
1686 1687
1686 1699
1686 1701
1686 1702
1686 1703
1686 1704
1686 1705
1686 1934
1686 1936
1686 1937
1686 1941
1686 1943
1687 1688
1687 1705
1687 1937
1688 1689
1688 1705
1688 1706
1688 1707
1688 1929
1688 1937
1688 1938
1688 1939
1688 1945
1689 1690
1689 1707
1689 1939
1690 1707
1690 1708
1690 1931
1690 1939
1690 1940
1691 1692
1691 1693
1691 1694
1691 1695
1691 1696
1691 1697
1692 1694
1692 1696
1692 1699
1693 1694
1693 1697
1693 1709
1694 1696
1694 1697
1694 1698
1694 1699
1694 1700
1694 1702
1694 1709
1694 1710
1694 1712
1694 1713
1695 1696
1695 1697
1696 1697
1696 1698
1696 1699
1696 1701
1696 1702
1697 1698
1697 1709
1697 1711
1697 1712
1697 1946
1697 1947
1697 1948
1698 1702
1698 1712
1698 1947
1699 1700
1699 1701
1699 1702
1699 1703
1700 1702
1700 1703
1700 1713
1701 1702
1701 1941
1702 1703
1702 1704
1702 1712
1702 1713
1702 1714
1702 1941
1702 1942
1702 1943
1702 1947
1702 1950
1703 1704
1703 1705
1704 1705
1704 1943
1705 1706
1705 1937
1705 1943
1705 1944
1705 1945
1706 1707
1706 1945
1707 1708
1709 1710
1709 1711
1709 1712
1710 1712
1710 1713
1711 1712
1711 1948
1712 1713
1712 1714
1712 1947
1712 1948
1712 1949
1712 1950
1713 1714
1714 1950
1715 1716
1715 1717
1715 1719
1716 1717
1716 1718
1716 1719
1716 1720
1716 1722
1716 1723
1717 1718
1717 1719
1717 1721
1717 1722
1718 1722
1718 1727
1719 1720
1719 1721
1719 1722
1719 1951
1719 1952
1719 1953
1720 1722
1720 1723
1720 1952
1721 1722
1721 1953
1722 1723
1722 1724
1722 1727
1722 1729
1722 1730
1722 1952
1722 1953
1722 1954
1722 1956
1722 1971
1723 1724
1723 1725
1723 1726
1723 1952
1723 1955
1723 1956
1723 1957
1724 1726
1724 1730
1724 1956
1725 1726
1725 1957
1726 1730
1726 1956
1726 1957
1726 1958
1726 1973
1726 1974
1727 1728
1727 1729
1727 1730
1728 1730
1729 1730
1729 1971
1729 1975
1730 1956
1730 1971
1730 1972
1730 1973
1730 1974
1730 1975
1730 1976
1730 1978
1730 1979
1731 1732
1731 1733
1731 1734
1731 1981
1731 1982
1731 1983
1732 1734
1732 1982
1733 1734
1733 1735
1733 1983
1734 1735
1734 1736
1734 1737
1734 1738
1734 1982
1734 1983
1734 1984
1735 1736
1735 1751
1735 1752
1735 1753
1735 1986
1735 1987
1735 1989
1735 1992
1735 1993
1735 1994
1736 1738
1736 1753
1736 1994
1737 1738
1738 1753
1738 1754
1738 1755
1738 1756
1738 1994
1738 1996
1738 1997
1739 1740
1739 1741
1740 1741
1740 1742
1741 1742
1743 1744
1743 1745
1743 1746
1744 1746
1744 1747
1745 1746
1746 1747
1746 1748
1746 1757
1746 1758
1746 1998
1746 1999
1746 2000
1747 1748
1747 1749
1747 1750
1748 1750
1748 1758
1748 1999
1749 1750
1750 1758
1750 1759
1750 1999
1750 2002
1750 2003
1751 1752
1751 1753
1751 1767
1751 1768
1752 1753
1752 1768
1752 1987
1752 1993
1753 1754
1753 1768
1753 1769
1753 1770
1753 1993
1753 1994
1753 1995
1753 1997
1753 2009
1754 1756
1754 1770
1754 1997
1755 1756
1756 1770
1756 1771
1756 1772
1756 1773
1757 1758
1757 1778
1757 2000
1758 1759
1758 1777
1758 1778
1758 1779
1758 1999
1758 2000
1758 2001
1758 2003
1758 2011
1758 2012
1759 2003
1759 2012
1759 2014
1760 1761
1760 1762
1760 1763
1761 1762
1761 1763
1761 1764
1761 1766
1762 1763
1762 1765
1762 1766
1762 1780
1762 1781
1763 1764
1763 1765
1763 1766
1763 1990
1763 2004
1763 2005
1764 1766
1764 1985
1764 1987
1764 1990
1765 1766
1765 1781
1765 2005
1766 1781
1766 1782
1766 1783
1766 1784
1766 1987
1766 1990
1766 2005
1766 2006
1766 2007
1766 2019
1767 1768
1768 1769
1768 1783
1768 1987
1768 1993
1768 2007
1768 2008
1768 2009
1769 1770
1769 2009
1770 1771
1770 1785
1770 1786
1771 1773
1771 1786
1772 1773
1772 1774
1773 1774
1773 1775
1773 1786
1773 1787
1773 1788
1774 1775
1775 1788
1775 1789
1776 1777
1776 1778
1777 1778
1777 1779
1778 1779
1778 2000
1778 2010
1778 2011
1779 2011
1779 2012
1780 1781
1781 1782
1781 2005
1781 2018
1781 2019
1782 1784
1782 2019
1783 1784
1783 1987
1783 2007
1785 1786
1786 1787
1787 1788
1787 1793
1788 1789
1788 1790
1788 1793
1788 1794
1788 1795
1789 1790
1789 1791
1789 1792
1790 1792
1790 1795
1790 2024
1791 1792
1792 1795
1792 1796
1792 1797
1792 1798
1792 2024
1792 2025
1792 2027
1792 2028
1793 1794
1794 1795
1794 1807
1795 1796
1795 1807
1795 1808
1795 1809
1795 2024
1795 2026
1795 2027
1795 2032
1796 1798
1796 1809
1796 2027
1797 1798
1797 1803
1797 2028
1798 1801
1798 1803
1798 1805
1798 1809
1798 1810
1798 1812
1798 2027
1798 2028
1798 2029
1798 2031
1798 2034
1799 1800
1799 1801
1799 1803
1800 1801
1800 1802
1800 1803
1800 1804
1800 1806
1801 1802
1801 1803
1801 1805
1801 1806
1801 1811
1801 1812
1801 1813
1802 1806
1802 1813
1802 1815
1803 1804
1803 1805
1803 1806
1803 2028
1803 2030
1803 2031
1804 1806
1805 1806
1805 1812
1805 2031
1806 1812
1806 1813
1806 1814
1806 1815
1806 1817
1806 1818
1806 2031
1806 2036
1806 2037
1806 2038
1807 1808
1808 1809
1808 1821
1808 2032
1809 1810
1809 1820
1809 1821
1809 1822
1809 1824
1809 2027
1809 2032
1809 2033
1809 2034
1809 2041
1810 1812
1810 1824
1810 2034
1811 1812
1811 1813
1811 1825
1812 1813
1812 1814
1812 1824
1812 1825
1812 1826
1812 1829
1812 2031
1812 2034
1812 2035
1812 2037
1812 2043
1813 1814
1813 1815
1813 1816
1813 1818
1813 1827
1813 1828
1813 1829
1814 1818
1814 1829
1814 2037
1815 1816
1815 1817
1815 1818
1816 1818
1816 1828
1817 1818
1817 2038
1818 1828
1818 1829
1818 1830
1818 2037
1818 2038
1818 2039
1818 2045
1818 2046
1818 2047
1818 2048
1819 1820
1819 1821
1820 1821
1820 1822
1820 1823
1820 1824
1821 1822
1821 2032
1821 2040
1821 2041
1822 1824
1822 2041
1822 2062
1823 1824
1823 1825
1824 1825
1824 1826
1824 2034
1824 2041
1824 2042
1824 2043
1824 2062
1824 2063
1824 2065
1824 2066
1825 1826
1826 1829
1826 2043
1826 2066
1827 1828
1827 1829
1828 1829
1828 1830
1829 1830
1829 2037
1829 2043
1829 2044
1829 2045
1829 2066
1829 2068
1829 2069
1830 2045
1830 2047
1831 1832
1831 1833
1831 1835
1832 1833
1832 1834
1832 1835
1832 1836
1832 1838
1833 1834
1833 1835
1833 1837
1833 1838
1833 1839
1833 1840
1833 1841
1834 1838
1834 1840
1834 1843
1835 1836
1835 1837
1835 1838
1836 1838
1837 1838
1837 1841
1837 2076
1838 1840
1838 1841
1838 1842
1838 1843
1838 1845
1838 1846
1838 2076
1838 2077
1838 2079
1838 2080
1839 1840
1839 1841
1839 1862
1840 1841
1840 1842
1840 1843
1840 1844
1840 1846
1840 1862
1840 1863
1840 1865
1840 1866
1841 1842
1841 1862
1841 1864
1841 1865
1841 2076
1841 2078
1841 2079
1841 2096
1842 1846
1842 1865
1842 2079
1843 1844
1843 1845
1843 1846
1844 1846
1844 1866
1844 1868
1845 1846
1845 2080
1846 1865
1846 1866
1846 1867
1846 1868
1846 1870
1846 1871
1846 2079
1846 2080
1846 2081
1846 2098
1846 2099
1847 1848
1847 1849
1848 1849
1848 1850
1848 1851
1848 1852
1848 2082
1848 2083
1848 2084
1849 1850
1849 1880
1849 1881
1849 2084
1849 2112
1849 2113
1850 1852
1850 1881
1850 2084
1851 1852
1851 1853
1851 2083
1852 1853
1852 1854
1852 1881
1852 1882
1852 1883
1852 2083
1852 2084
1852 2085
1852 2087
1852 2115
1853 1854
1853 1855
1853 1856
1853 1857
1853 2083
1853 2086
1853 2087
1853 2088
1854 1857
1854 1883
1854 2087
1855 1856
1855 1857
1855 1858
1855 1859
1855 1860
1856 1857
1856 1860
1856 2088
1857 1859
1857 1860
1857 1861
1857 1883
1857 1884
1857 1886
1857 2087
1857 2088
1857 2089
1857 2091
1857 2117
1858 1859
1858 1860
1859 1860
1859 1861
1859 1885
1859 1886
1860 1861
1860 2088
1860 2090
1860 2091
1860 2092
1860 2093
1860 2094
1861 1886
1861 2091
1861 2093
1862 1863
1862 1864
1862 1865
1863 1865
1863 1866
1864 1865
1864 2096
1865 1866
1865 1867
1865 2079
1865 2096
1865 2097
1865 2098
1866 1867
1866 1868
1866 1869
1866 1871
1867 1871
1867 2098
1868 1869
1868 1870
1868 1871
1868 1872
1868 1873
1868 1874
1869 1871
1869 1873
1870 1871
1870 1874
1870 2099
1871 1873
1871 1874
1871 1875
1871 2098
1871 2099
1871 2100
1871 2102
1871 2121
1871 2122
1871 2123
1872 1873
1872 1874
1872 1876
1873 1874
1873 1875
1873 1876
1873 1877
1873 1879
1874 1875
1874 1876
1874 1878
1874 1879
1874 2099
1874 2101
1874 2102
1874 2103
1875 1879
1875 2102
1875 2122
1876 1877
1876 1878
1876 1879
1877 1879
1878 1879
1878 2103
1878 2105
1879 1898
1879 2102
1879 2103
1879 2104
1879 2105
1879 2106
1879 2108
1879 2122
1879 2125
1879 2126
1880 1881
1880 1887
1880 1889
1880 2113
1881 1882
1881 1889
1881 1890
1881 1891
1881 2084
1881 2113
1881 2114
1881 2115
1881 2130
1882 1883
1882 1891
1882 2115
1883 1884
1883 1891
1883 1892
1883 1893
1883 2087
1883 2115
1883 2116
1883 2117
1883 2132
1884 1886
1884 1893
1884 2117
1885 1886
1885 1894
1886 1893
1886 1894
1886 1895
1886 2091
1886 2093
1886 2117
1886 2118
1886 2119
1886 2120
1886 2134
1886 2135
1887 1888
1887 1889
1887 1898
1887 2105
1887 2106
1887 2108
1887 2109
1887 2110
1887 2111
1887 2113
1887 2128
1888 1889
1888 1898
1888 1900
1888 2128
1889 1890
1889 1900
1889 1901
1889 1902
1889 2113
1889 2128
1889 2129
1889 2130
1889 2139
1890 1891
1890 1902
1890 2130
1891 1892
1891 1902
1891 1903
1891 1904
1891 2115
1891 2130
1891 2131
1891 2132
1891 2141
1892 1893
1892 1904
1892 2132
1893 1894
1893 1895
1893 1904
1893 2117
1893 2132
1893 2133
1893 2134
1893 2143
1893 2144
1894 1895
1895 2134
1895 2135
1896 1897
1896 1898
1897 1898
1897 1899
1897 1900
1897 1909
1897 1911
1898 1899
1898 1900
1898 2106
1898 2108
1898 2125
1898 2126
1898 2127
1898 2128
1898 2137
1899 1900
1899 1909
1899 1911
1899 2137
1900 1901
1900 1911
1900 1912
1900 1913
1900 2128
1900 2137
1900 2138
1900 2139
1900 2146
1901 1902
1901 1913
1901 2139
1902 1903
1902 1913
1902 1914
1902 1916
1902 2130
1902 2139
1902 2140
1902 2141
1902 2148
1903 1904
1903 1916
1903 2141
1904 1916
1904 1917
1904 1918
1904 2132
1904 2141
1904 2142
1904 2143
1904 2144
1904 2150
1904 2151
1905 1906
1905 1907
1905 1908
1906 1908
1906 1909
1907 1908
1907 1921
1908 1909
1908 1910
1908 1920
1908 1921
1908 1922
1909 1910
1909 1911
1910 1911
1911 1912
1911 1923
1911 1924
1911 2137
1911 2145
1911 2146
1912 1913
1912 1924
1912 2146
1913 1914
1913 1924
1913 1925
1913 1926
1913 2139
1913 2146
1913 2147
1913 2148
1913 2154
1914 1916
1914 1926
1914 2148
1915 1916
1915 1917
1915 1927
1916 1917
1916 1918
1916 1926
1916 1927
1916 1928
1916 2141
1916 2148
1916 2149
1916 2150
1916 2156
1917 1918
1918 2150
1918 2151
1919 1920
1919 1921
1920 1921
1920 1922
1921 1922
1923 1924
1923 1929
1924 1925
1924 1929
1924 1930
1924 1931
1924 2146
1924 2153
1924 2154
1925 1926
1925 1931
1925 2154
1926 1927
1926 1928
1926 1931
1926 1932
1926 1933
1926 2148
1926 2154
1926 2155
1926 2156
1927 1928
1928 2156
1929 1930
1929 1935
1929 1937
1929 1938
1929 1939
1930 1931
1930 1939
1931 1932
1931 1933
1931 1939
1931 1940
1932 1933
1934 1935
1934 1936
1934 1937
1935 1937
1936 1937
1936 1941
1936 1943
1937 1938
1937 1943
1937 1944
1937 1945
1938 1939
1938 1945
1939 1940
1941 1942
1941 1943
1942 1943
1942 1947
1942 1950
1942 2158
1943 1944
1944 1945
1946 1947
1946 1948
1947 1948
1947 1949
1947 1950
1947 2157
1947 2158
1947 2159
1948 1949
1949 1950
1949 2159
1950 2158
1950 2159
1950 2160
1951 1952
1951 1953
1952 1953
1952 1954
1952 1955
1952 1956
1953 1954
1954 1956
1954 1971
1954 2171
1955 1956
1955 1957
1956 1957
1956 1958
1956 1971
1956 1972
1956 1974
1956 2171
1956 2172
1956 2174
1956 2175
1957 1958
1958 1974
1958 2175
1959 1960
1959 1961
1959 1962
1959 1963
1959 1964
1959 1965
1960 1962
1960 1964
1960 1967
1961 1962
1961 1965
1962 1964
1962 1965
1962 1966
1962 1967
1962 1968
1962 1970
1963 1964
1963 1965
1963 2161
1964 1965
1964 1966
1964 1967
1964 1969
1964 1970
1964 2161
1964 2162
1964 2164
1964 2165
1965 1966
1965 2161
1965 2163
1965 2164
1966 1970
1966 2164
1967 1968
1967 1969
1967 1970
1968 1970
1969 1970
1969 2165
1969 2167
1970 2164
1970 2165
1970 2166
1970 2167
1970 2168
1970 2170
1970 2177
1970 2178
1970 2179
1971 1972
1971 1975
1971 1977
1971 1978
1971 2171
1971 2173
1971 2174
1971 2185
1972 1974
1972 1978
1972 2174
1973 1974
1973 1979
1974 1978
1974 1979
1974 1980
1974 2174
1974 2175
1974 2176
1974 2187
1975 1976
1975 1977
1975 1978
1976 1978
1976 1979
1977 1978
1977 2185
1978 1979
1978 1980
1978 2174
1978 2185
1978 2186
1978 2187
1978 2200
1978 2201
1978 2202
1979 1980
1980 2187
1980 2201
1980 2204
1981 1982
1981 1983
1981 2188
1982 1983
1982 1984
1982 2188
1982 2189
1982 2191
1983 1984
1983 2188
1983 2190
1983 2191
1984 2191
1985 1986
1985 1987
1985 1988
1985 1989
1985 1990
1986 1987
1986 1989
1987 1989
1987 1990
1987 1991
1987 1993
1987 2007
1988 1989
1988 1990
1988 2214
1989 1990
1989 1991
1989 1992
1989 1993
1989 2214
1989 2215
1989 2217
1989 2218
1990 1991
1990 2004
1990 2005
1990 2006
1990 2007
1990 2214
1990 2216
1990 2217
1990 2228
1990 2230
1991 1993
1991 2007
1991 2217
1992 1993
1992 1994
1992 2218
1993 1994
1993 1995
1993 2007
1993 2008
1993 2009
1993 2217
1993 2218
1993 2219
1993 2221
1993 2232
1994 1995
1994 1996
1994 1997
1994 2218
1994 2220
1994 2221
1995 1997
1995 2009
1995 2221
1996 1997
1998 1999
1998 2000
1998 2222
1999 2000
1999 2001
1999 2002
1999 2003
1999 2222
1999 2223
1999 2225
1999 2226
2000 2001
2000 2010
2000 2011
2000 2222
2000 2224
2000 2225
2000 2233
2001 2003
2001 2011
2001 2225
2002 2003
2002 2226
2003 2011
2003 2012
2003 2013
2003 2014
2003 2016
2003 2017
2003 2225
2003 2226
2003 2227
2003 2235
2003 2236
2004 2005
2004 2228
2005 2006
2005 2018
2005 2019
2005 2228
2005 2229
2005 2230
2006 2007
2006 2019
2006 2230
2007 2008
2007 2217
2007 2230
2007 2231
2007 2232
2008 2009
2008 2232
2010 2011
2010 2233
2010 2238
2010 2239
2011 2012
2011 2013
2011 2022
2011 2225
2011 2233
2011 2234
2011 2235
2011 2243
2011 2244
2012 2013
2012 2014
2012 2015
2012 2017
2012 2020
2012 2021
2012 2022
2013 2017
2013 2022
2013 2235
2014 2015
2014 2016
2014 2017
2015 2017
2015 2021
2016 2017
2016 2236
2017 2021
2017 2022
2017 2023
2017 2235
2017 2236
2017 2237
2017 2246
2018 2019
2020 2021
2020 2022
2021 2022
2021 2023
2022 2023
2022 2235
2022 2243
2022 2244
2022 2245
2022 2246
2022 2251
2022 2252
2022 2253
2023 2246
2023 2252
2024 2025
2024 2026
2024 2027
2025 2027
2025 2028
2026 2027
2026 2032
2027 2028
2027 2029
2027 2032
2027 2033
2027 2034
2027 2248
2027 2255
2027 2256
2028 2029
2028 2030
2028 2031
2028 2241
2028 2247
2028 2248
2029 2031
2029 2034
2029 2248
2030 2031
2030 2238
2030 2239
2030 2241
2031 2034
2031 2035
2031 2036
2031 2037
2031 2239
2031 2241
2031 2248
2031 2249
2031 2250
2031 2258
2032 2033
2032 2040
2032 2041
2033 2034
2033 2041
2033 2256
2034 2035
2034 2041
2034 2042
2034 2043
2034 2248
2034 2256
2034 2257
2034 2258
2034 2264
2035 2037
2035 2043
2035 2258
2036 2037
2036 2038
2036 2239
2036 2250
2037 2038
2037 2039
2037 2043
2037 2044
2037 2045
2037 2250
2037 2258
2037 2259
2037 2261
2037 2266
2038 2039
2038 2048
2038 2250
2038 2251
2038 2253
2038 2260
2038 2261
2039 2045
2039 2048
2039 2261
2040 2041
2041 2042
2041 2062
2041 2064
2041 2065
2041 2256
2041 2263
2041 2264
2041 2279
2042 2043
2042 2065
2042 2264
2043 2044
2043 2065
2043 2066
2043 2067
2043 2069
2043 2258
2043 2264
2043 2265
2043 2266
2043 2281
2044 2045
2044 2069
2044 2266
2045 2047
2045 2048
2045 2049
2045 2069
2045 2261
2045 2266
2045 2267
2045 2268
2045 2283
2045 2284
2046 2047
2046 2048
2047 2048
2047 2049
2048 2049
2048 2251
2048 2253
2048 2261
2048 2262
2048 2268
2049 2268
2050 2051
2050 2052
2050 2053
2050 2054
2050 2055
2050 2056
2051 2053
2051 2055
2051 2058
2052 2053
2052 2056
2052 2070
2053 2055
2053 2056
2053 2057
2053 2058
2053 2059
2053 2061
2053 2070
2053 2071
2053 2073
2053 2074
2054 2055
2054 2056
2054 2269
2055 2056
2055 2057
2055 2058
2055 2060
2055 2061
2055 2269
2055 2270
2055 2272
2055 2273
2056 2057
2056 2070
2056 2072
2056 2073
2056 2269
2056 2271
2056 2272
2056 2285
2057 2061
2057 2073
2057 2272
2058 2059
2058 2060
2058 2061
2059 2061
2059 2074
2060 2061
2060 2273
2060 2275
2061 2073
2061 2074
2061 2075
2061 2272
2061 2273
2061 2274
2061 2275
2061 2276
2061 2278
2061 2287
2061 2288
2062 2063
2062 2064
2062 2065
2063 2065
2063 2066
2064 2065
2064 2279
2065 2066
2065 2067
2065 2264
2065 2279
2065 2280
2065 2281
2065 2306
2065 2307
2065 2308
2066 2067
2066 2068
2066 2069
2067 2069
2067 2281
2067 2307
2068 2069
2069 2266
2069 2281
2069 2282
2069 2283
2069 2284
2069 2307
2069 2310
2069 2311
2069 2312
2070 2071
2070 2072
2070 2073
2071 2073
2071 2074
2072 2073
2072 2285
2073 2074
2073 2075
2073 2272
2073 2285
2073 2286
2073 2287
2074 2075
2075 2287
2075 2288
2076 2077
2076 2078
2076 2079
2077 2079
2077 2080
2078 2079
2078 2096
2079 2080
2079 2081
2079 2096
2079 2097
2079 2098
2080 2081
2081 2098
2081 2099
2082 2083
2082 2084
2083 2084
2083 2085
2083 2086
2083 2087
2083 2330
2083 2331
2083 2332
2084 2085
2084 2112
2084 2113
2084 2114
2084 2115
2084 2332
2084 2350
2084 2351
2085 2087
2085 2115
2085 2332
2086 2087
2086 2088
2086 2331
2087 2088
2087 2089
2087 2115
2087 2116
2087 2117
2087 2331
2087 2332
2087 2333
2087 2334
2087 2353
2088 2089
2088 2090
2088 2091
2088 2324
2088 2325
2088 2326
2088 2328
2088 2329
2088 2331
2088 2334
2089 2091
2089 2117
2089 2334
2090 2091
2090 2094
2090 2325
2090 2329
2091 2093
2091 2094
2091 2095
2091 2117
2091 2118
2091 2120
2091 2329
2091 2334
2091 2335
2091 2337
2091 2355
2092 2093
2092 2094
2093 2094
2093 2095
2093 2119
2093 2120
2094 2095
2094 2329
2094 2336
2094 2337
2094 2338
2094 2339
2094 2340
2095 2120
2095 2337
2095 2339
2096 2097
2097 2098
2098 2099
2098 2100
2099 2100
2099 2101
2099 2102
2100 2102
2100 2123
2101 2102
2101 2103
2101 2342
2102 2103
2102 2104
2102 2122
2102 2123
2102 2124
2102 2126
2102 2342
2102 2344
2102 2345
2102 2359
2103 2104
2103 2105
2103 2107
2103 2108
2103 2342
2103 2343
2103 2345
2103 2346
2104 2108
2104 2126
2104 2345
2105 2106
2105 2107
2105 2108
2105 2109
2105 2110
2106 2108
2107 2108
2107 2110
2107 2346
2108 2110
2108 2111
2108 2126
2108 2127
2108 2128
2108 2345
2108 2346
2108 2347
2108 2349
2108 2361
2109 2110
2110 2111
2110 2346
2110 2348
2110 2349
2111 2113
2111 2128
2111 2349
2112 2113
2113 2114
2113 2128
2113 2129
2113 2130
2113 2349
2113 2351
2113 2363
2113 2364
2114 2115
2114 2130
2114 2351
2115 2116
2115 2130
2115 2131
2115 2132
2115 2332
2115 2351
2115 2352
2115 2353
2115 2366
2116 2117
2116 2132
2116 2353
2117 2118
2117 2132
2117 2133
2117 2134
2117 2334
2117 2353
2117 2354
2117 2355
2117 2368
2118 2120
2118 2134
2118 2355
2119 2120
2119 2135
2120 2134
2120 2135
2120 2136
2120 2337
2120 2339
2120 2355
2120 2356
2120 2357
2120 2358
2120 2370
2121 2122
2121 2123
2122 2123
2122 2124
2122 2125
2122 2126
2123 2124
2124 2126
2124 2359
2125 2126
2126 2127
2126 2345
2126 2359
2126 2360
2126 2361
2127 2128
2127 2137
2127 2361
2128 2129
2128 2137
2128 2138
2128 2139
2128 2349
2128 2361
2128 2362
2128 2364
2128 2372
2129 2130
2129 2139
2129 2364
2130 2131
2130 2139
2130 2140
2130 2141
2130 2351
2130 2364
2130 2365
2130 2366
2130 2374
2131 2132
2131 2141
2131 2366
2132 2133
2132 2141
2132 2142
2132 2144
2132 2353
2132 2366
2132 2367
2132 2368
2132 2376
2133 2134
2133 2144
2133 2368
2134 2135
2134 2136
2134 2144
2134 2355
2134 2368
2134 2369
2134 2370
2134 2378
2134 2379
2135 2136
2136 2370
2137 2138
2137 2145
2137 2146
2137 2361
2137 2371
2137 2372
2138 2139
2138 2146
2138 2372
2139 2140
2139 2146
2139 2147
2139 2148
2139 2364
2139 2372
2139 2373
2139 2374
2140 2141
2140 2148
2140 2374
2141 2142
2141 2148
2141 2149
2141 2150
2141 2366
2141 2374
2141 2375
2141 2376
2141 2381
2142 2144
2142 2150
2142 2376
2143 2144
2143 2151
2144 2150
2144 2151
2144 2152
2144 2368
2144 2376
2144 2377
2144 2378
2144 2379
2144 2383
2145 2146
2146 2147
2146 2153
2146 2154
2147 2148
2147 2154
2148 2149
2148 2154
2148 2155
2148 2156
2148 2374
2148 2380
2148 2381
2149 2150
2149 2156
2149 2381
2150 2151
2150 2152
2150 2376
2150 2381
2150 2382
2150 2383
2151 2152
2152 2383
2153 2154
2154 2155
2155 2156
2157 2158
2157 2159
2158 2159
2158 2160
2159 2160
2161 2162
2161 2163
2161 2164
2162 2164
2162 2165
2163 2164
2164 2165
2164 2166
2165 2166
2165 2167
2165 2169
2165 2170
2166 2170
2166 2179
2167 2168
2167 2169
2167 2170
2168 2170
2168 2178
2168 2181
2169 2170
2170 2178
2170 2179
2170 2180
2170 2181
2170 2183
2170 2184
2170 2384
2170 2385
2170 2386
2171 2172
2171 2173
2171 2174
2172 2174
2172 2175
2173 2174
2173 2185
2174 2175
2174 2176
2174 2185
2174 2186
2174 2187
2174 2388
2174 2389
2174 2390
2175 2176
2176 2187
2176 2389
2177 2178
2177 2179
2178 2179
2178 2180
2178 2181
2178 2182
2178 2184
2178 2192
2178 2193
2178 2194
2179 2180
2180 2184
2180 2194
2180 2386
2181 2182
2181 2183
2181 2184
2182 2184
2182 2193
2182 2196
2183 2184
2183 2385
2184 2193
2184 2194
2184 2195
2184 2196
2184 2198
2184 2199
2184 2385
2184 2386
2184 2387
2184 2393
2184 2394
2185 2186
2186 2187
2186 2202
2186 2390
2187 2201
2187 2202
2187 2203
2187 2204
2187 2206
2187 2207
2187 2389
2187 2390
2187 2391
2187 2397
2187 2398
2188 2189
2188 2190
2188 2191
2189 2191
2190 2191
2192 2193
2192 2194
2192 2208
2193 2194
2193 2195
2193 2196
2193 2197
2193 2199
2193 2208
2193 2209
2193 2211
2193 2212
2194 2195
2194 2208
2194 2210
2194 2211
2194 2386
2194 2392
2194 2393
2194 2400
2195 2199
2195 2211
2195 2393
2196 2197
2196 2198
2196 2199
2197 2199
2197 2212
2198 2199
2198 2394
2199 2211
2199 2212
2199 2213
2199 2222
2199 2393
2199 2394
2199 2395
2199 2402
2199 2403
2199 2404
2200 2201
2200 2202
2201 2202
2201 2203
2201 2204
2201 2205
2201 2207
2202 2203
2202 2223
2202 2226
2202 2390
2202 2396
2202 2397
2202 2406
2203 2207
2203 2226
2203 2397
2204 2205
2204 2206
2204 2207
2205 2207
2206 2207
2206 2398
2207 2226
2207 2397
2207 2398
2207 2399
2207 2408
2207 2409
2207 2410
2207 2411
2207 2412
2208 2209
2208 2210
2208 2211
2209 2211
2209 2212
2210 2211
2210 2400
2210 2414
2211 2212
2211 2213
2211 2393
2211 2400
2211 2401
2211 2402
2211 2414
2211 2415
2211 2417
2211 2418
2212 2213
2213 2222
2213 2402
2213 2418
2214 2215
2214 2216
2214 2217
2215 2217
2215 2218
2216 2217
2216 2228
2216 2230
2217 2218
2217 2219
2217 2230
2217 2231
2217 2232
2218 2219
2218 2220
2218 2221
2219 2221
2219 2232
2220 2221
2222 2223
2222 2224
2222 2225
2222 2402
2222 2403
2222 2404
2222 2405
2222 2418
2222 2420
2223 2225
2223 2226
2223 2406
2224 2225
2224 2233
2224 2418
2224 2420
2225 2226
2225 2227
2225 2233
2225 2234
2225 2235
2225 2421
2225 2431
2225 2432
2226 2227
2226 2236
2226 2397
2226 2406
2226 2407
2226 2408
2226 2409
2226 2421
2227 2235
2227 2236
2227 2421
2228 2229
2228 2230
2229 2230
2230 2231
2231 2232
2233 2234
2233 2238
2233 2239
2233 2240
2233 2241
2233 2242
2233 2418
2233 2420
2233 2429
2233 2430
2233 2436
2234 2235
2234 2244
2234 2432
2235 2236
2235 2237
2235 2244
2235 2245
2235 2246
2235 2421
2235 2432
2235 2433
2235 2434
2235 2438
2236 2237
2236 2408
2236 2409
2236 2411
2236 2421
2236 2422
2236 2423
2236 2424
2236 2434
2237 2246
2237 2434
2237 2440
2238 2239
2238 2240
2238 2241
2239 2241
2239 2242
2239 2250
2240 2241
2240 2418
2240 2426
2240 2429
2241 2242
2241 2247
2241 2248
2241 2249
2241 2250
2241 2429
2241 2435
2241 2436
2241 2444
2241 2446
2242 2244
2242 2250
2242 2436
2243 2244
2244 2245
2244 2250
2244 2253
2244 2260
2244 2432
2244 2436
2244 2437
2244 2438
2244 2448
2245 2246
2245 2253
2245 2438
2246 2252
2246 2253
2246 2254
2246 2434
2246 2438
2246 2439
2246 2440
2246 2441
2246 2443
2246 2450
2246 2451
2247 2248
2247 2444
2248 2249
2248 2255
2248 2256
2248 2257
2248 2258
2248 2444
2248 2445
2248 2446
2249 2250
2249 2258
2249 2446
2250 2258
2250 2259
2250 2260
2250 2261
2250 2436
2250 2446
2250 2447
2250 2448
2250 2453
2251 2252
2251 2253
2252 2253
2252 2254
2253 2254
2253 2260
2253 2261
2253 2262
2253 2438
2253 2448
2253 2449
2253 2450
2253 2455
2253 2456
2254 2450
2254 2451
2254 2456
2255 2256
2256 2257
2256 2263
2256 2264
2257 2258
2257 2264
2257 2460
2258 2259
2258 2264
2258 2265
2258 2266
2258 2453
2258 2460
2258 2461
2258 2463
2259 2261
2259 2266
2259 2453
2260 2261
2260 2448
2261 2262
2261 2266
2261 2267
2261 2268
2261 2448
2261 2453
2261 2454
2261 2455
2261 2465
2262 2268
2262 2455
2262 2456
2263 2264
2263 2279
2264 2265
2264 2279
2264 2280
2264 2281
2264 2460
2264 2462
2264 2463
2264 2475
2265 2266
2265 2281
2265 2463
2266 2267
2266 2281
2266 2282
2266 2284
2266 2453
2266 2463
2266 2464
2266 2465
2266 2477
2267 2268
2267 2284
2267 2465
2268 2284
2268 2455
2268 2465
2268 2466
2268 2479
2268 2480
2269 2270
2269 2271
2269 2272
2269 2467
2269 2468
2269 2469
2269 2470
2269 2472
2269 2473
2270 2272
2270 2273
2270 2473
2271 2272
2271 2285
2271 2468
2271 2472
2272 2273
2272 2274
2272 2285
2272 2286
2272 2287
2272 2472
2272 2473
2272 2474
2272 2488
2273 2274
2273 2275
2273 2277
2273 2278
2274 2278
2274 2287
2274 2489
2275 2276
2275 2277
2275 2278
2276 2278
2276 2288
2276 2290
2277 2278
2278 2287
2278 2288
2278 2289
2278 2290
2278 2292
2278 2293
2278 2489
2278 2490
2278 2492
2278 2493
2279 2280
2279 2501
2279 2502
2279 2503
2279 2505
2279 2506
2279 2507
2280 2281
2280 2308
2280 2475
2281 2282
2281 2307
2281 2308
2281 2309
2281 2311
2281 2463
2281 2475
2281 2476
2281 2477
2281 2509
2282 2284
2282 2311
2282 2477
2283 2284
2283 2312
2284 2311
2284 2312
2284 2313
2284 2465
2284 2477
2284 2478
2284 2479
2284 2480
2284 2511
2284 2512
2285 2286
2285 2468
2285 2472
2285 2483
2285 2486
2285 2487
2285 2488
2286 2287
2286 2488
2287 2288
2287 2289
2287 2489
2287 2491
2287 2492
2288 2289
2288 2290
2288 2291
2288 2293
2288 2314
2288 2315
2288 2316
2289 2293
2289 2316
2289 2492
2290 2291
2290 2292
2290 2293
2290 2294
2290 2295
2290 2296
2291 2293
2291 2295
2291 2315
2292 2293
2292 2296
2292 2493
2293 2295
2293 2296
2293 2297
2293 2315
2293 2316
2293 2317
2293 2319
2293 2492
2293 2493
2293 2494
2293 2496
2293 2515
2294 2295
2294 2296
2294 2298
2295 2296
2295 2297
2295 2298
2295 2299
2295 2301
2295 2315
2295 2318
2295 2319
2295 2320
2296 2297
2296 2298
2296 2300
2296 2301
2296 2493
2296 2495
2296 2496
2296 2497
2297 2301
2297 2319
2297 2496
2298 2299
2298 2300
2298 2301
2298 2302
2298 2303
2298 2304
2299 2301
2299 2303
2299 2320
2300 2301
2300 2304
2300 2497
2301 2303
2301 2304
2301 2305
2301 2319
2301 2320
2301 2321
2301 2323
2301 2496
2301 2497
2301 2498
2301 2500
2301 2517
2302 2303
2302 2304
2303 2304
2303 2305
2303 2320
2303 2322
2303 2323
2304 2305
2304 2497
2304 2499
2304 2500
2304 2501
2304 2502
2304 2503
2305 2323
2305 2500
2305 2502
2306 2307
2306 2308
2307 2308
2307 2309
2307 2310
2307 2311
2308 2309
2308 2475
2308 2508
2308 2509
2309 2311
2309 2509
2310 2311
2310 2312
2311 2312
2311 2313
2311 2477
2311 2509
2311 2510
2311 2511
2312 2313
2313 2511
2313 2512
2314 2315
2314 2316
2315 2316
2315 2317
2315 2318
2315 2319
2316 2317
2316 2492
2316 2514
2316 2515
2317 2319
2317 2515
2318 2319
2318 2320
2319 2320
2319 2321
2319 2496
2319 2515
2319 2516
2319 2517
2320 2321
2320 2322
2320 2323
2321 2323
2321 2517
2322 2323
2323 2500
2323 2502
2323 2517
2323 2518
2323 2519
2323 2520
2324 2325
2324 2326
2325 2326
2325 2327
2325 2329
2326 2327
2326 2328
2326 2329
2326 2523
2326 2524
2326 2525
2327 2329
2327 2524
2327 2527
2328 2329
2328 2331
2328 2334
2328 2525
2329 2334
2329 2335
2329 2336
2329 2337
2329 2524
2329 2525
2329 2526
2329 2527
2329 2529
2329 2538
2330 2331
2330 2332
2330 2533
2331 2332
2331 2333
2331 2334
2331 2525
2331 2533
2331 2534
2331 2536
2332 2333
2332 2350
2332 2351
2332 2352
2332 2353
2332 2533
2332 2535
2332 2536
2332 2545
2333 2334
2333 2353
2333 2536
2334 2335
2334 2353
2334 2354
2334 2355
2334 2525
2334 2536
2334 2537
2334 2538
2334 2547
2335 2337
2335 2355
2335 2538
2336 2337
2336 2340
2336 2527
2336 2529
2337 2339
2337 2340
2337 2341
2337 2355
2337 2356
2337 2358
2337 2529
2337 2538
2337 2539
2337 2540
2337 2549
2338 2339
2338 2340
2339 2340
2339 2341
2339 2357
2339 2358
2340 2341
2340 2527
2340 2529
2340 2530
2340 2531
2340 2532
2340 2540
2340 2541
2340 2542
2340 2543
2341 2358
2341 2540
2341 2542
2342 2343
2342 2344
2342 2345
2343 2345
2343 2346
2344 2345
2344 2359
2344 2565
2344 2569
2345 2346
2345 2347
2345 2359
2345 2360
2345 2361
2345 2569
2345 2571
2345 2572
2346 2347
2346 2348
2346 2349
2347 2349
2347 2361
2348 2349
2349 2361
2349 2362
2349 2363
2349 2364
2350 2351
2351 2352
2351 2363
2351 2364
2351 2365
2351 2366
2351 2545
2351 2573
2351 2574
2351 2576
2352 2353
2352 2366
2352 2545
2353 2354
2353 2366
2353 2367
2353 2368
2353 2536
2353 2545
2353 2546
2353 2547
2353 2578
2354 2355
2354 2368
2354 2547
2355 2356
2355 2368
2355 2369
2355 2370
2355 2538
2355 2547
2355 2548
2355 2549
2355 2580
2356 2358
2356 2370
2356 2549
2357 2358
2358 2370
2358 2540
2358 2542
2358 2549
2358 2550
2358 2551
2358 2552
2358 2582
2358 2583
2359 2360
2359 2565
2359 2566
2359 2568
2359 2569
2359 2570
2359 2572
2360 2361
2360 2572
2361 2362
2361 2371
2361 2372
2362 2364
2362 2372
2363 2364
2363 2573
2364 2365
2364 2372
2364 2373
2364 2374
2364 2573
2364 2575
2364 2576
2365 2366
2365 2374
2365 2576
2366 2367
2366 2374
2366 2375
2366 2376
2366 2545
2366 2576
2366 2577
2366 2578
2366 2585
2367 2368
2367 2376
2367 2578
2368 2369
2368 2376
2368 2377
2368 2379
2368 2547
2368 2578
2368 2579
2368 2580
2368 2587
2369 2370
2369 2379
2369 2580
2370 2549
2370 2580
2370 2581
2370 2582
2370 2583
2371 2372
2372 2373
2373 2374
2374 2375
2374 2380
2374 2381
2374 2576
2374 2584
2374 2585
2375 2376
2375 2381
2375 2585
2376 2377
2376 2381
2376 2382
2376 2383
2376 2578
2376 2585
2376 2586
2376 2587
2377 2379
2377 2383
2377 2587
2378 2379
2379 2580
2379 2587
2379 2588
2380 2381
2381 2382
2382 2383
2384 2385
2384 2386
2385 2386
2385 2387
2386 2387
2386 2392
2386 2393
2387 2393
2387 2394
2388 2389
2388 2390
2389 2390
2389 2391
2390 2391
2390 2396
2390 2397
2391 2397
2391 2398
2392 2393
2392 2400
2393 2394
2393 2395
2393 2400
2393 2401
2393 2402
2393 2644
2393 2645
2393 2646
2394 2395
2395 2402
2395 2404
2395 2645
2396 2397
2396 2406
2397 2398
2397 2399
2397 2406
2397 2407
2397 2409
2397 2636
2397 2650
2397 2651
2398 2399
2398 2412
2398 2617
2398 2618
2398 2619
2398 2620
2398 2622
2398 2623
2398 2636
2399 2409
2399 2412
2399 2636
2400 2401
2400 2414
2400 2416
2400 2417
2400 2646
2400 2654
2400 2655
2400 2656
2400 2657
2400 2659
2401 2402
2401 2417
2401 2646
2402 2404
2402 2405
2402 2417
2402 2418
2402 2419
2402 2420
2402 2645
2402 2646
2402 2647
2402 2649
2402 2661
2403 2404
2404 2405
2404 2645
2404 2648
2404 2649
2405 2406
2405 2420
2405 2649
2406 2407
2406 2420
2406 2431
2406 2649
2406 2663
2406 2664
2407 2409
2407 2421
2407 2651
2408 2409
2408 2411
2409 2411
2409 2412
2409 2413
2409 2421
2409 2422
2409 2424
2409 2636
2409 2651
2409 2652
2409 2653
2409 2666
2410 2411
2410 2412
2411 2412
2411 2413
2411 2423
2411 2424
2412 2413
2412 2619
2412 2623
2412 2625
2412 2636
2412 2637
2412 2638
2412 2639
2412 2653
2413 2424
2413 2653
2414 2415
2414 2416
2414 2417
2414 2425
2414 2426
2414 2427
2415 2417
2415 2418
2415 2426
2416 2417
2416 2427
2416 2655
2416 2659
2417 2418
2417 2419
2417 2426
2417 2427
2417 2428
2417 2429
2417 2646
2417 2659
2417 2660
2417 2661
2417 2681
2418 2419
2418 2420
2418 2426
2418 2429
2419 2420
2419 2429
2419 2661
2420 2429
2420 2430
2420 2431
2420 2432
2420 2649
2420 2661
2420 2662
2420 2664
2420 2683
2421 2422
2421 2431
2421 2432
2421 2433
2421 2434
2421 2651
2421 2664
2421 2665
2421 2666
2421 2685
2422 2424
2422 2434
2422 2666
2423 2424
2424 2434
2424 2442
2424 2653
2424 2666
2424 2667
2424 2687
2424 2688
2424 2689
2424 2690
2425 2426
2425 2427
2426 2427
2426 2428
2426 2429
2427 2428
2427 2659
2427 2680
2427 2681
2428 2429
2428 2681
2429 2430
2429 2435
2429 2436
2429 2661
2429 2681
2429 2682
2429 2683
2430 2432
2430 2436
2430 2683
2431 2432
2431 2664
2432 2433
2432 2436
2432 2437
2432 2438
2432 2664
2432 2683
2432 2684
2432 2685
2432 2699
2433 2434
2433 2438
2433 2685
2434 2438
2434 2439
2434 2440
2434 2442
2434 2443
2434 2666
2434 2685
2434 2686
2434 2687
2434 2701
2435 2436
2435 2444
2435 2446
2436 2437
2436 2446
2436 2447
2436 2448
2436 2683
2436 2698
2436 2699
2436 2705
2437 2438
2437 2448
2437 2699
2438 2439
2438 2448
2438 2449
2438 2450
2438 2685
2438 2699
2438 2700
2438 2701
2438 2707
2439 2443
2439 2450
2439 2701
2440 2441
2440 2442
2440 2443
2441 2443
2441 2451
2442 2443
2442 2687
2442 2689
2443 2450
2443 2451
2443 2452
2443 2687
2443 2689
2443 2701
2443 2702
2443 2703
2443 2704
2443 2709
2443 2710
2444 2445
2444 2446
2445 2446
2446 2447
2447 2448
2447 2453
2447 2705
2448 2449
2448 2453
2448 2454
2448 2455
2448 2699
2448 2705
2448 2706
2448 2707
2448 2713
2449 2450
2449 2455
2449 2707
2450 2451
2450 2452
2450 2455
2450 2456
2450 2457
2450 2459
2450 2701
2450 2707
2450 2708
2450 2709
2450 2715
2451 2452
2451 2456
2451 2458
2451 2459
2452 2459
2452 2709
2452 2710
2453 2454
2453 2461
2453 2463
2453 2464
2453 2465
2453 2705
2453 2712
2453 2713
2453 2719
2453 2721
2454 2455
2454 2465
2454 2713
2455 2456
2455 2457
2455 2465
2455 2466
2455 2707
2455 2713
2455 2714
2455 2715
2455 2723
2456 2457
2456 2458
2456 2459
2457 2459
2457 2715
2458 2459
2459 2709
2459 2710
2459 2715
2459 2716
2459 2717
2459 2718
2460 2461
2460 2462
2460 2463
2461 2463
2461 2719
2462 2463
2462 2475
2462 2725
2462 2730
2463 2464
2463 2475
2463 2476
2463 2477
2463 2719
2463 2720
2463 2721
2463 2730
2463 2732
2464 2465
2464 2477
2464 2721
2465 2466
2465 2477
2465 2478
2465 2480
2465 2713
2465 2721
2465 2722
2465 2723
2465 2734
2466 2480
2466 2723
2466 2736
2467 2468
2467 2469
2468 2469
2468 2471
2468 2472
2468 2481
2468 2482
2468 2483
2468 2484
2468 2486
2469 2470
2469 2471
2469 2472
2470 2472
2470 2473
2471 2472
2471 2484
2471 2486
2471 2741
2472 2473
2472 2474
2472 2486
2472 2487
2472 2488
2472 2741
2472 2744
2472 2745
2473 2474
2474 2488
2475 2476
2475 2506
2475 2507
2475 2508
2475 2509
2475 2725
2475 2729
2475 2730
2475 2731
2475 2732
2475 2752
2476 2477
2476 2509
2476 2732
2477 2478
2477 2509
2477 2510
2477 2511
2477 2721
2477 2732
2477 2733
2477 2734
2477 2754
2478 2480
2478 2511
2478 2734
2479 2480
2479 2512
2480 2511
2480 2512
2480 2513
2480 2723
2480 2734
2480 2735
2480 2736
2480 2737
2480 2739
2480 2756
2480 2757
2481 2482
2481 2484
2482 2483
2482 2484
2482 2485
2482 2486
2483 2486
2484 2485
2484 2486
2484 2740
2484 2741
2484 2742
2485 2486
2485 2742
2486 2487
2486 2741
2486 2742
2486 2743
2486 2745
2487 2488
2487 2745
2489 2490
2489 2491
2489 2492
2490 2492
2490 2493
2491 2492
2492 2493
2492 2494
2492 2514
2492 2515
2493 2494
2493 2495
2493 2496
2494 2496
2494 2515
2495 2496
2495 2497
2496 2497
2496 2498
2496 2515
2496 2516
2496 2517
2497 2498
2497 2499
2497 2500
2497 2746
2497 2747
2497 2748
2498 2500
2498 2517
2498 2748
2499 2500
2499 2503
2499 2747
2500 2502
2500 2503
2500 2504
2500 2517
2500 2518
2500 2520
2500 2747
2500 2748
2500 2749
2500 2750
2500 2760
2501 2502
2501 2503
2502 2503
2502 2504
2502 2505
2502 2507
2502 2519
2502 2520
2502 2521
2503 2504
2503 2506
2503 2507
2503 2724
2503 2725
2503 2726
2503 2728
2503 2729
2503 2747
2503 2750
2504 2507
2504 2520
2504 2750
2505 2507
2505 2521
2506 2507
2506 2725
2506 2729
2507 2508
2507 2520
2507 2521
2507 2522
2507 2729
2507 2750
2507 2751
2507 2752
2507 2762
2507 2763
2508 2509
2508 2752
2508 2763
2509 2510
2509 2732
2509 2752
2509 2753
2509 2754
2510 2511
2510 2524
2510 2754
2511 2512
2511 2513
2511 2524
2511 2528
2511 2531
2511 2734
2511 2754
2511 2755
2511 2756
2511 2766
2512 2513
2513 2531
2513 2756
2513 2757
2514 2515
2515 2516
2516 2517
2517 2518
2517 2748
2517 2759
2517 2760
2518 2520
2518 2760
2519 2520
2519 2521
2520 2521
2520 2522
2520 2750
2520 2760
2520 2761
2520 2762
2521 2522
2522 2762
2522 2763
2523 2524
2523 2525
2523 2782
2524 2525
2524 2526
2524 2527
2524 2528
2524 2529
2524 2754
2524 2765
2524 2766
2524 2782
2524 2784
2525 2526
2525 2534
2525 2536
2525 2537
2525 2538
2525 2782
2525 2783
2525 2784
2525 2804
2525 2806
2526 2529
2526 2538
2526 2784
2527 2528
2527 2529
2527 2530
2527 2531
2528 2529
2528 2531
2528 2766
2529 2531
2529 2532
2529 2538
2529 2539
2529 2540
2529 2766
2529 2784
2529 2785
2529 2786
2529 2808
2530 2531
2531 2532
2531 2543
2531 2756
2531 2757
2531 2766
2531 2767
2531 2768
2531 2769
2531 2786
2532 2540
2532 2543
2532 2786
2533 2534
2533 2535
2533 2536
2534 2536
2534 2804
2535 2536
2535 2545
2535 2826
2535 2828
2536 2537
2536 2545
2536 2546
2536 2547
2536 2804
2536 2805
2536 2806
2536 2828
2536 2831
2537 2538
2537 2547
2537 2806
2538 2539
2538 2547
2538 2548
2538 2549
2538 2784
2538 2806
2538 2807
2538 2808
2538 2833
2539 2540
2539 2549
2539 2808
2540 2542
2540 2543
2540 2544
2540 2549
2540 2550
2540 2552
2540 2786
2540 2808
2540 2809
2540 2810
2540 2835
2541 2542
2541 2543
2542 2543
2542 2544
2542 2551
2542 2552
2543 2544
2543 2768
2543 2769
2543 2786
2543 2787
2543 2810
2543 2811
2543 2812
2543 2813
2544 2552
2544 2810
2544 2812
2545 2546
2545 2574
2545 2576
2545 2577
2545 2578
2545 2826
2545 2828
2545 2829
2545 2830
2545 2831
2545 2851
2546 2547
2546 2578
2546 2831
2547 2548
2547 2578
2547 2579
2547 2580
2547 2806
2547 2831
2547 2832
2547 2833
2547 2853
2548 2549
2548 2580
2548 2833
2549 2550
2549 2580
2549 2581
2549 2583
2549 2808
2549 2833
2549 2834
2549 2835
2549 2855
2550 2552
2550 2583
2550 2835
2551 2552
2552 2583
2552 2810
2552 2812
2552 2835
2552 2836
2552 2837
2552 2838
2552 2857
2552 2858
2553 2554
2553 2555
2553 2557
2554 2555
2554 2556
2554 2557
2554 2558
2554 2560
2554 2561
2554 2562
2554 2563
2555 2556
2555 2557
2555 2559
2555 2560
2556 2560
2556 2562
2557 2558
2557 2559
2557 2560
2558 2560
2558 2563
2559 2560
2560 2562
2560 2563
2560 2564
2561 2562
2561 2563
2561 2565
2562 2563
2562 2564
2562 2565
2562 2566
2562 2568
2563 2564
2563 2565
2563 2567
2563 2568
2563 2839
2563 2840
2563 2841
2564 2568
2564 2841
2565 2566
2565 2567
2565 2568
2565 2569
2566 2568
2567 2568
2567 2569
2567 2840
2568 2569
2568 2570
2568 2840
2568 2841
2568 2842
2568 2843
2569 2570
2569 2571
2569 2572
2569 2793
2569 2795
2569 2797
2569 2815
2569 2816
2569 2840
2569 2843
2570 2572
2570 2843
2571 2572
2571 2797
2571 2816
2571 2817
2572 2816
2572 2817
2572 2843
2572 2844
2572 2845
2572 2846
2572 2859
2572 2860
2572 2861
2573 2574
2573 2575
2573 2576
2573 2819
2573 2820
2573 2822
2573 2823
2573 2824
2573 2825
2573 2829
2573 2847
2573 2849
2574 2576
2574 2826
2574 2829
2575 2576
2575 2847
2575 2849
2575 2865
2576 2577
2576 2584
2576 2585
2576 2829
2576 2849
2576 2850
2576 2851
2576 2865
2576 2867
2577 2578
2577 2585
2577 2851
2578 2579
2578 2585
2578 2586
2578 2587
2578 2831
2578 2851
2578 2852
2578 2853
2579 2580
2579 2587
2579 2853
2580 2581
2580 2587
2580 2588
2580 2833
2580 2853
2580 2854
2580 2855
2581 2583
2581 2855
2582 2583
2583 2835
2583 2855
2583 2856
2583 2857
2583 2858
2584 2585
2584 2865
2584 2867
2585 2586
2585 2851
2585 2867
2585 2868
2586 2587
2587 2588
2589 2590
2589 2591
2589 2593
2590 2591
2590 2592
2590 2593
2590 2594
2590 2596
2590 2597
2590 2598
2590 2599
2591 2592
2591 2593
2591 2595
2591 2596
2591 2601
2591 2602
2591 2603
2591 2604
2591 2606
2591 2607
2592 2596
2592 2598
2592 2607
2593 2594
2593 2595
2593 2596
2593 2871
2593 2877
2593 2878
2594 2596
2594 2599
2594 2869
2594 2871
2595 2596
2595 2604
2595 2606
2595 2878
2596 2598
2596 2599
2596 2600
2596 2606
2596 2607
2596 2608
2596 2871
2596 2878
2596 2879
2596 2880
2596 2886
2597 2598
2597 2599
2598 2599
2598 2600
2599 2600
2599 2859
2599 2860
2599 2861
2599 2869
2599 2871
2599 2872
2599 2873
2599 2874
2599 2880
2599 2881
2600 2880
2600 2881
2601 2602
2601 2604
2602 2603
2602 2604
2602 2605
2602 2606
2603 2606
2603 2607
2604 2605
2604 2606
2604 2878
2604 2883
2604 2884
2605 2606
2605 2884
2606 2607
2606 2608
2606 2878
2606 2884
2606 2885
2606 2886
2607 2608
2608 2886
2609 2610
2609 2611
2609 2612
2609 2613
2609 2614
2609 2615
2610 2612
2610 2614
2611 2612
2611 2615
2612 2614
2612 2615
2612 2616
2613 2614
2613 2615
2613 2887
2613 2891
2614 2615
2614 2616
2614 2887
2614 2888
2614 2890
2614 2891
2614 2892
2614 2893
2614 2894
2614 2896
2614 2910
2615 2616
2615 2891
2615 2909
2615 2910
2616 2910
2617 2618
2617 2620
2618 2619
2618 2620
2618 2621
2618 2623
2618 2624
2618 2625
2618 2626
2619 2623
2619 2625
2620 2621
2620 2622
2620 2623
2621 2623
2621 2626
2622 2623
2622 2636
2623 2625
2623 2626
2623 2627
2623 2636
2623 2637
2623 2639
2624 2625
2624 2626
2625 2626
2625 2627
2625 2638
2625 2639
2626 2627
2627 2639
2628 2629
2628 2630
2628 2632
2629 2630
2629 2631
2629 2632
2629 2633
2629 2635
2630 2631
2630 2632
2630 2634
2630 2635
2630 2640
2630 2641
2630 2642
2631 2635
2631 2641
2632 2633
2632 2634
2632 2635
2632 2911
2632 2912
2632 2913
2633 2635
2633 2912
2634 2635
2634 2642
2634 2913
2635 2641
2635 2642
2635 2643
2635 2912
2635 2913
2635 2914
2635 2916
2635 2917
2635 2918
2635 2919
2636 2637
2636 2650
2636 2651
2636 2652
2636 2653
2637 2639
2637 2653
2638 2639
2640 2641
2640 2642
2641 2642
2641 2643
2642 2643
2642 2913
2642 2915
2642 2916
2643 2916
2643 2918
2643 2921
2644 2645
2644 2646
2645 2646
2645 2647
2645 2648
2645 2649
2646 2647
2646 2657
2646 2659
2646 2660
2646 2661
2647 2649
2647 2661
2648 2649
2649 2661
2649 2662
2649 2663
2649 2664
2650 2651
2651 2652
2651 2665
2651 2666
2652 2653
2652 2666
2652 2925
2653 2666
2653 2667
2653 2925
2653 2926
2653 2928
2654 2655
2654 2656
2655 2656
2655 2658
2655 2659
2656 2657
2656 2658
2656 2659
2657 2659
2658 2659
2659 2660
2659 2680
2659 2681
2660 2661
2660 2681
2661 2662
2661 2681
2661 2682
2661 2683
2661 2935
2661 2936
2661 2937
2662 2664
2662 2683
2662 2936
2663 2664
2664 2665
2664 2683
2664 2684
2664 2685
2664 2936
2664 2939
2664 2940
2664 2941
2665 2666
2665 2685
2665 2941
2666 2667
2666 2686
2666 2687
2666 2925
2666 2927
2666 2928
2666 2943
2667 2687
2667 2690
2667 2928
2668 2669
2668 2670
2668 2672
2669 2670
2669 2671
2669 2672
2669 2673
2669 2675
2669 2676
2669 2677
2669 2678
2670 2671
2670 2672
2670 2674
2670 2675
2670 2692
2670 2693
2670 2694
2671 2675
2671 2677
2671 2693
2672 2673
2672 2674
2672 2675
2672 2929
2672 2930
2672 2931
2673 2675
2673 2678
2673 2930
2674 2675
2674 2694
2674 2931
2675 2677
2675 2678
2675 2679
2675 2693
2675 2694
2675 2695
2675 2697
2675 2930
2675 2931
2675 2932
2675 2934
2675 2948
2676 2677
2676 2678
2677 2678
2677 2679
2677 2693
2677 2696
2677 2697
2678 2679
2678 2930
2678 2933
2678 2934
2679 2697
2679 2934
2680 2681
2681 2682
2682 2683
2682 2937
2683 2684
2683 2698
2683 2699
2683 2936
2683 2937
2683 2938
2683 2940
2683 2950
2684 2685
2684 2699
2684 2940
2685 2686
2685 2699
2685 2700
2685 2701
2685 2940
2685 2941
2685 2942
2685 2943
2685 2952
2686 2687
2686 2701
2686 2943
2687 2689
2687 2690
2687 2691
2687 2701
2687 2702
2687 2704
2687 2928
2687 2943
2687 2944
2687 2946
2687 2954
2688 2689
2688 2690
2689 2690
2689 2691
2689 2703
2689 2704
2690 2691
2690 2928
2690 2945
2690 2946
2691 2704
2691 2946
2692 2693
2692 2694
2693 2694
2693 2695
2693 2696
2693 2697
2694 2695
2694 2931
2694 2947
2694 2948
2695 2697
2695 2948
2696 2697
2697 2934
2697 2948
2697 2949
2698 2699
2698 2705
2698 2950
2699 2700
2699 2705
2699 2706
2699 2707
2699 2940
2699 2950
2699 2951
2699 2952
2699 2956
2700 2701
2700 2707
2700 2952
2701 2702
2701 2707
2701 2708
2701 2709
2701 2943
2701 2952
2701 2953
2701 2954
2701 2958
2702 2704
2702 2709
2702 2954
2703 2704
2703 2710
2704 2709
2704 2710
2704 2711
2704 2946
2704 2954
2704 2955
2704 2960
2705 2706
2705 2712
2705 2713
2706 2707
2706 2713
2706 2956
2707 2708
2707 2714
2707 2715
2707 2952
2707 2956
2707 2957
2707 2958
2707 2961
2708 2709
2708 2715
2708 2958
2709 2710
2709 2711
2709 2715
2709 2716
2709 2718
2709 2954
2709 2958
2709 2959
2709 2960
2709 2963
2710 2711
2710 2717
2710 2718
2711 2718
2711 2960
2712 2713
2712 2719
2712 2721
2713 2714
2713 2721
2713 2722
2713 2723
2714 2715
2714 2723
2714 2961
2715 2716
2715 2958
2715 2961
2715 2962
2715 2963
2716 2718
2716 2963
2716 2988
2717 2718
2718 2960
2718 2963
2718 2964
2718 2988
2718 2989
2718 2991
2719 2720
2719 2721
2720 2721
2720 2730
2720 2732
2720 2999
2721 2722
2721 2732
2721 2733
2721 2734
2721 2999
2721 3001
2721 3002
2721 3003
2722 2723
2722 2734
2722 3003
2723 2734
2723 2735
2723 2736
2723 2738
2723 2739
2723 3003
2723 3005
2723 3006
2723 3007
2724 2725
2724 2726
2725 2726
2725 2727
2725 2729
2725 2730
2726 2727
2726 2728
2726 2729
2726 2747
2726 2978
2726 2980
2726 2984
2726 2985
2726 2986
2726 2987
2726 2994
2726 2995
2727 2729
2727 2730
2727 2995
2728 2729
2728 2747
2728 2750
2728 2994
2729 2730
2729 2731
2729 2750
2729 2751
2729 2752
2729 2994
2729 2995
2729 2996
2729 2998
2729 3019
2730 2731
2730 2732
2730 2995
2730 2997
2730 2998
2730 2999
2731 2732
2731 2752
2731 2998
2732 2733
2732 2752
2732 2753
2732 2754
2732 2998
2732 2999
2732 3000
2732 3002
2732 3021
2733 2734
2733 2754
2733 3002
2734 2735
2734 2754
2734 2755
2734 2756
2734 3002
2734 3003
2734 3004
2734 3006
2734 3023
2735 2739
2735 2756
2735 3006
2736 2737
2736 2738
2736 2739
2737 2739
2737 2757
2738 2739
2738 2988
2738 3007
2739 2756
2739 2757
2739 2758
2739 2988
2739 3006
2739 3007
2739 3008
2739 3009
2739 3010
2739 3025
2739 3026
2740 2741
2740 2742
2740 3011
2741 2742
2741 2743
2741 2744
2741 2745
2741 3011
2741 3012
2741 3014
2741 3015
2742 2743
2742 3011
2742 3013
2742 3014
2743 2745
2743 3014
2744 2745
2744 3015
2745 3014
2745 3015
2745 3016
2746 2747
2746 2748
2746 2979
2746 2992
2747 2748
2747 2749
2747 2750
2747 2979
2747 2980
2747 2984
2747 2992
2747 2993
2747 2994
2747 3017
2748 2749
2748 2759
2748 2760
2749 2750
2749 2760
2749 3017
2750 2751
2750 2760
2750 2761
2750 2762
2750 2994
2750 3017
2750 3018
2750 3019
2750 3032
2751 2752
2751 2762
2751 3019
2752 2753
2752 2762
2752 2763
2752 2764
2752 2782
2752 2998
2752 3019
2752 3020
2752 3021
2752 3034
2753 2754
2753 2782
2753 3021
2754 2755
2754 2765
2754 2766
2754 2782
2754 3002
2754 3021
2754 3022
2754 3023
2754 3036
2755 2756
2755 2766
2755 3023
2756 2757
2756 2758
2756 2766
2756 2767
2756 2769
2756 3006
2756 3023
2756 3024
2756 3025
2756 3038
2757 2758
2757 2768
2757 2769
2758 2769
2758 3025
2758 3026
2759 2760
2760 2761
2761 2762
2761 3032
2762 2763
2762 2764
2762 3019
2762 3032
2762 3033
2762 3034
2763 2764
2764 2782
2764 3034
2765 2766
2765 2782
2765 2784
2765 3036
2766 2767
2766 2784
2766 2785
2766 2786
2766 3023
2766 3036
2766 3037
2766 3038
2766 3046
2767 2769
2767 2786
2767 3038
2768 2769
2769 2786
2769 2787
2769 2813
2769 3025
2769 3026
2769 3038
2769 3039
2769 3040
2769 3041
2769 3048
2770 2771
2770 2772
2770 2773
2770 2774
2770 2775
2770 2776
2771 2773
2771 2775
2771 2778
2772 2773
2772 2776
2773 2775
2773 2776
2773 2777
2773 2778
2773 2779
2773 2781
2773 2788
2773 2789
2773 2790
2774 2775
2774 2776
2775 2776
2775 2777
2775 2778
2775 2780
2775 2781
2776 2777
2777 2781
2777 2790
2778 2779
2778 2780
2778 2781
2779 2781
2779 2789
2779 2792
2780 2781
2781 2789
2781 2790
2781 2791
2781 2792
2781 2794
2781 2795
2781 3050
2781 3051
2781 3052
2782 2783
2782 2784
2782 3021
2782 3034
2782 3035
2782 3036
2782 3044
2783 2784
2783 2804
2783 2806
2783 3044
2784 2785
2784 2806
2784 2807
2784 2808
2784 3036
2784 3044
2784 3045
2784 3046
2784 3057
2785 2786
2785 2808
2785 3046
2786 2787
2786 2808
2786 2809
2786 2810
2786 3038
2786 3046
2786 3047
2786 3048
2786 3059
2787 2810
2787 2813
2787 3048
2788 2789
2788 2790
2789 2790
2789 2791
2789 2792
2789 2793
2789 2795
2790 2791
2791 2795
2791 3052
2792 2793
2792 2794
2792 2795
2792 2796
2792 2797
2792 2798
2793 2795
2793 2797
2794 2795
2794 2798
2794 3051
2795 2797
2795 2798
2795 2799
2795 2815
2795 2816
2795 3051
2795 3052
2795 3053
2795 3055
2795 3062
2796 2797
2796 2798
2796 2800
2797 2798
2797 2799
2797 2800
2797 2801
2797 2803
2797 2816
2797 2817
2798 2799
2798 2800
2798 2802
2798 2803
2798 3051
2798 3054
2798 3055
2799 2803
2799 2816
2799 3055
2800 2801
2800 2802
2800 2803
2801 2803
2801 2817
2801 2819
2802 2803
2803 2816
2803 2817
2803 2818
2803 2819
2803 2821
2803 2822
2803 3055
2803 3064
2803 3065
2803 3066
2804 2805
2804 2806
2805 2806
2805 2828
2805 2831
2805 3074
2806 2807
2806 2831
2806 2832
2806 2833
2806 3044
2806 3056
2806 3057
2806 3074
2806 3076
2807 2808
2807 2833
2807 3057
2808 2809
2808 2833
2808 2834
2808 2835
2808 3046
2808 3057
2808 3058
2808 3059
2808 3078
2809 2810
2809 2835
2809 3059
2810 2812
2810 2813
2810 2814
2810 2835
2810 2836
2810 2838
2810 3048
2810 3059
2810 3060
2810 3061
2810 3080
2811 2812
2811 2813
2812 2813
2812 2814
2812 2837
2812 2838
2813 2814
2813 3040
2813 3041
2813 3048
2813 3049
2813 3061
2814 2838
2814 3061
2815 2816
2815 2840
2815 2843
2815 3062
2816 2817
2816 2818
2816 2843
2816 2844
2816 2846
2816 3055
2816 3062
2816 3063
2816 3065
2817 2818
2817 2819
2817 2820
2817 2822
2817 2845
2817 2846
2817 2847
2818 2822
2818 2846
2818 3065
2819 2820
2819 2821
2819 2822
2819 2823
2819 2824
2820 2822
2820 2847
2821 2822
2821 2824
2821 3066
2822 2824
2822 2825
2822 2846
2822 2847
2822 2848
2822 2849
2822 3065
2822 3066
2822 3067
2822 3069
2822 3083
2823 2824
2824 2825
2824 2827
2824 2829
2824 3066
2824 3068
2824 3069
2824 3070
2825 2829
2825 2849
2825 3069
2826 2827
2826 2828
2826 2829
2827 2828
2827 2829
2827 3070
2828 2829
2828 2830
2828 2831
2828 3070
2828 3072
2828 3073
2828 3074
2829 2830
2829 2849
2829 2850
2829 2851
2829 3069
2829 3070
2829 3071
2829 3073
2829 3085
2830 2831
2830 2851
2830 3073
2831 2832
2831 2851
2831 2852
2831 2853
2831 3073
2831 3074
2831 3075
2831 3076
2831 3087
2832 2833
2832 2853
2832 3076
2833 2834
2833 2853
2833 2854
2833 2855
2833 3057
2833 3076
2833 3077
2833 3078
2833 3089
2834 2835
2834 2855
2834 3078
2835 2836
2835 2855
2835 2856
2835 2858
2835 3059
2835 3078
2835 3079
2835 3080
2835 3091
2836 2838
2836 2858
2836 3080
2837 2838
2838 2858
2838 3061
2838 3080
2838 3081
2838 3093
2838 3094
2839 2840
2839 2841
2840 2841
2840 2842
2840 2843
2841 2842
2842 2843
2843 2844
2844 2846
2844 2861
2845 2846
2845 2847
2845 2860
2846 2847
2846 2848
2846 2860
2846 2861
2846 2862
2846 2864
2846 3065
2846 3082
2846 3083
2846 3095
2847 2848
2847 2849
2847 2860
2847 2863
2847 2864
2847 2865
2848 2849
2848 2864
2848 3083
2849 2850
2849 2864
2849 2865
2849 2866
2849 2867
2849 3069
2849 3083
2849 3084
2849 3085
2849 3097
2850 2851
2850 2867
2850 3085
2851 2852
2851 2867
2851 2868
2851 3073
2851 3085
2851 3086
2851 3087
2851 3099
2852 2853
2852 3087
2853 2854
2853 3076
2853 3087
2853 3088
2853 3089
2854 2855
2854 3089
2854 3100
2855 2856
2855 3078
2855 3089
2855 3090
2855 3091
2855 3100
2855 3101
2855 3103
2855 3104
2856 2858
2856 3091
2856 3104
2857 2858
2858 3080
2858 3091
2858 3092
2858 3093
2858 3094
2859 2860
2859 2861
2859 2869
2860 2861
2860 2862
2860 2863
2860 2864
2860 2873
2860 2874
2860 2875
2861 2862
2861 2869
2861 2870
2861 2871
2861 2872
2861 2874
2862 2864
2862 2874
2862 3095
2863 2864
2863 2865
2863 2875
2864 2865
2864 2866
2864 2874
2864 2875
2864 2876
2864 3083
2864 3095
2864 3096
2864 3097
2864 3107
2865 2866
2865 2867
2866 2867
2866 3097
2867 2868
2867 3085
2867 3097
2867 3098
2867 3099
2868 3099
2869 2870
2869 2871
2870 2871
2871 2872
2871 2877
2871 2878
2871 2879
2871 2880
2872 2874
2872 2880
2873 2874
2873 2875
2873 2881
2874 2875
2874 2876
2874 2880
2874 2881
2874 2882
2874 3095
2874 3106
2874 3107
2875 2876
2876 3107
2877 2878
2878 2879
2878 2883
2878 2884
2878 2885
2878 2886
2879 2880
2879 2886
2880 2881
2880 2882
2881 2882
2883 2884
2884 2885
2885 2886
2887 2888
2887 2889
2887 2890
2887 2891
2888 2890
2888 2893
2889 2890
2889 2891
2889 3109
2889 3121
2889 3126
2890 2891
2890 2892
2890 2893
2890 2895
2890 2896
2890 3109
2890 3110
2890 3113
2890 3114
2890 3126
2890 3127
2890 3128
2890 3139
2891 2892
2891 2909
2891 2910
2891 3121
2891 3126
2891 3136
2891 3137
2891 3138
2891 3139
2892 2896
2892 2910
2892 3139
2893 2894
2893 2895
2893 2896
2894 2896
2895 2896
2895 3114
2895 3128
2896 3128
2896 3139
2896 3140
2897 2898
2897 2899
2897 2901
2898 2899
2898 2900
2898 2901
2898 2902
2898 2904
2898 2905
2898 2906
2898 2907
2899 2900
2899 2901
2899 2903
2899 2904
2900 2904
2900 2906
2901 2902
2901 2903
2901 2904
2901 3129
2901 3130
2901 3131
2901 3133
2901 3134
2901 3141
2902 2904
2902 2907
2902 3130
2902 3134
2903 2904
2903 3141
2904 2906
2904 2907
2904 2908
2904 3134
2904 3141
2904 3142
2905 2906
2905 2907
2906 2907
2906 2908
2907 2908
2907 3120
2907 3121
2907 3124
2907 3130
2907 3134
2907 3135
2907 3136
2907 3137
2909 2910
2911 2912
2911 2913
2912 2913
2912 2914
2913 2914
2913 2915
2913 2916
2914 2916
2914 2919
2914 3151
2915 2916
2916 2918
2916 2919
2916 2920
2916 2921
2916 2923
2916 2924
2916 3151
2916 3153
2916 3154
2916 3163
2917 2918
2917 2919
2918 2919
2918 2920
2918 2921
2918 2922
2918 2924
2919 2920
2919 3151
2919 3152
2919 3154
2920 2924
2920 3154
2921 2922
2921 2923
2921 2924
2922 2924
2923 2924
2923 3163
2923 3169
2924 3154
2924 3163
2924 3164
2924 3169
2924 3170
2924 3172
2925 2926
2925 2927
2925 2928
2926 2928
2927 2928
2927 2943
2928 2943
2928 2944
2928 2945
2928 2946
2929 2930
2929 2931
2929 3178
2929 3185
2930 2931
2930 2932
2930 2933
2930 2934
2930 3185
2930 3187
2930 3188
2931 2932
2931 2947
2931 2948
2931 3178
2931 3180
2931 3184
2931 3185
2931 3186
2931 3188
2931 3193
2931 3195
2932 2934
2932 2948
2932 3188
2933 2934
2934 2948
2934 2949
2935 2936
2935 2937
2936 2937
2936 2938
2936 2939
2936 2940
2937 2938
2938 2940
2938 2950
2939 2940
2939 2941
2940 2941
2940 2942
2940 2950
2940 2951
2940 2952
2940 3208
2940 3209
2940 3210
2941 2942
2942 2943
2942 2952
2942 3209
2943 2944
2943 2952
2943 2953
2943 2954
2943 3209
2943 3212
2943 3213
2943 3214
2944 2946
2944 2954
2944 3214
2945 2946
2946 2954
2946 2955
2946 3214
2946 3216
2946 3217
2947 2948
2947 3193
2947 3195
2948 2949
2950 2951
2951 2952
2951 2956
2951 3210
2952 2953
2952 2956
2952 2957
2952 2958
2952 3209
2952 3210
2952 3211
2952 3213
2952 3239
2953 2954
2953 2958
2953 3213
2954 2955
2954 2958
2954 2959
2954 2960
2954 3213
2954 3214
2954 3215
2954 3217
2954 3241
2955 2960
2955 3217
2955 3243
2956 2957
2956 3210
2956 3238
2956 3239
2957 2958
2957 2961
2957 3239
2958 2959
2958 2961
2958 2962
2958 2963
2958 3213
2958 3239
2958 3240
2958 3241
2958 3251
2959 2960
2959 2963
2959 3241
2960 2963
2960 2964
2960 3217
2960 3241
2960 3242
2960 3243
2960 3244
2960 3246
2960 3253
2960 3254
2961 2962
2961 3239
2961 3250
2961 3251
2962 2963
2962 3007
2962 3251
2963 2964
2963 2988
2963 2990
2963 2991
2963 3007
2963 3241
2963 3251
2963 3252
2963 3253
2963 3270
2964 2991
2964 3253
2964 3254
2965 2966
2965 2967
2965 2968
2965 2969
2965 2970
2965 2971
2966 2968
2966 2970
2966 2973
2967 2968
2967 2971
2968 2970
2968 2971
2968 2972
2968 2973
2968 2974
2968 2976
2969 2970
2969 2971
2969 3256
2969 3259
2970 2971
2970 2972
2970 2973
2970 2975
2970 2976
2970 3247
2970 3259
2970 3262
2970 3263
2971 2972
2971 3256
2971 3257
2971 3259
2971 3260
2971 3261
2971 3263
2972 2976
2972 3263
2973 2974
2973 2975
2973 2976
2974 2976
2975 2976
2975 2981
2975 3229
2975 3247
2976 2981
2976 2983
2976 2992
2976 3247
2976 3263
2976 3264
2976 3265
2976 3274
2976 3275
2977 2978
2977 2979
2977 2981
2978 2979
2978 2980
2978 2981
2978 2982
2978 2984
2978 2985
2978 2986
2979 2980
2979 2981
2979 2983
2979 2984
2979 2992
2980 2984
2981 2982
2981 2983
2981 2984
2981 3229
2981 3232
2981 3233
2981 3235
2981 3247
2981 3248
2981 3249
2981 3265
2982 2984
2982 2986
2982 3235
2982 3249
2983 2984
2983 2992
2983 3265
2984 2986
2984 2987
2984 2992
2984 2993
2984 2994
2984 3249
2984 3265
2984 3266
2984 3268
2984 3277
2985 2986
2986 2987
2986 3249
2986 3267
2986 3268
2987 2994
2987 2995
2987 3268
2988 2989
2988 2990
2988 2991
2988 3007
2988 3009
2988 3010
2989 2991
2990 2991
2990 3007
2990 3010
2990 3270
2991 3010
2991 3030
2991 3253
2991 3254
2991 3270
2991 3271
2991 3272
2991 3273
2991 3293
2991 3294
2992 2993
2992 3265
2992 3274
2992 3275
2992 3276
2992 3277
2993 2994
2993 3017
2993 3277
2994 2995
2994 2996
2994 3017
2994 3018
2994 3019
2994 3268
2994 3277
2994 3278
2994 3280
2994 3297
2995 2996
2995 2997
2995 2998
2995 3268
2995 3279
2995 3280
2995 3281
2996 2998
2996 3019
2996 3280
2997 2998
2997 2999
2997 3281
2998 2999
2998 3000
2998 3019
2998 3020
2998 3021
2998 3280
2998 3281
2998 3282
2998 3284
2998 3299
2999 3000
2999 3001
2999 3002
2999 3281
2999 3283
2999 3284
2999 3285
3000 3002
3000 3021
3000 3284
3001 3002
3001 3003
3001 3285
3002 3003
3002 3004
3002 3021
3002 3022
3002 3023
3002 3284
3002 3285
3002 3286
3002 3288
3002 3301
3003 3004
3003 3005
3003 3006
3003 3285
3003 3287
3003 3288
3003 3289
3004 3006
3004 3023
3004 3288
3005 3006
3005 3007
3005 3289
3006 3007
3006 3008
3006 3023
3006 3024
3006 3025
3006 3288
3006 3289
3006 3290
3006 3291
3006 3303
3007 3008
3007 3010
3007 3251
3007 3269
3007 3270
3007 3289
3007 3291
3008 3010
3008 3025
3008 3291
3009 3010
3009 3026
3009 3028
3010 3025
3010 3026
3010 3027
3010 3028
3010 3030
3010 3031
3010 3270
3010 3291
3010 3292
3010 3293
3010 3305
3011 3012
3011 3013
3011 3014
3012 3014
3012 3015
3013 3014
3014 3015
3014 3016
3015 3016
3017 3018
3017 3277
3017 3296
3017 3297
3018 3019
3018 3032
3018 3297
3019 3020
3019 3032
3019 3033
3019 3034
3019 3280
3019 3297
3019 3298
3019 3299
3020 3021
3020 3034
3020 3299
3021 3022
3021 3034
3021 3035
3021 3036
3021 3284
3021 3299
3021 3300
3021 3301
3021 3309
3022 3023
3022 3036
3022 3301
3023 3024
3023 3036
3023 3037
3023 3038
3023 3288
3023 3301
3023 3302
3023 3303
3023 3311
3024 3025
3024 3038
3024 3303
3025 3026
3025 3027
3025 3038
3025 3039
3025 3041
3025 3291
3025 3303
3025 3304
3025 3305
3025 3313
3026 3027
3026 3028
3026 3029
3026 3031
3026 3040
3026 3041
3026 3042
3027 3031
3027 3041
3027 3305
3028 3029
3028 3030
3028 3031
3029 3031
3029 3042
3030 3031
3030 3293
3030 3294
3031 3041
3031 3042
3031 3043
3031 3293
3031 3294
3031 3305
3031 3306
3031 3307
3031 3308
3031 3315
3031 3316
3032 3033
3033 3034
3034 3035
3035 3036
3035 3044
3035 3309
3036 3037
3036 3044
3036 3045
3036 3046
3036 3301
3036 3309
3036 3310
3036 3311
3036 3318
3037 3038
3037 3046
3037 3311
3038 3039
3038 3046
3038 3047
3038 3048
3038 3303
3038 3311
3038 3312
3038 3313
3038 3320
3039 3041
3039 3048
3039 3313
3040 3041
3040 3042
3041 3042
3041 3043
3041 3048
3041 3049
3041 3305
3041 3313
3041 3314
3041 3315
3041 3322
3041 3323
3042 3043
3043 3315
3043 3316
3043 3323
3044 3045
3044 3056
3044 3057
3044 3318
3044 3325
3044 3326
3045 3046
3045 3057
3045 3318
3046 3047
3046 3057
3046 3058
3046 3059
3046 3311
3046 3318
3046 3319
3046 3320
3046 3328
3047 3048
3047 3059
3047 3320
3048 3049
3048 3059
3048 3060
3048 3061
3048 3313
3048 3320
3048 3321
3048 3322
3048 3330
3049 3061
3049 3322
3049 3323
3050 3051
3050 3052
3051 3052
3051 3053
3051 3054
3051 3055
3052 3053
3053 3055
3053 3062
3054 3055
3055 3062
3055 3063
3055 3064
3055 3065
3056 3057
3056 3074
3056 3076
3056 3326
3057 3058
3057 3076
3057 3077
3057 3078
3057 3318
3057 3326
3057 3327
3057 3328
3057 3339
3058 3059
3058 3078
3058 3328
3059 3060
3059 3078
3059 3079
3059 3080
3059 3320
3059 3328
3059 3329
3059 3330
3059 3341
3060 3061
3060 3080
3060 3330
3061 3080
3061 3081
3061 3322
3061 3323
3061 3330
3061 3331
3061 3332
3061 3333
3061 3343
3061 3344
3062 3063
3063 3065
3064 3065
3064 3066
3065 3066
3065 3067
3065 3082
3065 3083
3065 3346
3065 3347
3065 3348
3066 3067
3066 3068
3066 3069
3067 3069
3067 3083
3067 3347
3068 3069
3068 3070
3069 3070
3069 3071
3069 3083
3069 3084
3069 3085
3069 3347
3069 3350
3069 3351
3070 3071
3070 3072
3070 3073
3071 3073
3071 3085
3072 3073
3072 3074
3072 3334
3073 3074
3073 3075
3073 3085
3073 3086
3073 3087
3073 3334
3073 3336
3073 3337
3073 3352
3074 3075
3074 3076
3074 3326
3074 3334
3074 3335
3074 3337
3075 3076
3075 3087
3075 3337
3076 3077
3076 3087
3076 3088
3076 3089
3076 3326
3076 3337
3076 3338
3076 3339
3076 3354
3077 3078
3077 3089
3077 3339
3078 3079
3078 3089
3078 3090
3078 3091
3078 3328
3078 3339
3078 3340
3078 3341
3078 3356
3079 3080
3079 3091
3079 3341
3080 3081
3080 3091
3080 3092
3080 3094
3080 3330
3080 3341
3080 3342
3080 3343
3080 3358
3081 3094
3081 3343
3081 3344
3082 3083
3082 3095
3082 3348
3083 3084
3083 3095
3083 3096
3083 3097
3083 3347
3083 3348
3083 3349
3083 3351
3084 3085
3084 3097
3084 3351
3085 3086
3085 3097
3085 3098
3085 3099
3086 3087
3086 3099
3086 3352
3087 3088
3087 3337
3087 3352
3087 3353
3087 3354
3088 3089
3088 3354
3089 3090
3089 3100
3089 3102
3089 3103
3089 3339
3089 3354
3089 3355
3089 3356
3089 3360
3090 3091
3090 3103
3090 3356
3091 3092
3091 3103
3091 3104
3091 3105
3091 3341
3091 3356
3091 3357
3091 3358
3091 3362
3092 3094
3092 3358
3093 3094
3094 3343
3094 3358
3094 3359
3095 3096
3095 3106
3095 3107
3096 3097
3096 3107
3097 3098
3098 3099
3100 3101
3100 3102
3100 3103
3100 3108
3100 3109
3100 3110
3100 3111
3100 3113
3100 3114
3101 3103
3101 3104
3101 3114
3102 3103
3102 3111
3102 3113
3102 3360
3103 3104
3103 3105
3103 3113
3103 3114
3103 3115
3103 3117
3103 3356
3103 3360
3103 3361
3103 3362
3103 3366
3104 3105
3104 3114
3104 3116
3104 3117
3105 3117
3105 3362
3106 3107
3108 3109
3108 3111
3109 3110
3109 3111
3109 3112
3109 3113
3109 3119
3109 3121
3109 3123
3109 3126
3110 3113
3110 3114
3111 3112
3111 3113
3111 3360
3111 3363
3111 3364
3112 3113
3112 3123
3112 3126
3112 3364
3113 3114
3113 3115
3113 3126
3113 3127
3113 3128
3113 3360
3113 3364
3113 3365
3113 3366
3113 3373
3114 3115
3114 3116
3114 3117
3114 3128
3115 3117
3115 3128
3115 3366
3116 3117
3117 3362
3117 3366
3117 3367
3118 3119
3118 3120
3118 3121
3118 3122
3118 3123
3118 3124
3119 3121
3119 3123
3120 3121
3120 3124
3120 3130
3121 3123
3121 3124
3121 3125
3121 3126
3121 3136
3121 3137
3122 3123
3122 3124
3122 3368
3123 3124
3123 3125
3123 3126
3123 3364
3123 3368
3123 3369
3123 3371
3124 3125
3124 3130
3124 3132
3124 3134
3124 3135
3124 3137
3124 3368
3124 3370
3124 3371
3124 3376
3124 3379
3125 3126
3125 3137
3125 3371
3126 3127
3126 3137
3126 3138
3126 3139
3126 3364
3126 3371
3126 3372
3126 3373
3126 3381
3127 3128
3127 3139
3127 3373
3128 3139
3128 3140
3128 3366
3128 3373
3128 3374
3129 3130
3129 3131
3130 3131
3130 3132
3130 3134
3131 3132
3131 3133
3131 3134
3131 3375
3131 3376
3131 3377
3132 3134
3132 3376
3133 3134
3133 3141
3133 3377
3134 3135
3134 3141
3134 3142
3134 3376
3134 3377
3134 3378
3134 3379
3134 3383
3135 3137
3135 3379
3136 3137
3137 3138
3137 3371
3137 3379
3137 3380
3137 3381
3138 3139
3138 3381
3139 3140
3141 3142
3141 3377
3141 3382
3141 3383
3142 3383
3143 3144
3143 3145
3143 3147
3144 3145
3144 3146
3144 3147
3144 3148
3144 3150
3145 3146
3145 3147
3145 3149
3145 3150
3145 3155
3145 3156
3145 3157
3145 3158
3145 3160
3145 3161
3146 3150
3146 3161
3147 3148
3147 3149
3147 3150
3148 3150
3149 3150
3149 3158
3149 3160
3149 3385
3150 3160
3150 3161
3150 3162
3150 3385
3150 3388
3150 3389
3151 3152
3151 3153
3151 3154
3152 3154
3153 3154
3153 3163
3154 3163
3154 3164
3155 3156
3155 3158
3156 3157
3156 3158
3156 3159
3156 3160
3156 3165
3156 3166
3156 3167
3157 3160
3157 3161
3157 3166
3158 3159
3158 3160
3158 3384
3158 3385
3158 3386
3159 3160
3159 3167
3159 3386
3160 3161
3160 3162
3160 3166
3160 3167
3160 3168
3160 3385
3160 3386
3160 3387
3160 3389
3160 3391
3161 3162
3162 3389
3163 3164
3163 3169
3163 3171
3163 3172
3163 3392
3163 3393
3163 3394
3164 3172
3164 3393
3165 3166
3165 3167
3165 3173
3166 3167
3166 3168
3166 3173
3166 3174
3166 3176
3167 3168
3167 3173
3167 3175
3167 3176
3167 3386
3167 3390
3167 3391
3167 3396
3167 3397
3167 3398
3167 3400
3168 3176
3168 3391
3169 3170
3169 3171
3169 3172
3170 3172
3171 3172
3171 3394
3171 3409
3172 3393
3172 3394
3172 3395
3172 3409
3172 3410
3172 3412
3173 3174
3173 3175
3173 3176
3174 3176
3174 3179
3174 3189
3175 3176
3175 3221
3175 3397
3175 3400
3176 3179
3176 3183
3176 3189
3176 3191
3176 3192
3176 3221
3176 3391
3176 3400
3176 3401
3176 3420
3176 3421
3177 3178
3177 3179
3177 3181
3178 3179
3178 3180
3178 3181
3178 3182
3178 3184
3178 3185
3179 3180
3179 3181
3179 3183
3179 3184
3179 3189
3179 3190
3179 3192
3179 3193
3180 3184
3180 3193
3181 3182
3181 3183
3181 3184
3182 3184
3182 3185
3183 3184
3183 3192
3183 3421
3184 3185
3184 3186
3184 3192
3184 3193
3184 3194
3184 3195
3184 3421
3184 3423
3184 3424
3185 3186
3185 3187
3185 3188
3186 3188
3186 3195
3187 3188
3189 3190
3189 3191
3189 3192
3189 3218
3189 3219
3189 3220
3189 3221
3189 3223
3189 3224
3190 3192
3190 3193
3190 3224
3191 3192
3191 3221
3191 3223
3191 3420
3192 3193
3192 3194
3192 3223
3192 3224
3192 3225
3192 3227
3192 3420
3192 3421
3192 3422
3192 3424
3192 3441
3193 3194
3193 3195
3193 3224
3193 3226
3193 3227
3194 3195
3194 3227
3194 3424
3196 3197
3196 3198
3196 3200
3197 3198
3197 3199
3197 3200
3197 3201
3197 3203
3197 3204
3197 3205
3197 3206
3198 3199
3198 3200
3198 3202
3198 3203
3198 3228
3198 3229
3198 3230
3199 3203
3199 3205
3199 3229
3200 3201
3200 3202
3200 3203
3201 3203
3201 3206
3202 3203
3202 3230
3203 3205
3203 3206
3203 3207
3203 3229
3203 3230
3203 3231
3203 3233
3203 3425
3203 3443
3203 3444
3204 3205
3204 3206
3205 3206
3205 3207
3205 3229
3205 3232
3205 3233
3205 3234
3205 3235
3205 3236
3206 3207
3206 3236
3206 3402
3206 3403
3206 3404
3206 3405
3206 3407
3206 3408
3206 3425
3207 3233
3207 3236
3207 3425
3208 3209
3208 3210
3209 3210
3209 3211
3209 3212
3209 3213
3210 3211
3210 3238
3210 3239
3211 3213
3211 3239
3212 3213
3212 3214
3213 3214
3213 3215
3213 3239
3213 3240
3213 3241
3213 3449
3213 3450
3213 3451
3214 3215
3214 3216
3214 3217
3215 3217
3215 3241
3215 3450
3216 3217
3217 3241
3217 3242
3217 3243
3217 3245
3217 3246
3217 3450
3217 3453
3217 3454
3217 3455
3218 3219
3218 3221
3219 3220
3219 3221
3219 3222
3219 3223
3220 3223
3220 3224
3221 3222
3221 3223
3221 3397
3221 3400
3221 3415
3221 3418
3221 3419
3221 3420
3221 3436
3221 3439
3222 3223
3222 3436
3222 3439
3222 3465
3223 3224
3223 3225
3223 3420
3223 3439
3223 3440
3223 3441
3223 3465
3223 3467
3223 3468
3223 3469
3224 3225
3224 3226
3224 3227
3225 3227
3225 3441
3225 3469
3226 3227
3227 3424
3227 3441
3227 3442
3228 3229
3228 3230
3229 3230
3229 3231
3229 3232
3229 3233
3229 3247
3230 3231
3231 3233
3231 3247
3231 3444
3232 3233
3232 3235
3233 3235
3233 3236
3233 3237
3233 3247
3233 3248
3233 3249
3233 3425
3233 3444
3233 3445
3233 3446
3233 3472
3234 3235
3234 3236
3235 3236
3235 3237
3235 3249
3236 3237
3236 3404
3236 3408
3236 3425
3236 3426
3236 3427
3236 3428
3236 3430
3236 3446
3236 3447
3237 3249
3237 3446
3237 3447
3238 3239
3239 3240
3239 3250
3239 3251
3240 3241
3240 3251
3240 3451
3241 3242
3241 3251
3241 3252
3241 3253
3241 3450
3241 3451
3241 3452
3241 3454
3241 3475
3242 3246
3242 3253
3242 3454
3243 3244
3243 3245
3243 3246
3244 3246
3244 3254
3245 3246
3245 3455
3246 3253
3246 3254
3246 3255
3246 3454
3246 3455
3246 3456
3246 3477
3247 3248
3247 3262
3247 3263
3247 3264
3247 3265
3247 3444
3247 3471
3247 3472
3247 3484
3248 3249
3248 3265
3248 3472
3249 3265
3249 3266
3249 3267
3249 3268
3249 3446
3249 3472
3249 3473
3249 3486
3250 3251
3251 3252
3251 3269
3251 3270
3251 3451
3251 3474
3251 3475
3252 3253
3252 3270
3252 3475
3253 3254
3253 3255
3253 3270
3253 3271
3253 3273
3253 3454
3253 3475
3253 3476
3253 3477
3253 3488
3254 3255
3254 3272
3254 3273
3255 3273
3255 3477
3255 3490
3256 3257
3256 3258
3256 3259
3256 3260
3257 3260
3258 3259
3258 3260
3259 3260
3259 3261
3259 3262
3259 3263
3260 3261
3261 3263
3262 3263
3263 3264
3264 3265
3264 3275
3264 3484
3265 3266
3265 3275
3265 3276
3265 3277
3265 3472
3265 3484
3265 3485
3265 3486
3266 3268
3266 3277
3266 3486
3267 3268
3268 3277
3268 3278
3268 3279
3268 3280
3269 3270
3269 3289
3269 3291
3269 3498
3270 3271
3270 3291
3270 3292
3270 3293
3270 3475
3270 3487
3270 3488
3270 3498
3270 3500
3271 3273
3271 3293
3271 3488
3272 3273
3272 3294
3273 3293
3273 3294
3273 3295
3273 3477
3273 3488
3273 3489
3273 3490
3273 3491
3273 3493
3273 3502
3273 3503
3274 3275
3275 3276
3276 3277
3277 3278
3277 3296
3277 3297
3278 3280
3278 3297
3279 3280
3279 3281
3280 3281
3280 3282
3280 3297
3280 3298
3280 3299
3281 3282
3281 3283
3281 3284
3282 3284
3282 3299
3283 3284
3283 3285
3284 3285
3284 3286
3284 3299
3284 3300
3284 3301
3285 3286
3285 3287
3285 3288
3286 3288
3286 3301
3287 3288
3287 3289
3287 3494
3288 3289
3288 3290
3288 3301
3288 3302
3288 3303
3288 3494
3288 3496
3288 3497
3288 3505
3289 3290
3289 3291
3289 3494
3289 3495
3289 3497
3289 3498
3290 3291
3290 3303
3290 3497
3291 3292
3291 3303
3291 3304
3291 3305
3291 3497
3291 3498
3291 3499
3291 3500
3291 3507
3292 3293
3292 3305
3292 3500
3293 3294
3293 3295
3293 3305
3293 3306
3293 3308
3293 3488
3293 3500
3293 3501
3293 3502
3293 3509
3294 3295
3294 3307
3294 3308
3295 3308
3295 3502
3295 3503
3296 3297
3297 3298
3298 3299
3299 3300
3300 3301
3300 3309
3301 3302
3301 3309
3301 3310
3301 3311
3302 3303
3302 3311
3302 3505
3303 3304
3303 3311
3303 3312
3303 3313
3303 3497
3303 3505
3303 3506
3303 3507
3303 3518
3304 3305
3304 3313
3304 3507
3305 3306
3305 3313
3305 3314
3305 3315
3305 3500
3305 3507
3305 3508
3305 3509
3305 3520
3306 3308
3306 3315
3306 3509
3307 3308
3307 3316
3308 3315
3308 3316
3308 3317
3308 3502
3308 3503
3308 3509
3308 3510
3308 3511
3308 3512
3308 3522
3308 3523
3309 3310
3310 3311
3310 3318
3311 3312
3311 3318
3311 3319
3311 3320
3311 3505
3311 3517
3311 3518
3311 3527
3312 3313
3312 3320
3312 3518
3313 3314
3313 3320
3313 3321
3313 3322
3313 3507
3313 3518
3313 3519
3313 3520
3313 3529
3314 3315
3314 3322
3314 3520
3315 3316
3315 3317
3315 3322
3315 3323
3315 3324
3315 3509
3315 3520
3315 3521
3315 3522
3315 3531
3315 3532
3316 3317
3317 3522
3317 3523
3317 3532
3318 3319
3318 3325
3318 3326
3318 3327
3318 3328
3318 3527
3318 3538
3318 3539
3319 3320
3319 3328
3319 3527
3320 3321
3320 3328
3320 3329
3320 3330
3320 3518
3320 3527
3320 3528
3320 3529
3320 3541
3321 3322
3321 3330
3321 3529
3322 3323
3322 3324
3322 3330
3322 3331
3322 3333
3322 3520
3322 3529
3322 3530
3322 3531
3322 3543
3323 3324
3323 3332
3323 3333
3324 3333
3324 3531
3324 3532
3325 3326
3326 3327
3326 3335
3326 3337
3326 3338
3326 3339
3326 3539
3326 3551
3326 3552
3327 3328
3327 3339
3327 3539
3328 3329
3328 3339
3328 3340
3328 3341
3328 3527
3328 3539
3328 3540
3328 3541
3328 3554
3329 3330
3329 3341
3329 3541
3330 3331
3330 3341
3330 3342
3330 3343
3330 3529
3330 3541
3330 3542
3330 3543
3330 3556
3331 3333
3331 3343
3331 3543
3332 3333
3332 3344
3333 3343
3333 3344
3333 3345
3333 3531
3333 3532
3333 3543
3333 3544
3333 3545
3333 3546
3333 3558
3333 3559
3334 3335
3334 3336
3334 3337
3335 3337
3336 3337
3336 3352
3336 3565
3337 3338
3337 3352
3337 3353
3337 3354
3337 3552
3337 3565
3337 3566
3337 3568
3338 3339
3338 3354
3338 3552
3339 3340
3339 3354
3339 3355
3339 3356
3339 3539
3339 3552
3339 3553
3339 3554
3339 3570
3340 3341
3340 3356
3340 3554
3341 3342
3341 3356
3341 3357
3341 3358
3341 3541
3341 3554
3341 3555
3341 3556
3341 3572
3342 3343
3342 3358
3342 3556
3343 3344
3343 3345
3343 3358
3343 3359
3343 3543
3343 3556
3343 3557
3343 3558
3343 3574
3343 3575
3344 3345
3345 3558
3345 3559
3345 3575
3346 3347
3346 3348
3347 3348
3347 3349
3347 3350
3347 3351
3348 3349
3349 3351
3350 3351
3352 3353
3352 3565
3352 3567
3352 3568
3352 3577
3352 3578
3352 3579
3352 3580
3352 3582
3352 3583
3353 3354
3353 3568
3353 3583
3354 3355
3354 3360
3354 3363
3354 3552
3354 3568
3354 3569
3354 3570
3354 3585
3355 3356
3355 3360
3355 3570
3356 3357
3356 3360
3356 3361
3356 3362
3356 3554
3356 3570
3356 3571
3356 3572
3356 3587
3357 3358
3357 3362
3357 3572
3358 3359
3358 3556
3358 3572
3358 3573
3358 3574
3359 3574
3359 3575
3360 3361
3360 3363
3360 3364
3360 3365
3360 3366
3360 3570
3360 3585
3360 3586
3360 3587
3361 3362
3361 3366
3361 3587
3362 3366
3362 3367
3362 3572
3362 3587
3362 3588
3363 3364
3363 3585
3364 3365
3364 3369
3364 3371
3364 3372
3364 3373
3365 3366
3365 3373
3366 3367
3366 3373
3366 3374
3368 3369
3368 3370
3368 3371
3369 3371
3370 3371
3370 3376
3370 3379
3371 3372
3371 3379
3371 3380
3371 3381
3372 3373
3372 3381
3373 3374
3375 3376
3375 3377
3376 3377
3376 3378
3376 3379
3377 3378
3377 3382
3377 3383
3378 3379
3378 3383
3379 3380
3380 3381
3382 3383
3384 3385
3384 3386
3385 3386
3385 3387
3385 3388
3385 3389
3386 3387
3386 3390
3386 3391
3387 3389
3387 3391
3388 3389
3390 3391
3390 3398
3390 3400
3391 3400
3391 3401
3392 3393
3392 3394
3392 3598
3392 3601
3392 3603
3393 3394
3393 3395
3393 3603
3393 3607
3393 3608
3394 3395
3394 3409
3394 3411
3394 3412
3394 3601
3394 3603
3394 3604
3394 3605
3394 3606
3394 3608
3394 3609
3394 3611
3395 3412
3395 3608
3396 3397
3396 3398
3397 3398
3397 3399
3397 3400
3397 3413
3397 3414
3397 3415
3397 3416
3397 3418
3398 3399
3398 3400
3399 3400
3399 3416
3399 3418
3399 3614
3400 3401
3400 3418
3400 3419
3400 3420
3400 3614
3400 3617
3400 3618
3400 3619
3401 3420
3401 3421
3401 3619
3402 3403
3402 3405
3403 3404
3403 3405
3403 3406
3403 3408
3404 3408
3404 3427
3405 3406
3405 3407
3405 3408
3406 3408
3407 3408
3407 3425
3407 3621
3408 3425
3408 3426
3408 3427
3408 3429
3408 3430
3408 3621
3408 3622
3408 3624
3408 3625
3409 3410
3409 3411
3409 3412
3409 3431
3409 3432
3409 3433
3410 3412
3410 3432
3411 3412
3411 3433
3411 3609
3411 3611
3412 3432
3412 3433
3412 3434
3412 3608
3412 3611
3412 3612
3412 3630
3413 3414
3413 3416
3414 3415
3414 3416
3414 3417
3414 3418
3414 3435
3414 3436
3414 3437
3415 3418
3415 3436
3416 3417
3416 3418
3416 3613
3416 3614
3416 3615
3417 3418
3417 3437
3417 3615
3418 3419
3418 3436
3418 3437
3418 3438
3418 3439
3418 3614
3418 3615
3418 3616
3418 3618
3418 3632
3419 3420
3419 3439
3419 3618
3420 3421
3420 3422
3420 3439
3420 3440
3420 3441
3420 3618
3420 3619
3420 3620
3421 3422
3421 3423
3421 3424
3422 3424
3422 3441
3423 3424
3424 3441
3424 3442
3425 3426
3425 3443
3425 3444
3425 3445
3425 3446
3425 3621
3425 3623
3425 3624
3426 3430
3426 3446
3426 3624
3427 3428
3427 3429
3427 3430
3428 3430
3428 3447
3429 3430
3429 3625
3430 3446
3430 3447
3430 3448
3430 3624
3430 3625
3430 3626
3431 3432
3431 3433
3431 3457
3432 3433
3432 3434
3432 3457
3432 3458
3432 3460
3433 3434
3433 3457
3433 3459
3433 3460
3433 3609
3433 3611
3433 3627
3433 3628
3433 3629
3433 3630
3433 3644
3434 3437
3434 3460
3434 3630
3435 3436
3435 3437
3435 3461
3436 3437
3436 3438
3436 3439
3436 3461
3436 3462
3436 3464
3436 3465
3437 3438
3437 3460
3437 3461
3437 3463
3437 3464
3437 3615
3437 3630
3437 3631
3437 3632
3437 3646
3438 3439
3438 3464
3438 3632
3439 3440
3439 3464
3439 3465
3439 3466
3439 3468
3439 3618
3439 3632
3439 3633
3439 3648
3439 3649
3440 3441
3440 3468
3440 3649
3441 3442
3441 3468
3441 3469
3441 3470
3443 3444
3444 3445
3444 3471
3444 3472
3445 3446
3445 3472
3446 3447
3446 3448
3446 3472
3446 3473
3447 3448
3449 3450
3449 3451
3449 3635
3449 3642
3450 3451
3450 3452
3450 3453
3450 3454
3451 3452
3451 3474
3451 3475
3451 3635
3451 3637
3451 3641
3451 3642
3451 3643
3451 3651
3451 3653
3451 3654
3452 3454
3452 3475
3452 3654
3453 3454
3453 3455
3454 3455
3454 3456
3454 3475
3454 3476
3454 3477
3454 3654
3454 3656
3454 3657
3454 3658
3455 3456
3456 3477
3456 3658
3457 3458
3457 3459
3457 3460
3458 3460
3459 3460
3459 3644
3459 3660
3460 3463
3460 3480
3460 3630
3460 3644
3460 3645
3460 3646
3460 3660
3460 3661
3460 3663
3461 3462
3461 3463
3461 3464
3461 3478
3461 3479
3461 3480
3462 3464
3462 3465
3462 3479
3463 3464
3463 3480
3463 3646
3464 3465
3464 3466
3464 3479
3464 3480
3464 3481
3464 3483
3464 3632
3464 3646
3464 3647
3464 3648
3464 3665
3465 3466
3465 3467
3465 3468
3465 3479
3465 3482
3465 3483
3466 3468
3466 3483
3466 3648
3467 3468
3467 3469
3468 3469
3468 3470
3468 3648
3468 3649
3468 3650
3469 3470
3471 3472
3471 3484
3471 3667
3472 3473
3472 3484
3472 3485
3472 3486
3472 3667
3472 3668
3472 3670
3473 3486
3474 3475
3474 3498
3474 3651
3474 3653
3475 3476
3475 3487
3475 3488
3475 3498
3475 3653
3475 3654
3475 3655
3475 3657
3475 3672
3476 3477
3476 3488
3476 3657
3477 3488
3477 3489
3477 3490
3477 3492
3477 3493
3477 3657
3477 3658
3477 3659
3477 3674
3477 3675
3478 3479
3478 3480
3479 3480
3479 3481
3479 3482
3479 3483
3480 3481
3480 3646
3480 3661
3480 3663
3480 3664
3480 3665
3480 3682
3480 3685
3480 3686
3481 3483
3481 3665
3481 3687
3482 3483
3483 3648
3483 3665
3483 3666
3483 3687
3483 3688
3483 3690
3483 3691
3483 3692
3483 3693
3484 3485
3484 3667
3484 3669
3484 3670
3485 3486
3485 3670
3487 3488
3487 3498
3487 3500
3487 3672
3488 3489
3488 3500
3488 3501
3488 3502
3488 3657
3488 3672
3488 3673
3488 3674
3488 3699
3489 3493
3489 3502
3489 3674
3490 3491
3490 3492
3490 3493
3491 3493
3491 3503
3492 3493
3492 3675
3492 3677
3493 3502
3493 3503
3493 3504
3493 3515
3493 3674
3493 3675
3493 3676
3493 3677
3493 3678
3493 3680
3493 3701
3494 3495
3494 3496
3494 3497
3495 3497
3495 3498
3495 3695
3496 3497
3496 3505
3497 3498
3497 3499
3497 3505
3497 3506
3497 3507
3497 3695
3497 3696
3497 3697
3498 3499
3498 3500
3498 3653
3498 3671
3498 3672
3498 3695
3498 3697
3499 3500
3499 3507
3499 3697
3500 3501
3500 3507
3500 3508
3500 3509
3500 3672
3500 3697
3500 3698
3500 3699
3500 3712
3501 3502
3501 3509
3501 3699
3502 3503
3502 3504
3502 3509
3502 3510
3502 3512
3502 3674
3502 3699
3502 3700
3502 3701
3502 3714
3503 3504
3503 3511
3503 3512
3503 3513
3503 3514
3503 3515
3504 3512
3504 3515
3504 3701
3505 3506
3505 3517
3505 3518
3505 3719
3505 3720
3505 3721
3505 3722
3505 3724
3505 3725
3506 3507
3506 3518
3506 3725
3507 3508
3507 3518
3507 3519
3507 3520
3507 3697
3507 3711
3507 3712
3507 3725
3507 3727
3508 3509
3508 3520
3508 3712
3509 3510
3509 3520
3509 3521
3509 3522
3509 3699
3509 3712
3509 3713
3509 3714
3509 3729
3510 3512
3510 3522
3510 3714
3511 3512
3511 3514
3511 3523
3512 3514
3512 3515
3512 3516
3512 3522
3512 3523
3512 3524
3512 3526
3512 3701
3512 3714
3512 3715
3512 3716
3512 3731
3513 3514
3513 3515
3514 3515
3514 3516
3514 3523
3514 3525
3514 3526
3515 3516
3515 3678
3515 3680
3515 3701
3515 3702
3515 3703
3515 3704
3515 3706
3515 3716
3515 3717
3516 3526
3516 3716
3516 3717
3517 3518
3517 3527
3517 3720
3517 3724
3518 3519
3518 3527
3518 3528
3518 3529
3518 3724
3518 3725
3518 3726
3518 3727
3518 3736
3519 3520
3519 3529
3519 3727
3520 3521
3520 3529
3520 3530
3520 3531
3520 3712
3520 3727
3520 3728
3520 3729
3520 3738
3521 3522
3521 3531
3521 3729
3522 3523
3522 3524
3522 3531
3522 3532
3522 3533
3522 3535
3522 3714
3522 3729
3522 3730
3522 3731
3522 3740
3523 3524
3523 3525
3523 3526
3523 3532
3523 3534
3523 3535
3523 3536
3524 3526
3524 3535
3524 3731
3525 3526
3525 3536
3526 3535
3526 3536
3526 3537
3526 3716
3526 3717
3526 3731
3526 3732
3526 3733
3526 3734
3526 3742
3527 3528
3527 3538
3527 3539
3527 3540
3527 3541
3527 3724
3527 3735
3527 3736
3527 3743
3528 3529
3528 3541
3528 3736
3529 3530
3529 3541
3529 3542
3529 3543
3529 3727
3529 3736
3529 3737
3529 3738
3529 3745
3530 3531
3530 3543
3530 3738
3531 3532
3531 3533
3531 3543
3531 3544
3531 3546
3531 3729
3531 3738
3531 3739
3531 3740
3531 3747
3532 3533
3532 3534
3532 3535
3532 3545
3532 3546
3532 3547
3533 3535
3533 3546
3533 3740
3534 3535
3534 3536
3534 3547
3535 3536
3535 3537
3535 3546
3535 3547
3535 3548
3535 3550
3535 3731
3535 3740
3535 3741
3535 3742
3535 3749
3536 3537
3536 3547
3536 3549
3536 3550
3537 3550
3537 3742
3538 3539
3539 3540
3539 3551
3539 3552
3539 3553
3539 3554
3540 3541
3540 3554
3540 3743
3541 3542
3541 3554
3541 3555
3541 3556
3541 3736
3541 3743
3541 3744
3541 3745
3541 3752
3542 3543
3542 3556
3542 3745
3543 3544
3543 3556
3543 3557
3543 3558
3543 3738
3543 3745
3543 3746
3543 3747
3543 3754
3544 3546
3544 3558
3544 3747
3545 3546
3545 3547
3545 3559
3546 3547
3546 3548
3546 3558
3546 3559
3546 3560
3546 3562
3546 3740
3546 3747
3546 3748
3546 3749
3546 3756
3547 3548
3547 3549
3547 3550
3547 3559
3547 3561
3547 3562
3547 3563
3548 3550
3548 3562
3548 3749
3549 3550
3549 3563
3550 3562
3550 3563
3550 3564
3550 3742
3550 3749
3550 3750
3550 3758
3551 3552
3552 3553
3552 3566
3552 3568
3552 3569
3552 3570
3552 3760
3552 3763
3552 3764
3552 3765
3553 3554
3553 3570
3553 3765
3554 3555
3554 3570
3554 3571
3554 3572
3554 3743
3554 3751
3554 3752
3554 3765
3554 3767
3555 3556
3555 3572
3555 3752
3556 3557
3556 3572
3556 3573
3556 3574
3556 3745
3556 3752
3556 3753
3556 3754
3556 3769
3557 3558
3557 3574
3557 3754
3558 3559
3558 3560
3558 3574
3558 3575
3558 3576
3558 3747
3558 3754
3558 3755
3558 3756
3558 3771
3558 3772
3559 3560
3559 3561
3559 3562
3560 3562
3560 3756
3560 3772
3561 3562
3561 3563
3562 3563
3562 3564
3562 3749
3562 3756
3562 3757
3562 3758
3563 3564
3564 3758
3565 3566
3565 3567
3565 3568
3565 3759
3565 3760
3565 3761
3566 3568
3566 3760
3567 3568
3567 3580
3567 3582
3567 3761
3568 3569
3568 3582
3568 3583
3568 3584
3568 3760
3568 3761
3568 3762
3568 3764
3568 3777
3569 3570
3569 3585
3569 3764
3570 3571
3570 3585
3570 3586
3570 3587
3570 3764
3570 3765
3570 3766
3570 3767
3570 3779
3571 3572
3571 3587
3571 3767
3572 3573
3572 3587
3572 3588
3572 3752
3572 3767
3572 3768
3572 3769
3573 3574
3573 3769
3574 3575
3574 3576
3574 3754
3574 3769
3574 3770
3574 3771
3575 3576
3576 3771
3576 3772
3577 3578
3577 3580
3578 3579
3578 3580
3578 3581
3578 3582
3579 3582
3579 3583
3580 3581
3580 3582
3580 3761
3580 3774
3580 3775
3581 3582
3581 3775
3582 3583
3582 3584
3582 3761
3582 3775
3582 3776
3582 3777
3583 3584
3584 3777
3585 3586
3585 3764
3585 3778
3585 3779
3586 3587
3586 3779
3587 3588
3587 3767
3587 3779
3587 3780
3589 3590
3589 3591
3589 3593
3590 3591
3590 3592
3590 3593
3590 3594
3590 3596
3590 3597
3590 3598
3590 3599
3591 3592
3591 3593
3591 3595
3591 3596
3592 3596
3592 3598
3592 3601
3593 3594
3593 3595
3593 3596
3593 3781
3593 3782
3593 3783
3594 3596
3594 3599
3594 3782
3595 3596
3595 3783
3596 3598
3596 3599
3596 3600
3596 3601
3596 3602
3596 3603
3596 3782
3596 3783
3596 3784
3596 3786
3596 3787
3597 3598
3597 3599
3598 3599
3598 3600
3598 3601
3598 3603
3599 3600
3599 3782
3599 3785
3599 3786
3600 3603
3600 3786
3601 3602
3601 3603
3601 3604
3601 3605
3602 3603
3602 3605
3602 3787
3603 3605
3603 3606
3603 3607
3603 3608
3603 3786
3603 3787
3603 3788
3603 3790
3604 3605
3604 3609
3605 3606
3605 3609
3605 3610
3605 3611
3605 3787
3605 3789
3605 3790
3606 3608
3606 3611
3606 3790
3607 3608
3608 3611
3608 3612
3609 3610
3609 3611
3609 3627
3609 3628
3610 3611
3610 3628
3611 3612
3611 3628
3611 3629
3611 3630
3612 3630
3613 3614
3613 3615
3614 3615
3614 3616
3614 3617
3614 3618
3614 3791
3614 3792
3614 3793
3615 3616
3615 3631
3615 3632
3616 3618
3616 3632
3616 3793
3617 3618
3617 3619
3617 3792
3618 3619
3618 3620
3618 3632
3618 3633
3618 3792
3618 3793
3618 3794
3618 3796
3619 3620
3619 3792
3619 3795
3619 3796
3620 3796
3621 3622
3621 3623
3621 3624
3622 3624
3622 3625
3623 3624
3624 3625
3624 3626
3625 3626
3627 3628
3628 3629
3629 3630
3629 3644
3629 3811
3630 3631
3630 3644
3630 3645
3630 3646
3630 3811
3630 3812
3630 3814
3631 3632
3631 3646
3632 3633
3632 3646
3632 3647
3632 3648
3633 3648
3633 3649
3634 3635
3634 3636
3634 3638
3635 3636
3635 3637
3635 3638
3635 3639
3635 3641
3635 3642
3636 3637
3636 3638
3636 3640
3636 3641
3637 3641
3637 3651
3638 3639
3638 3640
3638 3641
3638 3797
3638 3798
3638 3799
3638 3801
3638 3802
3638 3803
3638 3804
3638 3806
3638 3807
3639 3641
3639 3642
3639 3807
3640 3641
3640 3804
3640 3806
3641 3642
3641 3643
3641 3651
3641 3652
3641 3653
3641 3806
3641 3807
3641 3808
3641 3810
3641 3815
3642 3643
3642 3807
3642 3809
3642 3810
3643 3653
3643 3654
3643 3810
3644 3645
3644 3660
3644 3662
3644 3663
3644 3811
3644 3813
3644 3814
3644 3821
3645 3646
3645 3663
3645 3814
3646 3647
3646 3663
3646 3664
3646 3665
3646 3814
3646 3823
3646 3824
3646 3825
3647 3648
3647 3665
3647 3825
3648 3649
3648 3650
3648 3665
3648 3666
3649 3650
3651 3652
3651 3653
3652 3653
3652 3815
3653 3654
3653 3655
3653 3671
3653 3672
3653 3810
3653 3815
3653 3816
3653 3818
3653 3827
3654 3655
3654 3656
3654 3657
3654 3810
3654 3817
3654 3818
3654 3819
3655 3657
3655 3672
3655 3818
3656 3657
3656 3658
3656 3819
3657 3658
3657 3659
3657 3672
3657 3673
3657 3674
3657 3818
3657 3819
3657 3820
3657 3829
3657 3830
3658 3659
3659 3674
3659 3675
3659 3830
3660 3661
3660 3662
3660 3663
3660 3681
3660 3682
3660 3683
3661 3663
3661 3682
3662 3663
3662 3683
3662 3821
3663 3664
3663 3682
3663 3683
3663 3684
3663 3686
3663 3814
3663 3821
3663 3822
3663 3824
3663 3835
3664 3665
3664 3686
3664 3824
3665 3666
3665 3686
3665 3687
3665 3689
3665 3690
3665 3824
3665 3825
3665 3826
3665 3837
3665 3838
3666 3690
3666 3693
3666 3838
3667 3668
3667 3669
3667 3670
3668 3670
3669 3670
3671 3672
3671 3695
3671 3697
3671 3827
3672 3673
3672 3697
3672 3698
3672 3699
3672 3818
3672 3827
3672 3828
3672 3829
3672 3843
3673 3674
3673 3699
3673 3829
3674 3675
3674 3676
3674 3699
3674 3700
3674 3701
3674 3829
3674 3830
3674 3831
3674 3833
3674 3845
3675 3676
3675 3677
3675 3679
3675 3680
3675 3830
3675 3832
3675 3833
3676 3680
3676 3701
3676 3833
3677 3678
3677 3679
3677 3680
3678 3680
3678 3703
3679 3680
3680 3701
3680 3702
3680 3703
3680 3705
3680 3706
3680 3833
3680 3847
3680 3848
3680 3849
3681 3682
3681 3683
3682 3683
3682 3684
3682 3685
3682 3686
3683 3684
3683 3821
3683 3834
3683 3835
3683 3855
3683 3856
3683 3857
3683 3858
3683 3860
3683 3861
3684 3686
3684 3835
3684 3861
3685 3686
3686 3689
3686 3709
3686 3824
3686 3835
3686 3836
3686 3837
3686 3861
3686 3863
3686 3864
3687 3688
3687 3689
3687 3690
3687 3707
3687 3708
3687 3709
3688 3690
3688 3692
3688 3708
3689 3690
3689 3709
3689 3837
3690 3692
3690 3693
3690 3694
3690 3708
3690 3709
3690 3710
3690 3837
3690 3838
3690 3839
3690 3866
3691 3692
3691 3693
3692 3693
3692 3694
3693 3694
3695 3696
3695 3697
3695 3827
3695 3840
3695 3841
3696 3697
3696 3841
3697 3698
3697 3711
3697 3712
3697 3827
3697 3841
3697 3842
3697 3843
3698 3699
3698 3712
3698 3843
3699 3700
3699 3712
3699 3713
3699 3714
3699 3829
3699 3843
3699 3844
3699 3845
3699 3880
3700 3701
3700 3714
3700 3845
3701 3702
3701 3714
3701 3715
3701 3716
3701 3833
3701 3845
3701 3846
3701 3848
3701 3882
3702 3706
3702 3716
3702 3848
3703 3704
3703 3705
3703 3706
3704 3706
3704 3717
3705 3706
3705 3849
3705 3851
3706 3716
3706 3717
3706 3718
3706 3848
3706 3849
3706 3850
3706 3851
3706 3852
3706 3854
3706 3884
3706 3885
3707 3708
3707 3709
3708 3709
3708 3710
3709 3710
3709 3837
3709 3863
3709 3864
3709 3865
3709 3866
3710 3866
3711 3712
3711 3725
3711 3727
3711 3907
3712 3713
3712 3727
3712 3728
3712 3729
3712 3843
3712 3879
3712 3880
3712 3907
3712 3909
3713 3714
3713 3729
3713 3880
3714 3715
3714 3729
3714 3730
3714 3731
3714 3845
3714 3880
3714 3881
3714 3882
3714 3911
3715 3716
3715 3731
3715 3882
3716 3717
3716 3718
3716 3731
3716 3732
3716 3734
3716 3848
3716 3882
3716 3883
3716 3884
3716 3913
3717 3718
3717 3733
3717 3734
3718 3734
3718 3884
3718 3885
3719 3720
3719 3721
3720 3721
3720 3723
3720 3724
3721 3722
3721 3723
3721 3724
3721 3897
3721 3898
3721 3899
3721 3901
3721 3902
3722 3724
3722 3725
3722 3903
3723 3724
3723 3898
3723 3902
3723 3923
3724 3725
3724 3726
3724 3735
3724 3736
3724 3902
3724 3903
3724 3905
3724 3906
3724 3923
3724 3925
3725 3726
3725 3727
3725 3903
3725 3904
3725 3906
3725 3907
3726 3727
3726 3736
3726 3906
3727 3728
3727 3736
3727 3737
3727 3738
3727 3906
3727 3907
3727 3908
3727 3909
3727 3927
3728 3729
3728 3738
3728 3909
3729 3730
3729 3738
3729 3739
3729 3740
3729 3880
3729 3909
3729 3910
3729 3911
3729 3929
3730 3731
3730 3740
3730 3911
3731 3732
3731 3740
3731 3741
3731 3742
3731 3882
3731 3911
3731 3912
3731 3913
3731 3931
3732 3734
3732 3742
3732 3913
3733 3734
3734 3742
3734 3884
3734 3885
3734 3913
3734 3914
3734 3915
3734 3916
3734 3933
3734 3934
3735 3736
3735 3743
3735 3923
3735 3925
3736 3737
3736 3743
3736 3744
3736 3745
3736 3906
3736 3925
3736 3926
3736 3927
3736 3936
3737 3738
3737 3745
3737 3927
3738 3739
3738 3745
3738 3746
3738 3747
3738 3909
3738 3927
3738 3928
3738 3929
3738 3938
3739 3740
3739 3747
3739 3929
3740 3741
3740 3747
3740 3748
3740 3749
3740 3911
3740 3929
3740 3930
3740 3931
3740 3940
3741 3742
3741 3749
3741 3931
3742 3749
3742 3750
3742 3913
3742 3931
3742 3932
3742 3933
3742 3934
3742 3942
3743 3744
3743 3751
3743 3752
3743 3925
3743 3935
3743 3936
3743 3943
3744 3745
3744 3752
3744 3936
3745 3746
3745 3752
3745 3753
3745 3754
3745 3927
3745 3936
3745 3937
3745 3938
3745 3945
3746 3747
3746 3754
3746 3938
3747 3748
3747 3754
3747 3755
3747 3756
3747 3929
3747 3938
3747 3939
3747 3940
3747 3947
3748 3749
3748 3756
3748 3940
3749 3750
3749 3756
3749 3757
3749 3758
3749 3931
3749 3940
3749 3941
3749 3942
3749 3949
3750 3758
3750 3942
3751 3752
3751 3765
3751 3767
3751 3943
3752 3753
3752 3767
3752 3768
3752 3769
3752 3936
3752 3943
3752 3944
3752 3945
3752 3951
3753 3754
3753 3769
3753 3945
3754 3755
3754 3769
3754 3770
3754 3771
3754 3938
3754 3945
3754 3946
3754 3947
3754 3953
3755 3756
3755 3771
3755 3947
3756 3757
3756 3771
3756 3772
3756 3773
3756 3940
3756 3947
3756 3948
3756 3949
3756 3955
3757 3758
3757 3949
3758 3942
3758 3949
3758 3950
3759 3760
3759 3761
3760 3761
3760 3762
3760 3763
3760 3764
3761 3762
3761 3774
3761 3775
3761 3776
3761 3777
3762 3764
3762 3777
3763 3764
3763 3765
3764 3765
3764 3766
3764 3778
3764 3779
3765 3766
3765 3767
3766 3767
3766 3779
3767 3768
3767 3779
3767 3780
3768 3769
3768 3951
3769 3770
3769 3945
3769 3951
3769 3952
3769 3953
3770 3771
3770 3953
3771 3772
3771 3773
3771 3947
3771 3953
3771 3954
3771 3955
3772 3773
3773 3955
3774 3775
3775 3776
3776 3777
3778 3779
3779 3780
3781 3782
3781 3783
3782 3783
3782 3784
3782 3785
3782 3786
3783 3784
3784 3786
3784 3787
3785 3786
3786 3787
3786 3788
3787 3788
3787 3789
3787 3790
3788 3790
3789 3790
3791 3792
3791 3793
3792 3793
3792 3794
3792 3795
3792 3796
3793 3794
3794 3796
3795 3796
3797 3798
3797 3799
3797 3800
3797 3801
3797 3802
3798 3801
3799 3802
3799 3804
3800 3801
3800 3802
3801 3802
3801 3803
3802 3803
3802 3804
3802 3805
3802 3806
3802 3964
3802 3965
3802 3966
3803 3806
3803 3807
3803 3965
3804 3805
3804 3806
3805 3806
3805 3966
3805 3974
3806 3807
3806 3808
3806 3815
3806 3965
3806 3966
3806 3967
3806 3969
3806 3974
3806 3975
3806 3977
3807 3808
3807 3809
3807 3810
3807 3965
3807 3968
3807 3969
3808 3810
3808 3815
3808 3969
3809 3810
3810 3815
3810 3816
3810 3817
3810 3818
3810 3969
3810 3979
3810 3980
3811 3812
3811 3813
3811 3814
3812 3814
3813 3814
3813 3821
3814 3821
3814 3822
3814 3823
3814 3824
3815 3816
3815 3827
3815 3840
3815 3969
3815 3975
3815 3977
3815 3978
3815 3980
3815 3985
3815 3987
3816 3818
3816 3827
3816 3980
3817 3818
3817 3819
3818 3819
3818 3820
3818 3827
3818 3828
3818 3829
3818 3980
3818 3989
3818 3990
3819 3820
3820 3829
3820 3830
3821 3822
3821 3834
3821 3835
3821 3991
3821 3992
3821 3993
3822 3824
3822 3835
3822 3992
3823 3824
3823 3825
3824 3825
3824 3826
3824 3835
3824 3836
3824 3837
3825 3826
3826 3837
3826 3838
3827 3828
3827 3840
3827 3841
3827 3842
3827 3843
3827 3980
3827 3987
3827 3988
3827 3990
3827 3996
3828 3829
3828 3843
3828 3990
3829 3830
3829 3831
3829 3843
3829 3844
3829 3845
3829 3990
3829 3998
3829 3999
3829 4000
3830 3831
3830 3832
3830 3833
3831 3833
3831 3845
3831 4000
3832 3833
3833 3845
3833 3846
3833 3847
3833 3848
3833 4000
3833 4002
3833 4003
3833 4004
3834 3835
3834 3858
3834 3860
3834 3993
3835 3836
3835 3860
3835 3861
3835 3862
3835 3864
3835 3992
3835 3993
3835 3994
3835 4013
3835 4014
3836 3837
3836 3864
3836 4014
3837 3838
3837 3839
3837 3864
3837 3865
3837 3866
3838 3839
3839 3866
3840 3841
3840 3985
3840 3987
3841 3842
3841 3987
3841 3995
3841 3996
3842 3843
3842 3996
3843 3844
3843 3879
3843 3880
3843 3990
3843 3996
3843 3997
3843 3999
3843 4020
3844 3845
3844 3880
3844 3999
3845 3846
3845 3880
3845 3881
3845 3882
3845 3999
3845 4000
3845 4001
3845 4003
3845 4022
3846 3848
3846 3882
3846 4003
3847 3848
3847 3849
3847 4004
3848 3849
3848 3850
3848 3882
3848 3883
3848 3884
3848 4003
3848 4004
3848 4005
3848 4007
3848 4024
3849 3850
3849 3851
3849 3853
3849 3854
3849 4004
3849 4006
3849 4007
3849 4008
3850 3854
3850 3884
3850 4007
3851 3852
3851 3853
3851 3854
3852 3854
3852 3856
3852 3885
3853 3854
3853 3858
3853 4008
3854 3856
3854 3858
3854 3859
3854 3884
3854 3885
3854 3886
3854 3888
3854 4007
3854 4008
3854 4009
3854 4011
3854 4026
3855 3856
3855 3858
3856 3857
3856 3858
3856 3859
3856 3860
3856 3885
3856 3887
3856 3888
3857 3860
3857 3861
3857 3889
3858 3859
3858 3860
3858 3993
3858 4008
3858 4010
3858 4011
3859 3860
3859 3888
3859 4011
3860 3861
3860 3862
3860 3888
3860 3889
3860 3891
3860 3892
3860 3993
3860 4011
3860 4012
3860 4013
3860 4028
3861 3862
3861 3863
3861 3864
3861 3889
3861 3890
3861 3892
3862 3864
3862 3892
3862 4013
3863 3864
3864 3865
3864 4013
3864 4014
3864 4015
3865 3866
3867 3868
3867 3869
3867 3871
3868 3869
3868 3870
3868 3871
3868 3872
3868 3874
3868 3875
3868 3876
3868 3877
3869 3870
3869 3871
3869 3873
3869 3874
3870 3874
3870 3876
3870 3893
3871 3872
3871 3873
3871 3874
3872 3874
3872 3877
3872 4016
3873 3874
3874 3876
3874 3877
3874 3878
3874 3893
3874 3895
3874 3896
3874 4016
3874 4018
3874 4019
3874 4030
3875 3876
3875 3877
3876 3877
3876 3878
3876 3893
3876 3894
3876 3896
3876 3897
3876 3898
3876 3899
3877 3878
3877 4016
3877 4017
3877 4019
3878 3896
3878 3899
3878 4019
3879 3880
3879 3907
3879 3909
3879 4020
3880 3881
3880 3909
3880 3910
3880 3911
3880 3999
3880 4020
3880 4021
3880 4022
3880 4039
3881 3882
3881 3911
3881 4022
3882 3883
3882 3911
3882 3912
3882 3913
3882 4003
3882 4022
3882 4023
3882 4024
3882 4041
3883 3884
3883 3913
3883 4024
3884 3885
3884 3886
3884 3913
3884 3914
3884 3916
3884 4007
3884 4024
3884 4025
3884 4026
3884 4043
3885 3886
3885 3887
3885 3888
3885 3915
3885 3916
3885 3917
3886 3888
3886 3916
3886 4026
3887 3888
3887 3917
3888 3891
3888 3916
3888 3917
3888 3918
3888 4011
3888 4026
3888 4027
3888 4028
3888 4045
3888 4046
3889 3890
3889 3891
3889 3892
3890 3892
3891 3892
3891 4028
3891 4046
3892 4013
3892 4028
3892 4029
3893 3894
3893 3895
3893 3896
3894 3896
3894 3898
3894 3919
3895 3896
3895 4030
3896 3898
3896 3899
3896 3900
3896 3919
3896 3921
3896 3922
3896 4019
3896 4030
3896 4031
3896 4033
3896 4048
3897 3898
3897 3899
3898 3899
3898 3900
3898 3902
3898 3919
3898 3920
3898 3922
3898 3923
3899 3900
3899 3901
3899 3902
3899 4019
3899 4032
3899 4033
3899 4034
3900 3902
3900 3922
3900 4033
3901 3902
3901 4034
3902 3905
3902 3922
3902 3923
3902 3924
3902 3925
3902 4033
3902 4034
3902 4035
3902 4050
3902 4051
3903 3904
3903 3905
3903 3906
3904 3906
3904 3907
3905 3906
3905 3925
3905 4051
3906 3907
3906 3908
3906 3925
3906 3926
3906 3927
3906 4037
3906 4051
3906 4053
3906 4054
3907 3908
3907 3909
3907 4020
3907 4036
3907 4037
3908 3909
3908 3927
3908 4037
3909 3910
3909 3927
3909 3928
3909 3929
3909 4020
3909 4037
3909 4038
3909 4039
3909 4056
3910 3911
3910 3929
3910 4039
3911 3912
3911 3929
3911 3930
3911 3931
3911 4022
3911 4039
3911 4040
3911 4041
3911 4058
3912 3913
3912 3931
3912 4041
3913 3914
3913 3931
3913 3932
3913 3934
3913 4024
3913 4041
3913 4042
3913 4043
3913 4060
3914 3916
3914 3934
3914 4043
3915 3916
3915 3917
3916 3917
3916 3918
3916 3934
3916 4026
3916 4043
3916 4044
3916 4045
3916 4062
3916 4063
3916 4064
3917 3918
3918 4045
3918 4046
3918 4064
3919 3920
3919 3921
3919 3922
3920 3922
3920 3923
3921 3922
3921 4048
3922 3923
3922 3924
3922 4033
3922 4048
3922 4049
3922 4050
3923 3924
3923 3925
3924 3925
3924 4050
3925 3926
3925 3935
3925 3936
3925 4050
3925 4051
3925 4052
3925 4054
3926 3927
3926 3936
3926 4054
3927 3928
3927 3936
3927 3937
3927 3938
3927 4037
3927 4054
3927 4055
3927 4056
3927 4067
3928 3929
3928 3938
3928 4056
3929 3930
3929 3938
3929 3939
3929 3940
3929 4039
3929 4056
3929 4057
3929 4058
3929 4069
3930 3931
3930 3940
3930 4058
3931 3932
3931 3940
3931 3941
3931 3942
3931 4041
3931 4058
3931 4059
3931 4060
3931 4071
3932 3934
3932 3942
3932 4060
3933 3934
3934 3942
3934 4043
3934 4060
3934 4061
3934 4062
3934 4063
3934 4073
3934 4074
3934 4075
3935 3936
3935 3943
3936 3937
3936 3943
3936 3944
3936 3945
3936 4054
3936 4066
3936 4067
3936 4077
3937 3938
3937 3945
3937 4067
3938 3939
3938 3945
3938 3946
3938 3947
3938 4056
3938 4067
3938 4068
3938 4069
3938 4079
3939 3940
3939 3947
3939 4069
3940 3941
3940 3947
3940 3948
3940 3949
3940 4058
3940 4069
3940 4070
3940 4071
3940 4081
3941 3942
3941 3949
3941 4071
3942 3949
3942 3950
3942 4060
3942 4071
3942 4072
3942 4073
3942 4074
3942 4083
3943 3944
3944 3945
3944 3951
3944 4077
3945 3946
3945 3951
3945 3952
3945 3953
3945 4067
3945 4077
3945 4078
3945 4079
3946 3947
3946 3953
3946 4079
3947 3948
3947 3953
3947 3954
3947 3955
3947 4069
3947 4079
3947 4080
3947 4081
3948 3949
3948 3955
3948 4081
3949 3950
3949 4071
3949 4081
3949 4082
3949 4083
3950 4083
3951 3952
3952 3953
3953 3954
3954 3955
3956 3957
3956 3958
3956 3960
3957 3958
3957 3959
3957 3960
3957 3961
3957 3963
3958 3959
3958 3960
3958 3962
3958 3963
3958 3970
3958 3971
3958 3972
3959 3963
3959 3971
3960 3961
3960 3962
3960 3963
3961 3963
3962 3963
3962 3972
3962 4084
3963 3971
3963 3972
3963 3973
3963 4084
3963 4085
3963 4087
3964 3965
3964 3966
3965 3966
3965 3967
3965 3968
3965 3969
3966 3967
3966 3974
3966 3976
3966 3977
3967 3969
3967 3977
3967 4088
3968 3969
3969 3977
3969 3978
3969 3979
3969 3980
3969 4088
3969 4089
3969 4091
3969 4092
3970 3971
3970 3972
3970 3981
3971 3972
3971 3973
3971 3981
3971 3982
3971 3984
3972 3973
3972 3981
3972 3983
3972 3984
3972 4084
3972 4086
3972 4087
3972 4094
3973 3984
3973 4087
3974 3975
3974 3976
3974 3977
3975 3977
3975 3985
3976 3977
3977 3978
3977 3985
3977 3986
3977 3987
3977 4088
3977 4090
3977 4091
3977 4096
3978 3980
3978 3987
3978 4091
3979 3980
3979 4092
3980 3987
3980 3988
3980 3989
3980 3990
3980 4091
3980 4092
3980 4093
3980 4098
3980 4099
3981 3982
3981 3983
3981 3984
3982 3984
3983 3984
3983 4004
3983 4094
3984 4004
3984 4006
3984 4008
3984 4087
3984 4094
3984 4095
3984 4102
3984 4103
3984 4104
3985 3986
3985 3987
3986 3987
3986 4096
3987 3988
3987 3995
3987 3996
3987 4091
3987 4096
3987 4097
3987 4098
3987 4106
3988 3990
3988 3996
3988 4098
3989 3990
3989 4099
3990 3996
3990 3997
3990 3998
3990 3999
3990 4098
3990 4099
3990 4100
3990 4108
3990 4109
3991 3992
3991 3993
3992 3993
3992 3994
3993 3994
3993 4010
3993 4011
3993 4012
3993 4013
3993 4118
3993 4120
3993 4121
3993 4122
3994 4013
3994 4014
3994 4122
3995 3996
3995 4106
3996 3997
3996 4098
3996 4106
3996 4107
3996 4108
3997 3999
3997 4020
3997 4108
3998 3999
3998 4000
3998 4109
3999 4000
3999 4001
3999 4020
3999 4021
3999 4022
3999 4108
3999 4109
3999 4110
3999 4112
3999 4125
4000 4001
4000 4002
4000 4003
4000 4109
4000 4111
4000 4112
4000 4113
4001 4003
4001 4022
4001 4112
4002 4003
4002 4004
4002 4113
4003 4004
4003 4005
4003 4022
4003 4023
4003 4024
4003 4112
4003 4113
4003 4114
4003 4115
4003 4127
4004 4005
4004 4006
4004 4007
4004 4094
4004 4101
4004 4102
4004 4113
4004 4115
4005 4007
4005 4024
4005 4115
4006 4007
4006 4008
4006 4102
4007 4008
4007 4009
4007 4024
4007 4025
4007 4026
4007 4102
4007 4115
4007 4116
4007 4117
4007 4129
4008 4009
4008 4010
4008 4011
4008 4102
4008 4103
4008 4104
4008 4105
4008 4117
4008 4118
4009 4011
4009 4026
4009 4117
4010 4011
4010 4118
4011 4012
4011 4026
4011 4027
4011 4028
4011 4117
4011 4118
4011 4119
4011 4121
4011 4131
4012 4013
4012 4028
4012 4121
4013 4014
4013 4015
4013 4028
4013 4029
4013 4121
4013 4122
4013 4123
4013 4133
4014 4015
4016 4017
4016 4018
4016 4019
4017 4019
4018 4019
4018 4030
4019 4030
4019 4031
4019 4032
4019 4033
4020 4021
4020 4036
4020 4037
4020 4038
4020 4039
4020 4108
4020 4124
4020 4125
4021 4022
4021 4039
4021 4125
4022 4023
4022 4039
4022 4040
4022 4041
4022 4112
4022 4125
4022 4126
4022 4127
4023 4024
4023 4041
4023 4127
4024 4025
4024 4041
4024 4042
4024 4043
4024 4115
4024 4127
4024 4128
4024 4129
4024 4135
4025 4026
4025 4043
4025 4129
4026 4027
4026 4043
4026 4044
4026 4045
4026 4117
4026 4129
4026 4130
4026 4131
4026 4137
4027 4028
4027 4045
4027 4131
4028 4029
4028 4045
4028 4046
4028 4047
4028 4121
4028 4131
4028 4132
4028 4133
4028 4139
4029 4133
4030 4031
4031 4033
4031 4048
4032 4033
4032 4034
4033 4034
4033 4035
4033 4048
4033 4049
4033 4050
4034 4035
4035 4050
4035 4051
4036 4037
4037 4038
4037 4053
4037 4054
4037 4055
4037 4056
4038 4039
4038 4056
4038 4140
4039 4040
4039 4056
4039 4057
4039 4058
4039 4140
4039 4141
4039 4143
4039 4144
4040 4041
4040 4058
4040 4144
4041 4042
4041 4058
4041 4059
4041 4060
4041 4127
4041 4134
4041 4135
4041 4144
4041 4146
4042 4043
4042 4060
4042 4135
4043 4044
4043 4060
4043 4061
4043 4063
4043 4129
4043 4135
4043 4136
4043 4137
4043 4148
4044 4045
4044 4063
4044 4137
4045 4046
4045 4047
4045 4063
4045 4064
4045 4065
4045 4131
4045 4137
4045 4138
4045 4139
4045 4150
4045 4151
4046 4047
4047 4139
4047 4151
4048 4049
4049 4050
4050 4051
4050 4052
4051 4052
4051 4053
4051 4054
4052 4054
4053 4054
4054 4055
4054 4066
4054 4067
4055 4056
4055 4067
4056 4057
4056 4067
4056 4068
4056 4069
4056 4140
4056 4142
4056 4143
4056 4153
4057 4058
4057 4069
4057 4143
4058 4059
4058 4069
4058 4070
4058 4071
4058 4143
4058 4144
4058 4145
4058 4146
4058 4155
4059 4060
4059 4071
4059 4146
4060 4061
4060 4071
4060 4072
4060 4074
4060 4135
4060 4146
4060 4147
4060 4148
4060 4157
4061 4063
4061 4074
4061 4148
4062 4063
4062 4064
4062 4075
4063 4064
4063 4065
4063 4074
4063 4075
4063 4076
4063 4137
4063 4148
4063 4149
4063 4150
4063 4159
4064 4065
4065 4150
4065 4151
4066 4067
4066 4077
4067 4068
4067 4077
4067 4078
4067 4079
4068 4069
4068 4079
4068 4153
4069 4070
4069 4079
4069 4080
4069 4081
4069 4143
4069 4153
4069 4154
4069 4155
4069 4161
4070 4071
4070 4081
4070 4155
4071 4072
4071 4081
4071 4082
4071 4083
4071 4146
4071 4155
4071 4156
4071 4157
4072 4074
4072 4083
4072 4157
4073 4074
4073 4075
4074 4075
4074 4076
4074 4148
4074 4157
4074 4158
4074 4159
4075 4076
4076 4159
4077 4078
4078 4079
4079 4080
4079 4153
4079 4160
4079 4161
4080 4081
4080 4161
4081 4082
4081 4155
4081 4161
4081 4162
4082 4083
4084 4085
4084 4086
4084 4087
4085 4087
4086 4087
4086 4094
4087 4094
4087 4095
4088 4089
4088 4090
4088 4091
4089 4091
4089 4092
4090 4091
4090 4096
4091 4092
4091 4093
4091 4096
4091 4097
4091 4098
4092 4093
4093 4098
4093 4099
4094 4095
4094 4101
4094 4102
4095 4102
4095 4104
4096 4097
4097 4098
4097 4106
4098 4099
4098 4100
4098 4106
4098 4107
4098 4108
4099 4100
4100 4108
4100 4109
4101 4102
4101 4113
4101 4115
4102 4104
4102 4105
4102 4115
4102 4116
4102 4117
4102 4163
4102 4164
4102 4165
4103 4104
4104 4105
4105 4117
4105 4118
4105 4164
4106 4107
4107 4108
4108 4109
4108 4110
4108 4124
4108 4125
4109 4110
4109 4111
4109 4112
4110 4112
4110 4125
4111 4112
4111 4113
4112 4113
4112 4114
4112 4125
4112 4126
4112 4127
4113 4114
4113 4115
4114 4115
4114 4127
4114 4169
4115 4116
4115 4127
4115 4128
4115 4129
4115 4165
4115 4169
4115 4170
4115 4172
4116 4117
4116 4129
4116 4165
4117 4118
4117 4119
4117 4129
4117 4130
4117 4131
4117 4164
4117 4165
4117 4166
4117 4168
4117 4174
4118 4119
4118 4120
4118 4121
4118 4164
4118 4167
4118 4168
4119 4121
4119 4131
4119 4168
4120 4121
4120 4122
4121 4122
4121 4123
4121 4131
4121 4132
4121 4133
4121 4168
4121 4176
4121 4177
4122 4123
4123 4133
4124 4125
4125 4126
4126 4127
4127 4128
4127 4134
4127 4135
4127 4169
4127 4171
4127 4172
4127 4178
4128 4129
4128 4135
4128 4172
4129 4130
4129 4135
4129 4136
4129 4137
4129 4165
4129 4172
4129 4173
4129 4174
4129 4180
4130 4131
4130 4137
4130 4174
4131 4132
4131 4137
4131 4138
4131 4139
4131 4168
4131 4174
4131 4175
4131 4177
4131 4182
4132 4133
4132 4139
4132 4177
4134 4135
4134 4144
4134 4146
4134 4178
4135 4136
4135 4146
4135 4147
4135 4148
4135 4172
4135 4178
4135 4179
4135 4180
4135 4184
4136 4137
4136 4148
4136 4180
4137 4138
4137 4148
4137 4149
4137 4150
4137 4174
4137 4180
4137 4181
4137 4182
4137 4186
4138 4139
4138 4150
4138 4182
4139 4150
4139 4151
4139 4152
4139 4177
4139 4182
4139 4183
4140 4141
4140 4142
4140 4143
4141 4143
4141 4144
4142 4143
4142 4153
4143 4144
4143 4145
4143 4153
4143 4154
4143 4155
4144 4145
4144 4146
4145 4146
4145 4155
4146 4147
4146 4155
4146 4156
4146 4157
4147 4148
4147 4157
4147 4184
4148 4149
4148 4157
4148 4158
4148 4159
4148 4180
4148 4184
4148 4185
4148 4186
4148 4189
4149 4150
4149 4159
4149 4186
4150 4151
4150 4152
4150 4182
4150 4186
4150 4187
4151 4152
4153 4154
4153 4160
4153 4161
4154 4155
4154 4161
4155 4156
4155 4161
4155 4162
4156 4157
4157 4158
4157 4184
4157 4188
4157 4189
4158 4159
4158 4189
4159 4186
4159 4189
4159 4190
4160 4161
4161 4162
4163 4164
4163 4165
4164 4165
4164 4166
4164 4167
4164 4168
4165 4166
4165 4170
4165 4172
4165 4173
4165 4174
4166 4168
4166 4174
4167 4168
4168 4174
4168 4175
4168 4176
4168 4177
4169 4170
4169 4171
4169 4172
4170 4172
4171 4172
4171 4178
4172 4173
4172 4178
4172 4179
4172 4180
4173 4174
4173 4180
4174 4175
4174 4180
4174 4181
4174 4182
4175 4177
4175 4182
4176 4177
4177 4182
4177 4183
4178 4179
4179 4180
4179 4184
4180 4181
4180 4184
4180 4185
4180 4186
4181 4182
4181 4186
4182 4183
4182 4186
4182 4187
4184 4185
4184 4188
4184 4189
4185 4186
4185 4189
4186 4187
4186 4189
4186 4190
4188 4189
4189 4190

SURFACE_TRIANGLES
3565 3759 3761
1046 1226 1227
258 263 307
213 214 272
0 3 1
363 367 365
31 34 32
574 665 654
0 1 5
2677 2693 2696
1146 1151 1150
2420 2432 2431
761 878 877
19 20 21
8 9 11
37 49 48
655 791 789
844 846 845
1788 1790 1795
3083 3349 3351
394 406 409
3256 3259 3258
2577 2585 2851
128 130 178
6 7 15
817 818 822
93 123 122
472 480 479
0 2 3
44 45 47
3280 3281 3282
115 118 117
1098 1271 1273
117 119 172
0 6 2
309 311 313
2651 2652 2666
598 718 717
73 75 74
1072 1074 1073
2677 2679 2678
1126 1287 1288
822 832 824
1415 1583 1581
444 528 536
3 16 9
0 5 4
150 206 205
3861 3862 3864
0 4 6
1568 1770 1569
3637 3641 3651
826 959 966
30 33 34
25 29 28
1473 1479 1480
2414 2426 2415
220 222 221
2593 2878 2595
950 956 957
801 802 804
168 220 219
1638 1645 1646
922 1105 1107
4 5 6
626 753 628
2400 2654 2655
1373 1531 1530
187 237 238
1131 1137 1138
39 69 68
158 212 211
681 684 682
366 434 433
412 415 414
489 608 609
130 186 182
532 533 535
5 38 40
5 7 6
385 388 386
158 211 213
1341 1366 1367
2641 2642 2643
1011 1181 1012
673 692 690
836 837 843
1768 1783 2007
1738 1754 1997
931 932 944
111 112 113
27 36 37
2443 2452 2710
1066 1259 1258
2412 2625 2619
1513 1725 1723
1438 1602 1600
1 3 8
1435 1601 1437
1 8 5
3616 3793 3618
114 115 117
289 343 294
1694 1713 1700
5 8 10
990 991 1170
106 109 108
12 14 15
77 80 79
836 843 842
958 960 959
2603 2606 2607
155 166 167
444 526 528
848 992 851
2520 2760 2761
3 9 8
1497 1706 1707
251 304 305
639 763 643
96 130 97
499 500 613
2854 3100 2855
899 1073 901
987 999 991
168 221 170
361 435 363
545 637 639
3220 3223 3224
2400 2656 2654
1392 1560 1558
701 708 703
2332 2535 2545
3877 3878 4019
87 120 89
3706 3852 3851
1887 2106 1898
642 644 645
3031 3316 3307
1237 1254 1252
219 220 221
1098 1106 1107
417 421 420
8 11 10
529 538 537
132 189 190
806 939 807
152 158 154
1959 1960 1964
1196 1198 1199
727 733 731
3 13 16
3993 3994 4122
3069 3350 3347
489 606 607
2061 2288 2276
98 103 102
3026 3042 3029
467 584 585
2962 3251 3007
650 773 772
20 22 24
1981 1982 2188
2 12 3
196 205 206
6 15 14
2704 2960 2955
556 652 651
98 102 104
2 6 12
3 12 13
2315 2316 2317
69 74 71
1632 1633 1859
72 95 73
1659 1665 1661
2340 2541 2543
2659 2681 2680
56 59 57
99 101 106
3721 3724 3723
905 1099 917
774 924 921
13 15 16
1514 1724 1726
650 652 773
2397 2636 2650
3962 3963 4084
49 55 80
224 227 286
84 88 122
439 441 525
146 208 147
26 28 30
12 15 13
1160 1311 1161
152 154 155
6 14 12
2278 2292 2493
2955 3243 3217
9 16 11
2105 2110 2107
340 414 415
232 236 235
337 412 411
3425 3426 3446
2578 2853 2579
354 423 422
2359 2570 2572
731 738 732
11 16 17
3163 3392 3394
348 417 420
2824 2827 3070
15 17 16
291 296 345
18 20 19
329 331 394
1115 1280 1287
848 974 975
39 68 63
155 159 157
18 19 22
673 690 691
2636 2637 2653
18 22 20
627 757 754
2593 2877 2878
228 281 289
19 21 25
3213 3449 3451
2210 2400 2414
359 427 426
157 159 158
230 296 291
397 410 465
817 822 821
1383 1539 1540
37 55 49
1108 1111 1109
319 408 320
2672 2929 2931
204 248 206
2434 2666 2686
203 243 207
1347 1370 1349
38 66 40
1175 1337 1336
34 52 50
177 228 181
1926 1928 1927
1054 1056 1240
1415 1579 1582
19 23 22
2682 2937 2683
552 647 649
19 25 23
22 23 25
1954 2171 1971
26 30 32
895 896 898
1834 1843 1838
1873 1875 1879
438 520 522
141 148 150
130 183 184
3896 4048 3921
22 25 24
723 843 725
406 419 409
147 151 149
319 407 408
39 41 74
20 27 21
803 804 931
499 614 501
21 27 25
2856 3091 2858
3451 3452 3654
1564 1776 1777
1033 1217 1042
1431 1435 1433
3590 3592 3598
1364 1365 1524
3829 4000 3998
81 84 118
218 274 272
20 26 27
496 503 505
2461 2719 2463
497 501 502
3497 3499 3507
34 51 35
4112 4126 4125
20 28 26
359 435 361
1833 1835 1837
20 24 28
471 475 473
1237 1417 1440
149 151 150
2200 2202 2201
40 73 41
1389 1548 1562
345 419 346
1353 1536 1533
24 25 28
55 61 84
25 27 29
461 563 575
804 809 810
116 168 120
858 1015 1014
1231 1429 1413
147 210 151
1040 1043 1041
3431 3433 3457
688 807 808
1689 1690 1707
1240 1244 1246
30 31 32
826 958 959
2494 2496 2515
1633 1894 1885
3942 4074 4073
1512 1716 1514
2468 2481 2482
1633 1639 1640
1357 1363 1362
3830 3832 3833
486 493 494
70 71 93
499 612 614
30 34 31
28 33 30
174 221 225
2305 2323 2502
1911 1912 1924
2792 2797 2796
655 795 794
280 327 324
2244 2253 2245
826 834 833
65 90 89
1042 1220 1043
198 240 239
3965 3967 3966
1020 1022 1021
2815 3062 2816
144 208 146
1243 1421 1247
2775 2778 2780
32 34 35
784 785 786
2021 2022 2023
2065 2067 2066
1717 1719 1721
2011 2243 2022
2803 3066 3064
26 32 27
228 294 231
27 32 36
3480 3686 3664
664 770 782
3902 3905 4051
3089 3360 3102
753 754 863
1066 1258 1260
2058 2061 2060
32 37 36
951 1139 1140
1157 1163 1315
3073 3352 3086
1404 1575 1573
563 656 666
1192 1193 1195
199 239 241
273 277 275
672 673 674
27 37 29
956 964 965
1029 1040 1030
79 81 118
32 35 37
605 723 724
104 135 105
423 425 424
2534 2804 2536
1801 1803 1805
3219 3223 3220
1689 1939 1690
380 386 389
5 10 39
170 221 174
3760 3762 3761
3818 3820 3829
262 264 263
2781 3052 2791
317 393 391
552 655 562
193 194 198
2198 2199 2394
2699 2956 2706
1297 1474 1481
1436 1440 1438
10 11 39
965 1148 1149
2986 2987 3268
5 40 7
1208 1390 1210
283 287 329
1417 1442 1440
1502 1503 1506
980 984 986
5 39 38
2269 2468 2271
221 281 225
127 177 181
1803 1806 1805
11 41 39
1482 1641 1642
3815 3975 3985
1155 1157 1156
2864 2875 2876
97 130 131
37 51 54
7 40 15
187 235 237
3206 3207 3236
127 181 180
1848 2084 1850
443 532 530
213 272 271
99 106 103
2459 2715 2716
307 309 308
11 17 43
662 663 781
195 199 201
729 736 850
647 650 649
716 839 838
1048 1227 1230
193 197 199
3392 3393 3603
15 43 17
1998 1999 2222
11 43 41
3474 3651 3653
3480 3661 3682
40 41 43
154 160 162
15 40 42
2058 2059 2061
804 944 932
529 530 531
3824 3826 3837
15 42 43
2673 2678 2930
2930 3188 3187
4062 4063 4064
40 43 42
3439 3649 3633
658 776 773
1268 1269 1271
261 262 263
359 430 435
2222 2223 2225
988 991 990
76 79 78
1166 1319 1317
28 44 33
33 44 34
2102 2359 2124
1812 1825 1826
98 104 100
1165 1318 1330
182 186 232
279 321 281
29 37 48
46 76 52
539 555 556
1694 1709 1710
109 139 137
1400 1404 1573
1513 1515 1726
1254 1442 1255
363 437 367
4095 4104 4102
3445 3446 3472
248 252 305
28 45 44
1596 1610 1598
142 146 147
1887 2110 2109
82 87 85
2891 3138 3139
1452 1453 1454
34 44 46
774 794 795
2288 2289 2316
68 69 71
100 104 101
44 47 46
255 265 266
174 228 177
2555 2559 2560
2999 3285 3283
158 165 164
28 29 48
2139 2147 2146
243 244 246
104 132 134
3365 3366 3373
154 158 160
322 325 334
3144 3146 3150
1143 1302 1144
1535 1747 1744
28 48 45
112 139 113
45 48 47
774 926 924
397 408 410
3916 4062 4064
1773 1787 1786
2309 2509 2311
1436 1438 1600
465 470 588
1424 1592 1426
59 88 83
926 1112 1110
2244 2432 2437
1464 1466 1465
319 331 394
797 934 805
41 73 74
767 786 908
3091 3104 3105
47 48 49
1526 1527 1529
1424 1590 1591
34 50 51
2690 2945 2928
3100 3102 3111
1406 1568 1569
2178 2193 2182
1415 1578 1577
1070 1073 1259
34 46 52
2745 3014 3016
1233 1236 1237
2000 2224 2233
3190 3224 3193
1192 1363 1357
218 275 276
1812 1829 1814
200 206 242
176 230 227
158 213 165
708 709 829
893 1060 894
2308 2508 2509
1029 1033 1040
167 218 214
358 359 360
274 278 318
461 575 582
350 351 354
3813 3814 3821
174 225 228
609 735 610
1356 1380 1357
308 372 312
531 535 538
1253 1255 1256
1978 2185 2186
59 86 88
35 51 37
37 54 55
614 741 621
2258 2461 2460
2960 2964 3254
320 408 397
2795 3062 2815
172 223 220
1051 1053 1055
3833 4002 4000
1309 1497 1323
55 84 81
438 439 521
220 224 222
2405 2406 2649
329 394 404
50 56 51
51 57 60
363 370 369
654 785 784
3065 3346 3348
671 675 673
160 161 162
144 145 203
58 82 85
760 881 761
50 52 56
359 361 360
2572 2859 2860
403 461 417
102 132 104
253 257 255
2867 3099 2868
47 77 76
4091 4093 4098
684 685 699
1236 1432 1439
144 203 207
51 60 54
51 56 57
1501 1684 1703
3181 3182 3184
1049 1051 1050
153 155 157
528 529 536
901 1068 905
755 871 759
2455 2707 2714
152 153 157
813 814 951
1817 1818 2038
2094 2339 2338
352 354 356
3073 3086 3085
380 385 386
2489 2490 2492
1470 1473 1472
363 435 436
52 58 56
1576 1589 1792
1423 1424 1425
263 311 310
62 64 66
56 58 59
3404 3427 3408
1281 1464 1465
54 60 55
272 316 315
1204 1210 1206
366 437 432
1521 1731 1523
57 59 60
3333 3545 3532
677 678 692
344 417 348
897 1063 1061
3243 3244 3246
169 172 220
1091 1268 1270
104 134 135
378 384 442
55 60 61
1994 1995 2221
702 826 704
2061 2074 2075
3206 3405 3407
1055 1233 1237
59 61 60
71 97 94
126 129 176
502 506 504
1166 1323 1320
1773 1774 1775
1798 1805 1803
193 199 195
39 63 62
243 245 244
1185 1190 1188
62 63 65
335 340 336
266 267 268
98 101 99
38 39 62
52 76 78
360 369 368
3963 3973 4087
1734 1983 1984
3392 3598 3601
2718 2988 2989
38 62 66
1341 1367 1347
1051 1056 1052
1719 1953 1721
2640 2642 2641
250 303 251
231 232 235
2749 2750 2760
3550 3758 3750
62 65 64
450 549 550
1514 1716 1718
1152 1153 1155
241 242 248
2644 2645 2646
1494 1499 1500
1126 1288 1289
135 191 192
544 558 548
168 219 221
311 314 313
2404 2405 2649
63 68 65
489 607 608
4165 4174 4173
93 126 123
120 170 174
1488 1493 1495
1246 1408 1419
666 686 685
890 898 896
3644 3821 3662
319 394 395
637 640 639
1234 1235 1237
65 68 70
2855 3104 2856
78 114 82
1658 1908 1910
1592 1605 1603
2965 2971 2967
3203 3231 3230
68 71 70
610 729 611
173 176 224
93 94 129
4150 4152 4151
783 917 918
40 72 73
1006 1182 1179
2047 2049 2048
741 855 743
667 797 686
1050 1052 1056
2838 3093 3094
109 137 136
505 616 613
2017 2023 2246
76 77 79
40 66 72
59 83 84
257 307 306
1179 1182 1181
417 461 466
108 109 136
79 118 115
2193 2212 2197
1967 1970 1969
875 1044 883
39 74 69
3146 3161 3150
73 95 96
2606 2884 2885
1240 1246 1242
71 74 75
343 344 348
409 419 469
3189 3218 3219
1406 1407 1558
46 47 76
663 670 801
1098 1105 1104
372 381 379
1235 1238 1415
117 169 168
3807 3809 3810
3618 3794 3796
788 789 791
401 402 403
950 1144 1136
101 104 105
622 747 748
1937 1945 1944
160 164 161
2560 2563 2564
2395 2404 2645
700 701 702
47 49 80
79 80 81
221 222 280
1254 1450 1442
825 958 826
88 90 93
1610 1811 1801
753 864 866
764 901 905
2119 2135 2120
2307 2309 2311
47 80 77
1472 1473 1630
1599 1600 1601
335 339 340
286 288 287
1723 1957 1955
935 1107 1123
255 259 267
548 646 640
55 81 80
73 97 75
1085 1093 1092
301 302 365
52 82 58
1242 1246 1419
1678 1934 1685
78 79 114
834 835 841
1833 1837 1841
52 78 82
2272 2274 2287
561 562 563
3395 3412 3608
437 516 517
84 119 118
1370 1371 1373
3721 3722 3724
938 1126 939
354 424 356
1792 2025 2024
1251 1424 1423
82 120 87
397 465 458
1802 1815 1806
2283 2312 2284
59 84 61
98 99 103
350 354 352
158 159 212
2056 2269 2271
510 628 516
1959 1962 1960
2773 2779 2778
760 875 881
703 811 815
937 1125 1126
58 85 59
59 85 86
85 88 86
3818 3828 3990
334 336 341
92 128 130
1203 1225 1403
85 87 88
741 853 855
501 614 618
254 256 262
520 521 522
1323 1502 1324
3272 3294 3273
187 188 192
1529 1530 1531
273 317 319
64 65 89
2462 2725 2475
446 533 532
124 174 127
64 89 66
3209 3212 3213
255 267 265
299 360 303
2250 2446 2447
2618 2626 2621
2303 2320 2322
461 581 466
114 117 116
355 357 423
2480 2512 2513
672 681 676
3589 3593 3591
123 126 176
66 89 91
3867 3869 3868
1009 1013 1182
2050 2053 2051
2120 2357 2339
3646 3825 3823
65 70 93
65 93 90
666 797 667
2935 2936 2937
1428 1430 1429
499 613 612
1269 1272 1271
823 824 956
2761 3032 2762
71 94 93
723 725 724
180 181 183
580 582 581
1455 1457 1615
66 95 72
1319 1322 1321
84 122 123
1140 1141 1146
1846 1870 2099
1993 2232 2219
1379 1551 1552
82 116 120
2272 2286 2488
2144 2377 2379
267 313 268
66 91 95
1185 1350 1352
1002 1003 1005
917 1099 944
133 136 183
1349 1530 1527
2056 2072 2070
4079 4160 4161
130 182 178
91 92 95
92 96 95
2860 2873 2875
140 142 141
1243 1418 1420
1552 1749 1747
1362 1363 1365
1086 1090 1091
398 399 401
759 875 760
1080 1260 1261
71 75 97
3565 3761 3567
3837 3839 3866
3944 4077 3945
73 96 97
2901 3131 3133
98 100 101
1597 1598 1798
267 308 312
321 324 323
103 133 132
2888 2893 2890
3018 3019 3032
3427 3428 3430
976 977 1164
101 107 106
1574 1576 1789
2520 2762 2522
2781 2794 3051
106 107 109
141 145 144
2101 2342 2102
2027 2256 2033
103 106 108
522 525 524
1098 1107 1105
1763 1990 2004
162 164 165
101 111 107
107 111 109
1495 1681 1670
101 110 111
1376 1377 1379
2919 2920 3154
101 112 110
2296 2298 2300
2207 2412 2399
246 303 250
3326 3551 3552
3184 3185 3186
110 112 111
1821 2040 2041
2563 2565 2567
381 387 385
680 694 696
101 105 112
3622 3625 3624
201 202 203
301 366 362
109 111 113
150 196 195
186 188 238
144 207 208
2315 2319 2318
1240 1245 1244
776 911 777
444 449 447
287 331 329
426 427 428
79 115 114
156 157 158
87 89 88
82 114 116
834 841 840
266 270 269
878 885 880
2630 2640 2641
213 271 273
3352 3578 3579
303 360 368
1650 1658 1656
117 118 119
313 383 384
1394 1562 1564
485 595 591
2666 2925 2927
655 681 683
1860 2090 2088
1546 1547 1560
348 420 421
145 201 203
152 156 158
2867 3098 3099
1878 1879 2105
1549 1746 1564
141 149 148
753 862 864
340 342 341
3990 4109 4100
1648 1650 1655
159 167 212
1251 1422 1424
3111 3363 3364
1845 1846 2080
83 88 84
543 547 559
341 342 343
1686 1701 1699
2146 2147 2154
1497 1498 1504
84 123 119
845 970 848
392 453 394
3709 3863 3864
1264 1456 1453
212 214 213
2966 2973 2970
2170 2181 2183
2325 2329 2327
2346 2348 2349
432 437 434
2319 2321 2320
88 89 90
351 352 353
376 377 378
89 120 124
944 1131 1121
88 93 122
486 494 611
230 291 293
1091 1270 1271
472 476 475
884 886 885
658 778 776
1278 1279 1281
2294 2298 2296
470 587 589
3565 3760 3759
1126 1289 1127
148 149 150
2226 2236 2408
89 127 91
1765 2005 1781
3218 3221 3219
1018 1188 1189
266 268 270
142 144 146
2148 2381 2149
2725 2727 2726
91 127 92
89 124 127
187 238 188
607 726 727
197 198 239
294 343 347
734 850 736
275 277 278
127 180 130
741 854 853
92 127 128
777 913 926
592 701 700
1388 1389 1390
392 393 453
2398 2622 2636
93 129 126
2536 2804 2805
1559 1560 1756
1115 1278 1280
500 505 613
607 719 726
94 97 129
210 252 248
281 321 322
92 130 96
128 129 130
393 396 457
204 210 248
97 131 129
1821 2032 2040
129 131 130
303 369 304
102 103 132
701 707 706
1338 1344 1340
582 683 681
318 396 393
136 184 183
2287 2491 2492
424 429 427
354 355 423
773 775 774
2398 2399 2412
2122 2126 2125
3307 3316 3308
224 286 285
950 1138 1137
1441 1442 1449
103 108 136
722 723 729
562 655 563
150 151 210
308 309 377
1787 1788 1793
387 444 447
297 360 299
4022 4126 4127
103 136 133
1806 1817 2038
3185 3188 3186
822 824 823
1425 1428 1427
1033 1218 1216
332 346 419
359 428 430
1080 1274 1118
150 210 204
105 135 112
1697 1711 1709
4037 4038 4056
257 306 308
109 113 139
135 137 139
496 498 504
112 135 138
550 561 553
112 138 139
2427 2659 2680
135 139 138
1911 2146 1912
150 204 206
1659 1661 1662
1833 1840 1834
140 141 144
140 144 142
664 783 665
304 369 305
3206 3407 3425
905 1080 1081
558 574 560
141 142 143
2963 3007 2990
1143 1144 1148
142 147 143
165 215 167
150 195 201
2236 2434 2422
141 143 149
143 147 149
3621 3622 3624
535 540 538
3615 3632 3631
232 234 233
2088 2324 2326
141 150 145
3394 3601 3604
1869 1871 1873
1543 1544 1738
167 216 218
541 545 543
654 665 785
152 155 153
733 848 739
540 556 651
186 238 236
366 432 434
2316 2514 2515
152 157 156
2048 2049 2268
1432 1433 1434
1472 1630 1623
1463 1470 1472
390 451 446
545 635 637
383 389 384
475 599 598
3973 3984 4087
602 710 711
4056 4140 4142
3094 3358 3359
1002 1011 1010
161 164 162
181 231 235
2468 2482 2483
2846 3065 3082
273 319 277
1385 1558 1545
158 163 160
160 163 164
1644 1646 1645
3958 3971 3959
158 164 163
325 400 412
2645 2649 2647
716 837 839
154 162 155
2858 3091 3092
218 276 278
155 162 166
1572 1573 1574
1712 1948 1949
162 167 166
653 770 664
3179 3193 3180
313 380 383
1341 1347 1346
2576 2865 2584
4019 4033 4031
1916 2150 1918
3703 3706 3705
155 167 159
162 165 167
372 379 380
3659 3675 3830
317 318 393
116 117 168
3480 3664 3665
3237 3249 3446
351 355 354
2792 2798 2794
120 168 170
2940 3208 3210
509 510 516
2311 2510 2511
1395 1565 1566
2165 2170 2166
2956 3238 3239
119 123 172
1980 2201 2204
117 172 169
666 684 683
1359 1524 1521
673 675 677
3151 3152 3154
357 434 425
123 173 172
1058 1061 1060
439 442 441
1299 1303 1302
3385 3388 3389
1085 1092 1094
1699 1700 1703
791 793 792
2940 3209 3208
2573 2824 2823
2398 2617 2620
135 190 191
1000 1002 1001
1509 1511 1516
120 174 124
3301 3311 3310
3300 3301 3309
450 452 451
1759 2012 2014
135 192 137
3480 3685 3686
1438 1613 1602
181 228 231
1915 1927 1916
491 492 493
1418 1443 1442
2971 3261 3263
123 176 173
1893 2143 2144
3893 3895 3896
3414 3417 3437
686 797 805
2065 2306 2307
472 481 476
3145 3147 3149
747 749 748
884 1047 1048
671 672 675
319 409 407
917 1101 1102
2618 2621 2620
1307 1308 1488
2222 2418 2224
208 250 251
127 174 177
3664 3686 3665
147 209 210
841 847 846
128 178 129
324 399 398
1705 1945 1706
134 190 135
129 179 176
1694 1700 1699
129 178 179
2103 2343 2342
2390 2397 2396
2256 2257 2264
127 130 128
419 468 470
3193 3226 3227
343 415 416
3835 4014 3994
400 415 412
507 508 509
130 180 183
130 184 186
810 823 943
542 544 548
3284 3286 3301
1255 1443 1418
581 582 583
2412 2653 2637
181 185 183
1063 1068 1067
211 212 213
983 997 999
136 186 184
133 183 187
1865 2096 2097
183 185 187
3687 3709 3707
525 527 526
1217 1218 1219
2268 2466 2455
136 188 186
583 696 584
1318 1321 1330
2161 2164 2163
132 133 187
132 190 134
235 236 238
2393 2645 2644
132 187 189
3270 3487 3498
480 488 491
1191 1209 1377
2527 2531 2528
991 1171 1170
480 491 493
231 294 232
3051 3054 3055
1633 1885 1859
187 190 189
1512 1513 1723
968 1146 1150
2925 2926 2928
301 362 359
3817 3819 3818
1849 2113 1880
434 518 519
2246 2451 2441
187 191 190
388 390 389
3070 3072 3073
136 137 192
2416 2655 2659
1405 1414 1576
1962 1965 1966
147 208 209
253 255 254
136 192 188
1712 1949 1950
187 192 191
2468 2469 2471
178 233 179
3386 3387 3391
193 196 194
194 196 198
193 195 196
631 761 758
294 348 295
4153 4161 4160
193 198 197
196 200 198
1494 1496 1495
466 581 584
999 1173 1175
145 150 201
199 202 201
453 460 455
1406 1558 1555
684 699 697
3087 3353 3354
536 551 549
235 238 237
150 205 196
196 206 200
1840 1866 1844
691 692 693
865 869 867
279 280 324
2928 2946 2944
2073 2285 2286
1848 1850 1849
757 870 869
975 977 992
2050 2055 2054
394 460 404
215 218 216
2268 2480 2466
602 712 718
387 447 388
2771 2773 2778
2425 2427 2426
1181 1185 1184
1683 1703 1684
972 1156 1158
167 214 212
3641 3815 3652
545 636 635
165 213 215
167 215 216
2617 2618 2620
1307 1489 1491
3836 3837 3864
375 438 381
213 217 215
548 654 646
2851 3087 2852
215 217 218
168 169 220
840 841 846
172 173 224
4022 4041 4040
2207 2226 2408
473 488 474
4180 4181 4186
3069 3085 3084
172 224 223
592 593 701
220 223 224
3318 3539 3327
357 366 433
898 1064 1063
2428 2681 2429
3974 3976 3977
687 806 688
176 227 224
1199 1386 1392
2248 2446 2249
1238 1419 1416
1446 1601 1611
1439 1445 1448
769 905 770
1663 1664 1897
176 179 230
476 481 602
3572 3588 3587
1409 1422 1421
2359 2568 2570
3802 3965 3964
1178 1181 1180
3089 3102 3100
1046 1223 1228
3722 3725 3903
179 233 230
1161 1311 1313
2896 3139 3140
178 182 233
734 852 849
182 232 233
1644 1917 1646
1761 1764 1763
230 233 234
277 319 278
475 598 596
2007 2231 2232
2467 2469 2468
2762 2764 2763
181 235 185
1686 1941 1701
729 735 736
186 236 232
185 235 187
1644 1673 1915
217 273 275
1905 1908 1907
397 458 457
197 239 199
438 521 520
1667 1671 1673
291 345 293
198 200 242
764 769 768
198 242 240
1750 1759 2003
655 683 795
239 240 242
3922 3924 3923
239 242 241
1722 1954 1971
3706 3885 3852
543 559 557
202 243 203
939 1126 1127
202 245 243
207 243 246
738 739 740
702 825 826
1830 2045 2047
752 861 858
1305 1308 1307
199 245 202
1286 1479 1471
3392 3603 3598
644 764 768
199 241 245
3630 3812 3811
3021 3309 3035
2661 2682 2681
434 514 513
321 325 322
1962 1968 1967
640 767 766
206 249 242
206 248 249
242 249 248
207 246 208
2554 2562 2561
296 349 345
1415 1577 1579
2817 2847 2820
565 567 658
2699 2951 2956
208 251 209
384 443 442
208 246 250
2442 2443 2689
1602 1613 1612
1541 1542 1543
209 251 210
753 866 871
210 251 252
253 254 257
2284 2312 2313
254 255 256
255 257 259
829 839 830
3585 3764 3778
254 258 257
2543 2813 2787
1673 1674 1927
3918 4064 4045
254 262 261
254 261 263
533 539 535
1172 1334 1173
254 263 258
3205 3229 3232
2668 2670 2669
1542 1544 1543
2772 2776 2773
3197 3205 3204
255 266 256
265 267 266
275 278 276
1027 1028 1032
761 881 882
2062 2064 2065
2358 2370 2582
256 266 262
1531 1547 1740
262 266 269
262 269 270
1779 2011 2012
3197 3201 3200
388 451 390
2285 2488 2286
3934 4075 4062
262 270 264
214 218 272
213 273 217
1929 1937 1935
2615 2891 2909
329 404 402
217 275 218
1480 1645 1638
481 592 594
1803 2031 2030
3301 3302 3311
2591 2607 2592
1299 1483 1484
1200 1387 1373
2406 2664 2663
218 278 274
960 1146 961
1529 1546 1545
3457 3460 3458
536 552 551
4071 4155 4156
1267 1463 1459
2902 2907 2904
483 484 486
221 280 279
221 279 281
2304 2503 2499
1831 1832 1835
222 224 280
2027 2033 2032
224 283 280
3247 3263 3262
475 597 477
3858 4010 4008
1085 1086 1087
224 285 287
1676 1682 1684
2668 2672 2670
312 380 313
285 286 287
584 685 686
641 643 642
318 397 396
2274 2278 2489
4154 4155 4161
224 287 283
921 1106 1098
1694 1710 1713
301 364 366
3280 3282 3299
2828 3072 3070
225 281 228
313 378 377
845 846 973
268 313 270
2580 2853 2854
297 358 360
3993 4122 4120
244 245 297
3427 3430 3429
711 826 833
227 230 286
1576 1791 1789
781 803 931
1746 2000 1757
230 292 286
3629 3630 3811
286 292 293
1514 1718 1727
1511 1519 1517
230 293 292
286 293 288
1811 1812 1813
3526 3733 3717
1929 1939 1938
598 717 719
2272 2273 2274
1152 1155 1154
1172 1333 1334
1703 1704 1705
228 289 294
1634 1887 1888
1383 1540 1384
307 310 311
232 294 295
863 868 869
1355 1362 1359
230 234 296
2012 2022 2020
232 296 234
350 352 351
2674 2931 2694
2697 2948 2949
1096 1098 1097
401 416 415
3082 3083 3095
232 295 296
3695 3840 3841
1212 1213 1215
2622 2623 2636
244 297 246
2011 2022 2013
1393 1561 1547
264 270 311
3454 3456 3658
1190 1388 1191
245 298 297
447 450 448
4013 4029 4133
1183 1186 1350
246 297 299
1526 1529 1528
1413 1429 1414
1122 1132 1294
1196 1198 1367
241 301 245
2050 2056 2052
1623 1632 1855
241 248 301
484 493 486
2503 2724 2726
245 301 298
248 302 301
3010 3028 3030
543 545 547
427 429 428
3984 4004 4006
4086 4087 4094
939 1133 946
1085 1094 1089
246 299 303
441 442 443
811 813 815
459 561 563
437 517 519
251 303 304
3206 3402 3405
4102 4165 4116
251 305 252
248 305 302
3074 3326 3335
537 538 647
257 258 307
1887 2105 2106
1406 1584 1408
1601 1612 1611
1001 1004 1003
3797 3801 3800
1307 1487 1489
1712 1950 1714
257 308 259
2063 2065 2066
1970 2177 2178
2164 2165 2166
487 489 488
1142 1297 1301
1801 1813 1802
2207 2399 2398
306 307 308
1625 1626 1887
263 264 311
3833 4004 4002
270 314 311
2736 2737 2739
263 310 307
596 598 597
307 311 309
259 308 267
322 334 341
983 999 987
2874 3107 2876
785 787 786
1066 1078 1077
1781 2018 2019
1824 1826 1825
3948 4081 3949
315 318 317
3751 3752 3767
267 312 313
1548 1746 1549
417 466 467
1937 1944 1943
1878 2105 2103
270 313 314
271 272 315
271 315 273
3750 3758 3942
321 323 325
626 627 753
272 274 318
1215 1395 1397
1543 1737 1734
1356 1360 1380
272 318 316
315 316 318
342 415 343
273 315 317
1428 1603 1604
2100 2102 2123
278 320 318
278 319 320
1032 1193 1192
279 324 321
688 806 807
1466 1624 1625
2248 2258 2257
3172 3409 3410
1483 1642 1484
680 691 694
1497 1684 1501
371 373 372
1459 1463 1621
511 513 627
2323 2518 2520
343 348 347
411 412 413
1337 1506 1507
280 283 329
931 944 1099
2361 2362 2372
1278 1281 1280
734 740 852
2568 2841 2842
280 329 327
582 680 583
2956 3210 3238
1003 1177 1176
2602 2604 2605
615 625 745
287 288 332
1778 2010 2011
287 332 331
1321 1332 1330
548 558 560
333 335 334
778 780 915
333 334 337
1838 1845 2080
1209 1214 1396
333 337 335
1133 1140 1139
372 375 381
1166 1318 1168
334 335 336
452 553 539
764 905 769
334 338 337
3085 3099 3098
2836 2858 2838
1503 1504 1506
335 337 339
3221 3397 3415
3384 3385 3386
981 983 988
1960 1967 1964
2693 2697 2696
336 340 341
530 534 535
325 338 334
2664 2665 2941
348 421 349
2319 2515 2516
281 322 341
281 341 289
289 341 343
643 764 644
2685 2943 2942
2904 3141 3142
2904 3142 3134
591 593 592
1114 1116 1278
502 624 625
394 453 455
625 751 752
1297 1482 1298
972 973 1152
743 855 749
3574 3769 3770
2161 2162 2164
288 293 332
701 706 708
340 415 342
293 346 332
391 393 392
293 345 346
519 634 631
1978 2202 2200
2031 2036 2239
2695 2948 2697
294 347 348
923 1107 935
295 348 296
3122 3368 3124
296 348 349
2907 3135 3137
1414 1429 1430
1199 1398 1223
337 411 413
1652 1909 1906
1210 1395 1211
351 353 357
968 1150 1151
352 357 353
351 357 355
453 454 567
662 780 778
3916 3918 3917
3264 3265 3275
352 356 357
297 298 359
496 504 503
640 646 767
297 359 358
345 349 421
2174 2388 2390
689 808 809
3124 3370 3376
298 301 359
2855 3100 3101
676 681 788
1795 2026 2032
3724 3923 3735
2415 2426 2418
388 448 451
3638 3798 3797
501 618 620
2449 2707 2455
301 365 364
522 523 525
1748 1750 1999
3354 3585 3363
3251 3252 3270
356 424 427
1225 1231 1403
364 365 366
998 1172 999
786 910 909
302 363 365
365 367 366
3879 4020 3907
719 720 727
3085 3098 3097
360 361 369
2421 2664 2431
303 368 369
2436 2683 2698
343 417 344
3957 3958 3959
3221 3436 3222
1828 1829 1830
302 305 363
2287 2289 2288
361 363 369
1457 1458 1459
305 370 363
305 369 370
2201 2202 2203
1440 1442 1441
1107 1108 1109
418 467 419
1107 1124 1123
308 371 372
1813 1827 1828
308 373 371
1813 1829 1827
592 711 710
2369 2379 2580
2094 2340 2336
2217 2231 2230
372 373 375
1187 1191 1376
308 374 373
708 818 817
922 1107 923
472 473 474
2543 2787 2769
3286 3288 3301
767 908 909
373 374 376
373 376 375
746 752 858
890 893 894
524 525 526
309 313 377
308 377 374
2978 2986 2982
3956 3957 3960
374 377 376
401 403 417
883 1046 884
312 372 380
2184 2198 2394
1111 1125 1124
1066 1069 1070
2486 2743 2745
324 327 402
1829 2044 2045
1818 2048 2039
1293 1485 1295
313 384 378
1311 1314 1313
381 444 387
935 1123 1124
3419 3618 3420
379 385 380
871 1028 1030
1747 1749 1750
379 381 385
666 685 684
547 642 645
4071 4156 4157
385 387 388
2913 2914 2916
897 898 1063
380 389 383
386 388 389
384 389 390
2482 2484 2485
1489 1662 1661
3660 3683 3681
317 391 319
783 918 919
319 391 331
331 391 394
1871 1875 1873
391 392 394
492 494 493
2871 2880 2879
611 729 730
318 320 397
2107 2110 2346
3946 4079 3947
1191 1388 1208
2907 3134 3135
323 324 398
3041 3049 3323
686 806 687
323 398 325
479 483 481
3565 3566 3760
325 398 400
471 473 472
597 598 600
986 998 996
398 401 400
324 402 399
2813 3049 3041
399 402 401
2268 2479 2480
473 489 487
1766 2019 2006
649 650 655
672 674 680
3352 3579 3583
1039 1048 1203
1762 1763 1765
327 329 402
1408 1421 1419
3569 3764 3585
1432 1434 1439
331 332 394
1702 1942 1943
1478 1645 1480
2134 2378 2379
332 406 394
643 762 764
539 553 555
407 409 408
2493 2496 2494
1959 1961 1962
319 395 409
1542 1554 1555
1496 1500 1690
3725 3907 3904
1853 1855 1856
3051 3053 3052
408 409 410
1956 2172 2171
3198 3202 3230
337 338 412
821 822 823
2677 2697 2679
3683 3834 3858
2279 2505 2507
3145 3157 3161
614 742 741
3371 3380 3379
1678 1679 1929
381 440 444
1013 1183 1182
1176 1177 1178
556 658 652
1818 2046 2048
963 1148 965
337 413 339
339 413 340
1299 1482 1483
670 802 801
915 1078 1080
3255 3273 3490
852 995 994
340 413 414
2726 2978 2980
3498 3671 3695
412 414 413
325 412 338
974 1159 1161
1487 1488 1489
716 724 725
1952 1956 1954
2194 2392 2400
381 438 440
400 401 415
563 666 575
1862 1865 1863
343 416 417
401 417 416
1994 2221 2220
2782 3044 2783
2931 3178 3180
384 390 446
332 419 406
345 418 419
1535 1744 1743
3904 3907 3906
931 1100 1118
345 421 418
417 418 421
354 422 424
2480 2513 2757
422 423 424
357 425 423
3829 3998 3990
1297 1302 1301
419 470 469
2567 2569 2840
1258 1259 1260
1843 1846 1845
633 761 634
359 426 428
359 362 427
622 748 623
2084 2350 2351
907 918 1102
1383 1538 1539
1895 2134 2135
1722 1729 1727
2099 2102 2100
356 427 366
362 366 427
384 446 443
1057 1058 1060
356 366 357
376 378 442
357 433 434
2654 2656 2655
497 502 498
3578 3582 3579
1872 1873 1876
1231 1425 1427
3050 3051 3052
3614 3792 3791
366 367 437
363 436 437
1970 2166 2179
1678 1685 1682
2716 2963 2988
1166 1167 1323
375 376 438
1916 2156 2149
1116 1274 1279
3872 3877 4016
376 439 438
575 666 582
618 622 619
376 442 439
2631 2641 2635
1947 2159 1949
542 548 546
1322 1324 1334
1958 1974 2175
1406 1569 1584
388 447 448
1735 1736 1994
748 750 752
536 537 552
3605 3787 3789
631 758 757
447 449 450
567 662 660
448 450 451
587 688 589
424 508 429
446 451 452
723 841 842
903 904 1076
1154 1155 1156
866 1021 871
2628 2629 2632
3732 3742 3734
393 454 453
396 397 457
1504 1507 1506
2290 2291 2295
2244 2250 2260
402 404 460
393 457 454
402 461 403
402 460 459
402 459 461
662 781 780
3362 3367 3366
2864 3107 3096
973 1164 1157
727 848 733
2275 2278 2277
2581 2855 2583
394 455 460
2798 2799 3055
424 511 508
1415 1416 1418
673 677 692
3894 3896 3919
611 730 723
960 1145 1146
394 409 395
3145 3158 3155
2921 2924 2922
459 563 461
759 871 874
1251 1421 1422
3150 3161 3162
717 718 719
2563 2567 2840
1676 1678 1682
409 465 410
850 995 979
2643 2916 2921
438 524 526
409 464 465
1457 1619 1616
3217 3245 3455
545 546 636
417 467 418
2182 2196 2184
4146 4157 4156
2165 2169 2170
2655 2656 2658
1166 1317 1318
1761 1766 1764
706 707 708
2917 2918 2919
2370 2581 2583
3947 3948 3955
1327 1337 1504
3451 3637 3651
419 467 468
768 769 770
409 469 470
4144 4146 4145
409 470 464
2060 2275 2273
1157 1164 1163
471 472 475
1445 1446 1447
3324 3333 3532
894 1060 898
916 931 1116
4079 4161 4080
723 730 729
1016 1185 1017
496 505 500
1107 1109 1124
473 475 477
4028 4046 4047
1813 1814 1829
472 479 481
1544 1545 1738
472 474 480
696 699 698
654 771 767
716 843 837
1962 1966 1970
479 480 483
480 484 483
2202 2406 2223
1498 1707 1500
3407 3408 3621
1466 1475 1474
453 565 556
2946 3216 3214
2805 2806 3074
481 483 485
1846 1868 1870
483 486 485
595 605 724
2642 2916 2643
2991 3030 3294
2469 2470 2472
473 487 488
2600 2880 2881
614 621 618
473 477 489
3219 3221 3222
559 645 653
2817 2820 2819
2406 2420 2431
488 489 490
474 488 480
3360 3585 3586
2012 2013 2022
2774 2775 2776
488 492 491
2351 2545 2574
618 621 622
488 490 492
480 493 484
3245 3246 3455
840 846 844
1642 1669 1673
2181 2182 2184
812 817 814
982 996 983
653 768 770
3360 3586 3587
633 760 761
920 1093 922
985 988 990
2276 2288 2290
4098 4099 4100
495 497 496
1142 1147 1146
846 847 978
495 496 499
495 499 497
962 1151 1147
496 497 498
720 721 844
496 500 499
497 499 501
503 504 505
1535 1536 1537
498 502 504
1643 1673 1644
504 506 505
1334 1502 1505
1181 1182 1183
3109 3111 3112
428 429 508
521 523 522
2689 2703 2704
428 509 430
1586 1591 1590
2981 3235 3232
428 508 507
729 850 847
2812 2814 2813
1158 1160 1161
428 507 509
4063 4076 4159
1289 1290 1297
508 510 509
2672 2931 2674
2779 2792 2781
2665 2685 2941
1428 1604 1607
424 425 513
2038 2260 2250
425 434 513
2956 3239 2957
1063 1067 1069
424 513 511
430 509 435
795 935 933
880 1039 1038
435 516 436
2625 2638 2639
1195 1197 1222
581 583 584
435 509 515
435 515 516
509 516 515
1191 1377 1376
2851 3099 3086
3158 3384 3386
664 782 783
436 516 437
2017 2237 2236
1403 1413 1414
951 1140 952
2239 2250 2242
434 437 518
437 519 518
3223 3465 3467
434 519 514
1843 1844 1846
1879 1898 2106
439 525 521
3919 3921 3922
970 973 972
2192 2194 2208
3215 3217 3450
521 525 523
4008 4104 4103
2721 2722 3003
1084 1088 1086
438 522 524
613 617 615
3814 3824 3822
438 526 440
441 527 525
440 526 444
1493 1494 1495
2847 2860 2863
974 1161 1162
873 1038 1026
2295 2320 2299
526 527 529
526 529 528
584 699 685
1221 1246 1222
441 443 530
1511 1514 1515
1142 1302 1143
441 530 527
527 530 529
443 446 532
982 986 996
530 532 534
2376 2587 2377
532 535 534
1404 1405 1576
530 535 531
2746 2992 2747
444 536 449
977 1165 1164
529 537 536
1582 1781 1782
2562 2564 2568
1121 1131 1122
529 531 538
446 539 533
446 452 539
535 539 540
1212 1215 1214
513 630 627
541 543 542
541 542 545
703 708 811
1044 1045 1046
542 543 544
2022 2252 2023
1409 1584 1585
1926 2155 2156
542 546 545
1192 1195 1194
3957 3961 3960
672 680 679
449 549 450
1454 1461 1460
2898 2905 2907
449 536 549
1664 1667 1669
1647 1648 1652
549 552 550
549 551 552
450 553 452
450 550 553
1209 1396 1391
2276 2290 2278
1818 1830 2047
1310 1327 1504
829 838 839
1312 1315 1314
853 1002 855
1018 1189 1191
539 556 540
984 1166 986
543 558 544
543 557 558
3573 3769 3574
467 586 468
1414 1595 1597
2421 2665 2666
550 552 561
459 553 561
2614 2893 2888
475 476 602
3156 3159 3167
1548 1564 1563
3091 3362 3357
3044 3326 3056
552 562 561
460 555 553
920 1098 1096
2064 2279 2065
459 460 553
3792 3795 3796
2498 2748 2517
3582 3775 3776
453 555 460
453 556 555
1360 1538 1382
915 1080 1079
2486 2745 2487
1474 1482 1481
2721 3003 3001
545 642 547
453 567 565
3871 3874 3873
454 457 567
1274 1454 1460
688 808 689
1414 1430 1596
870 873 1025
457 458 570
4031 4033 4048
457 569 567
457 570 569
3683 3821 3834
1985 1987 1986
3465 3479 3482
801 804 803
3971 3982 3984
557 571 558
557 559 571
2069 2310 2312
558 571 572
558 572 574
781 801 803
1254 1439 1450
2707 2957 2961
3433 3609 3627
571 574 572
3868 3870 3876
814 817 819
3175 3221 3176
1502 1506 1505
559 573 571
571 573 574
3756 3773 3955
1043 1222 1045
937 1126 938
2705 2706 2713
545 641 642
1471 1479 1473
815 958 825
1055 1252 1056
974 1158 1159
2946 2955 3217
871 1032 1028
1754 1756 1770
672 676 675
3295 3308 3503
458 465 570
465 589 579
786 787 919
465 579 570
1006 1008 1009
2456 2457 2459
996 998 999
570 663 662
1308 1310 1494
461 580 581
1931 1940 1939
461 582 580
650 774 656
1087 1091 1093
3558 3772 3560
468 586 470
466 584 467
742 745 854
3041 3043 3042
1163 1314 1316
2976 3275 3274
718 721 720
850 994 995
467 585 586
2105 2109 2110
1340 1344 1341
933 935 934
2499 2503 2747
470 586 587
464 470 465
2692 2694 2693
3431 3457 3432
465 588 589
749 860 750
3020 3299 3021
985 1170 1167
470 589 588
2472 2488 2487
960 1140 1145
481 591 590
965 1149 1144
590 591 592
2578 2851 2852
481 590 592
481 485 591
1960 1962 1967
4037 4055 4054
591 595 593
977 979 995
475 596 597
3118 3120 3121
1982 2191 2189
1992 1994 2218
475 602 599
729 847 841
4153 4154 4161
3972 4084 4086
1841 1864 1862
732 734 735
3311 3505 3517
1898 2125 2126
481 594 602
485 486 595
486 605 595
1753 1769 2009
2236 2424 2423
477 597 489
1222 1246 1250
905 1068 1079
1553 1566 1750
489 597 606
890 896 895
597 607 606
592 602 594
597 600 607
2192 2208 2193
708 829 818
599 602 718
1352 1532 1374
2028 2248 2029
3265 3484 3485
1416 1419 1418
1743 1744 1746
489 609 490
1441 1449 1613
3527 3540 3539
3965 3969 3967
1460 1624 1466
1414 1597 1589
490 609 492
1274 1464 1279
492 609 610
3868 3877 3872
492 611 494
665 783 785
4175 4177 4182
486 611 605
1088 1089 1091
757 873 870
492 610 611
3495 3695 3497
612 613 614
926 1110 1108
2053 2071 2074
613 615 614
2936 2940 2938
505 506 617
2065 2279 2280
1192 1384 1365
502 617 506
3857 3860 3889
748 752 751
505 617 616
613 616 617
502 615 617
696 697 699
2346 2349 2347
618 619 620
1306 1326 1310
619 622 620
749 855 859
1409 1590 1422
676 681 678
620 622 623
501 620 502
2704 2955 2946
502 620 624
620 625 624
502 625 615
2455 2723 2714
620 623 625
508 511 627
3435 3437 3461
508 628 510
4022 4127 4023
817 823 819
3224 3227 3226
721 840 844
508 627 626
508 626 628
2120 2136 2370
513 514 631
1171 1175 1326
513 631 630
516 633 517
1042 1217 1220
516 628 632
2003 2236 2227
2699 2706 2705
516 632 633
514 519 631
517 633 519
1335 1506 1337
1170 1309 1323
1615 1616 1848
519 633 634
2713 2714 2723
635 636 637
1681 1690 1931
762 899 764
546 640 636
1109 1111 1124
2509 2752 2753
863 869 865
2038 2039 2048
1222 1228 1223
636 638 637
636 640 638
2824 3068 3066
637 638 640
2103 2346 2343
545 643 641
2887 2890 2889
545 639 643
642 643 644
546 548 640
537 647 552
2187 2398 2391
1144 1302 1303
538 648 647
647 648 650
1367 1371 1370
538 651 648
538 540 651
648 651 650
3552 3763 3760
650 651 652
547 645 559
548 560 654
1542 1555 1558
552 649 655
867 869 870
1085 1089 1088
2224 2418 2233
563 655 656
650 656 655
2056 2271 2285
1818 2047 2046
556 565 658
2462 2463 2730
3617 3619 3792
3603 3790 3788
874 1044 875
2594 2599 2869
2463 2720 2730
567 660 658
1446 1611 1612
567 569 662
3580 3761 3774
569 570 662
2051 2053 2058
560 574 654
559 664 573
2889 3121 2891
3197 3198 3199
573 664 574
559 653 664
584 686 585
574 664 665
3420 3441 3440
1731 1983 1733
1435 1599 1601
1908 1922 1921
3822 3835 3992
602 711 712
2579 2580 2587
1162 1314 1163
2206 2207 2398
570 579 670
4121 4133 4132
1049 1053 1051
1338 1343 1342
570 670 663
2661 2937 2682
1033 1194 1218
4020 4021 4039
793 922 795
671 673 672
675 676 678
3960 3963 3962
1719 1952 1951
675 678 677
702 815 825
672 679 681
2045 2267 2268
2492 2515 2514
1934 1935 1937
1222 1398 1407
678 681 682
582 679 680
3092 3358 3094
582 681 679
1792 2028 2025
622 749 747
1353 1376 1378
3199 3229 3205
681 683 684
632 759 633
1624 1626 1625
582 666 683
2427 2680 2681
1582 1784 1583
666 667 686
991 999 1174
585 686 586
586 686 687
1262 1264 1453
1969 2167 2165
586 688 587
2262 2268 2455
2970 2973 2975
899 900 1072
586 687 688
763 766 903
579 589 670
589 689 670
804 943 942
589 688 689
1453 1455 1454
673 691 674
3114 3128 3115
690 692 691
678 693 692
674 691 680
691 695 694
3558 3576 3772
2480 2737 2736
2904 2908 2906
3254 3273 3255
2364 2373 2372
1704 1943 1705
678 682 695
2520 2522 2521
691 693 695
1691 1694 1692
678 695 693
583 680 696
694 695 696
1673 1927 1915
682 684 695
2278 2290 2292
695 697 696
1218 1220 1219
644 768 645
684 697 695
584 696 698
584 698 699
592 700 702
1359 1521 1520
2304 2499 2497
3957 3959 3963
598 719 600
2300 2304 2497
1078 1260 1080
1697 1947 1946
701 703 702
1638 1640 1639
4180 4185 4184
592 702 704
2345 2360 2572
808 819 823
593 707 701
2456 2459 2458
709 716 829
1289 1297 1296
888 890 895
707 709 708
1236 1237 1440
592 710 602
708 817 812
592 704 711
1000 1003 1002
773 776 777
3317 3532 3523
1758 2012 1759
1739 1740 1741
593 595 707
595 715 707
625 746 745
707 715 716
1324 1502 1334
1904 1918 2151
3390 3391 3400
707 716 709
643 763 762
598 599 718
815 951 952
1640 1893 1894
2377 2587 2379
718 720 719
1675 1678 1676
1548 1563 1562
2861 2871 2870
1662 1668 1667
712 721 718
3969 3979 4092
2653 2926 2925
3144 3148 3147
1947 2157 2159
3067 3069 3347
2592 2607 2596
595 724 715
608 731 609
715 724 716
600 719 607
3515 3703 3678
607 727 608
719 727 726
1046 1228 1226
1912 2146 1924
3177 3179 3178
781 916 915
605 611 723
2052 2070 2053
3721 3898 3723
1999 2226 2223
608 727 731
609 731 732
1136 1299 1138
892 895 897
4035 4051 4050
4168 4176 4177
610 735 729
2436 2447 2446
609 732 735
734 736 735
732 738 734
731 737 738
2557 2558 2560
2988 2990 2991
1322 1323 1324
731 739 737
1705 1944 1945
2226 2227 2236
3246 3254 3255
1354 1356 1357
737 739 738
731 733 739
734 738 740
621 741 622
2320 2321 2323
2789 2795 2793
1930 1931 1939
2201 2203 2207
622 741 743
898 1062 1077
614 615 745
1729 1971 1975
1726 1973 1974
614 745 742
2509 2754 2510
1334 1505 1506
622 743 749
1142 1301 1302
748 749 750
1795 1808 1807
623 748 625
656 774 666
625 748 751
1009 1014 1013
625 752 746
3009 3028 3010
1384 1540 1554
3814 3823 3824
627 754 753
1156 1311 1160
1691 1696 1695
628 753 755
627 630 757
630 631 757
1766 1784 1782
2878 2886 2885
628 759 632
739 851 852
628 755 759
633 759 760
1907 1908 1921
1600 1602 1601
631 634 761
2045 2284 2267
3176 3183 3421
3285 3288 3286
1418 1419 1420
639 640 763
1994 2220 2218
640 766 763
888 895 892
1280 1281 1289
1733 1734 1735
645 768 653
670 689 809
1024 1198 1196
2376 2585 2586
646 654 767
3268 3280 3278
1887 2111 2110
2574 2826 2829
2492 2493 2494
2878 2879 2886
1076 1267 1266
3601 3602 3605
650 772 774
772 773 774
1501 1703 1705
1246 1406 1408
652 658 773
3115 3366 3117
773 777 775
658 660 778
903 1076 1075
1449 1614 1613
660 662 778
1860 2092 2094
1305 1306 1310
3234 3235 3236
2393 2401 2400
1661 1665 1675
1667 1668 1672
1353 1533 1532
654 784 786
654 786 771
783 787 785
996 999 997
681 789 788
2022 2245 2253
1380 1383 1381
1271 1272 1273
2573 2820 2847
676 788 792
676 792 681
788 791 790
757 758 873
1674 1926 1927
788 790 792
907 919 918
2630 2642 2640
790 791 792
1726 1974 1958
1753 1754 1770
681 792 793
655 789 681
681 795 683
655 794 791
681 793 795
666 774 796
2798 2803 2799
666 796 797
2554 2556 2562
1832 1836 1835
1207 1211 1215
3902 4051 4035
1586 1793 1591
663 801 781
1867 2098 1871
1365 1525 1524
2397 2650 2651
3526 3734 3733
1740 1742 1741
686 805 806
753 863 862
4139 4151 4152
3800 3801 3802
670 809 802
802 809 804
1175 1335 1337
2698 2699 2705
808 810 809
708 812 811
811 812 814
811 814 813
817 821 823
826 835 834
702 703 815
2193 2197 2196
3019 3020 3034
917 1121 1122
2878 2884 2883
818 829 822
822 829 831
822 831 832
829 832 831
2225 2227 2421
829 830 832
991 1174 1175
704 826 711
3641 3806 3808
1513 1516 1518
3160 3387 3389
711 834 712
711 833 834
2693 2695 2697
1102 1122 1285
1688 1938 1939
2742 3013 3014
1975 1977 1978
716 838 829
3204 3205 3206
712 834 721
2703 2710 2704
3970 3972 3981
721 834 840
722 841 723
835 836 841
836 842 841
716 725 843
723 842 843
720 844 727
727 844 845
2120 2356 2358
722 729 841
1606 1819 1820
1974 1980 2187
1659 1662 1660
727 845 848
1494 1500 1496
2177 2179 2178
1231 1427 1429
1196 1199 1197
734 849 850
2046 2047 2048
739 852 740
739 848 851
2593 2594 2871
741 742 854
745 746 858
1374 1532 1534
745 857 854
745 858 857
2429 2682 2683
791 922 793
749 859 860
1833 1841 1839
795 922 923
2296 2300 2497
750 860 752
1682 1686 1683
1111 1112 1113
3539 3540 3554
752 860 861
862 863 864
863 865 864
2167 2168 2170
2569 2793 2795
757 868 863
757 869 868
999 1175 1174
753 871 755
754 757 863
2846 3095 2862
980 982 983
4110 4112 4125
1279 1464 1281
3179 3181 3183
759 874 875
3145 3161 3146
1491 1684 1497
3891 4028 3892
3594 3599 3782
758 761 877
758 877 873
4094 4102 4101
877 878 880
1173 1334 1175
2041 2064 2062
873 877 879
877 880 879
2307 2311 2310
881 884 882
1768 2008 2009
1196 1368 1385
2090 2094 2329
2290 2296 2292
1392 1558 1398
875 883 881
3225 3441 3227
1374 1534 1548
881 883 884
2489 2492 2491
761 885 878
761 882 885
1971 2173 2185
2374 2576 2584
882 884 885
1818 2039 2038
880 885 886
1489 1676 1684
1017 1185 1188
887 890 888
2764 3034 2782
2891 3121 3136
887 888 892
2358 2583 2550
887 889 890
887 893 889
889 893 890
2480 2757 2737
1659 1664 1663
887 892 891
3265 3276 3275
1659 1663 1665
887 891 893
1235 1415 1237
2364 2575 2576
2914 2919 3151
895 898 897
945 950 1131
890 894 898
762 763 899
2455 2714 2715
3497 3507 3506
763 900 899
4071 4083 4082
1612 1613 1614
2398 2636 2399
764 899 901
766 767 903
860 1018 861
3094 3359 3343
763 903 900
3742 3934 3933
767 904 903
770 905 906
3126 3127 3139
2084 2114 2113
1650 1656 1655
786 909 908
4018 4019 4030
1304 1305 1307
1983 2188 2190
767 771 786
767 909 904
1545 1558 1559
904 909 907
907 909 910
776 778 911
1511 1515 1519
1947 2158 2157
778 912 911
911 912 914
777 911 913
911 914 913
780 781 915
778 915 912
912 915 914
2270 2272 2473
914 915 916
1234 1237 1236
770 917 782
782 917 783
4134 4146 4144
3408 3625 3622
3842 3996 3843
770 906 917
3677 3678 3680
1094 1269 1268
783 919 787
4098 4107 4106
3765 3767 3766
3724 3903 3905
786 919 910
3323 3333 3324
907 910 919
791 794 921
4068 4153 4079
791 921 920
2421 2433 2685
791 920 922
2475 2725 2506
774 921 794
774 795 796
2168 2181 2170
1354 1357 1355
3811 3812 3814
2225 2421 2431
1924 1931 1930
3223 3469 3225
774 775 926
2397 2407 2406
1003 1004 1177
775 777 926
1012 1181 1016
1470 1471 1473
1514 1728 1730
1141 1142 1146
781 931 916
804 932 931
1513 1726 1725
795 934 796
2798 2802 2803
795 933 934
795 923 935
900 903 1072
934 935 936
1586 1787 1793
796 934 797
805 934 937
2580 2855 2581
1448 1449 1450
934 936 937
805 937 806
3906 3907 3908
1658 1663 1897
2669 2671 2677
1228 1425 1229
806 937 938
2459 2718 2717
2916 3163 2923
4004 4094 4101
1000 1001 1003
1727 1729 1730
806 938 939
2279 2501 2502
2525 2804 2534
1726 1730 1973
883 1044 1046
804 942 944
2289 2492 2316
898 912 915
942 943 944
3833 3847 4004
804 810 943
943 945 944
807 814 808
3179 3190 3193
807 939 814
808 814 819
1138 1299 1300
854 1009 1008
814 939 946
1924 2146 2153
2568 2842 2843
808 823 810
1013 1014 1015
1053 1054 1238
917 944 1121
1564 1778 1776
2199 2212 2213
823 949 943
943 949 950
1132 1138 1293
943 950 945
1209 1391 1379
3028 3031 3030
813 951 815
3394 3604 3609
814 946 951
3493 3678 3677
3690 3839 3838
3558 3575 3576
1554 1568 1567
3493 3515 3678
823 956 949
949 956 950
2225 2234 2233
1766 1782 2019
1093 1095 1104
1688 1689 1707
815 952 958
973 976 1164
952 960 958
3035 3309 3036
2386 2387 2393
1539 1751 1540
2636 2653 2652
1181 1183 1185
830 962 832
832 962 963
3213 3215 3450
1898 2137 1899
824 832 956
3451 3643 3642
832 964 956
1328 1332 1329
832 965 964
1204 1206 1207
956 965 957
832 963 965
1659 1660 1664
1185 1374 1190
826 966 835
835 966 836
2448 2713 2706
959 960 966
2481 2484 2482
2237 2440 2434
1650 1654 1658
836 966 967
960 967 966
836 968 837
3368 3371 3370
1197 1199 1222
1280 1289 1287
960 961 968
1341 1344 1345
836 967 968
960 968 967
903 1075 1072
830 839 962
837 968 839
3065 3066 3067
1763 2004 2005
2083 2331 2330
839 969 962
839 968 969
845 973 970
2971 3257 3260
848 970 971
2943 2944 3214
970 974 971
848 971 974
970 972 974
1203 1403 1402
1156 1315 1312
1841 2076 2078
1847 1848 1849
846 976 973
1859 1861 1860
2721 3001 2999
847 850 978
846 978 976
1482 1634 1641
1015 1018 1186
976 978 977
850 979 978
1655 1656 1658
977 978 979
3829 3830 3831
980 983 981
980 981 985
1402 1403 1404
2319 2516 2517
980 986 982
1438 1441 1613
980 985 984
2170 2384 2386
2050 2051 2055
3611 3612 3630
1432 1436 1435
981 988 985
1453 1457 1455
983 989 988
988 989 991
983 991 989
983 987 991
3934 3942 4073
3638 3801 3798
851 992 852
848 975 992
892 897 1061
1041 1043 1044
852 992 993
1478 1480 1479
1532 1535 1534
977 993 992
849 852 850
2397 2651 2407
850 852 994
2070 2073 2071
1379 1552 1537
852 993 995
977 995 993
983 996 997
853 1001 1002
1188 1191 1189
1048 1231 1225
884 1048 886
854 1007 1001
1001 1007 1008
2967 2971 2968
2824 2825 2829
854 1008 1007
853 854 1001
2511 2528 2531
1548 1743 1745
1001 1008 1004
1004 1008 1006
4032 4034 4033
915 1068 1064
855 1002 1010
855 1010 1011
3810 3816 3980
1002 1005 1011
2349 2364 2362
855 1011 1012
854 857 1014
2531 2768 2757
857 858 1014
854 1014 1009
1800 1806 1804
1406 1554 1567
855 1016 859
859 1016 860
855 1012 1016
860 1016 1017
3676 3680 3833
1437 1601 1446
858 861 1018
858 1018 1015
1756 1771 1770
4055 4056 4067
860 1017 1018
864 865 1020
1797 1803 2028
865 867 1020
1290 1474 1297
2503 2725 2724
864 1021 866
1908 1909 1910
1396 1553 1552
864 1020 1019
864 1019 1021
1027 1033 1029
1019 1020 1021
867 1022 1020
2400 2401 2646
1735 1987 1752
1207 1213 1212
1735 1752 1751
1768 2007 2008
1021 1022 1024
871 1021 1023
1432 1440 1436
1021 1024 1023
1449 1451 1450
1201 1203 1393
867 870 1025
2864 3097 2866
1560 1774 1772
867 1025 1022
2223 2226 2225
1022 1025 1024
2747 2980 2979
2406 2431 2664
2968 2976 2974
873 1026 1025
2782 3034 3035
1024 1025 1026
1027 1030 1028
3028 3029 3031
1027 1029 1030
1349 1370 1372
1027 1032 1031
1027 1031 1033
1893 2144 2133
4000 4111 4109
871 1030 874
2554 2563 2558
871 1023 1032
2171 2174 2173
1221 1406 1246
2636 2651 2650
873 879 1038
1760 1761 1763
2065 2307 2067
2898 2907 2902
879 880 1038
1642 1673 1643
1071 1072 1073
3114 3115 3117
1030 1040 1041
2121 2123 2122
3044 3045 3318
2241 2429 2435
1033 1042 1040
1040 1042 1043
874 1030 1044
2254 2456 2451
1030 1041 1044
1207 1210 1211
1043 1045 1044
4134 4135 4146
3568 3584 3777
1406 1555 1554
2856 3104 3091
2144 2379 2378
950 1137 1131
2635 2641 2643
884 1046 1047
880 886 1048
880 1048 1039
899 1072 1071
1049 1050 1053
1050 1051 1052
1667 1673 1669
1050 1054 1053
3091 3358 3092
3560 3772 3756
1050 1056 1054
1051 1055 1056
3916 3934 4062
891 892 1057
891 1057 893
1849 2112 2113
3101 3114 3104
3639 3642 3807
892 1058 1057
1866 1867 1871
893 1057 1059
893 1059 1060
3049 3061 3323
1057 1060 1059
2750 3017 3018
2296 2497 2495
892 1061 1058
898 1060 1062
1060 1061 1062
2264 2462 2475
2211 2415 2418
1072 1076 1074
3150 3389 3388
2930 2932 3188
1061 1063 1065
3683 3857 3861
1061 1065 1066
3109 3112 3123
1061 1066 1062
1067 1068 1069
3166 3174 3176
1063 1064 1068
1259 1453 1452
1063 1069 1065
1065 1069 1066
1068 1070 1069
899 1071 1073
1654 1920 1908
1092 1096 1094
2697 2949 2934
1072 1075 1076
898 915 1064
1243 1420 1421
1046 1227 1047
2798 3054 3051
1509 1516 1513
898 1077 912
912 1077 915
3791 3792 3793
962 1148 963
1062 1066 1077
915 1077 1078
915 1079 1068
1314 1315 1316
901 1073 1068
2746 2747 2748
2170 2180 2179
1874 1876 1878
1133 1289 1296
905 1079 1080
1068 1073 1070
1281 1465 1474
2005 2006 2019
2140 2374 2148
1346 1347 1349
904 907 1076
1760 1763 1762
907 1083 1076
1816 1828 1818
1084 1086 1085
1084 1085 1088
2748 2749 2760
1547 1561 1560
1086 1091 1087
3898 3920 3923
1777 1778 1779
1086 1088 1090
1088 1091 1090
3118 3124 3120
1085 1087 1093
1091 1095 1093
1495 1670 1668
2144 2383 2377
2345 2572 2571
3862 3892 4013
1092 1093 1096
4150 4187 4182
920 1096 1093
2618 2619 2625
2606 2608 2607
1094 1096 1097
905 917 906
2262 2455 2456
905 1100 1099
905 1081 1100
2479 2512 2480
1455 1615 1461
2554 2561 2563
1752 1987 1768
2651 2666 2665
917 1102 918
1473 1631 1630
907 1102 1083
2210 2414 2211
3830 3833 3831
984 985 1166
922 1093 1103
1093 1104 1103
922 1103 1104
1095 1098 1104
922 1104 1105
920 921 1098
3173 3175 3176
2866 3097 2867
921 924 1108
3081 3094 3343
921 1108 1106
1106 1108 1107
1080 1118 1100
924 926 1108
1385 1545 1386
2770 2771 2775
3347 3350 3351
1108 1110 1111
913 1112 926
1146 1147 1151
4108 4109 4110
1076 1266 1264
1110 1112 1111
3888 3917 3918
2061 2075 2288
913 914 1112
1446 1612 1447
2690 2946 2945
914 1114 1112
1112 1114 1115
1112 1115 1113
1295 1485 1478
914 916 1116
914 1116 1114
2511 2524 2528
931 1118 1116
3567 3761 3580
2485 2742 2486
931 1099 1100
3960 3961 3963
3644 3811 3813
1760 1762 1761
2710 2717 2718
917 1122 1101
1195 1221 1220
3201 3206 3203
3224 3225 3227
935 1124 936
1192 1365 1363
2250 2453 2259
977 1163 1165
3183 3184 3421
936 1124 937
2815 2816 2843
937 1124 1125
1236 1439 1237
2743 3014 2745
1111 1113 1126
1111 1126 1125
1815 1818 1817
1170 1171 1326
1373 1387 1547
2725 2730 2727
2930 3187 3185
2369 2580 2370
2744 2745 3015
1803 1805 2031
2555 2560 2556
1864 2096 1865
944 945 1131
1122 1131 1132
3611 3630 3629
2986 3268 3267
939 1127 1133
3893 3896 3894
1349 1372 1530
4139 4152 4150
2427 2681 2428
3964 3965 3966
2591 2603 2607
3104 3116 3117
3562 3758 3564
1582 1782 1784
1131 1138 1132
1665 1679 1678
950 1136 1138
1800 1804 1803
946 1133 951
3326 3539 3551
1764 1985 1990
3419 3420 3439
951 1133 1139
2208 2210 2211
1133 1141 1140
3030 3031 3294
1208 1388 1390
1970 2164 2166
1133 1134 1142
1210 1394 1395
3205 3232 3235
1133 1142 1141
2672 2930 2929
2102 2344 2359
1577 1580 1582
4047 4151 4139
950 957 1144
2397 2399 2636
952 1140 960
1140 1146 1145
972 1152 1156
2858 3092 3094
1259 1262 1453
3371 3381 3380
1970 2179 2177
1569 1770 1584
3454 3656 3654
1204 1208 1210
1142 1143 1148
1848 2082 2084
3802 3803 3965
962 1147 1148
1459 1621 1619
1142 1148 1147
957 965 1144
1024 1200 1198
1144 1149 1148
961 1146 968
962 969 1151
968 1151 969
2084 2085 2332
3654 3656 3819
1259 1452 1454
2079 2098 2097
1634 1897 1641
973 1157 1155
973 1153 1152
973 1155 1153
1342 1343 1344
1152 1154 1156
1841 2078 2096
972 1158 974
3198 3200 3202
1158 1161 1159
1156 1160 1158
2678 2934 2933
1668 1670 1672
974 1163 975
3174 3189 3179
974 1162 1163
3167 3396 3397
1101 1122 1102
1521 1524 1731
975 1163 977
1354 1359 1358
1163 1164 1165
1394 1564 1395
1372 1373 1530
985 1167 1166
1697 1698 1947
986 1166 1168
1365 1384 1542
3665 3826 3825
1043 1220 1221
985 990 1170
3742 3942 3932
2719 2721 2720
986 1172 998
1652 1655 1657
1528 1529 1545
986 1168 1172
1961 1965 1962
999 1172 1173
2689 2691 2690
991 1175 1171
1422 1590 1424
3527 3724 3735
1004 1006 1177
2347 2349 2361
1003 1178 1005
1003 1176 1178
1006 1179 1177
2931 3193 2947
1177 1179 1178
1005 1178 1011
1229 1425 1231
1178 1179 1181
1011 1178 1180
1011 1180 1181
1006 1009 1182
3824 3825 3826
1343 1345 1344
3478 3480 3479
1209 1212 1214
1603 1605 1606
3308 3316 3317
1098 1273 1272
1016 1181 1184
1016 1184 1185
1013 1015 1186
1013 1186 1183
1334 1506 1335
1018 1187 1186
4020 4039 4038
1433 1446 1444
1017 1188 1018
2215 2218 2217
2503 2506 2725
1018 1191 1187
1188 1190 1191
1031 1032 1192
2313 2511 2512
1671 1672 1673
1031 1192 1033
1879 2106 2105
1633 1640 1894
2591 2604 2601
4091 4097 4096
2604 2884 2605
1033 1192 1194
1023 1196 1032
1032 1196 1193
1193 1196 1195
1871 2123 2121
3401 3420 3619
1195 1196 1197
1023 1024 1196
2299 2320 2303
3797 3798 3801
1024 1026 1200
1339 1346 1343
1026 1038 1200
1038 1039 1203
1038 1202 1200
3217 3243 3245
1038 1203 1202
4172 4173 4180
1200 1202 1203
1200 1203 1201
1204 1207 1205
2541 2542 2543
1204 1205 1209
1206 1210 1207
2000 2233 2010
1204 1209 1208
1608 1820 1610
1950 2159 2160
1205 1207 1212
2874 2876 2875
1205 1212 1209
1207 1215 1213
1268 1271 1270
1033 1216 1217
1264 1266 1458
2750 2761 2760
1216 1218 1217
3402 3403 3405
1194 1220 1218
1217 1219 1220
1102 1286 1277
3109 3123 3119
1194 1195 1220
1529 1531 1740
1043 1221 1222
2345 2571 2569
1195 1222 1221
2055 2058 2060
2033 2256 2041
1368 1528 1545
1045 1222 1046
1293 1295 1294
2518 2760 2520
1999 2002 2226
1046 1222 1223
1199 1223 1222
1848 2083 2082
1095 1271 1098
1048 1225 1203
2723 3007 3005
1226 1228 1227
1227 1228 1229
1047 1227 1048
2781 2792 2794
1066 1070 1259
1048 1230 1231
2781 3051 3050
2561 2562 2565
1227 1231 1230
1227 1229 1231
1053 1232 1233
1053 1234 1232
2783 3044 2806
1232 1234 1233
2060 2061 2275
1053 1233 1055
1053 1235 1234
3742 3750 3942
3425 3445 3444
1233 1234 1236
1053 1238 1235
1386 1546 1560
2285 2486 2487
2589 2593 2591
1054 1240 1238
1056 1241 1240
1849 1850 2084
1238 1240 1242
1240 1241 1245
2652 2653 2925
1711 1948 1712
1241 1243 1245
1246 1248 1250
1243 1247 1245
1244 1245 1248
1244 1248 1246
1245 1249 1248
1248 1249 1251
1245 1251 1249
1248 1251 1250
1245 1247 1251
1055 1237 1252
2041 2279 2064
1056 1252 1253
1252 1255 1253
1252 1254 1255
2572 2860 2845
1241 1256 1243
3505 3506 3725
1056 1256 1241
2579 2853 2580
1056 1253 1256
1307 1491 1497
1345 1349 1526
1138 1300 1293
1239 1243 1255
1243 1256 1257
1255 1257 1256
1243 1257 1255
1187 1376 1353
1066 1260 1078
3922 4050 3924
1259 1261 1260
2591 2602 2603
1073 1262 1259
1073 1074 1264
1073 1264 1262
1580 1762 1582
2359 2572 2360
1114 1278 1115
1074 1076 1264
1076 1083 1267
2652 2925 2666
1264 1458 1456
1089 1094 1268
1089 1268 1091
1091 1271 1095
1094 1097 1272
1702 1704 1703
1097 1098 1272
1577 1581 1580
1094 1272 1269
1080 1100 1081
2340 2341 2542
1185 1352 1374
1080 1261 1274
3021 3035 3034
2965 2970 2969
1343 1348 1349
2134 2136 2135
2931 2932 2948
1542 1545 1544
3176 3401 3391
1083 1102 1267
1102 1277 1267
3200 3201 3203
4033 4034 4035
2120 2135 2136
1116 1279 1278
1116 1118 1274
2629 2630 2631
3756 3772 3773
2065 2280 2308
1317 1319 1318
2632 2633 2912
1102 1285 1286
2963 2990 2988
1113 1115 1287
2668 2669 2672
1113 1287 1126
3653 3827 3671
1287 1289 1288
4098 4108 4107
1281 1290 1289
1625 1887 1634
2134 2144 2378
1285 1294 1286
4118 4121 4119
1990 2214 2216
1660 1667 1664
1543 1738 1737
4088 4091 4090
2503 2726 2728
1122 1294 1285
1710 1712 1713
2421 2665 2664
1132 1293 1294
1286 1294 1295
2011 2234 2244
2370 2583 2582
2583 2858 2857
1127 1289 1133
1211 1395 1215
2688 2689 2690
1133 1297 1134
1736 1738 1994
2430 2436 2432
1133 1296 1297
3860 3891 3889
3889 3892 3890
1604 1606 1607
1134 1297 1142
1297 1298 1302
3534 3547 3536
1454 1455 1461
1136 1144 1299
2694 2947 2948
1298 1299 1302
1144 1303 1299
1688 1707 1706
1170 1305 1304
1170 1304 1307
2649 2663 2664
1170 1306 1305
1983 2191 1984
1453 1456 1457
1310 1500 1499
2599 2881 2873
1305 1310 1308
1170 1307 1309
2543 2769 2768
3173 3176 3174
3112 3364 3123
1161 1314 1162
1156 1312 1311
2294 2295 2298
1311 1312 1314
1161 1313 1314
1156 1157 1315
3875 3876 3877
1163 1316 1315
3036 3310 3318
2796 2800 2798
1166 1320 1319
1803 1804 1806
1319 1320 1322
1318 1319 1321
2596 2879 2880
1427 1428 1429
1320 1323 1322
1651 1652 1905
1167 1170 1323
1170 1326 1306
2134 2370 2136
2595 2878 2604
1310 1326 1327
1433 1444 1445
1165 1328 1318
1442 1451 1449
1165 1330 1328
1318 1328 1329
1622 1855 1853
4184 4185 4189
1328 1330 1331
1328 1331 1332
1497 1503 1502
1330 1332 1331
1168 1318 1172
1876 1877 1879
1172 1318 1329
1172 1329 1332
1321 1322 1332
1172 1332 1333
1439 1448 1450
1322 1333 1332
4022 4023 4041
1322 1334 1333
1175 1334 1335
1886 2135 2119
1175 1336 1326
1326 1336 1337
1326 1337 1327
2252 2253 2254
1338 1341 1339
1338 1339 1343
1338 1340 1341
1641 1664 1642
1898 2127 2137
1338 1342 1344
1581 1783 1766
1339 1341 1346
3130 3132 3131
1343 1346 1348
1346 1349 1348
1343 1349 1345
1489 1675 1676
1183 1350 1185
1186 1187 1353
3083 3096 3095
1186 1351 1350
1186 1353 1351
1350 1351 1353
2323 2517 2518
1350 1353 1352
1354 1355 1359
1734 1736 1735
1398 1558 1407
1354 1360 1356
1354 1358 1360
1355 1357 1362
1359 1362 1364
1478 1486 1645
1362 1365 1364
1379 1537 1536
1286 1295 1479
1586 1786 1787
2038 2251 2253
3806 3815 3808
1341 1368 1366
1926 2156 1928
1341 1345 1368
3435 3461 3436
1347 1367 1370
1370 1373 1372
1431 1432 1435
2944 2946 3214
1376 1379 1378
1520 1523 1522
1357 1380 1381
1360 1382 1380
1408 1409 1421
1380 1382 1383
1192 1357 1381
1360 1520 1522
1192 1381 1383
1192 1383 1384
1196 1367 1366
1196 1366 1368
2775 2781 2777
1196 1386 1198
1196 1385 1386
1200 1371 1367
1200 1373 1371
1198 1200 1367
4182 4187 4186
1647 1651 1653
1190 1374 1388
1374 1389 1388
3624 3625 3626
2144 2151 2152
2139 2372 2373
2339 2341 2340
1209 1379 1377
3413 3416 3414
1191 1208 1209
2678 2679 2934
2174 2390 2186
1198 1386 1199
3483 3687 3688
1200 1201 1393
2003 2016 2236
3877 4017 4016
1200 1393 1387
1210 1390 1394
1390 1562 1394
1214 1215 1396
3249 3266 3486
1215 1397 1396
1199 1392 1398
3269 3498 3289
1430 1607 1596
1203 1400 1393
2925 2928 2927
1203 1402 1404
1203 1404 1400
1403 1405 1404
1221 1222 1406
1222 1407 1406
1821 2041 1822
2642 2913 2915
1222 1223 1398
1222 1250 1228
1771 1773 1786
1428 1607 1430
3760 3764 3762
1231 1413 1403
1403 1414 1405
2083 2085 2084
1238 1416 1415
1237 1415 1417
1415 1418 1417
2613 2614 2887
1238 1242 1419
1239 1418 1243
1419 1421 1420
1484 1643 1644
1247 1421 1251
1438 1440 1441
1228 1250 1251
1228 1251 1423
1228 1423 1425
1424 1426 1425
1310 1499 1494
1592 1794 1807
1837 1838 2076
3265 3486 3266
1425 1426 1428
2007 2230 2231
2903 3141 2904
1431 1433 1432
1994 1996 1997
3675 3832 3830
1523 1731 1733
1433 1435 1437
3289 3498 3495
1236 1440 1432
1596 1609 1610
2851 2868 3099
3026 3040 3042
1766 2006 2007
1237 1439 1254
2978 2979 2980
3958 3962 3972
1239 1255 1418
2453 2719 2461
1417 1418 1442
1255 1442 1443
1433 1445 1434
1461 1615 1617
1444 1446 1445
1897 1899 1909
1433 1437 1446
1872 1876 1874
1434 1445 1439
3874 4016 4018
1445 1449 1448
1806 2038 2036
1655 1658 1657
1445 1447 1449
2023 2252 2246
2421 2651 2665
1909 1911 1910
1442 1450 1451
1838 1843 1845
1259 1454 1261
2821 2824 3066
1266 1267 1458
1924 2154 1925
1456 1458 1457
4091 4098 4097
1267 1459 1458
2170 2386 2180
1281 1474 1290
1261 1454 1274
1393 1573 1561
1798 1801 1805
3903 3904 3906
1267 1277 1463
3137 3379 3380
1447 1612 1449
1274 1460 1464
1460 1466 1464
1465 1466 1474
4135 4179 4184
2991 3294 3272
2424 2667 2653
1605 1807 1606
2520 2761 2762
1660 1662 1667
2424 2434 2442
1352 1353 1532
2874 3095 3106
1277 1286 1470
1277 1470 1463
2288 2291 2290
1286 1471 1470
1307 1488 1487
2216 2217 2230
1978 2200 2201
1295 1478 1479
1474 1475 1482
1297 1481 1482
3859 3888 3860
1298 1482 1299
3393 3607 3603
2332 2533 2535
1387 1393 1547
2901 3130 3129
1299 1484 1300
1293 1300 1485
3925 4052 4054
1300 1484 1485
1478 1485 1486
2554 2555 2556
1484 1486 1485
1488 1490 1489
1488 1494 1493
3719 3721 3720
3315 3532 3317
1308 1494 1488
1829 2045 1830
1488 1495 1490
3589 3590 3593
3104 3114 3116
1307 1497 1309
1887 2113 2111
1345 1526 1368
1310 1498 1500
1323 1497 1501
1323 1501 1502
2421 2422 2434
1497 1502 1501
3208 3209 3210
1310 1504 1498
1497 1504 1503
2081 2099 2098
1337 1507 1504
1508 1511 1509
1508 1509 1513
3214 3216 3217
1508 1510 1511
1508 1514 1510
1510 1514 1511
1508 1513 1512
1508 1512 1514
1511 1517 1516
1516 1517 1519
1516 1519 1518
1513 1518 1519
1513 1519 1515
1358 1359 1520
3236 3237 3447
1358 1520 1360
3360 3364 3363
1520 1521 1523
2669 2678 2673
1359 1364 1524
2406 2663 2649
1349 1527 1526
1368 1526 1528
3638 3799 3804
1527 1530 1529
1532 1533 1535
1353 1378 1536
1378 1379 1536
1533 1536 1535
1759 2014 2003
1382 1538 1383
1360 1522 1538
1522 1523 1538
1523 1539 1538
2955 2960 3243
2269 2473 2470
1365 1542 1541
3122 3123 3368
2890 2893 2895
1365 1541 1543
1365 1543 1525
1368 1545 1385
1386 1545 1546
3666 3693 3690
1373 1547 1531
3209 3213 3211
1374 1548 1389
3642 3809 3807
1482 1642 1483
2542 2552 2544
1886 2119 2093
3439 3440 3649
3109 3119 3121
3200 3203 3202
2002 2003 2226
1379 1396 1551
3265 3266 3277
1396 1552 1551
3155 3158 3156
1564 1746 1757
2726 2747 2728
1379 1391 1396
2139 2148 2147
1384 1554 1542
1484 1642 1643
2120 2358 2357
1690 1940 1931
1540 1556 1554
1385 1542 1558
1385 1545 1542
1688 1706 1945
2510 2754 2524
1386 1560 1392
1389 1562 1390
2867 3097 3098
1548 1549 1564
1562 1563 1564
1592 1807 1605
1395 1564 1565
1396 1397 1566
1395 1566 1397
1396 1566 1553
3400 3401 3619
1406 1567 1568
1554 1556 1568
1558 1560 1559
2290 2294 2296
1393 1400 1573
3166 3173 3174
2929 2930 3185
3209 3211 3210
1561 1573 1572
2376 2383 2382
1820 1824 1823
2269 2467 2468
1924 1925 1931
2932 2934 2948
1919 1921 1920
1404 1576 1575
1573 1575 1576
1573 1576 1574
1409 1585 1590
1577 1578 1581
3892 4029 4013
1415 1581 1578
1577 1582 1579
1715 1717 1716
3972 4094 3983
1415 1582 1583
3189 3220 3224
1408 1584 1409
2508 2763 2752
1414 1589 1576
2453 2705 2712
1585 1586 1590
2557 2560 2559
1424 1591 1592
1733 1983 1734
1414 1596 1595
1595 1596 1597
1497 1501 1705
1596 1598 1597
1435 1436 1600
1486 1644 1645
1435 1600 1599
2471 2472 2741
1426 1603 1428
1426 1592 1603
1603 1606 1604
2685 2942 2941
1722 1953 1954
1606 1608 1607
1596 1607 1609
1607 1610 1609
2511 2513 2512
1899 2137 1911
1607 1608 1610
1598 1801 1798
1601 1602 1612
2664 2939 2936
2468 2471 2484
1449 1612 1614
1457 1616 1615
1457 1459 1619
2522 2762 2763
4050 4051 4052
1463 1472 1621
1472 1623 1621
1619 1621 1622
1621 1623 1622
1827 1829 1828
1529 1740 1739
1460 1461 1624
3721 3902 3901
1461 1617 1624
2027 2028 2029
1617 1626 1624
2340 2543 2532
2907 3120 3130
3646 3823 3814
2062 2065 2063
1630 1631 1633
1623 1630 1632
1630 1633 1632
3634 3636 3635
1466 1634 1475
1466 1625 1634
2196 2199 2198
3646 3647 3825
3642 3643 3810
3205 3235 3234
3947 3955 3954
1722 1971 1729
1473 1639 1631
1631 1639 1633
1473 1480 1639
1480 1638 1639
1989 2218 2215
1475 1634 1482
2199 2404 2395
2606 2886 2608
1484 1644 1486
1598 1610 1801
1647 1650 1648
2272 2488 2474
1647 1649 1650
1647 1653 1649
1649 1653 1650
1647 1652 1651
1811 1825 1812
1650 1653 1654
1648 1655 1652
3157 3160 3161
2017 2021 2023
2304 2502 2501
1775 1789 1788
1667 1672 1671
2502 2519 2521
1672 1674 1673
1670 1674 1672
1489 1661 1675
2472 2473 2474
3503 3511 3514
1665 1677 1675
1675 1677 1678
2805 3074 2828
1665 1678 1677
1489 1490 1662
1495 1668 1662
2584 2867 2585
1490 1495 1662
2339 2358 2341
3165 3167 3173
2585 2868 2851
1682 1683 1684
1682 1685 1686
1489 1684 1491
2771 2778 2775
2470 2473 2472
1495 1496 1690
2253 2456 2254
3656 3658 3657
2150 2382 2383
1495 1690 1681
3171 3394 3409
1691 1692 1696
1751 1768 1767
1691 1693 1694
1691 1697 1693
1691 1695 1697
1653 1907 1921
2890 2895 3114
1695 1696 1697
1696 1698 1697
2630 2632 2634
1692 1694 1699
1990 2228 2004
1692 1699 1696
1696 1699 1701
2434 2440 2442
1696 1701 1702
1696 1702 1698
1683 1699 1703
1683 1686 1699
1700 1702 1703
1971 2171 2173
2564 2841 2568
2055 2273 2270
1497 1705 1706
1497 1707 1498
1500 1708 1690
1500 1707 1708
2931 3180 3193
1690 1708 1707
1693 1709 1694
1693 1697 1709
2707 2961 2714
1709 1712 1710
3947 4080 4081
1709 1711 1712
1663 1911 1665
1700 1713 1702
1702 1713 1714
2492 2494 2515
3972 4086 4094
1712 1714 1713
2591 2595 2604
4158 4189 4159
1715 1716 1719
1822 2041 2062
1715 1719 1717
1716 1717 1718
3603 3608 3606
1717 1722 1718
1716 1720 1719
1717 1721 1722
3333 3559 3545
1512 1723 1716
2542 2544 2543
1716 1723 1720
1514 1726 1515
1718 1722 1727
1514 1727 1728
1727 1730 1728
3178 3185 3182
1514 1730 1724
3100 3114 3101
1524 1525 1734
2694 2931 2947
1826 2066 1829
1524 1732 1731
1524 1734 1732
1523 1735 1539
1566 1759 1750
1523 1733 1735
1525 1543 1734
2249 2446 2250
1535 1537 1747
1734 1737 1738
1753 1995 1997
1540 1751 1556
1734 1738 1736
1529 1741 1546
1546 1741 1547
1529 1739 1741
1547 1742 1740
1547 1741 1742
1534 1535 1743
1534 1743 1548
2863 2864 2865
2137 2372 2138
1788 1789 1790
1548 1745 1746
1743 1746 1745
3465 3468 3467
1744 1747 1746
1746 1747 1748
1537 1552 1747
1552 1553 1750
2599 2873 2860
1552 1750 1749
1747 1750 1748
4120 4122 4121
1539 1735 1751
2632 2912 2911
3550 3563 3564
2718 2989 2991
2649 2662 2661
1545 1559 1756
1893 1904 2143
1545 1755 1738
1545 1756 1755
1738 1755 1756
1738 1756 1754
1582 1780 1781
1918 2150 2151
2326 2327 2524
2762 3034 2764
1565 1758 1566
1566 1758 1759
3280 3298 3297
1580 1761 1762
1803 2030 2028
2965 2969 2971
1580 1766 1761
3160 3162 3161
3036 3045 3044
1556 1751 1568
1568 1751 1767
3734 3916 3915
1568 1767 1768
3645 3646 3814
3479 3481 3483
1751 1752 1768
1568 1768 1769
4118 4168 4167
1568 1769 1770
1753 1770 1769
1886 1894 1895
2583 2855 2856
2088 2326 2328
1560 1772 1756
1756 1772 1773
2706 2956 2707
1756 1773 1771
1560 1561 1774
1561 1572 1774
2496 2498 2517
1772 1774 1773
1572 1775 1774
1564 1777 1565
1565 1777 1758
1776 1778 1777
1564 1757 1778
1758 1777 1779
1582 1762 1780
2931 2947 3195
1762 1781 1780
2798 2800 2802
3503 3514 3513
1762 1765 1781
3947 4079 4080
1580 1581 1766
1581 1583 1784
1581 1784 1783
1766 1783 1784
1584 1786 1585
1770 1771 1786
1584 1770 1785
1584 1785 1786
1770 1786 1785
1585 1786 1586
1773 1775 1788
1773 1788 1787
1572 1574 1789
1572 1789 1775
2792 2793 2797
1576 1792 1791
1789 1791 1792
2202 2223 2226
1789 1792 1790
2796 2797 2800
2093 2095 2094
1591 1793 1592
1592 1793 1794
1788 1794 1793
1788 1795 1794
2374 2584 2585
3682 3686 3685
1893 1895 1894
1589 1597 1792
2604 2883 2884
2434 2686 2685
2204 2207 2206
1597 1797 1792
3360 3366 3365
1597 1798 1797
2374 2585 2375
1886 1895 2135
1799 1801 1800
1799 1800 1803
3143 3147 3145
1831 1835 1833
1799 1803 1801
1800 1801 1802
1800 1802 1806
1794 1795 1807
1606 1807 1808
2892 3139 2896
2332 2351 2350
2590 2598 2597
3480 3682 3685
2827 2828 3070
1801 1811 1813
1812 1814 1813
1802 1813 1815
1813 1816 1815
1815 1816 1818
2146 2154 2153
1806 1815 1817
1606 1820 1608
1606 1821 1819
1819 1821 1820
1606 1808 1821
1738 1997 1996
1820 1821 1822
1610 1820 1823
1820 1822 1824
1610 1825 1811
2448 2454 2713
1610 1823 1825
1823 1824 1825
1813 1828 1816
2026 2027 2032
2931 2948 2947
1818 1828 1830
1831 1833 1832
1832 1833 1834
1832 1834 1838
3841 3995 3996
1893 2133 2134
1832 1838 1836
1835 1836 1838
1835 1838 1837
1833 1839 1840
1964 1967 1969
1834 1840 1843
2211 2418 2213
1840 1844 1843
3120 3124 3130
1615 1849 1617
1615 1848 1847
1615 1847 1849
3828 3829 3990
1616 1619 1848
1619 1851 1848
2543 2812 2811
2455 2714 2713
1619 1622 1853
2028 2247 2248
1619 1853 1851
1622 1623 1855
1626 1880 1887
1855 1859 1858
1855 1858 1860
1858 1859 1860
1632 1859 1855
1855 1860 1856
3633 3649 3648
1653 1905 1907
2704 2710 2711
1839 1862 1840
1839 1841 1862
1840 1862 1863
2005 2019 2018
2525 2783 2804
1862 1864 1865
1840 1863 1866
1863 1865 1866
3980 4099 4093
1865 1867 1866
1844 1866 1868
1844 1868 1846
1866 1869 1868
3246 3456 3455
1866 1871 1869
1868 1873 1872
1868 1872 1874
1868 1869 1873
1868 1874 1870
2747 3017 2749
3942 4083 4072
1873 1877 1876
1873 1879 1877
1876 1879 1878
1617 1849 1626
3906 3908 4037
1626 1849 1880
3064 3066 3065
2003 2014 2016
2507 2763 2508
2661 2936 2935
1859 1885 1886
3035 3036 3044
3223 3225 3224
1859 1886 1861
4164 4168 4166
3011 3012 3014
2174 2389 2388
2685 2686 2943
1638 1893 1640
2099 2101 2102
1638 1892 1893
1885 1894 1886
3857 3889 3861
3041 3323 3043
1634 1896 1897
3657 3830 3820
1634 1898 1896
1896 1898 1897
3547 3563 3549
2327 2527 2524
1634 1888 1898
3061 3332 3323
1897 1898 1899
2233 2430 2420
2253 2262 2456
2110 2349 2348
2999 3283 3281
4022 4040 4039
2241 2435 2444
1974 1979 1980
3086 3352 3087
1638 1646 1904
1638 1904 1892
2632 2913 2634
1651 1905 1653
1993 2219 2221
1652 1906 1905
1905 1906 1908
1652 1657 1909
1790 1792 2024
1654 1908 1658
2723 3005 3003
1906 1909 1908
1657 1658 1897
1657 1897 1909
1658 1911 1663
2889 3109 3121
1899 1911 1909
1658 1910 1911
1641 1897 1664
1642 1664 1669
2463 2719 2720
3472 3485 3670
2724 2725 2726
3333 3345 3559
1646 1917 1904
1644 1915 1917
3451 3654 3643
1915 1916 1917
1904 1917 1918
2497 2748 2498
1916 1918 1917
1653 1920 1654
3124 3368 3370
1653 1919 1920
1653 1921 1919
2393 2394 2395
1908 1920 1922
1920 1921 1922
1665 1911 1923
3189 3221 3218
1911 1924 1923
1738 1996 1994
3648 3649 3650
3462 3479 3465
3425 3623 3624
3145 3156 3157
1916 1927 1928
2741 3012 3011
1665 1929 1679
1665 1923 1929
1923 1924 1929
2088 2328 2331
2469 2472 2471
2134 2379 2369
1924 1930 1929
2623 2639 2637
1670 1932 1674
1674 1932 1926
1670 1681 1932
1681 1931 1932
1925 1926 1931
1926 1932 1933
2635 2643 2918
1931 1933 1932
1926 1933 1931
1685 1934 1686
1678 1935 1934
1686 1934 1936
1934 1937 1936
3074 3335 3334
2174 2175 2176
1678 1929 1935
1929 1938 1937
1989 2215 2214
1688 1939 1689
2134 2369 2370
3160 3166 3168
3177 3178 3181
1929 1930 1939
1690 1939 1940
1701 1941 1702
1702 1943 1704
1686 1936 1941
1936 1943 1941
1702 1941 1942
1941 1943 1942
3614 3793 3616
1936 1937 1943
1705 1943 1944
1688 1945 1938
1937 1938 1945
1697 1948 1711
1697 1946 1948
1946 1947 1948
1947 1949 1948
2573 2825 2824
1698 1702 1947
2126 2360 2361
1702 1714 1950
3236 3428 3427
1702 1942 1947
1702 1950 1942
3403 3408 3406
1719 1720 1952
1721 1953 1722
1719 1951 1953
2720 2721 2999
1951 1952 1953
1952 1954 1953
1720 1723 1952
1723 1955 1952
1729 1975 1730
1952 1955 1956
1723 1725 1957
1725 1726 1957
2392 2393 2400
1955 1957 1956
3066 3069 3067
1726 1958 1957
2314 2316 2315
1956 1957 1958
2250 2447 2453
1959 1965 1961
1959 1964 1963
1959 1963 1965
1967 1968 1970
1962 1970 1968
3589 3591 3590
3235 3249 3237
2683 2937 2938
4040 4041 4144
3376 3379 3378
1724 1730 1726
1730 1975 1976
2615 2909 2910
1975 1978 1976
2750 3032 2761
2358 2552 2551
2839 2840 2841
1971 1977 1975
1730 1979 1973
1973 1979 1974
1730 1976 1979
1976 1978 1979
2257 2460 2264
2747 2992 2993
1978 1980 1979
1731 1732 1982
1732 1734 1982
1806 2036 2031
1731 1982 1981
1731 1981 1983
1734 1984 1982
1985 1986 1989
3213 3214 3215
1764 1987 1985
1985 1989 1988
1985 1988 1990
3515 3717 3704
1735 1986 1987
1735 1989 1986
3203 3206 3207
1735 1992 1989
1735 1994 1992
2693 2694 2695
2398 2412 2619
3005 3007 3289
1753 1997 1754
1994 1997 1995
1746 1748 1999
1746 1999 1998
1746 1998 2000
3156 3165 3166
1750 2002 1999
1750 2003 2002
1763 1764 1990
2613 2891 2615
2358 2551 2542
1763 2005 1765
1764 1766 1987
1766 1783 1987
2683 2950 2698
2345 2347 2361
1766 2007 1783
1768 1987 1783
2571 2817 2797
3394 3609 3411
1768 2009 1769
1753 2009 1995
2124 2359 2126
1993 1995 2009
3433 3459 3457
1993 2009 2008
1757 2000 1778
2345 2361 2360
1778 2011 1779
1778 2000 2010
1758 1779 2012
2630 2641 2631
2011 2013 2012
3193 3194 3195
4165 4172 4170
2012 2015 2014
2014 2015 2017
2014 2017 2016
2457 2715 2459
1781 2019 1782
1781 2005 2018
2012 2021 2015
2015 2021 2017
2012 2020 2021
3468 3648 3650
2020 2022 2021
3206 3404 3403
1790 2024 1795
2024 2025 2027
1795 2024 2026
2440 2443 2442
2024 2027 2026
1792 1797 2028
2593 2871 2877
4072 4157 4074
2025 2028 2027
1797 1798 1803
1795 2032 1808
1805 1806 2031
2398 2619 2618
3709 3865 3866
2010 2233 2238
3609 3610 3628
2045 2069 2283
2332 2352 2351
1808 2032 1821
2032 2033 2041
2032 2041 2040
3219 3222 3223
2233 2242 2436
1812 1826 1829
2921 2923 2924
2591 2593 2595
2758 2769 3026
3466 3648 3468
2045 2049 2047
2050 2052 2053
2050 2054 2056
2051 2058 2055
2147 2148 2154
3975 3977 3985
2053 2059 2058
2361 2372 2371
1822 2062 1824
1824 2062 2063
2233 2436 2430
1824 2066 1826
1824 2063 2066
1829 2066 2068
1829 2068 2069
2066 2069 2068
1829 2069 2044
2066 2067 2069
2052 2056 2070
2053 2070 2071
3360 3361 3366
2070 2072 2073
2053 2074 2059
2059 2074 2061
2071 2073 2074
2217 2219 2232
2173 2174 2185
2073 2075 2074
2618 2625 2624
1837 2076 1841
1838 2077 2076
2076 2077 2079
2901 3129 3131
2076 2079 2078
1838 2080 2077
2077 2080 2079
1963 2161 1965
1846 2081 2080
2079 2080 2081
2683 2938 2950
1848 1851 2083
2082 2083 2084
1851 1853 2083
3026 3029 3028
2400 2416 2414
1853 2086 2083
1853 1856 2088
1853 2088 2086
1856 1860 2088
1860 2093 2092
2061 2276 2275
2092 2093 2094
4045 4151 4047
1860 1861 2093
1860 2094 2090
4102 4164 4163
2811 2812 2813
1841 2096 1864
2078 2079 2096
2079 2097 2096
1865 2098 1867
2079 2081 2098
3083 3348 3349
1865 2097 2098
1846 2099 2081
3124 3132 3130
1871 2098 2100
2098 2099 2100
1870 1874 2099
2279 2503 2501
1874 2101 2099
1874 1878 2103
1874 2103 2101
2770 2773 2771
2618 2624 2626
3073 3336 3352
2103 2105 2107
3851 3852 3854
1887 2109 2105
2525 2782 2783
1849 2084 2112
2084 2113 2112
2606 2885 2886
2965 2968 2966
3806 3974 3975
1861 1886 2093
2093 2119 2120
2093 2120 2095
2315 2317 2319
1871 2122 1875
3677 3680 3679
1871 2121 2122
1871 2100 2123
3959 3971 3963
2122 2123 2124
2102 2124 2123
1875 2122 1879
1879 2122 2125
2742 3011 3013
2303 2322 2323
3767 3780 3779
2122 2124 2126
2730 2999 2997
2975 3229 3247
1879 2125 1898
1898 2126 2127
1887 1898 1888
4143 4145 4155
2664 2941 2939
2739 3026 3009
3174 3179 3176
1880 2113 1887
4039 4040 4144
2899 2904 2900
4084 4087 4086
4013 4133 4123
2317 2515 2319
3695 3827 3840
4051 4054 4052
1893 2134 1895
1970 2168 2167
2143 2151 2144
2303 2323 2305
4000 4002 4113
1892 1904 1893
2137 2138 2146
1911 2137 2145
1911 2145 2146
2137 2146 2145
2138 2139 2146
3100 3108 3109
2739 2758 3026
2139 2140 2148
3572 3768 3769
1916 2149 2150
1904 2151 2143
3613 3614 3615
2148 2156 2155
2393 2646 2401
2563 2840 2839
2563 2839 2841
2590 2594 2593
3630 3646 3645
2150 2152 2151
2295 2315 2318
1924 2153 2154
3212 3214 3213
1925 2154 1926
3995 4106 3996
1926 2154 2155
2148 2155 2154
1916 1928 2156
2148 2149 2156
3105 3117 3362
1956 1958 2175
1942 2158 1947
1942 1950 2158
2891 3137 3138
1949 2159 1950
2157 2158 2159
1950 2160 2158
3412 3432 3434
2158 2160 2159
1963 1964 2161
2468 2484 2481
1965 2164 1966
3862 4013 3864
1964 2162 2161
1965 2161 2163
1965 2163 2164
1964 1969 2165
1966 2164 1970
3665 3666 3838
1964 2165 2162
2162 2165 2164
2645 2648 2649
2030 2239 2238
2285 2468 2483
1969 1970 2167
2165 2167 2169
2167 2170 2169
1954 1956 2171
2407 2651 2421
2171 2172 2174
1956 2175 2172
2172 2175 2174
2555 2557 2559
1974 2176 2175
2853 3089 2854
1970 2178 2168
2166 2170 2179
2178 2179 2180
2168 2178 2181
4066 4067 4077
2178 2182 2181
2890 3114 3110
2181 2184 2183
1971 2185 1977
1977 2185 1978
2174 2186 2185
3721 3899 3897
1974 2187 2176
1981 2188 1983
1982 1984 2191
1982 2189 2188
2188 2189 2191
1983 2190 2191
2188 2191 2190
2178 2192 2193
2178 2194 2192
2178 2180 2194
3596 3784 3787
2182 2193 2196
2196 2197 2199
3361 3587 3362
2184 2196 2198
2890 3110 3109
1978 2201 1980
1978 2186 2202
3963 4087 4085
3085 3086 3099
1980 2204 2187
2201 2205 2204
2204 2205 2207
2201 2207 2205
2187 2204 2206
2193 2208 2209
2208 2211 2209
2194 2210 2208
2197 2212 2199
2193 2209 2212
2270 2273 2272
2209 2211 2212
2571 2572 2817
2211 2213 2212
1988 1989 2214
1988 2214 1990
2246 2254 2451
2214 2215 2217
3114 3117 3116
2214 2217 2216
1989 1992 2218
4157 4188 4189
2556 2560 2562
2217 2218 2219
1993 2221 1995
3824 3836 3835
2218 2220 2221
2218 2221 2219
1998 2222 2000
2736 2739 2738
1999 2223 2222
2000 2222 2224
2222 2225 2224
2003 2227 2226
2225 2226 2227
2004 2228 2005
2005 2230 2006
1990 2216 2228
2216 2230 2228
2005 2228 2229
2005 2229 2230
2228 2230 2229
2614 2896 2894
2006 2230 2007
1993 2008 2232
2007 2232 2008
2670 2672 2674
2217 2232 2231
2010 2233 2011
2224 2225 2233
2011 2233 2234
2022 2253 2251
2016 2017 2236
2010 2238 2239
2010 2239 2233
2030 2238 2241
3580 3775 3581
2233 2240 2238
2238 2240 2241
2028 2241 2247
2233 2239 2242
2386 2393 2392
3150 3388 3385
2011 2244 2243
2022 2243 2244
2022 2244 2245
2017 2246 2237
2028 2030 2241
2632 2911 2913
2030 2031 2239
2036 2250 2239
2022 2251 2252
2280 2475 2308
2251 2253 2252
2246 2252 2254
2027 2029 2248
2027 2248 2255
2027 2255 2256
2248 2256 2255
2248 2257 2256
2248 2249 2258
2249 2250 2258
2250 2259 2258
2036 2038 2250
2038 2048 2251
2891 2892 2910
2048 2253 2251
2038 2253 2260
2048 2262 2253
2041 2256 2263
2256 2264 2263
3178 3182 3181
2045 2268 2049
2048 2268 2262
3012 3015 3014
2816 2846 2844
2054 2055 2269
2054 2269 2056
2907 3121 3120
2055 2270 2269
2055 2060 2273
2275 2276 2278
3896 3921 3919
2273 2275 2277
2273 2277 2278
2273 2278 2274
2716 2988 2718
2041 2263 2279
2263 2264 2279
2264 2280 2279
2975 2976 2981
2044 2069 2045
3498 3653 3671
2045 2283 2284
2056 2285 2072
3460 3660 3661
2072 2285 2073
2073 2287 2075
2978 2985 2986
2609 2613 2615
2073 2286 2287
2272 2287 2286
2075 2287 2288
3465 3466 3468
2290 2295 2294
2295 2299 2298
2284 2512 2479
2544 2552 2812
3925 4054 3926
2298 2303 2302
2298 2302 2304
2302 2303 2304
3051 3055 3053
2891 3136 3137
2298 2299 2303
3474 3498 3475
2298 2304 2300
2303 2305 2304
2429 2683 2430
2065 2308 2306
2306 2308 2307
2316 2515 2317
2656 2659 2658
2307 2308 2309
2067 2307 2069
2069 2307 2310
2069 2312 2283
2310 2311 2312
3786 3788 3787
2311 2313 2312
2288 2315 2291
2288 2314 2315
2288 2316 2314
2291 2315 2295
2295 2318 2320
2318 2319 2320
2320 2323 2322
2088 2325 2324
2324 2325 2326
3144 3145 3146
2088 2090 2325
2090 2329 2325
2325 2327 2326
2083 2086 2331
2332 2545 2352
3197 3204 3206
2083 2332 2085
2083 2330 2332
2435 2446 2444
2374 2381 2380
2086 2088 2331
3420 3422 3441
2971 3260 3261
2094 2336 2329
2094 2338 2340
3603 3788 3786
2338 2339 2340
2094 2095 2339
3592 3596 3601
3118 3123 3122
2101 2103 2342
2342 2343 2345
2102 2342 2344
2342 2345 2344
2103 2107 2346
2343 2346 2345
2345 2346 2347
2110 2111 2349
2110 2348 2346
2084 2351 2114
2084 2332 2350
3906 4037 4053
2565 2569 2567
2095 2120 2339
2620 2621 2623
2914 3151 2916
2339 2357 2358
2126 2359 2360
2126 2361 2127
2349 2362 2361
2111 2113 2349
2569 2571 2797
3963 3971 3973
2656 2657 2659
2113 2363 2349
2349 2363 2364
3193 3224 3226
2113 2114 2351
2113 2351 2363
2887 2888 2890
2459 2716 2718
2120 2370 2356
2127 2361 2137
2137 2361 2371
2330 2331 2533
2137 2371 2372
2138 2372 2139
2362 2364 2372
2139 2374 2140
2962 3007 2963
2364 2365 2374
3409 3411 3433
2139 2373 2374
2364 2374 2373
2421 2434 2433
3244 3254 3246
2596 2880 2600
2931 3186 3188
3705 3851 3849
3185 3187 3188
3804 3805 3806
2133 2144 2134
2224 2233 2420
3618 3793 3794
3821 3822 3992
2374 2375 2381
2148 2374 2380
2148 2380 2381
2149 2381 2150
3997 4108 4020
2375 2376 2381
2150 2381 2382
2376 2382 2381
3184 3424 3423
2144 2152 2383
2150 2383 2152
2376 2377 2383
2170 2183 2385
2183 2184 2385
2170 2385 2384
2384 2385 2386
2184 2387 2385
2385 2387 2386
2174 2176 2389
2176 2187 2389
2800 2803 2802
2388 2389 2390
2187 2391 2389
2389 2391 2390
2180 2386 2194
2726 2727 2995
2562 2566 2565
2194 2386 2392
2184 2394 2387
2387 2394 2393
2199 2395 2394
2186 2390 2202
2390 2391 2397
2202 2390 2396
2187 2206 2398
2391 2398 2397
2397 2398 2399
2194 2400 2210
2199 2222 2403
2199 2403 2404
2222 2404 2403
2199 2213 2222
3697 3843 3698
2222 2405 2404
2202 2226 2203
2223 2406 2226
2202 2396 2406
2396 2397 2406
2226 2406 2407
2203 2226 2207
2455 2715 2457
2207 2411 2410
2207 2410 2412
2410 2411 2412
2351 2573 2363
2207 2408 2411
2358 2582 2583
2411 2413 2412
2211 2414 2415
2871 2879 2878
3044 3318 3325
2646 2661 2660
2213 2418 2222
2222 2224 2420
2222 2420 2405
2226 2421 2227
2226 2407 2421
3100 3110 3114
2236 2411 2408
2236 2423 2411
2411 2423 2424
2411 2424 2413
2236 2422 2424
2414 2425 2426
2414 2427 2425
2414 2416 2427
2773 2789 2779
2426 2427 2428
2240 2418 2426
2240 2426 2429
2426 2428 2429
2233 2418 2240
2225 2432 2234
2968 2974 2973
2225 2431 2432
2236 2237 2434
2240 2429 2241
3998 4000 4109
2359 2566 2568
2429 2430 2436
2429 2436 2435
2234 2432 2244
2649 2664 2662
3682 3683 3684
2237 2246 2440
2246 2441 2440
2440 2441 2443
2814 2838 3061
2241 2444 2247
2247 2444 2248
2248 2444 2445
3417 3615 3437
2248 2445 2446
2444 2446 2445
2435 2436 2446
2242 2250 2244
2242 2244 2436
2244 2437 2436
2244 2260 2253
3202 3203 3230
2902 3134 2907
2441 2451 2443
2443 2451 2452
2812 2838 2814
2448 2449 2455
2806 3056 3074
2448 2455 2454
2455 2457 2456
2451 2456 2458
2451 2458 2459
2451 2459 2452
2871 2878 2877
2379 2588 2580
2257 2258 2460
2460 2461 2463
3648 3666 3665
2264 2460 2462
2460 2463 2462
2258 2259 2453
2861 2874 2872
3587 3780 3767
2258 2453 2461
3653 3815 3816
3414 3416 3417
2269 2469 2467
2269 2470 2469
2269 2270 2473
2272 2474 2473
2264 2475 2280
3426 3624 3430
2267 2284 2268
2268 2284 2479
2472 2744 2741
3118 3119 3123
2482 2486 2483
3280 3299 3298
2482 2485 2486
2271 2468 2285
4063 4150 4065
2285 2483 2486
3156 3158 3159
2713 2722 2721
2472 2474 2488
2285 2487 2488
2803 2819 2821
2274 2489 2287
2287 2492 2289
2278 2490 2489
2287 2489 2491
2278 2493 2490
3246 3477 3456
2490 2493 2492
2292 2296 2493
4185 4186 4189
3977 4096 3986
3818 3990 3989
2296 2495 2493
2493 2495 2496
2495 2497 2496
2496 2497 2498
2304 2501 2503
2304 2305 2502
2279 2502 2505
4020 4125 4021
2279 2506 2503
2279 2507 2506
2398 2618 2617
2308 2509 2309
3017 3296 3297
2308 2475 2508
2311 2509 2510
2311 2511 2313
2284 2313 2512
2316 2492 2514
2496 2516 2515
2568 2843 2570
2319 2517 2321
3095 3096 3107
4109 4112 4110
2496 2517 2516
2577 2851 2578
2321 2517 2323
2323 2519 2502
2323 2520 2519
2502 2521 2505
3752 3768 3767
2505 2521 2507
2773 2790 2788
2519 2520 2521
2507 2521 2522
2326 2525 2328
3176 3179 3183
2326 2524 2523
2326 2523 2525
2327 2329 2527
2329 2336 2527
3210 3211 3239
3984 4008 4103
2524 2527 2528
3066 3068 3069
2340 2530 2527
2527 2530 2531
2340 2531 2530
2336 2340 2527
3591 3596 3592
2340 2532 2531
2330 2533 2332
3100 3111 3108
2331 2534 2533
2533 2534 2536
2533 2536 2535
2328 2525 2331
2331 2525 2534
2710 2718 2711
2977 2981 2979
3131 3377 3133
2340 2542 2541
3273 3503 3491
2572 2861 2859
2711 2718 2960
4038 4140 4056
3799 3802 3804
2341 2358 2542
2542 2551 2552
2358 2550 2552
2553 2555 2554
2553 2554 2557
2553 2557 2555
2554 2558 2557
2558 2563 2560
2560 2564 2562
2351 2352 2545
2561 2565 2563
2562 2568 2566
2601 2604 2602
2344 2565 2359
2344 2569 2565
2359 2565 2566
2344 2345 2569
4033 4050 4049
2363 2573 2364
2364 2576 2365
2351 2574 2573
2364 2573 2575
3856 3860 3857
3401 3421 3420
2690 2691 2946
2923 3169 2924
2666 2927 2943
2370 2580 2581
2356 2370 2358
3003 3287 3285
2365 2576 2374
2375 2585 2376
2577 2578 2585
2578 2586 2585
2578 2579 2587
2376 2586 2587
2578 2587 2586
2379 2587 2588
2671 2693 2677
2580 2588 2587
2596 2886 2879
2589 2591 2590
2589 2590 2593
2575 2847 2865
2590 2591 2592
2968 2971 2972
2510 2524 2511
2590 2597 2599
2597 2598 2599
2590 2592 2598
2592 2596 2598
2590 2599 2594
2977 2978 2981
2598 2600 2599
2596 2600 2598
2591 2601 2602
3678 3703 3680
2602 2606 2603
2421 2666 2422
2602 2605 2606
2596 2607 2608
2609 2612 2610
2609 2610 2614
4037 4054 4053
2610 2612 2614
2609 2611 2612
2609 2615 2611
2611 2615 2612
2609 2614 2613
2612 2616 2614
2612 2615 2616
2398 2620 2622
3615 3616 3632
2620 2623 2622
2624 2625 2626
2621 2626 2623
2625 2627 2626
4045 4047 4046
2623 2626 2627
2628 2630 2629
2628 2632 2630
2629 2631 2635
3977 4090 4096
2629 2633 2632
3922 4048 4049
2629 2635 2633
2623 2637 2636
2746 2747 2979
2412 2638 2625
2412 2639 2638
2625 2639 2627
2623 2627 2639
2412 2637 2639
2578 2852 2853
2630 2634 2642
2393 2395 2645
2393 2644 2646
2645 2647 2646
2404 2648 2645
2404 2649 2648
3568 3583 3584
3197 3199 3205
2636 2652 2651
2412 2413 2653
3020 3021 3034
2400 2655 2416
2400 2657 2656
2655 2658 2659
2400 2646 2657
2646 2659 2657
2646 2660 2659
2670 2692 2693
3433 3628 3629
2646 2647 2661
2647 2649 2661
2405 2420 2406
3761 3776 3775
2413 2424 2653
2669 2670 2671
3946 3947 3953
2896 3140 3128
2669 2673 2672
2633 2635 2912
2669 2677 2676
2503 2728 2747
2669 2676 2678
2676 2677 2678
2416 2659 2427
3979 3980 4092
2659 2660 2681
3945 4077 4078
2660 2661 2681
2429 2681 2682
2420 2430 2432
2661 2935 2937
2421 2685 2665
2422 2434 2424
2422 2666 2434
2615 2910 2616
2424 2689 2688
2424 2688 2690
2904 2907 2908
2424 2442 2689
2424 2690 2667
2670 2693 2671
2670 2694 2692
2670 2674 2694
3505 3725 3722
2677 2696 2697
2430 2683 2436
2432 2436 2437
4079 4153 4160
2433 2434 2685
2943 3212 3209
3352 3567 3580
2443 2703 2689
2689 2704 2691
2436 2705 2447
2436 2698 2705
2471 2741 2484
3169 3171 3172
3118 3122 3124
2448 2707 2449
2448 2706 2707
3289 3495 3494
2443 2710 2703
2447 2705 2453
2705 2713 2712
2452 2459 2710
2459 2717 2710
2453 2712 2719
2712 2721 2719
2712 2713 2721
2454 2455 2713
2455 2466 2723
2713 2723 2722
2462 2730 2725
2472 2745 2744
3206 3403 3402
3944 3945 3951
3294 3308 3295
2466 2480 2736
2466 2736 2723
2723 2736 2738
3145 3149 3158
2484 2742 2485
2484 2741 2740
2484 2740 2742
2486 2742 2743
2472 2487 2745
2497 2499 2747
2497 2747 2746
2497 2746 2748
2747 2749 2748
2475 2506 2507
2475 2507 2508
2508 2752 2509
2804 2806 2805
2509 2753 2754
3451 3651 3474
2737 2757 2739
2739 2757 2758
2517 2760 2518
2517 2748 2759
2517 2759 2760
2748 2760 2759
2507 2522 2763
2752 2763 2764
3461 3463 3480
2524 2754 2765
3945 3946 3953
2511 2531 2513
2513 2531 2757
2757 2768 2769
2936 2938 2937
2757 2769 2758
3683 3856 3857
2770 2772 2773
2770 2776 2772
2770 2775 2774
2872 2874 2880
2770 2774 2776
2773 2776 2777
2775 2777 2776
2762 3032 3033
2778 2779 2781
2778 2781 2780
2775 2780 2781
3596 3602 3601
2523 2524 2782
2523 2782 2525
2524 2765 2782
2801 2819 2803
2552 2583 2857
2878 2885 2884
2531 2543 2768
3357 3362 3572
2531 2532 2543
2773 2788 2789
3283 3285 3284
2788 2790 2789
2773 2777 2790
2777 2781 2790
2789 2790 2791
2781 2791 2790
2779 2789 2792
2789 2793 2792
2789 2791 2795
2792 2796 2798
2797 2801 2800
2800 2801 2803
3225 3469 3441
2783 2806 2804
2543 2811 2813
2543 2544 2812
2846 2862 2861
2569 2797 2793
2569 2795 2815
2797 2817 2801
3410 3432 3412
2801 2817 2819
2573 2823 2819
2819 2823 2824
2573 2819 2820
2819 2824 2821
2535 2826 2545
2535 2828 2826
2545 2826 2574
2826 2828 2827
2826 2827 2829
2535 2536 2828
2536 2805 2828
2902 2907 3130
3061 3081 3344
3036 3309 3310
2747 2993 3017
2552 2837 2812
2812 2837 2838
3514 3526 3516
2552 2838 2837
2552 2836 2838
2563 2841 2564
2840 2842 2841
4163 4164 4165
2569 2815 2840
2815 2843 2840
2840 2843 2842
2714 2961 2715
2570 2843 2572
2572 2843 2844
2816 2844 2843
2572 2845 2817
3836 3864 4014
2816 2818 2846
2817 2845 2847
2573 2847 2575
2573 2574 2829
2573 2829 2825
2864 2866 2865
2580 2854 2855
2550 2583 2552
2552 2857 2858
2552 2858 2836
2583 2856 2858
3118 3121 3119
2572 2844 2861
2844 2846 2861
2845 2860 2847
2847 2863 2865
2575 2865 2576
2584 2865 2867
2865 2866 2867
2585 2867 2868
2599 2859 2869
2859 2861 2869
2594 2869 2871
2861 2870 2869
2869 2870 2871
3441 3469 3470
2861 2872 2871
2599 2860 2859
2861 2862 2874
2860 2875 2863
2863 2875 2864
2873 2874 2875
2871 2872 2880
3336 3565 3352
2873 2881 2874
2599 2600 2881
2874 2881 2882
2880 2882 2881
2874 2882 2880
3578 3580 3581
2614 2894 2893
2746 2979 2992
2605 2884 2606
2604 2878 2883
2596 2608 2886
2614 2888 2887
2613 2887 2891
2887 2889 2891
2893 2894 2896
3895 4030 3896
2893 2896 2895
2614 2892 2896
2897 2899 2898
2897 2898 2901
2707 2956 2957
2897 2901 2899
3695 3841 3696
2898 2899 2900
2898 2902 2901
2899 2901 2903
2899 2903 2904
2898 2906 2905
2905 2906 2907
2898 2900 2906
2900 2904 2906
2906 2908 2907
2614 2616 2910
2614 2910 2892
2891 2910 2909
2911 2912 2913
2635 2914 2912
2912 2914 2913
2634 2913 2642
2642 2915 2916
2913 2916 2915
2635 2918 2917
3771 3955 3773
2635 2917 2919
2635 2919 2914
2918 2920 2919
2643 2921 2918
2918 2921 2922
2918 2922 2924
3174 3176 3189
2918 2924 2920
2916 2923 2921
2653 2667 2928
2653 2928 2926
2672 2673 2930
2920 2924 3154
2678 2933 2930
2930 2933 2934
2930 2934 2932
2661 2662 2936
4139 4183 4177
2662 2664 2936
2936 2939 2940
2939 2941 2940
2940 2941 2942
2666 2943 2686
2927 2928 2943
2928 2944 2943
2667 2690 2928
2928 2945 2946
2694 2948 2695
2679 2697 2934
2934 2949 2948
2698 2950 2699
2938 2940 2950
2699 2950 2951
2940 2951 2950
3196 3200 3198
3308 3317 3523
2691 2704 2946
3345 3558 3559
2704 2711 2960
2715 2961 2962
2715 2963 2716
2715 2962 2963
2718 2964 2960
2965 2966 2970
2965 2967 2968
2966 2968 2973
2973 2974 2976
2973 2976 2975
2968 2972 2976
2977 2979 2978
2978 2982 2981
2979 2981 2983
2726 2985 2978
2726 2986 2985
2726 2987 2986
2988 2991 2989
2718 2991 2964
3420 3440 3439
2979 2983 2992
2726 2980 2747
2726 2995 2987
2727 2730 2995
2730 2997 2995
2720 2999 2730
3958 3972 3970
3703 3704 3706
2722 2723 3003
2723 2738 3007
2738 2739 2988
2738 2988 3007
2739 3009 2988
2988 3009 3010
2988 2990 3007
2988 3010 2990
2740 2741 3011
2740 3011 2742
2742 3014 2743
3011 3014 3013
2741 2744 3015
2741 3015 3012
2745 3016 3015
3014 3015 3016
2749 3017 2750
3071 3073 3085
3009 3026 3028
2750 3018 3032
3019 3033 3032
2762 3033 3034
3019 3034 3033
2752 2782 2753
4094 4095 4102
2752 2764 2782
2753 2782 2754
2754 2782 2765
3420 3620 3619
2769 3040 3026
3029 3042 3031
3040 3041 3042
3031 3042 3043
2782 3035 3044
2769 2813 3040
2813 3041 3040
4108 4125 4124
3769 3951 3952
2769 2787 2813
2791 3052 2795
2781 3050 3052
2795 3052 3053
2794 2798 3051
2798 3055 3054
2855 3101 3104
2806 3044 3056
3497 3697 3499
2813 2814 3061
2813 3061 3049
2795 3053 3062
3053 3055 3062
2816 3062 3063
3055 3063 3062
3690 3708 3710
2799 2803 3055
2816 3065 2818
2803 3064 3055
3055 3064 3065
2816 3063 3065
3055 3065 3063
2803 2821 3066
3362 3587 3588
2824 2829 2827
2824 3070 3068
3068 3070 3069
3069 3070 3071
3070 3073 3071
2828 3074 3072
3403 3406 3405
4041 4134 4144
2838 3081 3061
2818 3065 2846
2991 3272 3254
3044 3325 3326
3069 3071 3085
3899 4032 4019
2851 3086 3087
2852 3087 2853
3571 3767 3572
2853 3087 3088
3667 3670 3669
2853 3088 3089
4174 4175 4182
2838 2858 3093
2858 3094 3093
2838 3094 3081
2846 3082 3095
3083 3084 3097
2864 3096 3097
3083 3097 3096
2901 2902 3130
3439 3633 3618
3084 3085 3097
2854 3089 3100
2862 3095 2874
2864 2876 3107
2874 3106 3107
3095 3107 3106
3108 3111 3109
3100 3109 3110
3104 3117 3105
2889 2890 3109
2895 3128 3114
3129 3130 3131
3449 3450 3451
2907 3136 3121
2907 3137 3136
3430 3447 3448
3414 3436 3415
2891 3139 2892
3126 3139 3138
2895 2896 3128
3127 3128 3139
3128 3140 3139
2902 2904 3134
2901 3141 2903
2901 3133 3141
3143 3145 3144
3143 3144 3147
3461 3478 3479
3144 3150 3148
3450 3454 3452
3147 3148 3150
3147 3150 3149
2919 3152 3151
2919 3154 3152
2916 3151 3153
3151 3154 3153
3145 3155 3156
3526 3536 3537
2916 3153 3163
3153 3154 3163
2924 3164 3154
3154 3164 3163
3156 3166 3157
3157 3166 3160
3156 3167 3165
2923 3163 3169
2924 3169 3170
2924 3170 3172
3169 3172 3170
2924 3172 3164
3163 3171 3169
3165 3173 3166
3166 3176 3168
3167 3175 3173
3177 3181 3179
3178 3179 3180
3181 3184 3183
2929 3178 2931
4100 4109 4108
2929 3185 3178
3182 3185 3184
2931 3188 2932
3179 3189 3190
3176 3191 3189
2947 3193 3195
2931 3195 3186
3184 3186 3195
3184 3195 3194
3196 3198 3197
3196 3197 3200
3197 3206 3201
3205 3207 3206
2940 2942 3209
2940 3210 2951
2942 2943 3209
2943 3214 3212
3787 3790 3789
2946 3217 3216
3214 3217 3215
3189 3219 3220
3189 3191 3221
3189 3224 3190
3712 3879 3907
3193 3227 3194
3198 3229 3199
3198 3228 3229
3198 3230 3228
3228 3230 3229
3229 3230 3231
3205 3234 3236
3205 3236 3207
3235 3237 3236
2951 3210 2956
3651 3652 3653
3210 3239 3238
3211 3213 3239
3213 3240 3239
2960 3244 3243
3243 3246 3245
2981 3232 3229
2975 2981 3229
3229 3231 3247
2981 2982 3235
2982 3249 3235
2957 3239 2961
2961 3251 2962
4164 4166 4165
3003 3005 3289
3239 3240 3251
2961 3239 3250
2961 3250 3251
3239 3251 3250
2960 3254 3244
2969 3256 2971
2969 3259 3256
2971 3256 3257
3256 3260 3257
3256 3258 3260
3258 3259 3260
3259 3261 3260
2969 2970 3259
2971 3263 2972
2970 3262 3259
3259 3262 3263
3259 3263 3261
2970 2975 3247
2972 3263 2976
2970 3247 3262
2976 3263 3264
3247 3264 3263
2976 2983 2981
3810 3979 3969
2982 2986 3249
2986 3267 3249
3249 3267 3268
3385 3387 3386
3249 3268 3266
3007 3251 3269
3251 3270 3269
2964 2991 3254
3254 3272 3273
2976 2992 2983
2976 3274 2992
2992 3274 3275
2976 3264 3275
2992 3275 3276
2992 3277 2993
2992 3276 3277
3265 3277 3276
3598 3603 3600
3124 3376 3132
3266 3268 3277
3268 3278 3277
3665 3689 3687
2987 2995 3268
2995 3279 3268
3268 3279 3280
2995 2997 3281
2995 3281 3279
3279 3281 3280
2997 2999 3281
3281 3283 3284
3281 3284 3282
2999 3001 3285
3454 3455 3456
3284 3285 3286
3001 3003 3285
3603 3606 3790
3285 3287 3288
3003 3289 3287
3007 3269 3289
2990 3010 2991
2991 3010 3030
3273 3294 3295
4119 4121 4168
2993 3277 3017
3017 3297 3018
3277 3278 3297
3017 3277 3296
3277 3297 3296
3680 3705 3849
3018 3297 3019
3278 3280 3297
3019 3297 3298
3019 3299 3020
3019 3298 3299
3282 3284 3299
3021 3299 3300
3284 3300 3299
4134 4178 4135
3284 3301 3300
3288 3302 3301
3126 3138 3381
3031 3307 3294
3294 3307 3308
3582 3776 3777
3021 3300 3309
3301 3310 3309
3031 3043 3316
3043 3315 3316
3315 3317 3316
3036 3318 3045
3310 3311 3318
3311 3319 3318
3449 3642 3635
3043 3323 3315
3315 3323 3324
3578 3581 3582
3318 3326 3325
3318 3327 3326
3721 3897 3898
3323 3332 3333
3072 3074 3334
3072 3334 3073
3334 3335 3337
3073 3334 3336
3334 3337 3336
3056 3326 3074
3326 3337 3335
3326 3338 3337
3725 3904 3903
3483 3692 3691
3723 3923 3724
3061 3344 3332
3332 3344 3333
3081 3343 3344
3333 3344 3345
3343 3345 3344
3065 3067 3347
3065 3348 3082
3082 3348 3083
3065 3347 3346
3346 3347 3348
3347 3349 3348
3069 3084 3351
3083 3351 3084
3069 3351 3350
3347 3351 3349
3358 3573 3574
3087 3352 3353
3087 3354 3088
3088 3354 3089
3089 3354 3355
4088 4089 4091
3769 3953 3770
3091 3357 3358
3089 3355 3360
3932 3942 3934
3091 3105 3362
3102 3360 3111
3111 3364 3112
3111 3360 3363
3505 3720 3517
3360 3365 3364
3361 3362 3366
3117 3367 3362
3117 3366 3367
3123 3369 3368
3368 3369 3371
3123 3364 3369
3638 3639 3807
3364 3371 3369
3364 3372 3371
3126 3373 3127
3364 3365 3373
3126 3372 3373
3364 3373 3372
3945 3953 3952
3115 3128 3366
3127 3373 3128
3128 3374 3366
3128 3373 3374
3366 3374 3373
3131 3132 3376
3131 3376 3375
3131 3375 3377
3375 3376 3377
3376 3378 3377
3134 3379 3135
3370 3379 3376
3134 3378 3379
3446 3473 3472
3135 3379 3137
3370 3371 3379
3137 3381 3138
3126 3381 3372
3371 3372 3381
3137 3380 3381
3133 3377 3141
3134 3142 3383
3141 3383 3142
3134 3383 3378
3377 3378 3383
3141 3377 3382
3141 3382 3383
3377 3383 3382
3149 3385 3158
3158 3386 3159
3158 3385 3384
3149 3150 3385
3150 3162 3389
3160 3389 3162
3385 3389 3387
3159 3386 3167
3160 3168 3391
3665 3686 3689
3160 3391 3387
3167 3386 3390
4020 4108 4124
3386 3391 3390
3163 3164 3393
3164 3172 3393
3163 3394 3171
3163 3393 3392
3172 3395 3393
3167 3398 3396
3396 3398 3397
3397 3399 3416
3167 3397 3175
3315 3324 3532
3619 3795 3792
3167 3390 3398
3390 3400 3398
3397 3398 3399
3398 3400 3399
3168 3176 3391
3391 3401 3400
3403 3404 3408
3405 3406 3408
3405 3408 3407
3171 3409 3172
3172 3410 3412
3172 3412 3395
3394 3411 3409
3397 3413 3414
3397 3416 3413
3397 3414 3415
3175 3397 3221
3176 3221 3191
3247 3471 3484
3176 3421 3401
3420 3421 3422
3184 3194 3424
3184 3423 3421
3421 3423 3424
3421 3424 3422
3206 3236 3404
3206 3425 3207
3426 3430 3446
3236 3427 3404
3408 3427 3429
3409 3432 3410
3409 3431 3432
3409 3433 3431
3414 3435 3436
3414 3437 3435
3221 3415 3436
3194 3227 3424
3526 3732 3734
3422 3424 3441
3227 3442 3424
3549 3563 3550
3227 3441 3442
3424 3442 3441
3203 3207 3425
3203 3444 3231
3686 3709 3689
3203 3425 3443
3203 3443 3444
3425 3444 3443
3425 3446 3445
3236 3447 3428
4098 4100 4108
3428 3447 3430
3237 3446 3447
3446 3448 3447
3430 3448 3446
3213 3451 3240
3861 3892 3862
3213 3450 3449
3450 3452 3451
3223 3467 3469
3217 3453 3450
3450 3453 3454
3217 3455 3453
3453 3455 3454
3432 3457 3458
3432 3458 3460
3636 3641 3637
3432 3460 3434
3457 3459 3460
3436 3461 3462
3437 3463 3461
3222 3436 3465
3436 3462 3465
3222 3465 3223
3467 3468 3469
4109 4111 4112
3440 3441 3468
3468 3470 3469
3441 3470 3468
3231 3444 3247
3444 3445 3472
3247 3444 3471
4037 4056 4055
3444 3472 3471
3249 3473 3446
3240 3451 3251
3251 3475 3252
3251 3451 3474
3251 3474 3475
3849 4008 4006
3246 3255 3477
3461 3479 3462
3461 3480 3478
3479 3480 3481
3465 3482 3483
3479 3483 3482
3465 3483 3466
3247 3484 3264
3264 3484 3265
3249 3486 3473
3472 3473 3486
3265 3485 3486
3472 3486 3485
4149 4186 4150
3252 3475 3270
3270 3475 3487
3255 3490 3477
3273 3491 3490
3490 3491 3493
3477 3490 3492
3490 3493 3492
3876 3894 3898
3287 3289 3494
3287 3494 3288
3273 3295 3503
3494 3495 3497
3288 3494 3496
3494 3497 3496
4051 4053 4054
3269 3270 3498
3491 3503 3493
3493 3503 3504
3288 3505 3302
3288 3496 3505
3496 3497 3505
3497 3506 3505
3308 3511 3503
4019 4031 4030
3503 3513 3515
3513 3514 3515
3503 3515 3504
3514 3516 3515
3302 3505 3311
3308 3523 3511
3511 3523 3514
3514 3523 3525
3514 3525 3526
3987 4097 4106
3311 3527 3319
3311 3517 3527
3425 3621 3623
3523 3532 3534
3691 3692 3693
3523 3536 3525
3525 3536 3526
3523 3534 3536
3318 3319 3527
3318 3527 3538
3318 3538 3539
3527 3539 3538
3532 3547 3534
3532 3545 3547
3536 3547 3549
3536 3549 3550
3536 3550 3537
3326 3327 3539
3326 3552 3338
3539 3552 3551
3539 3553 3552
3539 3554 3553
3558 3560 3559
3545 3559 3547
3547 3559 3561
3653 3816 3827
3559 3562 3561
3559 3560 3562
3547 3561 3563
3561 3562 3563
3562 3564 3563
3336 3337 3565
3337 3566 3565
3352 3565 3567
3337 3338 3552
3353 3568 3354
3337 3552 3566
3354 3568 3569
3552 3760 3566
3357 3572 3358
3358 3572 3573
3358 3574 3359
3874 3895 3893
3343 3575 3345
3345 3575 3558
3343 3359 3575
3359 3574 3575
3574 3576 3575
3352 3577 3578
3352 3580 3577
3577 3580 3578
3352 3583 3353
3353 3583 3568
3579 3582 3583
3505 3719 3720
3582 3584 3583
3688 3690 3692
3354 3360 3355
3354 3363 3360
3360 3363 3585
3354 3569 3585
3360 3587 3361
3571 3572 3587
3362 3588 3572
3590 3591 3592
3590 3594 3593
3591 3593 3595
3591 3595 3596
3590 3598 3597
3590 3597 3599
3597 3598 3599
3590 3599 3594
3598 3600 3599
3592 3601 3598
3392 3601 3394
3601 3605 3604
3393 3395 3608
3393 3608 3607
3603 3607 3608
3604 3605 3609
3751 3943 3752
3605 3606 3611
3605 3610 3609
3807 3969 3968
3605 3611 3610
3606 3608 3611
3412 3612 3608
3608 3612 3611
3399 3614 3416
3416 3615 3417
3416 3614 3613
3416 3613 3615
3614 3616 3615
3399 3400 3614
3400 3617 3614
3400 3619 3617
3986 4096 3987
3420 3618 3620
3407 3621 3425
3425 3624 3426
3408 3622 3621
3477 3675 3659
3621 3624 3623
3408 3429 3625
3429 3430 3625
3430 3626 3625
3430 3624 3626
3411 3609 3433
3609 3628 3627
3433 3627 3628
3610 3611 3628
3611 3629 3628
3412 3434 3630
3412 3630 3612
3437 3615 3631
3419 3439 3618
3616 3618 3632
3618 3633 3632
3634 3635 3638
3634 3638 3636
3635 3636 3637
3876 3878 3877
3635 3639 3638
3636 3638 3640
3636 3640 3641
3449 3635 3451
3449 3451 3642
3451 3635 3637
3635 3642 3639
3433 3644 3459
3433 3629 3644
3434 3460 3437
3434 3437 3630
3437 3460 3463
3437 3631 3630
3630 3631 3646
4056 4068 4067
3631 3632 3646
3632 3647 3646
3888 4046 3891
3632 3633 3648
3632 3648 3647
3440 3468 3649
3468 3650 3649
3641 3652 3651
3452 3454 3654
3889 3891 3892
3456 3477 3658
3454 3658 3656
3477 3659 3658
3657 3658 3659
3459 3660 3460
3459 3644 3660
3644 3662 3660
3460 3480 3463
3460 3661 3480
3894 3919 3898
3480 3665 3481
3466 3483 3648
3647 3648 3665
3483 3666 3648
3471 3472 3667
3471 3667 3484
3484 3670 3485
3472 3668 3667
3472 3670 3668
3667 3668 3670
3899 4034 4032
3484 3667 3669
3484 3669 3670
3474 3653 3498
3475 3498 3487
3945 4078 4079
3996 4106 4107
3675 3833 3832
3477 3492 3675
3492 3493 3677
3492 3677 3675
3675 3677 3679
3675 3679 3680
3675 3680 3676
3660 3682 3661
3660 3681 3682
3681 3683 3682
3660 3662 3683
3682 3684 3686
3481 3687 3483
3481 3665 3687
3483 3691 3693
3483 3688 3692
3483 3693 3666
3692 3694 3693
3690 3694 3692
3690 3693 3694
3495 3498 3695
3497 3695 3696
3497 3696 3697
3493 3504 3515
3515 3704 3703
3680 3703 3705
3687 3708 3688
3688 3708 3690
3687 3707 3708
3837 3866 3865
3707 3709 3708
3687 3689 3709
3708 3709 3710
3499 3697 3507
3697 3698 3712
3507 3697 3711
3697 3712 3711
3704 3717 3706
3515 3516 3717
3706 3717 3718
3505 3721 3719
3517 3720 3724
3505 3722 3721
3720 3721 3723
3720 3723 3724
3506 3507 3725
3507 3711 3725
3516 3526 3717
3717 3733 3734
3717 3734 3718
3517 3724 3527
4173 4174 4180
4093 4099 4098
3586 3779 3587
3526 3537 3742
3526 3742 3732
3527 3743 3540
3527 3735 3743
4157 4189 4158
3537 3550 3742
3550 3750 3742
3540 3743 3554
3907 4037 3908
3554 3743 3751
3560 3756 3562
3562 3756 3757
3550 3564 3758
3803 3807 3965
3562 3757 3758
3759 3760 3761
3568 3764 3569
3760 3763 3764
3568 3762 3764
3552 3553 3765
3552 3765 3763
3763 3765 3764
3764 3765 3766
3553 3554 3765
3554 3751 3765
3751 3767 3765
3572 3767 3768
3572 3769 3573
3574 3771 3576
3574 3770 3771
3576 3771 3772
3771 3773 3772
3581 3775 3582
3580 3774 3775
3761 3775 3774
3582 3777 3584
3568 3777 3762
3761 3762 3777
3761 3777 3776
4165 4166 4174
3585 3779 3586
3764 3766 3779
3585 3778 3779
3764 3779 3778
3571 3587 3767
3766 3767 3779
3587 3779 3780
3593 3594 3782
3593 3783 3595
3595 3783 3596
3593 3782 3781
3593 3781 3783
3781 3782 3783
3596 3783 3784
3782 3784 3783
3599 3600 3786
3599 3785 3782
3599 3786 3785
3782 3785 3786
3782 3786 3784
3600 3603 3786
3596 3787 3602
3784 3786 3787
3602 3787 3605
3605 3790 3606
3787 3788 3790
3605 3789 3790
3614 3617 3792
3614 3791 3793
3792 3794 3793
3619 3620 3796
3618 3796 3620
3619 3796 3795
3792 3796 3794
3638 3797 3799
3797 3802 3799
3797 3800 3802
3638 3803 3801
3801 3803 3802
3638 3804 3640
3640 3804 3806
3802 3805 3804
4089 4092 4091
3640 3806 3641
3638 3807 3803
3642 3810 3809
3807 3810 3808
3629 3811 3644
3630 3645 3814
3630 3814 3812
3811 3814 3813
3652 3815 3653
3641 3808 3815
3643 3654 3810
3654 3817 3810
3810 3817 3818
3810 3818 3816
3656 3657 3819
3654 3819 3817
3657 3820 3819
3818 3819 3820
3644 3813 3821
3814 3822 3821
3647 3665 3825
3823 3825 3824
3818 3829 3828
3657 3659 3830
3820 3830 3829
3675 3676 3833
3662 3821 3683
3822 3824 3835
3824 3837 3836
3666 3690 3838
3665 3838 3826
3826 3838 3837
3837 3838 3839
3671 3827 3695
3696 3841 3697
3697 3841 3842
3697 3842 3843
4165 4173 4172
3680 3847 3833
3680 3849 3847
3705 3706 3851
3849 3851 3853
3851 3854 3853
3683 3855 3856
3683 3858 3855
3855 3858 3856
3856 3858 3859
3856 3859 3860
3683 3861 3684
3684 3861 3686
3686 3861 3863
3861 3864 3863
3686 3863 3709
3709 3864 3865
3837 3865 3864
3690 3710 3866
3709 3866 3710
3690 3866 3839
3867 3868 3871
3867 3871 3869
3868 3869 3870
3925 4050 4052
3869 3874 3870
3868 3872 3871
3871 3872 3874
3869 3871 3873
3869 3873 3874
3868 3876 3875
3868 3875 3877
3698 3843 3712
3712 3843 3879
3706 3718 3885
3852 3885 3856
3852 3856 3854
3856 3885 3887
3856 3887 3888
3854 3856 3859
3856 3888 3859
3861 3889 3890
3861 3890 3892
3870 3893 3876
3870 3874 3893
3876 3893 3894
3876 3898 3897
3876 3897 3899
3876 3899 3878
3721 3723 3902
3721 3901 3899
3722 3903 3724
3903 3906 3905
3711 3907 3725
3711 3712 3907
3816 3818 3980
3915 3916 3917
3718 3734 3885
3734 3915 3885
3734 3914 3916
3885 3917 3887
3887 3917 3888
3885 3915 3917
3898 3919 3920
3919 3922 3920
3723 3898 3923
3920 3922 3923
3723 3724 3902
3735 3923 3925
3724 3905 3902
3923 3924 3925
3934 4073 4075
3734 3742 3933
3734 3933 3934
3734 3934 3914
3742 3932 3934
3735 3925 3743
3925 3926 3936
3743 3925 3935
3925 3936 3935
3743 3943 3751
3743 3935 3943
3935 3936 3943
3752 3943 3944
3936 3944 3943
4038 4039 4140
3756 3949 3757
3756 3948 3949
3757 3949 3758
3758 3950 3942
3758 3949 3950
3752 3951 3768
3768 3951 3769
3752 3944 3951
3945 3952 3951
3769 3952 3953
3770 3953 3771
3771 3953 3954
3947 3954 3953
3756 3955 3948
3771 3954 3955
3956 3958 3957
3956 3960 3958
3957 3963 3961
3958 3960 3962
3802 3966 3805
3802 3964 3966
3807 3808 3969
3807 3968 3965
3965 3968 3969
3958 3970 3971
3805 3974 3806
3805 3966 3974
3974 3977 3975
3966 3967 3977
3966 3976 3974
3966 3977 3976
3806 3975 3815
3808 3810 3969
3810 3980 3979
3970 3981 3971
3971 3981 3982
3981 3984 3982
3971 3984 3973
3972 3983 3981
3981 3983 3984
3815 3985 3840
3840 3985 3987
3977 3986 3985
3985 3986 3987
3815 3827 3816
3815 3840 3827
3818 3989 3980
3821 3993 3834
3821 3992 3991
3821 3991 3993
3991 3992 3993
3835 3994 3992
3992 3994 3993
3840 3987 3841
3841 3996 3842
3841 3987 3995
3843 3996 3997
3829 3831 4000
3831 3833 4000
3847 3849 4004
3849 4006 4004
3849 3853 4008
3853 3854 3858
3853 3858 4008
3854 3859 3858
3834 3993 3858
3858 3993 4010
3835 3836 4014
3994 4014 4013
3864 4015 4014
3864 4013 4015
4013 4014 4015
3872 4016 3874
3877 4019 4017
4016 4017 4019
4016 4019 4018
3843 4020 3879
3843 3997 4020
3860 3888 3891
4143 4155 4154
3892 4028 4029
3874 4030 3895
3874 4018 4030
3896 4030 4031
3878 3899 4019
4019 4032 4033
3899 3901 4034
3901 3902 4034
3902 4035 4034
3907 4020 4036
3907 4036 4037
4020 4037 4036
4020 4038 4037
4021 4022 4039
3891 4046 4028
3888 3918 4046
3918 4045 4046
3921 4048 3922
3896 4031 4048
4033 4049 4048
4033 4035 4050
3922 4049 4050
3924 4050 3925
3905 3906 4051
3906 4053 4051
3914 3934 3916
3916 4064 3918
4045 4064 4065
4063 4065 4064
3926 4054 3936
4054 4055 4067
3936 4054 4066
4054 4067 4066
4169 4170 4172
4013 4123 4122
3942 4072 4074
4062 4075 4063
4073 4074 4075
4063 4075 4076
4074 4076 4075
3936 4077 3944
3936 4066 4077
4113 4115 4114
4067 4078 4077
3945 4079 3946
4067 4068 4079
4067 4079 4078
3947 4081 3948
4070 4071 4081
3949 4081 4082
4071 4082 4081
3942 3950 4083
3949 4083 3950
4071 4072 4083
3949 4082 4083
3962 4084 3972
3963 4085 4084
4084 4085 4087
3967 3969 4088
3967 4088 3977
3969 4089 4088
3977 4088 4090
3969 4092 4089
3980 4093 4092
4091 4092 4093
3984 4095 4087
4087 4095 4094
4090 4091 4096
3987 4096 4097
3980 3989 4099
3989 3990 4099
3990 4100 4099
3983 4004 3984
3983 4094 4004
3984 4103 4104
3984 4006 4008
3984 4104 4095
4008 4105 4104
4102 4104 4105
3987 4106 3995
4097 4098 4106
3996 4108 3997
3996 4107 4108
3990 3998 4109
4000 4113 4111
4111 4113 4112
4112 4113 4114
4002 4004 4113
4004 4101 4113
4101 4115 4113
4101 4102 4115
4102 4116 4115
4008 4010 4118
4008 4118 4105
3993 4118 4010
3993 4120 4118
4118 4120 4121
3994 4013 4122
4121 4122 4123
4108 4110 4125
4020 4124 4125
4021 4125 4022
4022 4125 4126
4112 4114 4127
4112 4127 4126
4028 4133 4029
4121 4123 4133
4028 4132 4133
4023 4127 4041
4041 4127 4134
4028 4047 4139
4028 4139 4132
4039 4141 4140
4140 4141 4143
4140 4143 4142
4039 4144 4141
4141 4144 4143
4143 4144 4145
4135 4147 4146
4063 4149 4150
4045 4065 4151
4065 4150 4151
4138 4139 4150
4056 4153 4068
4056 4142 4153
4142 4143 4153
4143 4154 4153
4070 4155 4071
4145 4146 4155
4146 4156 4155
4166 4168 4174
4071 4157 4072
4146 4147 4157
4074 4157 4158
4074 4159 4076
4063 4159 4149
4074 4158 4159
4070 4081 4155
4080 4161 4081
4081 4162 4155
4081 4161 4162
4155 4162 4161
4102 4105 4164
4102 4163 4165
4105 4118 4164
4118 4119 4168
4118 4167 4164
4164 4167 4168
4114 4115 4169
4114 4169 4127
4115 4170 4169
4127 4169 4171
4169 4172 4171
4115 4116 4165
4115 4165 4170
4168 4175 4174
4121 4132 4177
4121 4176 4168
4121 4177 4176
4168 4177 4175
4127 4178 4134
4127 4171 4178
4171 4172 4178
4135 4178 4179
4172 4179 4178
4172 4180 4179
4174 4181 4180
4174 4182 4181
4132 4139 4177
4138 4182 4139
4139 4182 4183
4177 4183 4182
4135 4184 4147
4179 4180 4184
4180 4186 4185
4138 4150 4182
4181 4182 4186
4150 4186 4187
4147 4184 4157
4157 4184 4188
4184 4189 4188
4149 4159 4186
4159 4190 4186
4159 4189 4190
4186 4190 4189
